edge_id,from_node,to_node,key,length,travel_time,access_score
0,104804,283348151,0,57.64,6.447,0.004012567004065443
1,104804,21591965,0,41.06,4.593,0.004012567004065443
2,104804,282237615,0,12.32,1.377,0.004210792283675223
3,104808,21591965,0,91.41,10.224,0.004612852274382712
4,104808,283348057,0,57.59,6.441,0.004612852274382712
5,104808,104833,0,61.6,6.89,0.006023321220262574
6,104808,19875367,0,89.19,9.976,0.005801200443430158
7,104812,358460226,0,37.36,4.178,0.0031783774286181284
8,104812,462979246,0,16.26,1.819,0.0029665639845540153
9,104812,6327939494,0,55.49,6.206,0.003416726753590189
10,104814,358460226,0,54.81,6.131,0.0034864061760701095
11,104829,1242132583,0,68.66,7.679,0.023530395245461317
12,104829,19871273,0,153.82,17.205,0.014097884395311646
13,104829,1722968878,0,125.98,14.026,0.014097884395311646
14,104833,19875368,0,81.41,9.105,0.008200421484360678
15,104833,104808,0,61.6,6.89,0.006023321220262574
16,104837,21591967,0,47.47,5.309,0.008338978940605897
17,104837,19875366,0,29.83,3.336,0.008338978940605897
18,104837,5906030287,0,21.08,2.357,0.00846323623633458
19,104838,5240224448,0,29.74,3.326,0.011561253787809716
20,104838,262442708,0,47.61,5.325,0.011561253787809716
21,104838,5240224464,0,28.12,3.145,0.01704723870218172
22,104838,287226483,0,151.29,16.922,0.2704352540955242
23,104854,4661094415,0,10.13,1.133,0.005224139830285467
24,104855,5919449224,0,5.81,0.65,0.004842452949177527
25,104855,2043096366,0,59.48,6.652,0.0052800529916918314
26,104855,6481238337,0,112.31,12.561,0.009374517619584792
27,104858,1382113262,0,91.6,10.245,0.01979791835800676
28,104859,365559371,0,12.81,1.433,0.020849090812167816
29,104859,17406787,0,74.52,8.335,0.016561333688975752
30,104859,242578487,0,18.02,2.016,0.023091806581411946
31,216601,3893231913,0,5.34,0.398,0.07338691918101041
32,17396682,6281096706,0,4.28,0.319,0.01183792396279245
33,17396682,366664563,0,29.3,2.185,0.012293341174689465
34,17396682,12461273918,0,24.91,2.773,0.01183792396279245
35,17405115,6824060862,0,8.87,0.992,0.004652588716081838
36,17405115,5822644372,0,32.06,3.586,0.004847825540982319
37,17406787,242756955,0,23.31,2.608,0.009627006751317186
38,17406787,12620942897,0,22.46,2.512,0.009627006751317186
39,17406787,104859,0,74.52,8.335,0.016561333688975752
40,17406822,9402506778,0,29.43,3.292,0.007871538260637306
41,17406822,11786838677,0,50.31,5.627,0.008108677812534451
42,17476811,17476831,0,18.07,1.347,0.007541493882214316
43,17476811,835468169,0,57.98,4.323,0.007183283281520106
44,17476811,1242132603,0,39.24,4.389,0.006892798292271903
45,17476815,835468169,0,31.32,2.336,0.008025646750885353
46,17476815,436181749,0,27.02,2.015,0.009200018116037977
47,17476815,1280674371,0,24.86,1.854,0.008026025008257566
48,17476820,1280656209,0,7.6,0.846,0.04501352529071705
49,17476820,302794082,0,15.33,1.707,0.03401621909520646
50,17476820,17476821,0,25.22,1.881,0.06324360599607884
51,17476820,436181749,0,100.16,7.468,0.03407783765284184
52,17476821,17476820,0,25.22,1.881,0.06324360599607884
53,17476821,1280821702,0,6.77,0.757,0.10678543185072877
54,17476821,17476871,0,23.63,2.643,0.06324360599607884
55,17476831,17476811,0,18.07,1.347,0.007541493882214316
56,17476831,1242132578,0,9.33,1.039,0.007831479637671371
57,17476831,1242132577,0,96.58,7.202,0.007983987985410081
58,17476836,6211451020,0,25.59,1.908,0.016359442125488538
59,17476836,1242132583,0,33.11,3.703,0.022455830744810373
60,17476842,11124020086,0,29.22,2.179,0.01099891798971596
61,17476842,260697232,0,34.83,2.597,0.01099891798971596
62,17476842,17476871,0,100.95,7.527,0.03358778154970095
63,17476871,302794082,0,35.0,2.61,0.03276222971714119
64,17476871,17476842,0,100.95,7.527,0.03358778154970095
65,17476871,17476821,0,23.63,2.643,0.06324360599607884
66,17476871,2130610640,0,7.67,0.858,0.03276222971714119
67,17476874,1280674364,0,29.0,2.162,0.011105361404663101
68,17476874,385560628,0,27.03,2.016,0.011105361404663101
69,17476874,302794082,0,64.76,4.829,0.022860246227815354
70,17476875,364165249,0,6.71,0.5,0.007926838899134155
71,17476875,2433821542,0,23.62,1.761,0.007547017219530292
72,17476875,3860745718,0,5.96,0.667,0.007547017219530292
73,17476875,1280674371,0,13.95,1.56,0.008011408512159712
74,17660703,1247839593,0,18.59,2.08,0.016230940711348823
75,17660703,5065034057,0,87.54,9.791,0.016230940711348823
76,17660703,1280853195,0,27.94,3.125,0.024540248914562985
77,17660726,17660738,0,119.94,13.415,0.016707955023981688
78,17660738,644926968,0,19.6,2.192,0.024526297251259467
79,17660738,644926923,0,19.52,2.183,0.02258808112415102
80,17660738,17660726,0,119.94,13.415,0.016707955023981688
81,19871255,859323119,0,38.47,4.303,0.012056884857376339
82,19871255,859323057,0,2.78,0.311,0.00980431649570681
83,19871255,859323159,0,31.8,3.556,0.013464831814487101
84,19871260,1247839597,0,22.91,2.563,0.14580830460903887
85,19871260,859323141,0,15.04,1.682,0.15621951142150253
86,19871260,2433778870,0,14.43,1.613,0.11353369282712328
87,19871260,1968413560,0,10.01,1.119,0.11353369282712328
88,19871261,287225971,0,39.96,4.47,0.024290717029334753
89,19871261,859323141,0,38.38,4.293,0.14717326947688042
90,19871261,859323188,0,29.17,3.262,0.03002406226394999
91,19871266,3811627143,0,20.57,2.301,0.013040425050036523
92,19871266,2433779947,0,40.11,4.486,0.013040425050036523
93,19871266,2433779953,0,37.09,4.148,0.016832688147893918
94,19871273,19871274,0,44.85,5.017,0.008271444594535021
95,19871273,104829,0,153.82,17.205,0.014097884395311646
96,19871273,6211450986,0,38.13,4.264,0.008271444594535021
97,19871274,5753086713,0,46.82,5.237,0.007633738522555663
98,19871274,19871273,0,44.85,5.017,0.008271444594535021
99,19871274,262442292,0,85.04,9.511,0.006639297803527525
100,19875363,21591966,0,47.72,5.337,0.006163621541847474
101,19875363,364165242,0,61.6,6.89,0.008880785330363855
102,19875363,282237615,0,95.83,10.718,0.006163621541847474
103,19875363,5906108608,0,47.84,5.351,0.007393329802039374
104,19875366,287225971,0,45.0,5.033,0.012334618627441849
105,19875366,5906108608,0,25.8,2.885,0.007934122826701995
106,19875366,104837,0,29.83,3.336,0.008338978940605897
107,19875367,21591966,0,90.31,10.101,0.005801200443430158
108,19875367,19875368,0,63.7,7.125,0.008200421484360678
109,19875367,104808,0,89.19,9.976,0.005801200443430158
110,19875367,293907316,0,116.07,12.982,0.011920284493459173
111,19875368,104833,0,81.41,9.105,0.008200421484360678
112,19875368,19875367,0,63.7,7.125,0.008200421484360678
113,19875368,5900430623,0,67.28,7.525,0.01543252261037414
114,19875368,4794218449,0,66.08,7.391,0.010807438018774158
115,21238592,3860908591,0,10.2,1.141,0.007911617508789331
116,21257368,13275305469,0,18.01,2.014,0.06912940604997328
117,21257368,6226112849,0,17.95,2.008,0.059460211731087835
118,21309349,21309350,0,24.41,2.73,0.003950708896145689
119,21309350,21309349,0,24.41,2.73,0.003950708896145689
120,21309350,21309366,0,15.56,1.74,0.003963749846588871
121,21309366,21309372,0,14.84,1.66,0.004010626267260765
122,21309366,21309350,0,15.56,1.74,0.003963749846588871
123,21309372,826648048,0,13.98,1.564,0.004010626267260765
124,21309372,21309366,0,14.84,1.66,0.004010626267260765
125,21309452,6226112849,0,18.95,2.119,0.05613867515761942
126,21309452,26466665,0,26.33,2.945,0.07594509045971212
127,21309748,12248092928,0,55.25,6.179,0.10365532617822948
128,21309748,4794218449,0,119.77,13.395,0.39277248231150297
129,21309748,21309820,0,43.01,4.811,0.10569289233738378
130,21309749,365559388,0,12.66,1.416,0.07219816267701606
131,21309749,4654496419,0,6.38,0.713,0.1013956111258436
132,21309749,6111856719,0,5.75,0.644,0.07221891076659687
133,21309750,1081318790,0,5.4,0.604,0.019570242513936572
134,21309750,6471108988,0,21.32,2.385,0.019570242513936572
135,21309750,364165253,0,33.34,3.729,0.0328442212005329
136,21309820,21309822,0,9.06,1.013,0.030980268791126336
137,21309820,5905199219,0,12.12,1.356,0.030980268791126336
138,21309820,21309748,0,43.01,4.811,0.10569289233738378
139,21309821,30239268,0,38.03,4.254,0.12266388218462228
140,21309821,1227136503,0,45.42,5.081,0.04241844354531723
141,21309821,1247760948,0,16.54,1.85,0.06452423535831567
142,21309821,21309822,0,93.06,10.408,0.045575371549295425
143,21309822,21309820,0,9.06,1.013,0.030980268791126336
144,21309822,21309823,0,66.81,7.472,0.025036415718301605
145,21309822,21309821,0,93.06,10.408,0.045575371549295425
146,21309823,1079382178,0,32.13,3.594,0.024965212198855242
147,21309823,21309822,0,66.81,7.472,0.025036415718301598
148,21309823,1080015181,0,18.98,2.123,0.016302541419916702
149,21591965,104808,0,91.41,10.224,0.004612852274382712
150,21591965,104804,0,41.06,4.593,0.004012567004065443
151,21591965,21591966,0,99.55,11.134,0.004912100971287302
152,21591966,19875363,0,47.72,5.337,0.006163621541847474
153,21591966,19875367,0,90.31,10.101,0.005801200443430158
154,21591966,21591967,0,107.93,12.072,0.006746857586315057
155,21591966,21591965,0,99.55,11.134,0.004912100971287302
156,21591967,104837,0,47.47,5.309,0.008338978940605897
157,21591967,2882617940,0,45.92,5.136,0.007795831115744535
158,21591967,21591966,0,107.93,12.072,0.006746857586315057
159,21591973,462979246,0,54.37,6.081,0.0028727895942030823
160,21591973,835468062,0,7.3,0.816,0.0025859543433938603
161,25280227,5240224448,0,49.59,5.546,0.010633431510856868
162,25280227,262442627,0,49.08,5.489,0.0222231541139368
163,25280227,262442297,0,42.11,4.71,0.01513665750160635
164,25280227,25280228,0,58.53,6.546,0.010651296555166848
165,25280227,287226447,0,87.43,9.779,0.028342597137267753
166,25280228,25280229,0,58.93,6.591,0.017730254895107305
167,25280228,3860908591,0,39.05,4.367,0.009642778956442222
168,25280228,262442297,0,41.13,4.6,0.01513665750160635
169,25280228,25280227,0,58.53,6.546,0.01065129655516685
170,25280229,5111590153,0,34.94,3.908,0.017730254895107305
171,25280229,25280232,0,58.53,6.547,0.02872744375886978
172,25280229,25280228,0,58.93,6.591,0.017730254895107305
173,25280229,25280231,0,124.47,13.922,0.02227740801303195
174,25280229,262442297,0,40.99,4.585,0.017763970117121306
175,25280231,2433778874,0,5.06,0.566,0.017008141998595083
176,25280231,2179076476,0,35.77,4.001,0.015659836678929784
177,25280231,25280229,0,124.47,13.922,0.02227740801303195
178,25280232,262442627,0,9.84,1.101,0.02839602815948122
179,25280232,25280229,0,58.53,6.547,0.02872744375886978
180,25280232,1247839597,0,92.77,10.376,0.15392877845128797
181,25280232,262442297,0,41.96,4.693,0.02839602815948122
182,26151671,1081318900,0,12.22,1.367,0.01761329606155984
183,26151671,293091734,0,71.04,7.946,0.10559781539217075
184,26151671,264261495,0,61.71,6.903,0.01711951846642767
185,26153261,242578487,0,35.56,3.977,0.08079904135192943
186,26466665,1080015188,0,48.35,5.407,0.2178960910906417
187,26466665,21309452,0,26.33,2.945,0.07594509045971212
188,26466665,12248092928,0,29.06,3.25,0.09290074506836617
189,30239256,30239270,0,47.47,5.309,0.03184955921825025
190,30239256,1079382215,0,7.66,0.856,0.028245252819573935
191,30239256,30239268,0,27.82,3.111,0.09602324202162799
192,30239264,5359925883,0,31.94,3.573,0.01284298920775106
193,30239264,2743760828,0,23.36,2.612,0.009170221267455312
194,30239268,21309821,0,38.03,4.254,0.12266388218462228
195,30239268,30239270,0,66.66,7.456,0.1566219696550077
196,30239268,30239256,0,27.82,3.111,0.09602324202162799
197,30239270,1079382178,0,9.05,1.013,0.028597717521135966
198,30239270,30239268,0,66.66,7.456,0.15662196965500774
199,30239270,30239256,0,47.47,5.309,0.03184955921825026
200,117677937,262442011,0,17.06,1.9,0.00832814351956967
201,117677937,1242132578,0,13.82,1.539,0.008167653671775308
202,117677937,1242132572,0,14.16,1.056,0.008522187370360675
203,117677944,1280821682,0,11.61,1.293,0.008081963842588986
204,117677944,1280821711,0,13.05,1.453,0.007835993264274853
205,117677944,6327222249,0,14.9,1.666,0.007653601846866945
206,117677944,5425642852,0,32.95,3.669,0.00999272841404615
207,117677946,1280821682,0,10.71,1.193,0.008813781136356615
208,117677946,117678047,0,32.36,3.602,0.008813781136356615
209,117677946,117677950,0,73.73,8.247,0.01943641774051114
210,117677950,117677951,0,57.94,6.48,0.03165861459812891
211,117677950,5834330514,0,60.52,6.769,0.01943641774051114
212,117677950,117677946,0,73.73,8.247,0.01943641774051114
213,117677951,117677950,0,57.94,6.48,0.0316586145981289
214,117677951,6407359799,0,5.43,0.607,0.031319252741694725
215,117677951,6283115514,0,30.88,3.438,0.19671603280786204
216,117677976,5834330502,0,14.83,1.659,0.01185717972407166
217,117677976,1280813728,0,34.37,3.845,0.010761343033084902
218,117677976,5834330531,0,81.37,9.101,0.010850080031865853
219,117677989,1280813726,0,3.73,0.418,0.012484301892856153
220,117677989,12750591314,0,18.42,2.061,0.012397086414823934
221,117677989,5834330512,0,49.19,5.502,0.030569591298929177
222,117677996,537157926,0,59.16,6.587,0.24062476555499446
223,117677996,1280813702,0,51.32,5.714,0.1808833506938096
224,117677996,5834330512,0,28.53,3.191,0.1808833506938096
225,117678000,1280267499,0,29.42,3.275,0.0351196507885569
226,117678000,1280813702,0,17.48,1.946,0.027479084726914006
227,117678000,13176630418,0,21.98,2.448,0.02133278963976998
228,117678004,117678013,0,46.99,5.232,0.022922980560533948
229,117678004,1280267499,0,58.8,6.547,0.0457614084258288
230,117678004,537157926,0,27.53,3.079,0.023189270282795157
231,117678004,537157945,0,53.13,5.942,0.022922980560533948
232,117678013,117678004,0,46.99,5.232,0.022922980560533948
233,117678013,1280267501,0,8.29,0.927,0.012118714433909984
234,117678013,1500366483,0,17.22,1.918,0.01149054453741802
235,117678033,1242132572,0,70.85,5.283,0.01858110660355201
236,117678036,2533775206,0,26.76,2.993,0.055013162988144515
237,117678038,5834930881,0,2.33,0.259,0.010201569620015715
238,117678038,6258642284,0,27.8,3.095,0.013690091435414681
239,117678038,6258646185,0,15.28,1.701,0.010201569620015715
240,117678043,5834930882,0,19.4,2.16,0.008153851756152797
241,117678043,1280821715,0,15.44,1.727,0.008490182047235144
242,117678043,11776527150,0,24.73,2.754,0.009908642151907749
243,117678047,117677946,0,32.36,3.602,0.008813781136356615
244,117678047,5834930883,0,13.07,1.462,0.008418703236695803
245,117678047,5834930882,0,24.59,2.737,0.008418703236695803
246,117678074,117678111,0,92.14,10.305,0.09365037666247752
247,117678074,5425642850,0,34.86,3.882,0.017215468478692108
248,117678111,1282009243,0,92.54,10.303,0.16696047763627572
249,117678111,117678115,0,22.93,2.553,0.0653084801375288
250,117678111,117678074,0,92.14,10.305,0.09365037666247755
251,117678115,117678111,0,22.93,2.553,0.0653084801375288
252,117678115,5832845881,0,42.3,4.731,0.027995775615605154
253,117678115,5832845865,0,19.5,2.181,0.027995775615605154
254,242578487,13288882110,0,10.97,1.227,0.023091806581411946
255,242578487,26153261,0,35.56,3.977,0.08079904135192943
256,242578487,104859,0,18.02,2.016,0.023091806581411946
257,242756955,2043096348,0,7.15,0.8,0.00809296619881289
258,242756955,247834407,0,29.36,3.284,0.008911189563500663
259,242756955,17406787,0,23.31,2.608,0.009627006751317186
260,247834407,2045184023,0,12.2,1.365,0.009229880588529903
261,247834407,242756955,0,29.36,3.284,0.008911189563500663
262,247834407,1382252976,0,128.86,14.413,0.0138448518460083
263,247834447,9809981557,0,1.27,0.142,0.023735840848860146
264,247834447,9809981567,0,4.69,0.525,0.023118935213140675
265,247834447,2268865236,0,12.18,1.363,0.023118935213140675
266,260697232,17476842,0,34.83,2.597,0.01099891798971596
267,260697232,262441802,0,26.81,2.999,0.00972229010454117
268,260697232,11124020086,0,18.93,2.118,0.008621784721038838
269,262440061,12992899143,0,47.7,5.335,0.027638158775542192
270,262440061,3860810901,0,39.61,4.43,0.02835653989166249
271,262440061,262441802,0,30.96,3.463,0.01352353377525569
272,262440826,366664563,0,21.97,1.638,0.012870593256345977
273,262441802,6056055380,0,14.79,1.654,0.00972229010454117
274,262441802,260697232,0,26.81,2.999,0.00972229010454117
275,262441802,262440061,0,30.96,3.463,0.01352353377525569
276,262441816,1280821651,0,20.97,2.346,0.15692493994631743
277,262442011,1280821711,0,44.59,4.964,0.00832814351956967
278,262442011,117677937,0,17.06,1.9,0.00832814351956967
279,262442011,5061066670,0,71.08,7.95,0.00832814351956967
280,262442261,262442266,0,56.57,6.327,0.006316770318408327
281,262442261,287226297,0,6.66,0.745,0.006316770318408327
282,262442261,10901402911,0,18.12,2.026,0.007066628506260863
283,262442262,364165243,0,23.29,2.605,0.007892241773371849
284,262442262,262442266,0,54.89,6.14,0.006840786423521638
285,262442262,2433821542,0,40.37,3.01,0.006840786423521638
286,262442266,262442262,0,54.89,6.14,0.006840786423521638
287,262442266,262442261,0,56.57,6.327,0.006316770318408327
288,262442266,5435157624,0,13.35,1.493,0.0058305685762119605
289,262442292,5435157624,0,38.74,4.332,0.006639297803527525
290,262442292,19871274,0,85.04,9.511,0.006639297803527525
291,262442292,859323057,0,55.61,6.219,0.009648176524610407
292,262442292,2433764639,0,42.53,4.757,0.007301967942931844
293,262442297,25280228,0,41.13,4.6,0.01513665750160635
294,262442297,25280232,0,41.96,4.693,0.02839602815948122
295,262442297,25280227,0,42.11,4.71,0.01513665750160635
296,262442297,25280229,0,40.99,4.585,0.017763970117121303
297,262442627,25280232,0,9.84,1.101,0.02839602815948122
298,262442627,25280227,0,49.08,5.489,0.0222231541139368
299,262442627,262442694,0,38.52,4.308,0.0222231541139368
300,262442694,2515293881,0,18.52,2.072,0.01994759396390908
301,262442694,262442627,0,38.52,4.308,0.0222231541139368
302,262442694,2515293876,0,61.18,6.843,0.024612331716941858
303,262442695,2515293881,0,16.83,1.883,0.015278648366731058
304,262442695,2515293875,0,30.52,3.414,0.014483188460154454
305,262442695,262442706,0,16.74,1.873,0.012574449096635795
306,262442698,262442706,0,70.23,7.854,0.013266688778937882
307,262442698,2515293875,0,11.48,1.284,0.014407184037762748
308,262442698,2515293876,0,11.11,1.243,0.015541063870013595
309,262442706,262442698,0,70.23,7.854,0.013266688778937882
310,262442706,262442708,0,19.54,2.186,0.010397801631970589
311,262442706,262442695,0,16.74,1.873,0.012574449096635795
312,262442708,5906030287,0,64.24,7.185,0.009704411535261486
313,262442708,104838,0,47.61,5.325,0.011561253787809716
314,262442708,262442706,0,19.54,2.186,0.010397801631970589
315,264261495,26151671,0,61.71,6.903,0.01711951846642767
316,282237615,19875363,0,95.83,10.718,0.006163621541847474
317,282237615,104804,0,12.32,1.377,0.004210792283675223
318,282237615,282238484,0,11.54,1.291,0.0043416191632589
319,282238482,10681863998,0,27.86,3.116,0.0066187714738420445
320,282238482,282238484,0,107.42,12.015,0.00563253937949887
321,282238482,2433764912,0,31.89,3.567,0.005744730601374316
322,282238484,282237615,0,11.54,1.291,0.0043416191632589
323,282238484,282238482,0,107.42,12.015,0.00563253937949887
324,282238484,835468055,0,61.45,6.873,0.0043416191632589
325,283348057,283348151,0,124.16,13.887,0.003958927364505471
326,283348057,104808,0,57.59,6.441,0.004612852274382712
327,283348057,283348164,0,57.55,6.437,0.003958927364505471
328,283348151,104804,0,57.64,6.447,0.004012567004065443
329,283348151,859323256,0,51.57,5.768,0.0032997370740200866
330,283348151,283348057,0,124.16,13.887,0.003958927364505471
331,283348164,283348229,0,117.68,13.162,0.0033905195490521066
332,283348164,283348057,0,57.55,6.437,0.003958927364505471
333,283348168,283348229,0,56.67,6.338,0.0027849034029181073
334,283348168,3980721934,0,36.9,4.127,0.0025743343690923268
335,283348168,6327865039,0,36.84,4.121,0.0025743343690923268
336,283348229,283348168,0,56.67,6.338,0.0027849034029181073
337,283348229,859323256,0,7.51,0.84,0.002841732792691517
338,283348229,283348164,0,117.68,13.162,0.0033905195490521066
339,287225971,19875366,0,45.0,5.033,0.012334618627441849
340,287225971,19871261,0,39.96,4.47,0.024290717029334753
341,287225971,364165242,0,72.36,8.093,0.012334618627441849
342,287226297,262442261,0,6.66,0.745,0.006316770318408327
343,287226447,5750157404,0,58.0,6.488,0.034507282202123124
344,287226447,25280227,0,87.43,9.779,0.028342597137267753
345,287226447,5750157402,0,7.64,0.855,0.03409878238333079
346,287226483,3332266263,0,27.65,3.093,0.23594703211316034
347,287226483,287226581,0,32.14,3.595,0.23594703211316034
348,287226483,104838,0,151.29,16.922,0.27043525409552416
349,287226485,287226581,0,121.21,13.557,0.0501566954953829
350,287226485,1079986909,0,36.64,4.098,0.045193656502895765
351,287226485,859323071,0,21.14,2.365,0.06568025793790892
352,287226495,3332266271,0,8.25,0.922,0.09615994894736224
353,287226495,3332266263,0,4.71,0.527,0.1578405330116579
354,287226495,1247826786,0,18.25,2.041,0.11798303074392466
355,287226495,3696173720,0,59.21,6.622,0.09643138377876406
356,287226581,364165254,0,101.33,11.333,0.03608253913763847
357,287226581,287226485,0,121.21,13.557,0.0501566954953829
358,287226581,287226483,0,32.14,3.595,0.23594703211316034
359,287226633,374166815,0,72.53,8.112,0.013447231896930176
360,287226633,287226719,0,27.41,3.066,0.012212420204275935
361,287226719,287226633,0,27.41,3.066,0.012212420204275935
362,287226719,13127907918,0,25.7,2.875,0.012212420204275935
363,287226719,3332266267,0,50.04,5.597,0.026914796564552017
364,293091734,943619136,0,48.41,5.415,0.1954801166073032
365,293091734,26151671,0,71.04,7.946,0.10559781539217075
366,293907316,2882617940,0,48.58,5.433,0.011920284493459173
367,293907316,4795736877,0,4.0,0.448,0.012219051130221403
368,293907316,19875367,0,116.07,12.982,0.011920284493459173
369,300025247,3860890371,0,10.84,1.212,0.007249640397320907
370,300025247,5919449206,0,47.35,5.296,0.007068166121106215
371,300025247,5064786728,0,142.83,15.975,0.007389698354037406
372,302794082,17476820,0,15.33,1.707,0.03401621909520646
373,302794082,17476874,0,64.76,4.829,0.022860246227815354
374,302794082,17476871,0,35.0,2.61,0.03276222971714119
375,358460226,104814,0,54.81,6.131,0.0034864061760701095
376,358460226,104812,0,37.36,4.178,0.0031783774286181284
377,364165239,10681863998,0,64.8,7.247,0.010859473937642559
378,364165239,2433779947,0,6.86,0.767,0.011293295233097893
379,364165239,364165242,0,32.29,3.612,0.010859473937642559
380,364165242,287225971,0,72.36,8.093,0.012334618627441849
381,364165242,364165239,0,32.29,3.612,0.010859473937642559
382,364165242,19875363,0,61.6,6.89,0.008880785330363855
383,364165243,262442262,0,23.29,2.605,0.007892241773371849
384,364165243,859323057,0,31.95,3.574,0.009648176524610407
385,364165243,2204308507,0,27.24,3.046,0.008942562231089534
386,364165249,1280674371,0,10.75,0.802,0.008011408512159712
387,364165249,1280674364,0,8.75,0.652,0.00849604175459437
388,364165249,2433821534,0,7.28,0.543,0.007926838899134155
389,364165249,17476875,0,6.71,0.5,0.007926838899134155
390,364165253,3332266267,0,7.79,0.871,0.0328442212005329
391,364165253,3332266272,0,7.83,0.875,0.0364508352995448
392,364165253,21309750,0,33.34,3.729,0.0328442212005329
393,364165254,5240224479,0,44.13,4.936,0.026458446222838564
394,364165254,5240224464,0,21.4,2.394,0.026458446222838564
395,364165254,5240224498,0,20.52,2.295,0.05201857358217238
396,364165254,287226581,0,101.33,11.333,0.03608253913763847
397,365559371,13288882110,0,4.02,0.449,0.020849090812167816
398,365559371,104859,0,12.81,1.433,0.020849090812167816
399,365559371,13288882109,0,7.04,0.788,0.02097411295135073
400,365559388,21309749,0,12.66,1.416,0.07219816267701606
401,365559388,1247760876,0,31.43,3.516,0.06867753079699289
402,365559388,6225987537,0,44.16,4.939,0.03997558562320938
403,366664563,5156816332,0,57.09,6.386,0.01905971567026422
404,366664563,17396682,0,29.3,2.185,0.012293341174689465
405,366664563,262440826,0,21.97,1.638,0.012870593256345977
406,374166815,2743760828,0,71.68,8.017,0.01338711465880663
407,374166815,287226633,0,72.53,8.112,0.013447231896930176
408,374166815,1081318790,0,20.78,2.324,0.018000444835742473
409,385560628,2433821534,0,43.13,3.216,0.008547678385772233
410,385560628,17476874,0,27.03,2.016,0.011105361404663101
411,385560628,2433821537,0,9.57,1.07,0.008795998072848128
412,385560628,2433821535,0,6.12,0.685,0.008547678385772233
413,435846358,1382113262,0,33.92,3.794,0.018939705659312397
414,435846358,2045184023,0,23.89,2.672,0.011702559167627004
415,435846358,2627428303,0,88.54,9.903,0.050258688698080416
416,436181749,12613167913,0,5.38,0.601,0.009489767341433622
417,436181749,17476815,0,27.02,2.015,0.009200018116037977
418,436181749,17476820,0,100.16,7.468,0.03407783765284184
419,436181749,3860745715,0,8.63,0.965,0.009200018116037977
420,462979246,104812,0,16.26,1.819,0.0029665639845540153
421,462979246,21591973,0,54.37,6.081,0.0028727895942030823
422,462979246,2433742262,0,41.49,4.641,0.0031109427479171377
423,492212322,5064786728,0,8.82,0.987,0.007591170169262338
424,492212322,3842753611,0,47.47,5.309,0.009752033170467205
425,492212322,2433821537,0,35.76,4.0,0.008795998072848128
426,492221099,2027862783,0,50.22,5.617,0.012543172896302806
427,492221099,11124020086,0,12.77,1.428,0.00841161479350949
428,492221099,12649817254,0,41.13,4.601,0.007996396233637343
429,537141811,5834930818,0,46.67,5.196,0.011065091254751629
430,537141811,1280269110,0,45.64,5.081,0.009753490104338363
431,537157926,117677996,0,59.16,6.587,0.24062476555499437
432,537157926,117678004,0,27.53,3.079,0.023189270282795157
433,537157926,1500366483,0,53.86,5.997,0.02179920598553734
434,537157945,5834930818,0,30.67,3.415,0.01384675954132594
435,537157945,117678004,0,53.13,5.942,0.022922980560533948
436,537157945,537157950,0,43.68,4.885,0.014797386932689909
437,537157950,1280267501,0,33.74,3.774,0.014262174888818568
438,537157950,537157945,0,43.68,4.885,0.014797386932689909
439,644926923,1280853195,0,15.36,1.718,0.024638789414024812
440,644926923,17660738,0,19.52,2.183,0.02258808112415102
441,644926923,5823455892,0,6.51,0.728,0.02258808112415102
442,644926923,9464338656,0,9.42,1.054,0.026757465247101174
443,644926968,13002072656,0,3.29,0.368,0.024526297251259467
444,644926968,17660738,0,19.6,2.192,0.024526297251259467
445,644926968,3332266272,0,64.59,7.224,0.039537877252019446
446,644926968,9464338656,0,6.9,0.772,0.026757465247101174
447,645089694,645089696,0,6.74,0.696,0.012631463560114147
448,645089694,645089708,0,16.95,1.896,0.01580119063889269
449,645089694,1281268388,0,25.93,2.901,0.01849023689104379
450,645089696,645089694,0,6.74,0.696,0.012631463560114147
451,645089696,1281268388,0,31.93,3.572,0.01849023689104379
452,645089708,645089694,0,16.95,1.896,0.01580119063889269
453,645089708,645089711,0,13.75,1.42,0.020094500552256315
454,645089708,3329881929,0,44.86,5.017,0.01580119063889269
455,645089711,1281268388,0,4.96,0.555,0.020094500552256315
456,645089711,645089708,0,13.75,1.42,0.020094500552256315
457,645089711,3332266269,0,67.79,7.583,0.03076993317179801
458,645089864,2433863938,0,63.89,7.146,0.015396979332715341
459,645089864,6937982874,0,18.71,2.092,0.015675565480251005
460,645089864,1280853173,0,54.87,6.137,0.017223650295509995
461,826648017,826648042,0,27.64,2.856,0.004265673897189869
462,826648042,826648017,0,27.64,2.856,0.004265673897189869
463,826648042,5822644367,0,23.37,2.614,0.0042399398935359005
464,826648042,5822644345,0,14.85,1.661,0.004407464161903905
465,826648048,5822644363,0,23.84,2.666,0.004428221118411506
466,826648048,21309372,0,13.98,1.564,0.004010626267260765
467,826648048,5822644367,0,17.79,1.99,0.004028622618708114
468,826736676,2130610640,0,8.19,0.916,0.026174382354398763
469,826736676,2433821537,0,103.43,11.568,0.025774437599464524
470,826736676,6481238332,0,31.83,3.56,0.02576463708018274
471,835468054,859323020,0,39.74,4.445,0.003032672172003547
472,835468054,2433764735,0,20.11,2.249,0.0030605228746530665
473,835468054,859323097,0,21.23,2.374,0.0029509757574890903
474,835468055,2433764623,0,43.03,4.812,0.003870063819626661
475,835468055,835468057,0,37.32,4.174,0.003953135003379371
476,835468055,282238484,0,61.45,6.873,0.0043416191632589
477,835468057,2433764693,0,22.34,2.499,0.003953135003379371
478,835468057,2433764756,0,12.37,1.384,0.003966489244128727
479,835468057,835468055,0,37.32,4.174,0.003953135003379371
480,835468061,6327939700,0,20.6,2.304,0.0028041533491290757
481,835468061,3980721935,0,18.75,2.097,0.002683681906089928
482,835468061,6327939694,0,6.34,0.709,0.0027060462145310584
483,835468062,21591973,0,7.3,0.816,0.0025859543433938603
484,835468062,3980721935,0,16.49,1.844,0.0026142018780873104
485,835468063,2433742262,0,5.24,0.586,0.0031109427479171377
486,835468169,17476815,0,31.32,2.336,0.008025646750885353
487,835468169,11159894542,0,16.22,1.815,0.007183283281520106
488,835468169,17476811,0,57.98,4.323,0.007183283281520106
489,859323002,859323296,0,33.57,3.755,0.0031978468862005846
490,859323002,859323050,0,19.56,2.187,0.0032775640636237193
491,859323002,859323102,0,43.97,4.918,0.0032500647668770193
492,859323020,835468054,0,39.74,4.445,0.003032672172003547
493,859323020,2433764852,0,9.61,1.074,0.0031117553503474406
494,859323020,2433764623,0,29.54,3.304,0.003326448610950104
495,859323023,2433744231,0,8.14,0.911,0.003766125477344999
496,859323023,859323146,0,49.73,5.562,0.003766125477344999
497,859323023,2433744248,0,19.56,2.188,0.003828753272936121
498,859323047,2433744240,0,19.77,2.212,0.004402045358332514
499,859323047,2433764650,0,47.59,5.323,0.004402045358332514
500,859323047,2433744233,0,67.97,7.603,0.004775955617760588
501,859323050,859323002,0,19.56,2.187,0.0032775640636237193
502,859323050,2433764738,0,6.34,0.709,0.0032775640636237193
503,859323050,859323146,0,25.09,2.806,0.0035327027147438466
504,859323057,364165243,0,31.95,3.574,0.009648176524610407
505,859323057,262442292,0,55.61,6.219,0.009648176524610407
506,859323057,19871255,0,2.78,0.311,0.00980431649570681
507,859323071,859323223,0,102.99,11.519,0.06568025793790892
508,859323071,5240224498,0,23.09,2.583,0.0818728744145804
509,859323071,287226485,0,21.14,2.365,0.06568025793790892
510,859323083,859323146,0,41.06,4.593,0.00405989572697724
511,859323083,2433744233,0,62.08,6.944,0.004540251470597361
512,859323083,6327939492,0,25.59,2.862,0.00405989572697724
513,859323097,2433764759,0,59.36,6.639,0.002912401484160175
514,859323097,859323256,0,36.82,4.119,0.002841732792691517
515,859323097,835468054,0,21.23,2.374,0.0029509757574890903
516,859323102,859323002,0,43.97,4.918,0.0032500647668770193
517,859323102,2433742262,0,24.99,2.795,0.0032500647668770193
518,859323102,859323296,0,29.91,3.345,0.0032500647668770193
519,859323119,2433778866,0,2.36,0.264,0.012160098929774028
520,859323119,19871255,0,38.47,4.303,0.012056884857376339
521,859323119,859323159,0,30.49,3.41,0.013464831814487101
522,859323141,19871260,0,15.04,1.682,0.15621951142150253
523,859323141,19871261,0,38.38,4.293,0.14717326947688042
524,859323141,859323188,0,36.13,4.041,0.14717326947688042
525,859323146,859323083,0,41.06,4.593,0.00405989572697724
526,859323146,859323050,0,25.09,2.806,0.0035327027147438466
527,859323146,859323023,0,49.73,5.562,0.003766125477344999
528,859323159,3811627140,0,16.31,1.825,0.015946908149294284
529,859323159,859323119,0,30.49,3.41,0.013464831814487101
530,859323159,19871255,0,31.8,3.556,0.013464831814487101
531,859323162,5240224479,0,10.97,1.227,0.015231697549449792
532,859323188,3811627145,0,16.81,1.88,0.02470176396093218
533,859323188,859323141,0,36.13,4.041,0.14717326947688042
534,859323188,19871261,0,29.17,3.262,0.03002406226394999
535,859323223,859323071,0,102.99,11.519,0.06568025793790892
536,859323223,2882617932,0,11.72,1.311,0.008634917945595934
537,859323223,2882617940,0,47.17,5.276,0.00861508726622265
538,859323256,283348151,0,51.57,5.768,0.0032997370740200866
539,859323256,283348229,0,7.51,0.84,0.002841732792691517
540,859323256,859323097,0,36.82,4.119,0.002841732792691517
541,859323259,3980721920,0,6.66,0.745,0.002749102771852036
542,859323259,859323296,0,33.99,3.801,0.003015192578498731
543,859323259,2433764759,0,47.73,5.338,0.002912401484160175
544,859323296,859323002,0,33.57,3.755,0.0031978468862005846
545,859323296,859323259,0,33.99,3.801,0.003015192578498731
546,859323296,859323102,0,29.91,3.345,0.0032500647668770193
547,943619136,293091734,0,48.41,5.415,0.19548011660730313
548,993186001,5794635161,0,22.85,2.556,0.01173312173486426
549,993186001,5919449223,0,59.76,6.684,0.03305821455097533
550,993186001,2433863938,0,46.47,5.197,0.011897183905952803
551,1079382140,1079382215,0,25.99,2.907,0.02578264678057368
552,1079382178,21309823,0,32.13,3.594,0.024965212198855242
553,1079382178,30239270,0,9.05,1.013,0.028597717521135966
554,1079382178,10816643847,0,4.22,0.472,0.024965212198855242
555,1079382215,1227136451,0,34.19,3.824,0.02578264678057368
556,1079382215,30239256,0,7.66,0.856,0.028245252819573935
557,1079382215,1079382140,0,25.99,2.907,0.02578264678057368
558,1079382229,10816974040,0,8.45,0.946,0.015315080079202594
559,1079986909,6111856718,0,1.2,0.134,0.047133940879358696
560,1079986909,287226485,0,36.64,4.098,0.045193656502895765
561,1079986909,4795736877,0,136.04,15.216,0.045193656502895765
562,1080015181,6211575728,0,31.49,3.522,0.026335383213161933
563,1080015181,21309823,0,18.98,2.123,0.016302541419916702
564,1080015181,10816632963,0,15.49,1.733,0.021775134272400236
565,1080015188,26466665,0,48.35,5.407,0.21789609109064167
566,1080015188,1081318805,0,33.09,3.701,0.047775099775874526
567,1080015188,10816632963,0,63.51,7.103,0.07568375202111544
568,1081318790,21309750,0,5.4,0.604,0.019570242513936572
569,1081318790,1281318363,0,38.7,4.328,0.018000444835742473
570,1081318790,374166815,0,20.78,2.324,0.018000444835742473
571,1081318790,3332266267,0,37.67,4.213,0.026914796564552017
572,1081318805,1081318900,0,8.25,0.922,0.02026540104230544
573,1081318805,10816643047,0,3.66,0.409,0.02090951314855504
574,1081318805,1080015188,0,33.09,3.701,0.047775099775874526
575,1081318900,26151671,0,12.22,1.367,0.01761329606155984
576,1081318900,1081318805,0,8.25,0.922,0.02026540104230544
577,1227136451,1079382215,0,34.19,3.824,0.02578264678057368
578,1227136451,1227136503,0,65.59,7.336,0.0186730641697987
579,1227136503,21309821,0,45.42,5.081,0.04241844354531723
580,1227136503,5359925883,0,20.69,2.315,0.01720317698151166
581,1227136503,1227136451,0,65.59,7.336,0.0186730641697987
582,1242132572,117678033,0,70.85,5.283,0.01858110660355201
583,1242132572,117677937,0,14.16,1.056,0.008522187370360675
584,1242132572,5832845881,0,42.43,4.745,0.013148239415590648
585,1242132572,1242132604,0,5.16,0.578,0.008522187370360675
586,1242132577,6211451020,0,44.56,3.323,0.012042764373363305
587,1242132577,17476831,0,96.58,7.202,0.007983987985410081
588,1242132577,1242132604,0,33.38,3.733,0.008250761883158519
589,1242132577,3860786634,0,6.7,0.75,0.007983987985410081
590,1242132578,17476831,0,9.33,1.039,0.007831479637671371
591,1242132578,117677937,0,13.82,1.539,0.008167653671775308
592,1242132578,1242132604,0,7.76,0.868,0.008250761883158519
593,1242132578,1242132603,0,60.65,6.784,0.007831479637671371
594,1242132583,104829,0,68.66,7.679,0.023530395245461317
595,1242132583,17476836,0,33.11,3.703,0.022455830744810373
596,1242132583,6211451020,0,112.13,12.541,0.022455830744810373
597,1242132603,5061066670,0,21.55,2.41,0.007742716229686298
598,1242132603,17476811,0,39.24,4.389,0.006892798292271903
599,1242132603,1242132578,0,60.65,6.784,0.007831479637671371
600,1242132603,11159894542,0,11.34,1.268,0.00716542027515956
601,1242132604,1242132572,0,5.16,0.578,0.008522187370360675
602,1242132604,1242132577,0,33.38,3.733,0.008250761883158519
603,1242132604,1242132578,0,7.76,0.868,0.008250761883158519
604,1247760876,1247760905,0,5.87,0.656,0.11470593047327145
605,1247760876,1247760948,0,8.22,0.919,0.06974371677868078
606,1247760876,365559388,0,31.43,3.516,0.06867753079699289
607,1247760905,1247760876,0,5.87,0.656,0.11470593047327145
608,1247760948,1247760876,0,8.22,0.919,0.06974371677868078
609,1247760948,21309821,0,16.54,1.85,0.06452423535831567
610,1247760948,1247761041,0,11.45,1.28,0.06452423535831567
611,1247761041,1247760948,0,11.45,1.28,0.06452423535831567
612,1247826786,1280853181,0,3.26,0.364,0.12496597579966838
613,1247826786,287226495,0,18.25,2.041,0.11798303074392466
614,1247826786,1280853193,0,40.66,4.548,0.09789041885007997
615,1247826811,1280853181,0,5.83,0.652,0.1407185463550753
616,1247839593,17660703,0,18.59,2.08,0.016230940711348823
617,1247839597,19871260,0,22.91,2.563,0.14580830460903887
618,1247839597,25280232,0,92.77,10.376,0.15392877845128797
619,1247839597,5423487737,0,21.98,2.458,0.10752823433137429
620,1280267492,5834930803,0,50.86,5.689,0.016597706797765337
621,1280267492,13176630418,0,41.3,4.62,0.0162130013679199
622,1280267492,1280267499,0,37.42,4.185,0.0351196507885569
623,1280267492,2519732440,0,21.5,2.404,0.0162130013679199
624,1280267499,117678004,0,58.8,6.547,0.0457614084258288
625,1280267499,117678000,0,29.42,3.275,0.0351196507885569
626,1280267499,1280267492,0,37.42,4.185,0.0351196507885569
627,1280267501,117678013,0,8.29,0.927,0.012118714433909984
628,1280267501,537157950,0,33.74,3.774,0.014262174888818568
629,1280267501,12461273922,0,34.04,3.807,0.012118714433909984
630,1280267505,5834930803,0,18.09,2.024,0.013691629464222125
631,1280269104,1280269110,0,81.52,9.118,0.013213369175416384
632,1280269110,537141811,0,45.64,5.081,0.009753490104338363
633,1280269110,13136150089,0,21.81,2.44,0.012177151177119032
634,1280269110,1280269104,0,81.52,9.118,0.013213369175416384
635,1280281136,12649817254,0,6.61,0.739,0.006858559376553618
636,1280281136,11124020086,0,34.65,2.584,0.00841161479350949
637,1280656209,17476820,0,7.6,0.846,0.04501352529071705
638,1280656209,1280821651,0,27.54,3.066,0.23726554515435755
639,1280656209,5834330053,0,106.62,11.926,0.04659316143351806
640,1280656209,1280821702,0,25.98,2.905,0.10678543185072877
641,1280674364,364165249,0,8.75,0.652,0.00849604175459437
642,1280674364,17476874,0,29.0,2.162,0.011105361404663101
643,1280674364,3860745715,0,8.68,0.971,0.00867358170456357
644,1280674364,2433821535,0,7.0,0.782,0.00849604175459437
645,1280674367,5061066670,0,30.61,3.424,0.008549855997352319
646,1280674371,364165249,0,10.75,0.802,0.008011408512159712
647,1280674371,17476815,0,24.86,1.854,0.008026025008257566
648,1280674371,17476875,0,13.95,1.56,0.008011408512159712
649,1280674371,3860745715,0,11.68,1.306,0.00867358170456357
650,1280674386,5834330062,0,23.15,2.589,0.010092062602089552
651,1280813702,117678000,0,17.48,1.946,0.027479084726914006
652,1280813702,117677996,0,51.32,5.714,0.1808833506938096
653,1280813702,5834930843,0,23.61,2.641,0.027479084726914006
654,1280813726,5834330502,0,39.56,4.424,0.012579168529094183
655,1280813726,117677989,0,3.73,0.418,0.012484301892856153
656,1280813726,1280813728,0,67.96,7.602,0.012484301892856153
657,1280813728,5834330523,0,7.3,0.817,0.008999593805001961
658,1280813728,117677976,0,34.37,3.845,0.010761343033084902
659,1280813728,1280813726,0,67.96,7.602,0.012484301892856153
660,1280821651,262441816,0,20.97,2.346,0.15692493994631743
661,1280821651,1280656209,0,27.54,3.066,0.23726554515435755
662,1280821651,5919438954,0,31.0,3.451,0.43821276157279176
663,1280821682,117677944,0,11.61,1.293,0.008081963842588986
664,1280821682,117677946,0,10.71,1.193,0.008813781136356615
665,1280821682,5834930883,0,35.6,3.982,0.008081963842588986
666,1280821702,1280821720,0,29.47,3.296,0.12965749987934902
667,1280821702,17476821,0,6.77,0.757,0.10678543185072877
668,1280821702,1280656209,0,25.98,2.905,0.10678543185072877
669,1280821702,3860810901,0,55.12,6.165,0.11726224591096823
670,1280821711,262442011,0,44.59,4.964,0.00832814351956967
671,1280821711,117677944,0,13.05,1.453,0.007835993264274853
672,1280821711,6327222250,0,17.58,1.966,0.007835993264274853
673,1280821715,5834930880,0,23.55,2.634,0.010535968256702458
674,1280821715,1280821716,0,17.12,1.915,0.008490182047235144
675,1280821715,117678043,0,15.44,1.727,0.008490182047235144
676,1280821716,1280821715,0,17.12,1.915,0.008490182047235144
677,1280821716,5834930883,0,23.55,2.634,0.007632932166599043
678,1280821716,5834930882,0,13.77,1.54,0.0077271769390465225
679,1280821720,1280821702,0,29.47,3.296,0.12965749987934902
680,1280853173,6937982874,0,38.59,4.316,0.016459628815777744
681,1280853173,1382252976,0,30.63,3.426,0.01629932309286234
682,1280853173,645089864,0,54.87,6.137,0.017223650295509995
683,1280853180,1280853191,0,13.6,1.521,0.04131669982854816
684,1280853180,1280853181,0,40.95,4.58,0.1502734591296338
685,1280853180,1280853193,0,5.9,0.659,0.04131669982854816
686,1280853181,1247826811,0,5.83,0.652,0.1407185463550753
687,1280853181,1247826786,0,3.26,0.364,0.12496597579966838
688,1280853181,3332266263,0,18.28,2.045,0.21019547980713937
689,1280853181,1280853180,0,40.95,4.58,0.1502734591296338
690,1280853184,3329881929,0,58.73,6.569,0.019902747736509466
691,1280853184,1280853191,0,14.97,1.674,0.027408335640588442
692,1280853184,3860908599,0,35.91,4.016,0.019902747736509466
693,1280853191,1280853180,0,13.6,1.521,0.04131669982854816
694,1280853191,5750157404,0,24.18,2.704,0.027408335640588442
695,1280853191,1280853184,0,14.97,1.674,0.027408335640588442
696,1280853193,1247826786,0,40.66,4.548,0.09789041885007997
697,1280853193,1280853180,0,5.9,0.659,0.04131669982854816
698,1280853193,3696173720,0,8.58,0.96,0.03860216293053682
699,1280853195,3696173720,0,14.71,1.645,0.032899454937934274
700,1280853195,644926923,0,15.36,1.718,0.024638789414024812
701,1280853195,17660703,0,27.94,3.125,0.024540248914562985
702,1281268388,645089711,0,4.96,0.555,0.020094500552256315
703,1281268388,645089694,0,25.93,2.901,0.01849023689104379
704,1281268388,645089696,0,31.93,3.572,0.01849023689104379
705,1281294900,3329881928,0,9.62,1.076,0.00952777336711883
706,1281318363,1081318790,0,38.7,4.328,0.018000444835742473
707,1281318363,6225987538,0,26.45,2.958,0.013691097158370618
708,1281318363,3332266270,0,68.55,7.667,0.07785987476817592
709,1281318363,6471108988,0,17.28,1.933,0.016077721915044002
710,1282009243,117678111,0,92.54,10.303,0.1669604776362758
711,1282009243,1282009249,0,17.69,1.969,0.013683185956384056
712,1282009243,5832538474,0,90.95,10.173,0.013683185956384056
713,1282009249,1282009249,0,77.87,8.709,0.011050648653824005
714,1282009249,1282009249,1,77.87,8.709,0.011050648653824005
715,1282009249,1282009243,0,17.69,1.969,0.013683185956384056
716,1282135928,1297069020,0,5.3,0.593,0.004512795923604484
717,1297069020,1282135928,0,5.3,0.593,0.004512795923604484
718,1297069020,1722968878,0,39.12,4.356,0.005437944282295648
719,1382113164,3860908593,0,10.57,1.182,0.009157938047345986
720,1382113262,9809981567,0,5.86,0.655,0.021069633438806534
721,1382113262,435846358,0,33.92,3.794,0.018939705659312397
722,1382113262,104858,0,91.6,10.245,0.01979791835800676
723,1382239390,9402506778,0,6.96,0.778,0.007871538260637306
724,1382252976,9809981567,0,79.51,8.892,0.025813814297522625
725,1382252976,247834407,0,128.86,14.413,0.0138448518460083
726,1382252976,1280853173,0,30.63,3.426,0.01629932309286234
727,1500366483,537157926,0,53.86,5.997,0.02179920598553734
728,1500366483,117678013,0,17.22,1.918,0.01149054453741802
729,1500366483,12461273918,0,13.24,1.474,0.010336673579148036
730,1722968878,1722968890,0,22.94,2.566,0.005437944282295648
731,1722968878,1297069020,0,39.12,4.356,0.005437944282295648
732,1722968878,104829,0,125.98,14.026,0.014097884395311646
733,1722968881,1722968890,0,9.8,1.097,0.0055495227951740346
734,1722968890,1722968878,0,22.94,2.566,0.005437944282295648
735,1722968890,1722968881,0,9.8,1.097,0.0055495227951740346
736,1722968890,1722968925,0,48.74,5.451,0.005272925730943435
737,1722968925,1722968890,0,48.74,5.451,0.005272925730943435
738,1968413548,1968413567,0,43.76,4.894,0.017463746395186573
739,1968413548,1968413560,0,47.55,5.318,0.05782713776792144
740,1968413548,3811627140,0,7.15,0.8,0.017463746395186573
741,1968413560,19871260,0,10.01,1.119,0.11353369282712328
742,1968413560,1968413548,0,47.55,5.318,0.05782713776792144
743,1968413560,1968413578,0,49.1,5.492,0.05959817003157128
744,1968413567,1968413578,0,47.34,5.295,0.02025056511432816
745,1968413567,1968413548,0,43.76,4.894,0.017463746395186573
746,1968413567,3811627143,0,10.94,1.223,0.014735885383188303
747,1968413578,1968413560,0,49.1,5.492,0.05959817003157128
748,1968413578,1968413567,0,47.34,5.295,0.02025056511432816
749,1968413578,3811627145,0,9.64,1.078,0.02025056511432816
750,2027862783,2130610640,0,83.57,9.347,0.026174382354398763
751,2027862783,492221099,0,50.22,5.617,0.012543172896302806
752,2027862783,5919449198,0,56.74,6.346,0.012543172896302806
753,2043096348,242756955,0,7.15,0.8,0.00809296619881289
754,2043096366,5919449206,0,5.9,0.66,0.005421393876246592
755,2043096366,104855,0,59.48,6.652,0.0052800529916918314
756,2043096366,5794635161,0,107.74,12.05,0.009284623222728891
757,2045184007,2045184010,0,10.84,1.212,0.014822302145754897
758,2045184010,2045184023,0,42.84,4.792,0.014822302145754897
759,2045184010,2045184014,0,5.79,0.648,0.015104582528675902
760,2045184010,2045184007,0,10.84,1.212,0.014822302145754897
761,2045184012,5919438953,0,24.72,2.765,0.02473143293464929
762,2045184012,5448085793,0,22.52,2.518,0.02620619867265015
763,2045184012,13176630418,0,19.15,2.132,0.018951618034024686
764,2045184014,2045184010,0,5.79,0.648,0.015104582528675902
765,2045184023,247834407,0,12.2,1.365,0.009229880588529903
766,2045184023,2045184010,0,42.84,4.792,0.014822302145754897
767,2045184023,435846358,0,23.89,2.672,0.011702559167627004
768,2130610640,826736676,0,8.19,0.916,0.026174382354398763
769,2130610640,2027862783,0,83.57,9.347,0.026174382354398763
770,2130610640,17476871,0,7.67,0.858,0.03276222971714119
771,2179076266,3860890367,0,4.1,0.459,0.009529390363958681
772,2179076266,2179076283,0,5.48,0.613,0.009531830971591097
773,2179076266,2179076472,0,46.48,5.199,0.009933840677626211
774,2179076283,2179076266,0,5.48,0.613,0.009531830971591099
775,2179076283,3860908591,0,62.65,7.007,0.009527531811717168
776,2179076283,5111590153,0,19.64,2.197,0.011558575973349377
777,2179076344,3860890366,0,19.62,2.194,0.006218374629331207
778,2179076344,2179076479,0,77.22,8.637,0.008430147328716053
779,2179076344,2179076449,0,21.41,2.394,0.006875292868506788
780,2179076449,2179076344,0,21.41,2.394,0.006875292868506788
781,2179076472,2179076479,0,18.62,1.924,0.009788492498897914
782,2179076472,2179076266,0,46.48,5.199,0.009933840677626211
783,2179076472,2179076532,0,17.22,1.926,0.010010096290057634
784,2179076476,25280231,0,35.77,4.001,0.015659836678929784
785,2179076476,2204308509,0,31.08,3.476,0.01003597725461829
786,2179076476,2179076502,0,71.86,8.037,0.01003597725461829
787,2179076476,6284335747,0,29.36,3.284,0.010627306039335083
788,2179076479,2179076472,0,18.62,1.924,0.009788492498897914
789,2179076479,2179076344,0,77.22,8.637,0.008430147328716053
790,2179076479,3860890367,0,38.05,4.256,0.009489446390062644
791,2179076502,3860890366,0,8.96,1.003,0.006126979360715804
792,2179076502,2433821544,0,60.13,6.726,0.006518508396286204
793,2179076502,3860890364,0,8.12,0.909,0.0064078263220434676
794,2179076502,2179076476,0,71.86,8.037,0.01003597725461829
795,2179076532,2179076472,0,17.22,1.926,0.010010096290057634
796,2179077577,5111590153,0,26.73,2.989,0.012511941757446878
797,2204308507,2204308509,0,14.18,1.586,0.009427861966388581
798,2204308507,364165243,0,27.24,3.046,0.008942562231089534
799,2204308507,6284334867,0,5.14,0.575,0.008942562231089534
800,2204308509,2179076476,0,31.08,3.476,0.01003597725461829
801,2204308509,2204308507,0,14.18,1.586,0.009427861966388581
802,2204308509,6284334868,0,4.08,0.456,0.009427861966388581
803,2268865236,247834447,0,12.18,1.363,0.023118935213140675
804,2433742220,2433764738,0,42.0,4.697,0.0034060032043855713
805,2433742220,2433744231,0,20.77,2.323,0.0036574474803843216
806,2433742220,2433744230,0,11.02,1.233,0.0034060032043855713
807,2433742262,462979246,0,41.49,4.641,0.0031109427479171377
808,2433742262,835468063,0,5.24,0.586,0.0031109427479171377
809,2433742262,859323102,0,24.99,2.795,0.0032500647668770193
810,2433744230,2433744231,0,33.82,3.783,0.0036857166463208565
811,2433744230,2433764788,0,23.6,2.64,0.003404528469614024
812,2433744230,2433742220,0,11.02,1.233,0.0034060032043855713
813,2433744231,2433742220,0,20.77,2.323,0.0036574474803843216
814,2433744231,859323023,0,8.14,0.911,0.003766125477344999
815,2433744231,2433744230,0,33.82,3.783,0.0036857166463208565
816,2433744233,859323083,0,62.08,6.944,0.004540251470597361
817,2433744233,2433744248,0,46.97,5.253,0.004540251470597361
818,2433744233,859323047,0,67.97,7.603,0.004775955617760588
819,2433744240,859323047,0,19.77,2.212,0.004402045358332514
820,2433744240,5438534268,0,34.82,3.895,0.004247779735610528
821,2433744240,2433764912,0,90.82,10.158,0.005744730601374316
822,2433744248,859323023,0,19.56,2.188,0.003828753272936121
823,2433744248,2433764650,0,10.71,1.198,0.0038549475084091183
824,2433744248,2433744233,0,46.97,5.253,0.004540251470597361
825,2433764623,835468055,0,43.03,4.812,0.003870063819626661
826,2433764623,859323020,0,29.54,3.304,0.003326448610950104
827,2433764623,2433764891,0,17.35,1.941,0.003351339283250463
828,2433764639,2433778866,0,55.72,6.232,0.012160098929774028
829,2433764639,262442292,0,42.53,4.757,0.007301967942931844
830,2433764639,2433764834,0,47.48,5.31,0.007301967942931844
831,2433764639,2433764671,0,51.5,5.76,0.007301967942931844
832,2433764650,2433744248,0,10.71,1.198,0.0038549475084091183
833,2433764650,859323047,0,47.59,5.323,0.004402045358332514
834,2433764650,2433764893,0,21.36,2.389,0.0038549475084091183
835,2433764668,2433764693,0,12.08,1.351,0.0036404756768469862
836,2433764668,2433764756,0,22.54,2.522,0.003966489244128727
837,2433764668,3546758138,0,25.99,2.907,0.0036404756768469862
838,2433764671,2433764742,0,15.5,1.733,0.0055791184155035865
839,2433764671,2433764880,0,83.11,9.296,0.005516688635342281
840,2433764671,2433764639,0,51.5,5.76,0.007301967942931844
841,2433764693,835468057,0,22.34,2.499,0.003953135003379371
842,2433764693,2433764668,0,12.08,1.351,0.0036404756768469862
843,2433764693,3546758138,0,38.96,4.357,0.003632508669685095
844,2433764735,2433764788,0,48.84,5.463,0.0031657344322089374
845,2433764735,2433764901,0,6.82,0.762,0.0030605228746530665
846,2433764735,835468054,0,20.11,2.249,0.0030605228746530665
847,2433764738,859323050,0,6.34,0.709,0.0032775640636237193
848,2433764738,2433742220,0,42.0,4.697,0.0034060032043855713
849,2433764738,2433764901,0,22.49,2.515,0.003266427906643752
850,2433764742,2433764880,0,7.73,0.865,0.0055791184155035865
851,2433764742,2433764671,0,15.5,1.733,0.0055791184155035865
852,2433764742,2433764834,0,11.05,1.235,0.005766231516354774
853,2433764756,5438534268,0,7.29,0.816,0.003968787686964601
854,2433764756,835468057,0,12.37,1.384,0.003966489244128727
855,2433764756,2433764668,0,22.54,2.522,0.003966489244128727
856,2433764759,859323259,0,47.73,5.338,0.002912401484160175
857,2433764759,859323097,0,59.36,6.639,0.002912401484160175
858,2433764759,2433764901,0,30.06,3.362,0.003051986780315533
859,2433764766,2433764834,0,1.76,0.197,0.005766231516354774
860,2433764766,2433764912,0,28.62,3.201,0.005762238740077226
861,2433764766,2433764880,0,7.71,0.862,0.00571010095411612
862,2433764788,2433764852,0,5.49,0.614,0.0031657344322089374
863,2433764788,2433764735,0,48.84,5.463,0.0031657344322089374
864,2433764788,2433744230,0,23.6,2.64,0.003404528469614024
865,2433764834,2433764766,0,1.76,0.197,0.005766231516354774
866,2433764834,2433764742,0,11.05,1.235,0.005766231516354774
867,2433764834,2433764639,0,47.48,5.31,0.007301967942931844
868,2433764852,2433764788,0,5.49,0.614,0.0031657344322089374
869,2433764852,859323020,0,9.61,1.074,0.0031117553503474406
870,2433764852,2433764891,0,21.73,2.43,0.0032674888694418473
871,2433764880,2433764671,0,83.11,9.296,0.005516688635342281
872,2433764880,2433764742,0,7.73,0.865,0.0055791184155035865
873,2433764880,2433764766,0,7.71,0.862,0.00571010095411612
874,2433764891,2433764852,0,21.73,2.43,0.0032674888694418473
875,2433764891,2433764893,0,39.84,4.456,0.003575116228055045
876,2433764891,2433764623,0,17.35,1.941,0.003351339283250463
877,2433764893,3546758138,0,3.48,0.39,0.0035805628862577593
878,2433764893,2433764650,0,21.36,2.389,0.0038549475084091183
879,2433764893,2433764891,0,39.84,4.456,0.003575116228055045
880,2433764901,2433764738,0,22.49,2.515,0.003266427906643752
881,2433764901,2433764735,0,6.82,0.762,0.0030605228746530665
882,2433764901,2433764759,0,30.06,3.362,0.003051986780315533
883,2433764912,282238482,0,31.89,3.567,0.005744730601374316
884,2433764912,2433764766,0,28.62,3.201,0.005762238740077226
885,2433764912,2433744240,0,90.82,10.158,0.005744730601374316
886,2433778866,859323119,0,2.36,0.264,0.012160098929774028
887,2433778866,3811627143,0,12.39,1.385,0.012698984210942113
888,2433778866,2433764639,0,55.72,6.232,0.012160098929774028
889,2433778870,19871260,0,14.43,1.613,0.11353369282712328
890,2433778870,2433778872,0,32.59,3.645,0.04536393987796569
891,2433778870,2433778874,0,37.69,4.216,0.04536393987796569
892,2433778872,2433778870,0,32.59,3.645,0.04536393987796569
893,2433778872,3811627140,0,14.73,1.647,0.018918840788184385
894,2433778872,2433778874,0,28.9,3.233,0.020834868972034664
895,2433778874,25280231,0,5.06,0.566,0.017008141998595083
896,2433778874,2433778870,0,37.69,4.216,0.04536393987796569
897,2433778874,2433778872,0,28.9,3.233,0.020834868972034664
898,2433779947,364165239,0,6.86,0.767,0.011293295233097893
899,2433779947,19871266,0,40.11,4.486,0.013040425050036523
900,2433779947,2433779953,0,31.29,3.5,0.016832688147893918
901,2433779953,3811627145,0,6.57,0.735,0.01861368118350035
902,2433779953,19871266,0,37.09,4.148,0.016832688147893918
903,2433779953,2433779947,0,31.29,3.5,0.016832688147893918
904,2433821534,364165249,0,7.28,0.543,0.007926838899134155
905,2433821534,385560628,0,43.13,3.216,0.008547678385772233
906,2433821534,2433821535,0,8.3,0.929,0.008378825369294995
907,2433821534,3860745718,0,8.53,0.954,0.007853030073265715
908,2433821535,1280674364,0,7.0,0.782,0.00849604175459437
909,2433821535,385560628,0,6.12,0.685,0.008547678385772233
910,2433821535,2433821534,0,8.3,0.929,0.008378825369294995
911,2433821537,385560628,0,9.57,1.07,0.008795998072848128
912,2433821537,492212322,0,35.76,4.0,0.008795998072848128
913,2433821537,826736676,0,103.43,11.568,0.025774437599464527
914,2433821542,262442262,0,40.37,3.01,0.006840786423521638
915,2433821542,17476875,0,23.62,1.761,0.007547017219530292
916,2433821542,2433821544,0,13.46,1.506,0.006517916188555372
917,2433821542,3860786634,0,139.89,15.646,0.007872571715851717
918,2433821544,2179076502,0,60.13,6.726,0.006518508396286204
919,2433821544,3860745718,0,19.23,2.151,0.0074249216713223815
920,2433821544,2433821542,0,13.46,1.506,0.006517916188555372
921,2433863938,645089864,0,63.89,7.146,0.015396979332715341
922,2433863938,993186001,0,46.47,5.197,0.011897183905952803
923,2433863938,3860890371,0,151.59,16.955,0.010394227698704435
924,2515293875,262442698,0,11.48,1.284,0.014407184037762748
925,2515293875,262442695,0,30.52,3.414,0.014483188460154457
926,2515293875,2515293876,0,9.64,1.078,0.015541063870013595
927,2515293876,2515293875,0,9.64,1.078,0.015541063870013595
928,2515293876,262442698,0,11.11,1.243,0.015541063870013595
929,2515293876,262442694,0,61.18,6.843,0.024612331716941858
930,2515293881,262442695,0,16.83,1.883,0.015278648366731058
931,2515293881,262442694,0,18.52,2.072,0.01994759396390908
932,2515293881,6047257804,0,88.34,9.881,0.015555195769072324
933,2519732440,1280267492,0,21.5,2.404,0.0162130013679199
934,2533775204,3860810901,0,7.21,0.806,0.02835653989166249
935,2533775206,5834930877,0,37.13,4.153,0.055013162988144515
936,2533775206,117678036,0,26.76,2.993,0.055013162988144515
937,2533775206,5919438954,0,13.98,1.564,0.14118662107669044
938,2627428303,435846358,0,88.54,9.903,0.050258688698080416
939,2743760828,374166815,0,71.68,8.017,0.01338711465880663
940,2743760828,30239264,0,23.36,2.612,0.009170221267455312
941,2882617932,859323223,0,11.72,1.311,0.008634917945595934
942,2882617940,21591967,0,45.92,5.136,0.007795831115744535
943,2882617940,293907316,0,48.58,5.433,0.011920284493459173
944,2882617940,859323223,0,47.17,5.276,0.00861508726622265
945,2920948564,2920948566,0,9.36,1.047,0.008935672322598306
946,2920948566,3860908593,0,5.89,0.659,0.009157938047345986
947,2920948566,3860908593,1,51.94,5.809,0.01043648920951492
948,2920948566,3860908591,0,68.14,7.621,0.008935672322598306
949,2920948566,2920948564,0,9.36,1.047,0.008935672322598306
950,2941119309,5919449215,0,60.77,6.797,0.00591497419021033
951,2941119309,11786838677,0,48.0,5.369,0.008108677812534451
952,2941119309,5919449220,0,74.55,8.338,0.006156655873000026
953,3307418825,12806924702,0,35.38,3.957,0.017832750294350688
954,3307418825,12806924710,0,52.75,5.899,0.036369587989251315
955,3307418825,12806902199,0,73.97,8.273,0.02781616139109032
956,3329881928,3329881929,0,29.91,3.345,0.011755932494021345
957,3329881928,1281294900,0,9.62,1.076,0.00952777336711883
958,3329881928,5823455446,0,8.2,0.917,0.009863834564371282
959,3329881929,3329881928,0,29.91,3.345,0.011755932494021345
960,3329881929,1280853184,0,58.73,6.569,0.019902747736509466
961,3329881929,645089708,0,44.86,5.017,0.01580119063889269
962,3329881929,6937982874,0,41.37,4.627,0.015675565480251005
963,3329881929,5823455892,0,145.65,16.291,0.020263822626321138
964,3329881929,5823455892,1,42.01,4.699,0.020263822626321138
965,3332266263,287226495,0,4.71,0.527,0.1578405330116579
966,3332266263,287226483,0,27.65,3.093,0.23594703211316034
967,3332266263,3332266270,0,7.82,0.875,0.1578405330116579
968,3332266263,1280853181,0,18.28,2.045,0.21019547980713937
969,3332266267,364165253,0,7.79,0.871,0.0328442212005329
970,3332266267,3332266269,0,8.41,0.941,0.029509585536684254
971,3332266267,287226719,0,50.04,5.597,0.026914796564552017
972,3332266267,1081318790,0,37.67,4.213,0.026914796564552017
973,3332266269,3332266267,0,8.41,0.941,0.029509585536684254
974,3332266269,3332266272,0,6.94,0.776,0.0364508352995448
975,3332266269,645089711,0,67.79,7.583,0.03076993317179801
976,3332266270,3332266263,0,7.82,0.875,0.1578405330116579
977,3332266270,3332266271,0,4.94,0.553,0.07785987476817592
978,3332266270,1281318363,0,68.55,7.667,0.07785987476817592
979,3332266271,287226495,0,8.25,0.922,0.09615994894736224
980,3332266271,3332266270,0,4.94,0.553,0.07785987476817592
981,3332266271,6471108988,0,54.47,6.092,0.06482978184738401
982,3332266271,3332266272,0,14.68,1.642,0.06482978184738401
983,3332266272,364165253,0,7.83,0.875,0.0364508352995448
984,3332266272,3332266269,0,6.94,0.776,0.0364508352995448
985,3332266272,644926968,0,64.59,7.224,0.039537877252019446
986,3332266272,3332266271,0,14.68,1.642,0.06482978184738401
987,3546758138,2433764668,0,25.99,2.907,0.0036404756768469862
988,3546758138,2433764893,0,3.48,0.39,0.0035805628862577593
989,3546758138,2433764693,0,38.96,4.357,0.003632508669685095
990,3696173720,1280853195,0,14.71,1.645,0.032899454937934274
991,3696173720,287226495,0,59.21,6.622,0.09643138377876406
992,3696173720,1280853193,0,8.58,0.96,0.03860216293053682
993,3696173720,9464338656,0,9.81,1.098,0.032899454937934274
994,3811627140,859323159,0,16.31,1.825,0.015946908149294284
995,3811627140,2433778872,0,14.73,1.647,0.018918840788184385
996,3811627140,1968413548,0,7.15,0.8,0.017463746395186573
997,3811627143,2433778866,0,12.39,1.385,0.012698984210942113
998,3811627143,19871266,0,20.57,2.301,0.013040425050036523
999,3811627143,1968413567,0,10.94,1.223,0.014735885383188303
1000,3811627145,2433779953,0,6.57,0.735,0.01861368118350035
1001,3811627145,859323188,0,16.81,1.88,0.02470176396093218
1002,3811627145,1968413578,0,9.64,1.078,0.02025056511432816
1003,3842753611,492212322,0,47.47,5.309,0.009752033170467205
1004,3842753611,6481238325,0,10.57,1.182,0.010407329307724722
1005,3842753611,5919449201,0,20.7,2.315,0.010713864227263507
1006,3860745715,436181749,0,8.63,0.965,0.009200018116037977
1007,3860745715,1280674364,0,8.68,0.971,0.00867358170456357
1008,3860745715,1280674371,0,11.68,1.306,0.00867358170456357
1009,3860745718,17476875,0,5.96,0.667,0.007547017219530292
1010,3860745718,2433821534,0,8.53,0.954,0.007853030073265715
1011,3860745718,2433821544,0,19.23,2.151,0.0074249216713223815
1012,3860786634,2433821542,0,139.89,15.646,0.007872571715851717
1013,3860786634,10901402914,0,11.05,1.236,0.008171820987998577
1014,3860786634,1242132577,0,6.7,0.75,0.007983987985410081
1015,3860810901,12992899143,0,26.52,2.966,0.029603180074134948
1016,3860810901,2533775204,0,7.21,0.806,0.02835653989166249
1017,3860810901,1280821702,0,55.12,6.165,0.11726224591096818
1018,3860810901,262440061,0,39.61,4.43,0.02835653989166249
1019,3860890364,2179076502,0,8.12,0.909,0.0064078263220434676
1020,3860890366,2179076502,0,8.96,1.003,0.006126979360715804
1021,3860890366,2179076344,0,19.62,2.194,0.006218374629331207
1022,3860890366,5064786728,0,42.25,4.725,0.007389698354037406
1023,3860890367,2179076266,0,4.1,0.459,0.009529390363958681
1024,3860890367,2179076479,0,38.05,4.256,0.009489446390062644
1025,3860890367,3860890371,0,40.17,4.493,0.009489446390062644
1026,3860890371,300025247,0,10.84,1.212,0.007249640397320907
1027,3860890371,2433863938,0,151.59,16.955,0.010394227698704435
1028,3860890371,3860890367,0,40.17,4.493,0.009489446390062644
1029,3860908591,2179076283,0,62.65,7.007,0.009527531811717168
1030,3860908591,21238592,0,10.2,1.141,0.007911617508789331
1031,3860908591,25280228,0,39.05,4.367,0.009642778956442222
1032,3860908591,2920948566,0,68.14,7.621,0.008935672322598306
1033,3860908593,2920948566,0,5.89,0.659,0.009157938047345986
1034,3860908593,2920948566,1,51.94,5.809,0.01043648920951492
1035,3860908593,3860908599,0,45.22,5.058,0.012101233790900303
1036,3860908593,1382113164,0,10.57,1.182,0.009157938047345986
1037,3860908599,5750157404,0,26.96,3.016,0.017375427185929437
1038,3860908599,3860908593,0,45.22,5.058,0.012101233790900303
1039,3860908599,1280853184,0,35.91,4.016,0.019902747736509466
1040,3860964491,4654496419,0,15.91,1.779,0.10154294215989514
1041,3860964491,6111856716,0,13.13,1.469,0.07141412638170172
1042,3860964491,4654496416,0,5.57,0.623,0.11779268704167828
1043,3860964491,5905199213,0,59.38,6.642,0.07141412638170172
1044,3893231912,12461273925,0,4.14,0.463,0.03622755708482157
1045,3893231913,216601,0,5.34,0.398,0.07338691918101041
1046,3893231913,5146144539,0,17.12,1.277,0.09873468087723708
1047,3893231913,12461273925,0,15.28,1.709,0.07338691918101041
1048,3980721920,6327939694,0,4.57,0.511,0.0027219750310337205
1049,3980721920,859323259,0,6.66,0.745,0.002749102771852036
1050,3980721920,3980721930,0,14.24,1.592,0.0027219750310337205
1051,3980721930,3980721932,0,6.12,0.684,0.0026244518540636643
1052,3980721930,3980721920,0,14.24,1.592,0.0027219750310337205
1053,3980721930,3980721933,0,22.63,2.531,0.0026288213876029085
1054,3980721930,3980721951,0,9.13,1.021,0.0026244518540636643
1055,3980721932,3980721951,0,6.48,0.725,0.0025944966315763584
1056,3980721932,3980721933,0,17.26,1.93,0.00258452984155766
1057,3980721932,3980721955,0,16.98,1.899,0.00258452984155766
1058,3980721932,3980721930,0,6.12,0.684,0.0026244518540636643
1059,3980721933,3980721932,0,17.26,1.93,0.00258452984155766
1060,3980721933,13191500416,0,3.93,0.439,0.0025550309332633284
1061,3980721933,3980721955,0,24.91,2.786,0.0025550309332633284
1062,3980721933,3980721930,0,22.63,2.531,0.0026288213876029085
1063,3980721934,283348168,0,36.9,4.127,0.0025743343690923268
1064,3980721934,13191500421,0,5.08,0.568,0.002509523372658159
1065,3980721934,13191500418,0,34.46,3.855,0.002496309839142101
1066,3980721935,835468062,0,16.49,1.844,0.0026142018780873104
1067,3980721935,835468061,0,18.75,2.097,0.002683681906089928
1068,3980721935,3980721951,0,14.33,1.603,0.0026142018780873104
1069,3980721951,3980721935,0,14.33,1.603,0.0026142018780873104
1070,3980721951,3980721932,0,6.48,0.725,0.0025944966315763584
1071,3980721951,3980721930,0,9.13,1.021,0.0026244518540636643
1072,3980721951,3980721955,0,26.18,2.928,0.0025944966315763584
1073,3980721955,3980721932,0,16.98,1.899,0.00258452984155766
1074,3980721955,3980721951,0,26.18,2.928,0.0025944966315763584
1075,3980721955,3980721933,0,24.91,2.786,0.0025550309332633284
1076,4610359742,5905199219,0,6.79,0.76,0.022882289211055038
1077,4610359742,4654496416,0,58.64,6.559,0.11779268704167828
1078,4610359742,5905199213,0,4.34,0.486,0.02008645500901046
1079,4654496416,3860964491,0,5.57,0.623,0.11779268704167828
1080,4654496416,4610359742,0,58.64,6.559,0.11779268704167828
1081,4654496416,4654496419,0,15.37,1.719,0.1274263902710315
1082,4654496419,21309749,0,6.38,0.713,0.1013956111258436
1083,4654496419,3860964491,0,15.91,1.779,0.10154294215989514
1084,4654496419,4654496416,0,15.37,1.719,0.1274263902710315
1085,4661094415,104854,0,10.13,1.133,0.005224139830285467
1086,4661094415,5822644372,0,30.8,3.445,0.005150819986598801
1087,4661094415,6824060867,0,17.47,1.954,0.005446816125260109
1088,4661094415,12595689526,0,7.93,0.887,0.005150819986598801
1089,4661094416,5919449207,0,39.01,4.363,0.005399174299171604
1090,4661094416,6824060867,0,20.1,2.248,0.005548369154579742
1091,4661094416,12595689538,0,21.74,2.432,0.005285420683980173
1092,4794218446,4794218449,0,17.59,1.967,0.012378640144479421
1093,4794218449,19875368,0,66.08,7.391,0.010807438018774158
1094,4794218449,21309748,0,119.77,13.395,0.3927724823115031
1095,4794218449,4794218446,0,17.59,1.967,0.012378640144479421
1096,4795736874,4795736877,0,23.78,2.659,0.016008993908106027
1097,4795736877,293907316,0,4.0,0.448,0.012219051130221403
1098,4795736877,1079986909,0,136.04,15.216,0.045193656502895765
1099,4795736877,4795736874,0,23.78,2.659,0.016008993908106027
1100,4878990036,4878990037,0,10.02,1.121,0.02023368307784798
1101,4878990036,5156816332,0,27.18,3.04,0.02026727397720111
1102,4878990037,4878990036,0,10.02,1.121,0.02023368307784798
1103,4878990037,4878990038,0,6.28,0.702,0.016822023995636867
1104,4878990038,4878990037,0,6.28,0.702,0.016822023995636867
1105,4878990043,5156816332,0,31.05,3.472,0.046244323529002665
1106,5061066670,1242132603,0,21.55,2.41,0.007742716229686298
1107,5061066670,262442011,0,71.08,7.95,0.00832814351956967
1108,5061066670,1280674367,0,30.61,3.424,0.008549855997352319
1109,5061066696,5061067470,0,35.51,3.972,0.03448578547393992
1110,5061066696,5834930880,0,34.81,3.894,0.016468070997086207
1111,5061066696,5061067239,0,20.07,2.244,0.016468070997086207
1112,5061067239,6258642284,0,5.13,0.571,0.014562623321765429
1113,5061067239,5061066696,0,20.07,2.244,0.016468070997086207
1114,5061067239,5061067317,0,32.77,3.649,0.024072348849216767
1115,5061067317,5061067239,0,32.77,3.649,0.024072348849216767
1116,5061067317,5061067470,0,15.23,1.703,0.03448578547393992
1117,5061067317,12960802960,0,17.08,1.91,0.024072348849216767
1118,5061067470,5061066696,0,35.51,3.972,0.03448578547393992
1119,5061067470,5919438954,0,29.81,3.334,0.14118662107669044
1120,5061067470,5061067317,0,15.23,1.703,0.03448578547393992
1121,5064786728,492212322,0,8.82,0.987,0.007591170169262338
1122,5064786728,300025247,0,142.83,15.975,0.007389698354037406
1123,5064786728,3860890366,0,42.25,4.725,0.007389698354037406
1124,5065034057,17660703,0,87.54,9.791,0.016230940711348823
1125,5111590153,2179077577,0,26.73,2.989,0.012511941757446878
1126,5111590153,25280229,0,34.94,3.908,0.017730254895107305
1127,5111590153,2179076283,0,19.64,2.197,0.011558575973349377
1128,5146144539,3893231913,0,17.12,1.277,0.0987346808772371
1129,5156816332,4878990043,0,31.05,3.472,0.046244323529002665
1130,5156816332,4878990036,0,27.18,3.04,0.02026727397720111
1131,5156816332,366664563,0,57.09,6.386,0.01905971567026422
1132,5157651754,12461273917,0,11.51,1.287,0.011615291325398435
1133,5240224447,5240224448,0,20.12,2.251,0.010759888781083889
1134,5240224448,25280227,0,49.59,5.546,0.010633431510856868
1135,5240224448,104838,0,29.74,3.326,0.011561253787809716
1136,5240224448,5240224447,0,20.12,2.251,0.010759888781083889
1137,5240224464,104838,0,28.12,3.145,0.01704723870218172
1138,5240224464,364165254,0,21.4,2.394,0.026458446222838564
1139,5240224464,5240224465,0,10.01,1.12,0.017255620658168352
1140,5240224465,5240224464,0,10.01,1.12,0.017255620658168352
1141,5240224479,364165254,0,44.13,4.936,0.026458446222838564
1142,5240224479,859323162,0,10.97,1.227,0.015231697549449792
1143,5240224479,5240224480,0,7.37,0.825,0.016073854948224803
1144,5240224480,5240224479,0,7.37,0.825,0.016073854948224803
1145,5240224497,5240224498,0,8.93,0.999,0.06165384929650462
1146,5240224498,364165254,0,20.52,2.295,0.05201857358217238
1147,5240224498,859323071,0,23.09,2.583,0.0818728744145804
1148,5240224498,5240224497,0,8.93,0.999,0.06165384929650462
1149,5359925880,5359925883,0,24.11,2.697,0.01284298920775106
1150,5359925883,1227136503,0,20.69,2.315,0.01720317698151166
1151,5359925883,30239264,0,31.94,3.573,0.01284298920775106
1152,5359925883,5359925880,0,24.11,2.697,0.01284298920775106
1153,5423487737,1247839597,0,21.98,2.458,0.10752823433137429
1154,5425642850,117678074,0,34.86,3.882,0.01721546847869211
1155,5425642850,5832845874,0,16.69,1.859,0.014835937056432127
1156,5425642850,6403206657,0,15.01,1.679,0.01763030784772599
1157,5425642851,5425642852,0,11.95,1.336,0.010449155424939275
1158,5425642852,5425642851,0,11.95,1.336,0.010449155424939275
1159,5425642852,5832845874,0,25.61,2.851,0.012754581783324165
1160,5425642852,117677944,0,32.95,3.669,0.00999272841404615
1161,5435157624,262442292,0,38.74,4.332,0.006639297803527525
1162,5435157624,262442266,0,13.35,1.493,0.0058305685762119605
1163,5435157624,5435157625,0,4.36,0.488,0.005948399326012764
1164,5435157625,5435157624,0,4.36,0.488,0.005948399326012764
1165,5438534268,2433764756,0,7.29,0.816,0.003968787686964601
1166,5438534268,2433744240,0,34.82,3.895,0.004247779735610528
1167,5438534268,8230223567,0,42.63,4.768,0.004185761841565785
1168,5448085792,5448085793,0,14.31,1.6,0.03601627750039747
1169,5448085793,2045184012,0,22.52,2.518,0.02620619867265015
1170,5448085793,12992899143,0,4.7,0.526,0.027638158775542192
1171,5448085793,5448085792,0,14.31,1.6,0.03601627750039747
1172,5750157402,287226447,0,7.64,0.855,0.03409878238333079
1173,5750157404,3860908599,0,26.96,3.016,0.017375427185929437
1174,5750157404,1280853191,0,24.18,2.704,0.027408335640588442
1175,5750157404,287226447,0,58.0,6.488,0.034507282202123124
1176,5753086713,19871274,0,46.82,5.237,0.007633738522555663
1177,5753086713,10901402907,0,0.57,0.063,0.007663632443665173
1178,5753086713,10901402911,0,11.55,1.291,0.007633738522555663
1179,5794635161,2043096366,0,107.74,12.05,0.009284623222728891
1180,5794635161,993186001,0,22.85,2.556,0.01173312173486426
1181,5794635161,5794635164,0,88.68,9.919,0.009284623222728891
1182,5794635163,5794635164,0,30.02,3.358,0.006129304295836113
1183,5794635164,5794635163,0,30.02,3.358,0.006129304295836113
1184,5794635164,5794635161,0,88.68,9.919,0.009284623222728891
1185,5794635164,6106912892,0,36.54,4.087,0.006129304295836113
1186,5822644345,826648042,0,14.85,1.661,0.004407464161903905
1187,5822644348,5822644363,0,13.95,1.56,0.004440183983065518
1188,5822644358,5822644367,0,22.17,2.48,0.004394759136187054
1189,5822644360,12595689528,0,16.22,1.814,0.004858742664229559
1190,5822644363,826648048,0,23.84,2.666,0.004428221118411506
1191,5822644363,5822644348,0,13.95,1.56,0.004440183983065518
1192,5822644363,12595689538,0,21.82,2.441,0.004899850105127304
1193,5822644363,5919449209,0,49.77,5.566,0.004459439358553608
1194,5822644367,826648048,0,17.79,1.99,0.004028622618708114
1195,5822644367,826648042,0,23.37,2.614,0.0042399398935359005
1196,5822644367,5822644358,0,22.17,2.48,0.004394759136187054
1197,5822644369,12595689521,0,26.32,2.944,0.00472394463587194
1198,5822644372,17405115,0,32.06,3.586,0.004847825540982319
1199,5822644372,12595689521,0,6.26,0.7,0.004847825540982319
1200,5822644372,4661094415,0,30.8,3.445,0.005150819986598801
1201,5823455446,3329881928,0,8.2,0.917,0.009863834564371282
1202,5823455892,3329881929,0,145.65,16.291,0.020263822626321138
1203,5823455892,3329881929,1,42.01,4.699,0.020263822626321138
1204,5823455892,644926923,0,6.51,0.728,0.02258808112415102
1205,5832538474,1282009243,0,90.95,10.173,0.013683185956384056
1206,5832845865,5832845867,0,18.16,2.031,0.021997767984696746
1207,5832845865,5832845867,1,65.43,7.319,0.02180253915927397
1208,5832845865,117678115,0,19.5,2.181,0.027995775615605154
1209,5832845867,6403206658,0,18.12,2.026,0.021234713063243676
1210,5832845867,5832845865,0,18.16,2.031,0.021997767984696746
1211,5832845867,5832845865,1,65.43,7.319,0.02180253915927397
1212,5832845874,5425642850,0,16.69,1.859,0.014835937056432127
1213,5832845874,5425642852,0,25.61,2.851,0.012754581783324165
1214,5832845874,5832845881,0,113.65,12.711,0.0184447339052113
1215,5832845881,117678115,0,42.3,4.731,0.027995775615605154
1216,5832845881,1242132572,0,42.43,4.745,0.013148239415590648
1217,5832845881,5832845874,0,113.65,12.711,0.0184447339052113
1218,5834330053,5834330054,0,20.86,2.334,0.00997503058787475
1219,5834330053,11159894542,0,60.25,6.739,0.009246303018829035
1220,5834330053,1280656209,0,106.62,11.926,0.04659316143351806
1221,5834330054,5834330053,0,20.86,2.334,0.00997503058787475
1222,5834330054,5834330058,0,47.82,5.349,0.00997503058787475
1223,5834330054,5834330057,0,25.46,2.847,0.01137807767746984
1224,5834330055,5834330057,0,34.9,3.904,0.01497207863840019
1225,5834330057,5834330058,0,16.5,1.846,0.01066324232735325
1226,5834330057,5834330055,0,34.9,3.904,0.01497207863840019
1227,5834330057,5834330054,0,25.46,2.847,0.01137807767746984
1228,5834330058,5834330057,0,16.5,1.846,0.01066324232735325
1229,5834330058,5834330062,0,17.14,1.917,0.009620760591523971
1230,5834330058,5834330054,0,47.82,5.349,0.00997503058787475
1231,5834330062,5834330058,0,17.14,1.917,0.009620760591523971
1232,5834330062,11159894542,0,34.39,3.847,0.008629550061655233
1233,5834330062,1280674386,0,23.15,2.589,0.010092062602089552
1234,5834330502,1280813726,0,39.56,4.424,0.012579168529094183
1235,5834330502,117677976,0,14.83,1.659,0.01185717972407166
1236,5834330502,6281096660,0,77.34,8.651,0.03297694566753879
1237,5834330512,6281096660,0,8.05,0.901,0.032593186632353485
1238,5834330512,117677996,0,28.53,3.191,0.1808833506938096
1239,5834330512,117677989,0,49.19,5.502,0.030569591298929177
1240,5834330513,5834330514,0,15.93,1.781,0.010024676477596346
1241,5834330514,5834330513,0,15.93,1.781,0.010024676477596346
1242,5834330514,12750591314,0,45.0,5.034,0.010116751941556895
1243,5834330514,117677950,0,60.52,6.769,0.01943641774051114
1244,5834330523,6281096610,0,57.65,6.448,0.01867642967490362
1245,5834330523,1280813728,0,7.3,0.817,0.008999593805001961
1246,5834330523,5834330531,0,30.06,3.362,0.009257605743381319
1247,5834330531,5834330523,0,30.06,3.362,0.009257605743381319
1248,5834330531,12989585399,0,67.94,7.599,0.019394490730379684
1249,5834330531,117677976,0,81.37,9.101,0.010850080031865853
1250,5834930803,5834930818,0,13.92,1.557,0.011569022178915417
1251,5834930803,1280267492,0,50.86,5.689,0.016597706797765337
1252,5834930803,1280267505,0,18.09,2.024,0.013691629464222125
1253,5834930818,537141811,0,46.67,5.196,0.011065091254751629
1254,5834930818,537157945,0,30.67,3.415,0.01384675954132594
1255,5834930818,5834930803,0,13.92,1.557,0.011569022178915417
1256,5834930843,13176630418,0,12.74,1.425,0.01670124671917651
1257,5834930843,1280813702,0,23.61,2.641,0.027479084726914006
1258,5834930843,5919438953,0,39.78,4.449,0.02473143293464929
1259,5834930877,2533775206,0,37.13,4.153,0.055013162988144515
1260,5834930877,5919438953,0,5.05,0.564,0.02505429497760756
1261,5834930877,5834930878,0,8.76,0.979,0.03205415683865679
1262,5834930878,5834930877,0,8.76,0.979,0.03205415683865679
1263,5834930880,5061066696,0,34.81,3.894,0.016468070997086207
1264,5834930880,1280821715,0,23.55,2.634,0.010535968256702458
1265,5834930880,5834930881,0,18.42,2.061,0.010535968256702458
1266,5834930881,11776527150,0,1.11,0.123,0.010001525823644808
1267,5834930881,117678038,0,2.33,0.259,0.010201569620015715
1268,5834930881,5834930880,0,18.42,2.061,0.010535968256702458
1269,5834930882,117678043,0,19.4,2.16,0.008153851756152797
1270,5834930882,1280821716,0,13.77,1.54,0.0077271769390465225
1271,5834930882,117678047,0,24.59,2.737,0.008418703236695803
1272,5834930882,6281096613,0,13.6,1.521,0.008408460831260964
1273,5834930883,1280821716,0,23.55,2.634,0.007632932166599043
1274,5834930883,117678047,0,13.07,1.462,0.008418703236695803
1275,5834930883,1280821682,0,35.6,3.982,0.008081963842588986
1276,5900430623,19875368,0,67.28,7.525,0.01543252261037414
1277,5900430623,5900430626,0,24.16,2.702,0.020649537266609296
1278,5900430626,5900430623,0,24.16,2.702,0.020649537266609296
1279,5905199213,4610359742,0,4.34,0.486,0.02008645500901046
1280,5905199213,3860964491,0,59.38,6.642,0.07141412638170172
1281,5905199213,5905199219,0,6.88,0.77,0.022882289211055038
1282,5905199219,21309820,0,12.12,1.356,0.030980268791126336
1283,5905199219,4610359742,0,6.79,0.76,0.022882289211055038
1284,5905199219,5905199213,0,6.88,0.77,0.022882289211055038
1285,5906030287,262442708,0,64.24,7.185,0.009704411535261486
1286,5906030287,104837,0,21.08,2.357,0.00846323623633458
1287,5906030287,5906030290,0,16.8,1.879,0.009860937418446621
1288,5906030290,5906030287,0,16.8,1.879,0.009860937418446621
1289,5906108608,19875366,0,25.8,2.885,0.007934122826701995
1290,5906108608,19875363,0,47.84,5.351,0.007393329802039374
1291,5906108608,5906108611,0,19.65,2.198,0.008549056427729284
1292,5906108611,5906108608,0,19.65,2.198,0.008549056427729284
1293,5919438953,5834930877,0,5.05,0.564,0.02505429497760756
1294,5919438953,2045184012,0,24.72,2.765,0.02473143293464929
1295,5919438953,5834930843,0,39.78,4.449,0.02473143293464929
1296,5919438954,2533775206,0,13.98,1.564,0.14118662107669044
1297,5919438954,5061067470,0,29.81,3.334,0.14118662107669044
1298,5919438954,1280821651,0,31.0,3.451,0.43821276157279193
1299,5919449192,5919449201,0,14.37,1.608,0.010960465579925418
1300,5919449192,6481238337,0,21.56,2.228,0.010960465579925418
1301,5919449192,5919449198,0,82.13,9.186,0.011614805474883883
1302,5919449198,2027862783,0,56.74,6.346,0.012543172896302806
1303,5919449198,5919449207,0,72.17,8.072,0.008366489848346039
1304,5919449198,5919449192,0,82.13,9.186,0.011614805474883883
1305,5919449201,5919449192,0,14.37,1.608,0.010960465579925418
1306,5919449201,5919449206,0,160.07,16.539,0.010713864227263507
1307,5919449201,3842753611,0,20.7,2.139,0.010713864227263507
1308,5919449206,2043096366,0,5.9,0.66,0.005421393876246592
1309,5919449206,300025247,0,47.35,5.296,0.007068166121106215
1310,5919449206,5919449201,0,160.07,16.539,0.010713864227263507
1311,5919449207,4661094416,0,39.01,4.363,0.005399174299171604
1312,5919449207,5919449224,0,90.34,10.104,0.005393366535874654
1313,5919449207,5919449209,0,49.62,5.55,0.005393366535874654
1314,5919449207,5919449198,0,72.17,8.072,0.008366489848346039
1315,5919449209,5919449215,0,22.69,2.538,0.00438411374699651
1316,5919449209,5822644363,0,49.77,5.566,0.004459439358553608
1317,5919449209,5919449207,0,49.62,5.55,0.005393366535874654
1318,5919449215,5919449209,0,22.69,2.538,0.00438411374699651
1319,5919449215,2941119309,0,60.77,6.797,0.00591497419021033
1320,5919449215,5919449220,0,91.29,10.211,0.0053646584645163165
1321,5919449220,5919449221,0,51.68,5.78,0.006126584755805034
1322,5919449220,2941119309,0,74.55,8.338,0.006156655873000027
1323,5919449220,5919449215,0,91.29,10.211,0.0053646584645163165
1324,5919449221,5919449224,0,101.26,11.326,0.006126584755805034
1325,5919449221,11786838687,0,75.42,8.435,0.008984443262449675
1326,5919449221,5919449220,0,51.68,5.78,0.006126584755805034
1327,5919449223,993186001,0,59.76,6.684,0.03305821455097533
1328,5919449223,9809981557,0,57.8,6.464,0.04833641069299789
1329,5919449223,11786838687,0,107.41,12.013,0.03305821455097533
1330,5919449224,104855,0,5.81,0.65,0.004842452949177527
1331,5919449224,5919449207,0,90.34,10.104,0.005393366535874654
1332,5919449224,5919449221,0,101.26,11.326,0.006126584755805034
1333,6018494689,12595689538,0,4.11,0.459,0.004998568408853635
1334,6047257804,6047257804,0,7.55,0.844,0.012375400718852708
1335,6047257804,6047257804,1,7.55,0.844,0.012375400718852708
1336,6047257804,2515293881,0,88.34,9.881,0.015555195769072324
1337,6056055380,262441802,0,14.79,1.654,0.00972229010454117
1338,6106912892,5794635164,0,36.54,4.087,0.006129304295836113
1339,6111856710,6111856716,0,6.73,0.753,0.05452729352379576
1340,6111856710,6111856719,0,6.6,0.735,0.06686990316187183
1341,6111856710,6111856718,0,8.07,0.899,0.05144399456592524
1342,6111856716,6111856718,0,2.87,0.319,0.05452729352379576
1343,6111856716,6111856719,0,10.66,1.187,0.07312766711071667
1344,6111856716,6111856710,0,6.73,0.753,0.05452729352379576
1345,6111856716,3860964491,0,13.13,1.469,0.07141412638170172
1346,6111856718,6111856716,0,2.87,0.319,0.05452729352379576
1347,6111856718,1079986909,0,1.2,0.134,0.047133940879358696
1348,6111856718,6111856710,0,8.07,0.899,0.05144399456592524
1349,6111856719,21309749,0,5.75,0.644,0.07221891076659687
1350,6111856719,6111856716,0,10.66,1.187,0.07312766711071667
1351,6111856719,6111856710,0,6.6,0.735,0.06686990316187183
1352,6211450986,19871273,0,38.13,4.264,0.008271444594535021
1353,6211451020,17476836,0,25.59,1.908,0.016359442125488538
1354,6211451020,1242132577,0,44.56,3.323,0.012042764373363305
1355,6211451020,1242132583,0,112.13,12.541,0.022455830744810373
1356,6211575728,1080015181,0,31.49,3.522,0.026335383213161933
1357,6225987531,6225987538,0,11.06,1.237,0.012914771125685964
1358,6225987531,6225987537,0,9.67,1.081,0.014689641212940785
1359,6225987531,6225987532,0,5.49,0.614,0.013019492149660496
1360,6225987532,6225987537,0,9.81,1.098,0.014689641212940785
1361,6225987532,6225987538,0,11.03,1.234,0.013019492149660496
1362,6225987532,6225987531,0,5.49,0.614,0.013019492149660496
1363,6225987537,6225987531,0,9.67,1.081,0.014689641212940785
1364,6225987537,6225987532,0,9.81,1.098,0.014689641212940785
1365,6225987537,365559388,0,44.16,4.939,0.03997558562320938
1366,6225987538,1281318363,0,26.45,2.958,0.013691097158370618
1367,6225987538,6225987531,0,11.06,1.237,0.012914771125685964
1368,6225987538,6225987532,0,11.03,1.234,0.013019492149660496
1369,6226112846,6226112849,0,19.3,2.158,0.05613867515761942
1370,6226112849,21257368,0,17.95,2.008,0.059460211731087835
1371,6226112849,21309452,0,18.95,2.119,0.05613867515761942
1372,6226112849,6226112846,0,19.3,2.158,0.05613867515761942
1373,6258642278,6258646185,0,26.22,2.933,0.01166591375442615
1374,6258642278,6258642280,0,7.72,0.863,0.012448309836139726
1375,6258642278,6258642280,1,7.7,0.862,0.012448309836139726
1376,6258642280,6258642278,0,7.7,0.862,0.012448309836139726
1377,6258642280,6258642278,1,7.72,0.863,0.012448309836139726
1378,6258642280,6258642284,0,11.52,1.289,0.013690091435414681
1379,6258642284,117678038,0,27.8,3.095,0.013690091435414681
1380,6258642284,5061067239,0,5.13,0.571,0.014562623321765429
1381,6258642284,6258642280,0,11.52,1.289,0.013690091435414681
1382,6258646185,6258642278,0,26.22,2.933,0.01166591375442615
1383,6258646185,117678038,0,15.28,1.701,0.010201569620015715
1384,6258646185,6258646186,0,25.74,2.866,0.009430932087780135
1385,6258646186,6258646185,0,25.74,2.866,0.009430932087780135
1386,6281096609,6281096610,0,32.89,3.679,0.020720479876761323
1387,6281096609,12989585399,0,3.15,0.352,0.02027883532167331
1388,6281096609,6407359799,0,28.89,3.231,0.02677860271922172
1389,6281096610,6407359799,0,16.23,1.815,0.02677860271922172
1390,6281096610,5834330523,0,57.65,6.448,0.01867642967490362
1391,6281096610,6281096609,0,32.89,3.679,0.020720479876761323
1392,6281096613,5834930882,0,13.6,1.521,0.008408460831260964
1393,6281096639,6281096640,0,4.14,0.463,0.008601328016362257
1394,6281096640,6281096639,0,4.14,0.463,0.008601328016362257
1395,6281096640,6281096649,0,0.84,0.094,0.008389738539827257
1396,6281096640,6281096650,0,16.41,1.835,0.009652516244821835
1397,6281096649,6281096640,0,0.84,0.094,0.008389738539827257
1398,6281096650,6281096640,0,16.41,1.835,0.009652516244821835
1399,6281096650,12023837911,0,24.12,1.799,0.010591569230172144
1400,6281096653,6281096660,0,11.9,1.331,0.047972288324107465
1401,6281096660,5834330512,0,8.05,0.901,0.032593186632353485
1402,6281096660,5834330502,0,77.34,8.651,0.03297694566753879
1403,6281096660,6281096653,0,11.9,1.331,0.047972288324107465
1404,6281096703,6281096705,0,2.3,0.258,0.010120417847937869
1405,6281096704,6281096705,0,2.04,0.229,0.009977658348388173
1406,6281096705,6281096703,0,2.3,0.258,0.010120417847937869
1407,6281096705,6281096704,0,2.04,0.229,0.009977658348388173
1408,6281096705,6281096706,0,29.62,3.313,0.01172184363965488
1409,6281096706,17396682,0,4.28,0.319,0.01183792396279245
1410,6281096706,6281096705,0,29.62,3.313,0.01172184363965488
1411,6281096706,12023837911,0,36.58,2.728,0.01172184363965488
1412,6283115512,6283115514,0,6.28,0.702,1.0
1413,6283115514,6283115512,0,6.28,0.702,1.0
1414,6283115514,117677951,0,30.88,3.438,0.19671603280786204
1415,6284334867,2204308507,0,5.14,0.575,0.008942562231089534
1416,6284334868,2204308509,0,4.08,0.456,0.009427861966388581
1417,6284335747,6284335748,0,5.21,0.583,0.01089763671347835
1418,6284335747,6284335749,0,22.64,2.532,0.010628056378667627
1419,6284335747,2179076476,0,29.36,3.284,0.010627306039335083
1420,6284335748,6284335747,0,5.21,0.583,0.01089763671347835
1421,6284335749,6284335747,0,22.64,2.532,0.010628056378667627
1422,6327222249,117677944,0,14.9,1.666,0.007653601846866945
1423,6327222250,1280821711,0,17.58,1.966,0.007835993264274853
1424,6327865036,6327865039,0,12.51,1.399,0.002565340414033849
1425,6327865039,283348168,0,36.84,4.121,0.0025743343690923268
1426,6327865039,6327865047,0,19.3,2.158,0.002657167002335213
1427,6327865039,6327865036,0,12.51,1.399,0.002565340414033849
1428,6327865044,6327865047,0,9.9,1.107,0.002657167002335213
1429,6327865047,6327865039,0,19.3,2.158,0.002657167002335213
1430,6327865047,6327865044,0,9.9,1.107,0.002657167002335213
1431,6327939491,6327939492,0,10.65,1.191,0.003820211009299341
1432,6327939492,6327939491,0,10.65,1.191,0.003820211009299341
1433,6327939492,859323083,0,25.59,2.862,0.00405989572697724
1434,6327939492,6327939494,0,41.25,4.614,0.003820211009299341
1435,6327939493,6327939494,0,9.3,1.04,0.003416726753590189
1436,6327939494,6327939493,0,9.3,1.04,0.003416726753590189
1437,6327939494,6327939492,0,41.25,4.614,0.003820211009299341
1438,6327939494,104812,0,55.49,6.206,0.003416726753590189
1439,6327939552,6327939553,0,0.81,0.091,0.0028154853842499504
1440,6327939552,6327939693,0,6.19,0.693,0.0028425395874452845
1441,6327939552,6327939555,0,1.5,0.168,0.0028121264555784568
1442,6327939553,6327939552,0,0.81,0.091,0.0028154853842499504
1443,6327939555,6327939693,0,5.31,0.594,0.0028418632935503334
1444,6327939555,6327939694,0,15.34,1.716,0.002805939354917562
1445,6327939555,6327939552,0,1.5,0.168,0.0028121264555784568
1446,6327939693,6327939700,0,8.75,0.979,0.0028418632935503334
1447,6327939693,6327939555,0,5.31,0.594,0.0028418632935503334
1448,6327939693,6327939552,0,6.19,0.693,0.0028425395874452845
1449,6327939694,835468061,0,6.34,0.709,0.0027060462145310584
1450,6327939694,3980721920,0,4.57,0.511,0.0027219750310337205
1451,6327939694,6327939555,0,15.34,1.716,0.002805939354917562
1452,6327939695,6327939696,0,7.68,0.859,0.0029811706767757036
1453,6327939696,6327939698,0,9.41,1.052,0.0030078325117160448
1454,6327939696,6327939695,0,7.68,0.859,0.0029811706767757036
1455,6327939696,6327939700,0,20.75,2.321,0.0029414614096016133
1456,6327939698,6327939696,0,9.41,1.052,0.0030078325117160448
1457,6327939700,835468061,0,20.6,2.304,0.0028041533491290757
1458,6327939700,6327939693,0,8.75,0.979,0.0028418632935503334
1459,6327939700,6327939696,0,20.75,2.321,0.0029414614096016133
1460,6403206657,6403206658,0,23.11,2.584,0.019921631917638898
1461,6403206657,6403206658,1,62.99,7.045,0.029877915179344294
1462,6403206657,5425642850,0,15.01,1.679,0.01763030784772599
1463,6403206658,5832845867,0,18.12,2.026,0.021234713063243676
1464,6403206658,6403206657,0,23.11,2.584,0.019921631917638898
1465,6403206658,6403206657,1,62.99,7.045,0.029877915179344294
1466,6407359799,117677951,0,5.43,0.607,0.031319252741694725
1467,6407359799,6281096610,0,16.23,1.815,0.02677860271922172
1468,6407359799,6281096609,0,28.89,3.231,0.02677860271922172
1469,6471108988,3332266271,0,54.47,6.092,0.06482978184738401
1470,6471108988,21309750,0,21.32,2.385,0.019570242513936572
1471,6471108988,1281318363,0,17.28,1.933,0.016077721915044002
1472,6481238325,3842753611,0,10.57,1.182,0.010407329307724722
1473,6481238325,6481238332,0,30.0,3.355,0.014168632364646347
1474,6481238325,6481238337,0,65.68,7.347,0.010407329307724722
1475,6481238332,6481238337,0,81.17,9.079,0.014245373656922576
1476,6481238332,6481238325,0,30.0,3.355,0.014168632364646347
1477,6481238332,826736676,0,31.83,3.56,0.02576463708018274
1478,6481238337,5919449192,0,21.56,2.411,0.010960465579925418
1479,6481238337,104855,0,112.31,12.561,0.009374517619584792
1480,6481238337,6481238325,0,65.68,7.347,0.010407329307724722
1481,6481238337,6481238332,0,81.17,9.079,0.014245373656922576
1482,6824060862,17405115,0,8.87,0.992,0.004652588716081838
1483,6824060866,8910794149,0,5.53,0.619,0.005620155365627535
1484,6824060867,8910794148,0,10.84,1.212,0.005578007272949799
1485,6824060867,4661094415,0,17.47,1.954,0.005446816125260109
1486,6824060867,4661094416,0,20.1,2.248,0.005548369154579742
1487,6937982874,645089864,0,18.71,2.092,0.015675565480251005
1488,6937982874,1280853173,0,38.59,4.316,0.016459628815777744
1489,6937982874,3329881929,0,41.37,4.627,0.015675565480251005
1490,8230223567,5438534268,0,42.63,4.768,0.004185761841565785
1491,8910794146,8910794147,0,3.97,0.444,0.005407516894370392
1492,8910794147,8910794146,0,3.97,0.444,0.005407516894370392
1493,8910794147,8910794149,0,8.36,0.935,0.0054615281670530955
1494,8910794147,8910794150,0,11.54,1.291,0.005558656724325738
1495,8910794148,8910794156,0,11.52,1.289,0.005829125570821708
1496,8910794148,8910794149,0,8.38,0.938,0.005578007272949799
1497,8910794148,6824060867,0,10.84,1.212,0.005578007272949799
1498,8910794149,6824060866,0,5.53,0.619,0.005620155365627535
1499,8910794149,8910794148,0,8.38,0.938,0.005578007272949799
1500,8910794149,8910794147,0,8.36,0.935,0.0054615281670530955
1501,8910794149,8910794161,0,5.0,0.559,0.0054615281670530955
1502,8910794150,8910794147,0,11.54,1.291,0.005558656724325738
1503,8910794156,8910794148,0,11.52,1.289,0.005829125570821708
1504,8910794161,8910794149,0,5.0,0.559,0.0054615281670530955
1505,8939668299,8942202643,0,48.29,5.401,0.02841907346867641
1506,8939668299,12461273925,0,13.48,1.508,0.03622755708482157
1507,8942202643,12461273922,0,21.22,2.373,0.0126845259698985
1508,8942202643,8939668299,0,48.29,5.401,0.02841907346867641
1509,8942202643,8942202648,0,49.86,5.576,0.0126845259698985
1510,8942202648,8942202643,0,49.86,5.576,0.0126845259698985
1511,9402506775,9402506784,0,2.97,0.333,0.008173892684376481
1512,9402506778,17406822,0,29.43,3.292,0.007871538260637306
1513,9402506778,1382239390,0,6.96,0.778,0.007871538260637306
1514,9402506778,9402506784,0,7.28,0.814,0.008088341402937155
1515,9402506784,9402506775,0,2.97,0.333,0.008173892684376481
1516,9402506784,9402506778,0,7.28,0.814,0.008088341402937155
1517,9464338656,3696173720,0,9.81,1.098,0.032899454937934274
1518,9464338656,644926968,0,6.9,0.772,0.026757465247101174
1519,9464338656,644926923,0,9.42,1.054,0.026757465247101174
1520,9809981557,247834447,0,1.27,0.142,0.023735840848860146
1521,9809981557,9809981574,0,49.23,5.506,0.027740030938143718
1522,9809981557,5919449223,0,57.8,6.464,0.048336410692997905
1523,9809981567,247834447,0,4.69,0.525,0.023118935213140675
1524,9809981567,1382113262,0,5.86,0.655,0.021069633438806534
1525,9809981567,1382252976,0,79.51,8.892,0.025813814297522625
1526,9809981574,9809981557,0,49.23,5.506,0.02774003093814372
1527,10681863994,10681863998,0,28.59,3.198,0.0066187714738420445
1528,10681863998,364165239,0,64.8,7.247,0.010859473937642559
1529,10681863998,282238482,0,27.86,3.116,0.0066187714738420445
1530,10681863998,10681863994,0,28.59,3.198,0.0066187714738420445
1531,10816632963,10816643038,0,9.52,1.065,0.02366505393285574
1532,10816632963,1080015188,0,63.51,7.103,0.07568375202111544
1533,10816632963,1080015181,0,15.49,1.733,0.021775134272400236
1534,10816643038,10816643831,0,2.85,0.319,0.02366505393285574
1535,10816643038,10816632963,0,9.52,1.065,0.02366505393285574
1536,10816643038,10816643793,0,71.7,8.02,0.05732896273420041
1537,10816643038,10816643042,0,11.47,1.282,0.02397223999428652
1538,10816643042,10816643038,0,11.47,1.282,0.02397223999428652
1539,10816643047,10816643813,0,3.51,0.393,0.021460338253901902
1540,10816643047,1081318805,0,3.66,0.409,0.02090951314855504
1541,10816643047,10816643793,0,12.19,1.364,0.02704321194204887
1542,10816643047,10816643706,0,9.38,1.049,0.02090951314855504
1543,10816643706,10848175178,0,68.88,7.704,0.021048863753983498
1544,10816643706,10816643047,0,9.38,1.049,0.02090951314855504
1545,10816643793,10816643038,0,71.7,8.02,0.05732896273420041
1546,10816643793,10816643900,0,74.41,8.323,0.027659190784588616
1547,10816643793,10816643047,0,12.19,1.364,0.02704321194204887
1548,10816643813,10816643047,0,3.51,0.393,0.021460338253901902
1549,10816643813,10816643900,0,62.92,7.038,0.025681548318099164
1550,10816643813,10848175178,0,64.4,7.203,0.021460338253901902
1551,10816643831,10816643038,0,2.85,0.319,0.02366505393285574
1552,10816643831,10816643839,0,17.08,1.91,0.022258481308176287
1553,10816643831,10816643835,0,18.58,2.078,0.022258481308176287
1554,10816643835,10816643839,0,5.97,0.668,0.01633087093951671
1555,10816643835,10816643831,0,18.58,2.078,0.022258481308176287
1556,10816643835,10816643836,0,8.93,0.999,0.016769737812909212
1557,10816643836,10816643835,0,8.93,0.999,0.016769737812909212
1558,10816643839,10816643835,0,5.97,0.668,0.01633087093951671
1559,10816643839,10816643847,0,51.83,5.797,0.023007202706643085
1560,10816643839,10816643831,0,17.08,1.91,0.022258481308176287
1561,10816643847,1079382178,0,4.22,0.472,0.024965212198855242
1562,10816643847,10816643907,0,8.81,0.985,0.023007202706643085
1563,10816643847,10816643874,0,8.82,0.987,0.0256769512840633
1564,10816643847,10816643839,0,51.83,5.797,0.023007202706643085
1565,10816643851,10816643907,0,12.64,1.414,0.01964619530574584
1566,10816643852,10816974035,0,9.2,1.029,0.018095504093018175
1567,10816643852,10816643854,0,5.39,0.603,0.020003972654639834
1568,10816643852,10816643893,0,32.15,3.595,0.02138060970615756
1569,10816643854,10816643852,0,5.39,0.603,0.020003972654639834
1570,10816643854,10816643890,0,23.24,2.599,0.023105730293568518
1571,10816643854,10816643874,0,24.74,2.767,0.0256769512840633
1572,10816643857,10816643874,0,44.15,4.938,0.02830069623227661
1573,10816643857,10816643890,0,18.58,2.079,0.026613136455003572
1574,10816643857,10816643864,0,26.81,2.999,0.026613136455003572
1575,10816643864,10816974040,0,7.99,0.893,0.01742436126589437
1576,10816643864,10816974038,0,0.36,0.04,0.017478845693177248
1577,10816643864,10816643857,0,26.81,2.999,0.026613136455003572
1578,10816643874,10816643857,0,44.15,4.938,0.02830069623227661
1579,10816643874,10816643847,0,8.82,0.987,0.0256769512840633
1580,10816643874,10816643854,0,24.74,2.767,0.0256769512840633
1581,10816643890,10816643854,0,23.24,2.599,0.023105730293568518
1582,10816643890,10816643893,0,4.24,0.474,0.023105730293568518
1583,10816643890,10816643857,0,18.58,2.079,0.026613136455003572
1584,10816643893,10816643890,0,4.24,0.474,0.023105730293568518
1585,10816643893,10816974038,0,18.39,2.057,0.02138060970615756
1586,10816643893,10816643852,0,32.15,3.595,0.02138060970615756
1587,10816643900,10816643793,0,74.41,8.323,0.027659190784588616
1588,10816643900,10816643908,0,128.6,14.383,0.024751381464468453
1589,10816643900,10816643813,0,62.92,7.038,0.025681548318099164
1590,10816643907,10816643908,0,7.78,0.87,0.01964619530574584
1591,10816643907,10816643847,0,8.81,0.985,0.023007202706643085
1592,10816643907,10816643851,0,12.64,1.414,0.01964619530574584
1593,10816643908,10816643907,0,7.78,0.87,0.01964619530574584
1594,10816643908,10816643900,0,128.6,14.383,0.02475138146446845
1595,10816643908,10848175178,0,73.26,8.193,0.024830205361009855
1596,10816974035,10816643852,0,9.2,1.029,0.018095504093018175
1597,10816974035,10816974040,0,69.53,7.777,0.019814326427280093
1598,10816974035,10816974038,0,53.49,5.983,0.01797014279783332
1599,10816974038,10816643864,0,0.36,0.04,0.017478845693177248
1600,10816974038,10816643893,0,18.39,2.057,0.02138060970615756
1601,10816974038,10816974035,0,53.49,5.983,0.017970142797833325
1602,10816974040,1079382229,0,8.45,0.946,0.015315080079202594
1603,10816974040,10816643864,0,7.99,0.893,0.01742436126589437
1604,10816974040,10816974035,0,69.53,7.777,0.019814326427280093
1605,10848175178,10816643706,0,68.88,7.704,0.021048863753983505
1606,10848175178,10816643908,0,73.26,8.193,0.024830205361009862
1607,10848175178,10816643813,0,64.4,7.203,0.021460338253901902
1608,10901402906,10901402907,0,19.83,2.217,0.008725070579952759
1609,10901402907,5753086713,0,0.57,0.063,0.007663632443665173
1610,10901402907,10901402908,0,5.33,0.596,0.007784713687387944
1611,10901402907,10901402906,0,19.83,2.217,0.008725070579952759
1612,10901402908,10901402907,0,5.33,0.596,0.007784713687387944
1613,10901402910,10901402911,0,23.51,2.63,0.007066628506260863
1614,10901402911,5753086713,0,11.55,1.291,0.007633738522555663
1615,10901402911,262442261,0,18.12,2.026,0.007066628506260863
1616,10901402911,10901402910,0,23.51,2.63,0.007066628506260863
1617,10901402914,3860786634,0,11.05,1.236,0.008171820987998577
1618,11124020086,17476842,0,29.22,2.179,0.01099891798971596
1619,11124020086,1280281136,0,34.65,2.584,0.00841161479350949
1620,11124020086,260697232,0,18.93,2.118,0.008621784721038838
1621,11124020086,492221099,0,12.77,1.428,0.00841161479350949
1622,11159894542,835468169,0,16.22,1.815,0.007183283281520106
1623,11159894542,5834330062,0,34.39,3.847,0.008629550061655233
1624,11159894542,1242132603,0,11.34,1.268,0.00716542027515956
1625,11159894542,5834330053,0,60.25,6.739,0.009246303018829035
1626,11776527150,5834930881,0,1.11,0.123,0.010001525823644808
1627,11776527150,117678043,0,24.73,2.754,0.009908642151907749
1628,11776527150,11776527151,0,21.01,2.35,0.009908642151907749
1629,11776527151,11776527150,0,21.01,2.35,0.009908642151907749
1630,11786838677,12806924704,0,2.71,0.303,0.008184153032886863
1631,11786838677,2941119309,0,48.0,5.369,0.008108677812534451
1632,11786838677,17406822,0,50.31,5.627,0.008108677812534451
1633,11786838680,11786838687,0,49.61,5.549,0.008993186340398132
1634,11786838680,12272098112,0,17.99,2.012,0.0090452139715187
1635,11786838680,12272098112,1,20.6,2.304,0.008731404098640073
1636,11786838687,5919449221,0,75.42,8.435,0.008984443262449675
1637,11786838687,12248299110,0,35.6,3.982,0.013210662078280568
1638,11786838687,11786838680,0,49.61,5.549,0.008993186340398132
1639,11786838687,5919449223,0,107.41,12.013,0.03305821455097533
1640,12023837911,6281096650,0,24.12,1.799,0.010591569230172144
1641,12023837911,6281096706,0,36.58,2.728,0.01172184363965488
1642,12023837911,12023837913,0,35.57,3.978,0.014177625809895103
1643,12023837913,12023837911,0,35.57,3.978,0.014177625809895103
1644,12248092926,12248092928,0,12.54,1.403,0.08279844655905134
1645,12248092928,21309748,0,55.25,6.179,0.10365532617822948
1646,12248092928,26466665,0,29.06,3.25,0.09290074506836617
1647,12248092928,12248092926,0,12.54,1.403,0.08279844655905134
1648,12248299110,11786838687,0,35.6,3.982,0.013210662078280568
1649,12248299110,12248299111,0,23.64,2.644,0.016340919596495532
1650,12248299110,12248299111,1,23.66,2.646,0.016217103853803108
1651,12248299111,12248299110,0,23.66,2.646,0.016217103853803108
1652,12248299111,12248299110,1,23.64,2.644,0.016340919596495532
1653,12248299111,12806902199,0,25.33,2.833,0.027344796685697583
1654,12272057948,12806902199,0,7.38,0.825,0.03411290275859105
1655,12272057948,12272057949,0,23.53,2.632,0.06919710038202584
1656,12272057948,12272057949,1,23.81,2.663,0.06167381578072142
1657,12272057949,12806902198,0,47.28,5.288,0.11674319681577064
1658,12272057949,12272057948,0,23.81,2.663,0.06167381578072142
1659,12272057949,12272057948,1,23.53,2.632,0.06919710038202584
1660,12272098112,12806924703,0,3.43,0.384,0.008639472258510627
1661,12272098112,11786838680,0,20.6,2.304,0.008731404098640073
1662,12272098112,11786838680,1,17.99,2.012,0.0090452139715187
1663,12461273917,5157651754,0,11.51,1.287,0.011615291325398435
1664,12461273917,12461273918,0,2.58,0.289,0.01054502053075736
1665,12461273917,12461273922,0,22.31,2.496,0.010918270360658159
1666,12461273918,17396682,0,24.91,2.773,0.01183792396279245
1667,12461273918,1500366483,0,13.24,1.474,0.010336673579148036
1668,12461273918,12461273917,0,2.58,0.289,0.01054502053075736
1669,12461273922,8942202643,0,21.22,2.373,0.0126845259698985
1670,12461273922,1280267501,0,34.04,3.807,0.012118714433909984
1671,12461273922,12461273917,0,22.31,2.496,0.010918270360658159
1672,12461273925,3893231912,0,4.14,0.463,0.03622755708482157
1673,12461273925,3893231913,0,15.28,1.709,0.07338691918101041
1674,12461273925,8939668299,0,13.48,1.508,0.03622755708482157
1675,12595689521,5822644372,0,6.26,0.7,0.004847825540982319
1676,12595689521,5822644369,0,26.32,2.944,0.00472394463587194
1677,12595689521,12595689526,0,28.33,3.169,0.004948815846049142
1678,12595689526,4661094415,0,7.93,0.887,0.005150819986598801
1679,12595689526,12595689521,0,28.33,3.169,0.004948815846049142
1680,12595689526,12595689528,0,7.44,0.833,0.004948815846049142
1681,12595689528,12595689538,0,7.47,0.835,0.004899850105127304
1682,12595689528,5822644360,0,16.22,1.814,0.004858742664229559
1683,12595689528,12595689526,0,7.44,0.833,0.004948815846049142
1684,12595689538,6018494689,0,4.11,0.459,0.004998568408853635
1685,12595689538,5822644363,0,21.82,2.441,0.004899850105127304
1686,12595689538,4661094416,0,21.74,2.432,0.005285420683980173
1687,12595689538,12595689528,0,7.47,0.835,0.004899850105127304
1688,12613167913,436181749,0,5.38,0.601,0.009489767341433622
1689,12620942896,12620942897,0,3.95,0.441,0.009064605628517769
1690,12620942897,12620942896,0,3.95,0.441,0.009064605628517769
1691,12620942897,17406787,0,22.46,2.512,0.009627006751317186
1692,12649817254,1280281136,0,6.61,0.739,0.006858559376553618
1693,12649817254,492221099,0,41.13,4.601,0.007996396233637343
1694,12750591314,12750591315,0,4.4,0.492,0.010116751941556895
1695,12750591314,117677989,0,18.42,2.061,0.012397086414823934
1696,12750591314,5834330514,0,45.0,5.034,0.010116751941556895
1697,12750591315,12750591314,0,4.4,0.492,0.010116751941556895
1698,12806902198,12272057949,0,47.28,5.288,0.1167431968157707
1699,12806902198,13288882109,0,24.64,2.756,0.03320598712652159
1700,12806902198,12806924710,0,86.48,9.673,0.1671879709967254
1701,12806902199,12272057948,0,7.38,0.825,0.03411290275859105
1702,12806902199,12248299111,0,25.33,2.833,0.027344796685697583
1703,12806902199,3307418825,0,73.97,8.273,0.027816161391090322
1704,12806924702,3307418825,0,35.38,3.957,0.017832750294350688
1705,12806924702,12806924704,0,42.04,4.702,0.011944901805513835
1706,12806924702,12806924703,0,45.87,5.13,0.011944901805513835
1707,12806924703,12806924704,0,18.66,2.088,0.008573532161841762
1708,12806924703,12272098112,0,3.43,0.384,0.008639472258510627
1709,12806924703,12806924702,0,45.87,5.13,0.011944901805513835
1710,12806924704,11786838677,0,2.71,0.303,0.008184153032886863
1711,12806924704,12806924703,0,18.66,2.088,0.008573532161841762
1712,12806924704,12806924702,0,42.04,4.702,0.011944901805513835
1713,12806924705,12806924710,0,14.29,1.476,0.036369587989251315
1714,12806924710,3307418825,0,52.75,5.899,0.036369587989251315
1715,12806924710,12806924705,0,14.29,1.476,0.036369587989251315
1716,12806924710,12806902198,0,86.48,9.673,0.16718797099672536
1717,12960802960,5061067317,0,17.08,1.91,0.024072348849216767
1718,12989585399,6281096609,0,3.15,0.352,0.02027883532167331
1719,12989585399,5834330531,0,67.94,7.599,0.019394490730379684
1720,12992899143,5448085793,0,4.7,0.526,0.027638158775542192
1721,12992899143,3860810901,0,26.52,2.966,0.029603180074134948
1722,12992899143,262440061,0,47.7,5.335,0.027638158775542192
1723,13002072656,644926968,0,3.29,0.368,0.024526297251259467
1724,13127907918,287226719,0,25.7,2.875,0.012212420204275935
1725,13136150089,1280269110,0,21.81,2.44,0.012177151177119032
1726,13176630418,5834930843,0,12.74,1.425,0.01670124671917651
1727,13176630418,117678000,0,21.98,2.448,0.02133278963976998
1728,13176630418,1280267492,0,41.3,4.62,0.0162130013679199
1729,13176630418,2045184012,0,19.15,2.132,0.018951618034024686
1730,13191500416,3980721933,0,3.93,0.439,0.0025550309332633284
1731,13191500416,13191500417,0,1.81,0.203,0.002556946289407636
1732,13191500416,13191500418,0,26.5,2.963,0.0025457885680783814
1733,13191500416,13191500421,0,16.09,1.799,0.0025457885680783814
1734,13191500417,13191500416,0,1.81,0.203,0.002556946289407636
1735,13191500417,13191500419,0,11.14,1.246,0.002556946289407636
1736,13191500417,13191500424,0,2.56,0.264,0.0025728117453503534
1737,13191500418,13191500416,0,26.5,2.963,0.0025457885680783814
1738,13191500418,3980721934,0,34.46,3.855,0.002496309839142101
1739,13191500419,13191500417,0,11.14,1.246,0.002556946289407636
1740,13191500421,3980721934,0,5.08,0.568,0.002509523372658159
1741,13191500421,13191500422,0,2.67,0.276,0.0025172941195061053
1742,13191500421,13191500416,0,16.09,1.799,0.0025457885680783814
1743,13191500422,13191500421,0,2.67,0.276,0.0025172941195061053
1744,13191500424,13191500417,0,2.56,0.264,0.0025728117453503534
1745,13275305468,13275305469,0,58.02,6.489,0.06912940604997328
1746,13275305469,21257368,0,18.01,2.014,0.06912940604997328
1747,13275305469,13275305468,0,58.02,6.489,0.06912940604997328
1748,13288882109,12806902198,0,24.64,2.756,0.03320598712652159
1749,13288882109,365559371,0,7.04,0.788,0.02097411295135073
1750,13288882110,242578487,0,10.97,1.227,0.023091806581411946
1751,13288882110,365559371,0,4.02,0.449,0.020849090812167816
