{"type": "FeatureCollection", "features": [{"type": "Feature", "geometry": {"type": "LineString", "coordinates": [[-2.584859, 51.463003], [-2.584272, 51.463371]]}, "properties": {"edge_id": 0, "from_node": 104804, "to_node": 283348151, "key": 0, "length": 57.64, "travel_time": 6.447, "access_score": 0.004012567004065443}}, {"type": "Feature", "geometry": {"type": "LineString", "coordinates": [[-2.584859, 51.463003], [-2.58525, 51.463281]]}, "properties": {"edge_id": 1, "from_node": 104804, "to_node": 21591965, "key": 0, "length": 41.06, "travel_time": 4.593, "access_score": 0.004012567004065443}}, {"type": "Feature", "geometry": {"type": "LineString", "coordinates": [[-2.584859, 51.463003], [-2.58491, 51.462961], [-2.58497, 51.462917]]}, "properties": {"edge_id": 2, "from_node": 104804, "to_node": 282237615, "key": 0, "length": 12.32, "travel_time": 1.377, "access_score": 0.004210792283675223}}, {"type": "Feature", "geometry": {"type": "LineString", "coordinates": [[-2.586081, 51.463919], [-2.58525, 51.463281]]}, "properties": {"edge_id": 3, "from_node": 104808, "to_node": 21591965, "key": 0, "length": 91.41, "travel_time": 10.224, "access_score": 0.004612852274382712}}, {"type": "Feature", "geometry": {"type": "LineString", "coordinates": [[-2.586081, 51.463919], [-2.585416, 51.46423]]}, "properties": {"edge_id": 4, "from_node": 104808, "to_node": 283348057, "key": 0, "length": 57.59, "travel_time": 6.441, "access_score": 0.004612852274382712}}, {"type": "Feature", "geometry": {"type": "LineString", "coordinates": [[-2.586081, 51.463919], [-2.586274, 51.464075], [-2.586649, 51.464346]]}, "properties": {"edge_id": 5, "from_node": 104808, "to_node": 104833, "key": 0, "length": 61.6, "travel_time": 6.89, "access_score": 0.006023321220262574}}, {"type": "Feature", "geometry": {"type": "LineString", "coordinates": [[-2.586081, 51.463919], [-2.586338, 51.463796], [-2.587099, 51.463428]]}, "properties": {"edge_id": 6, "from_node": 104808, "to_node": 19875367, "key": 0, "length": 89.19, "travel_time": 9.976, "access_score": 0.005801200443430158}}, {"type": "Feature", "geometry": {"type": "LineString", "coordinates": [[-2.580726, 51.463967], [-2.580305, 51.463758]]}, "properties": {"edge_id": 7, "from_node": 104812, "to_node": 358460226, "key": 0, "length": 37.36, "travel_time": 4.178, "access_score": 0.0031783774286181284}}, {"type": "Feature", "geometry": {"type": "LineString", "coordinates": [[-2.580726, 51.463967], [-2.580904, 51.464062]]}, "properties": {"edge_id": 8, "from_node": 104812, "to_node": 462979246, "key": 0, "length": 16.26, "travel_time": 1.819, "access_score": 0.0029665639845540153}}, {"type": "Feature", "geometry": {"type": "LineString", "coordinates": [[-2.580726, 51.463967], [-2.580869, 51.463835], [-2.580997, 51.463715], [-2.581162, 51.463549]]}, "properties": {"edge_id": 9, "from_node": 104812, "to_node": 6327939494, "key": 0, "length": 55.49, "travel_time": 6.206, "access_score": 0.003416726753590189}}, {"type": "Feature", "geometry": {"type": "LineString", "coordinates": [[-2.579692, 51.463446], [-2.580305, 51.463758]]}, "properties": {"edge_id": 10, "from_node": 104814, "to_node": 358460226, "key": 0, "length": 54.81, "travel_time": 6.131, "access_score": 0.0034864061760701095}}, {"type": "Feature", "geometry": {"type": "LineString", "coordinates": [[-2.580718, 51.461573], [-2.580733, 51.461513], [-2.58075, 51.461441], [-2.580795, 51.461403], [-2.581266, 51.46108]]}, "properties": {"edge_id": 11, "from_node": 104829, "to_node": 1242132583, "key": 0, "length": 68.66, "travel_time": 7.679, "access_score": 0.023530395245461317}}, {"type": "Feature", "geometry": {"type": "LineString", "coordinates": [[-2.580718, 51.461573], [-2.580784, 51.461588], [-2.580839, 51.461616], [-2.581266, 51.461937], [-2.581979, 51.461518], [-2.58229, 51.461332]]}, "properties": {"edge_id": 12, "from_node": 104829, "to_node": 19871273, "key": 0, "length": 153.82, "travel_time": 17.205, "access_score": 0.014097884395311646}}, {"type": "Feature", "geometry": {"type": "LineString", "coordinates": [[-2.580718, 51.461573], [-2.58064, 51.461579], [-2.580548, 51.461617], [-2.580365, 51.461766], [-2.579748, 51.462414], [-2.579684, 51.462476]]}, "properties": {"edge_id": 13, "from_node": 104829, "to_node": 1722968878, "key": 0, "length": 125.98, "travel_time": 14.026, "access_score": 0.014097884395311646}}, {"type": "Feature", "geometry": {"type": "LineString", "coordinates": [[-2.586649, 51.464346], [-2.587594, 51.463911]]}, "properties": {"edge_id": 14, "from_node": 104833, "to_node": 19875368, "key": 0, "length": 81.41, "travel_time": 9.105, "access_score": 0.008200421484360678}}, {"type": "Feature", "geometry": {"type": "LineString", "coordinates": [[-2.586649, 51.464346], [-2.586274, 51.464075], [-2.586081, 51.463919]]}, "properties": {"edge_id": 15, "from_node": 104833, "to_node": 104808, "key": 0, "length": 61.6, "travel_time": 6.89, "access_score": 0.006023321220262574}}, {"type": "Feature", "geometry": {"type": "LineString", "coordinates": [[-2.587217, 51.461798], [-2.587622, 51.462142]]}, "properties": {"edge_id": 16, "from_node": 104837, "to_node": 21591967, "key": 0, "length": 47.47, "travel_time": 5.309, "access_score": 0.008338978940605897}}, {"type": "Feature", "geometry": {"type": "LineString", "coordinates": [[-2.587217, 51.461798], [-2.586876, 51.461962]]}, "properties": {"edge_id": 17, "from_node": 104837, "to_node": 19875366, "key": 0, "length": 29.83, "travel_time": 3.336, "access_score": 0.008338978940605897}}, {"type": "Feature", "geometry": {"type": "LineString", "coordinates": [[-2.587217, 51.461798], [-2.587394, 51.461706], [-2.587452, 51.461678]]}, "properties": {"edge_id": 18, "from_node": 104837, "to_node": 5906030287, "key": 0, "length": 21.08, "travel_time": 2.357, "access_score": 0.00846323623633458}}, {"type": "Feature", "geometry": {"type": "LineString", "coordinates": [[-2.588728, 51.461062], [-2.588612, 51.460804]]}, "properties": {"edge_id": 19, "from_node": 104838, "to_node": 5240224448, "key": 0, "length": 29.74, "travel_time": 3.326, "access_score": 0.011561253787809716}}, {"type": "Feature", "geometry": {"type": "LineString", "coordinates": [[-2.588728, 51.461062], [-2.588183, 51.461322]]}, "properties": {"edge_id": 20, "from_node": 104838, "to_node": 262442708, "key": 0, "length": 47.61, "travel_time": 5.325, "access_score": 0.011561253787809716}}, {"type": "Feature", "geometry": {"type": "LineString", "coordinates": [[-2.588728, 51.461062], [-2.588968, 51.461266]]}, "properties": {"edge_id": 21, "from_node": 104838, "to_node": 5240224464, "key": 0, "length": 28.12, "travel_time": 3.145, "access_score": 0.01704723870218172}}, {"type": "Feature", "geometry": {"type": "LineString", "coordinates": [[-2.588728, 51.461062], [-2.589969, 51.460488], [-2.590008, 51.460521], [-2.590017, 51.460528], [-2.590163, 51.460663], [-2.590386, 51.460593], [-2.590428, 51.46058]]}, "properties": {"edge_id": 22, "from_node": 104838, "to_node": 287226483, "key": 0, "length": 151.29, "travel_time": 16.922, "access_score": 0.2704352540955242}}, {"type": "Feature", "geometry": {"type": "LineString", "coordinates": [[-2.585877, 51.457068], [-2.585816, 51.456986]]}, "properties": {"edge_id": 23, "from_node": 104854, "to_node": 4661094415, "key": 0, "length": 10.13, "travel_time": 1.133, "access_score": 0.005224139830285467}}, {"type": "Feature", "geometry": {"type": "LineString", "coordinates": [[-2.586726, 51.458295], [-2.586697, 51.458246]]}, "properties": {"edge_id": 24, "from_node": 104855, "to_node": 5919449224, "key": 0, "length": 5.81, "travel_time": 0.65, "access_score": 0.004842452949177527}}, {"type": "Feature", "geometry": {"type": "LineString", "coordinates": [[-2.586726, 51.458295], [-2.586818, 51.458425], [-2.586955, 51.458617], [-2.587033, 51.458709], [-2.587123, 51.458764]]}, "properties": {"edge_id": 25, "from_node": 104855, "to_node": 2043096366, "key": 0, "length": 59.48, "travel_time": 6.652, "access_score": 0.0052800529916918314}}, {"type": "Feature", "geometry": {"type": "LineString", "coordinates": [[-2.586726, 51.458295], [-2.586464, 51.458312], [-2.586176, 51.458329], [-2.585886, 51.458354], [-2.585412, 51.458444], [-2.585149, 51.458505]]}, "properties": {"edge_id": 26, "from_node": 104855, "to_node": 6481238337, "key": 0, "length": 112.31, "travel_time": 12.561, "access_score": 0.009374517619584792}}, {"type": "Feature", "geometry": {"type": "LineString", "coordinates": [[-2.589984, 51.457536], [-2.590545, 51.458174], [-2.590624, 51.458257]]}, "properties": {"edge_id": 27, "from_node": 104858, "to_node": 1382113262, "key": 0, "length": 91.6, "travel_time": 10.245, "access_score": 0.01979791835800676}}, {"type": "Feature", "geometry": {"type": "LineString", "coordinates": [[-2.591423, 51.457099], [-2.591349, 51.456994]]}, "properties": {"edge_id": 28, "from_node": 104859, "to_node": 365559371, "key": 0, "length": 12.81, "travel_time": 1.433, "access_score": 0.020849090812167816}}, {"type": "Feature", "geometry": {"type": "LineString", "coordinates": [[-2.591423, 51.457099], [-2.591511, 51.457222], [-2.591565, 51.457275], [-2.591787, 51.457536], [-2.591918, 51.457694]]}, "properties": {"edge_id": 29, "from_node": 104859, "to_node": 17406787, "key": 0, "length": 74.52, "travel_time": 8.335, "access_score": 0.016561333688975752}}, {"type": "Feature", "geometry": {"type": "LineString", "coordinates": [[-2.591423, 51.457099], [-2.591453, 51.45705], [-2.591476, 51.457019], [-2.591506, 51.456995], [-2.59156, 51.456966]]}, "properties": {"edge_id": 30, "from_node": 104859, "to_node": 242578487, "key": 0, "length": 18.02, "travel_time": 2.016, "access_score": 0.023091806581411946}}, {"type": "Feature", "geometry": {"type": "LineString", "coordinates": [[-2.579926, 51.456459], [-2.579856, 51.456479]]}, "properties": {"edge_id": 31, "from_node": 216601, "to_node": 3893231913, "key": 0, "length": 5.34, "travel_time": 0.398, "access_score": 0.07338691918101041}}, {"type": "Feature", "geometry": {"type": "LineString", "coordinates": [[-2.580242, 51.45741], [-2.580218, 51.457445]]}, "properties": {"edge_id": 32, "from_node": 17396682, "to_node": 6281096706, "key": 0, "length": 4.28, "travel_time": 0.319, "access_score": 0.01183792396279245}}, {"type": "Feature", "geometry": {"type": "LineString", "coordinates": [[-2.580242, 51.45741], [-2.580316, 51.457285], [-2.580373, 51.457159]]}, "properties": {"edge_id": 33, "from_node": 17396682, "to_node": 366664563, "key": 0, "length": 29.3, "travel_time": 2.185, "access_score": 0.012293341174689465}}, {"type": "Feature", "geometry": {"type": "LineString", "coordinates": [[-2.580242, 51.45741], [-2.580506, 51.457291], [-2.580537, 51.457283]]}, "properties": {"edge_id": 34, "from_node": 17396682, "to_node": 12461273918, "key": 0, "length": 24.91, "travel_time": 2.773, "access_score": 0.01183792396279245}}, {"type": "Feature", "geometry": {"type": "LineString", "coordinates": [[-2.585463, 51.456465], [-2.58535, 51.456502]]}, "properties": {"edge_id": 35, "from_node": 17405115, "to_node": 6824060862, "key": 0, "length": 8.87, "travel_time": 0.992, "access_score": 0.004652588716081838}}, {"type": "Feature", "geometry": {"type": "LineString", "coordinates": [[-2.585463, 51.456465], [-2.585645, 51.45673]]}, "properties": {"edge_id": 36, "from_node": 17405115, "to_node": 5822644372, "key": 0, "length": 32.06, "travel_time": 3.586, "access_score": 0.004847825540982319}}, {"type": "Feature", "geometry": {"type": "LineString", "coordinates": [[-2.591918, 51.457694], [-2.591991, 51.457779], [-2.591991, 51.45781], [-2.591962, 51.457851], [-2.591917, 51.457875]]}, "properties": {"edge_id": 37, "from_node": 17406787, "to_node": 242756955, "key": 0, "length": 23.31, "travel_time": 2.608, "access_score": 0.009627006751317186}}, {"type": "Feature", "geometry": {"type": "LineString", "coordinates": [[-2.591918, 51.457694], [-2.592031, 51.457723], [-2.59215, 51.45775], [-2.59216, 51.457751], [-2.592223, 51.457762]]}, "properties": {"edge_id": 38, "from_node": 17406787, "to_node": 12620942897, "key": 0, "length": 22.46, "travel_time": 2.512, "access_score": 0.009627006751317186}}, {"type": "Feature", "geometry": {"type": "LineString", "coordinates": [[-2.591918, 51.457694], [-2.591787, 51.457536], [-2.591565, 51.457275], [-2.591511, 51.457222], [-2.591423, 51.457099]]}, "properties": {"edge_id": 39, "from_node": 17406787, "to_node": 104859, "key": 0, "length": 74.52, "travel_time": 8.335, "access_score": 0.016561333688975752}}, {"type": "Feature", "geometry": {"type": "LineString", "coordinates": [[-2.588294, 51.456594], [-2.588341, 51.456613], [-2.588401, 51.456625], [-2.588465, 51.456623], [-2.588581, 51.456585], [-2.588673, 51.456547]]}, "properties": {"edge_id": 40, "from_node": 17406822, "to_node": 9402506778, "key": 0, "length": 29.43, "travel_time": 3.292, "access_score": 0.007871538260637306}}, {"type": "Feature", "geometry": {"type": "LineString", "coordinates": [[-2.588294, 51.456594], [-2.588277, 51.456617], [-2.588287, 51.456655], [-2.588473, 51.456871], [-2.58857, 51.457001]]}, "properties": {"edge_id": 41, "from_node": 17406822, "to_node": 11786838677, "key": 0, "length": 50.31, "travel_time": 5.627, "access_score": 0.008108677812534451}}, {"type": "Feature", "geometry": {"type": "LineString", "coordinates": [[-2.582482, 51.460104], [-2.582331, 51.460236]]}, "properties": {"edge_id": 42, "from_node": 17476811, "to_node": 17476831, "key": 0, "length": 18.07, "travel_time": 1.347, "access_score": 0.007541493882214316}}, {"type": "Feature", "geometry": {"type": "LineString", "coordinates": [[-2.582482, 51.460104], [-2.582903, 51.459928], [-2.58295, 51.459908], [-2.583176, 51.459813]]}, "properties": {"edge_id": 43, "from_node": 17476811, "to_node": 835468169, "key": 0, "length": 57.98, "travel_time": 4.323, "access_score": 0.007183283281520106}}, {"type": "Feature", "geometry": {"type": "LineString", "coordinates": [[-2.582482, 51.460104], [-2.582496, 51.460063], [-2.582506, 51.460034], [-2.582536, 51.460003], [-2.582757, 51.459906], [-2.582785, 51.459893], [-2.582801, 51.45988], [-2.582812, 51.459864], [-2.582817, 51.459843]]}, "properties": {"edge_id": 44, "from_node": 17476811, "to_node": 1242132603, "key": 0, "length": 39.24, "travel_time": 4.389, "access_score": 0.006892798292271903}}, {"type": "Feature", "geometry": {"type": "LineString", "coordinates": [[-2.583556, 51.45966], [-2.583176, 51.459813]]}, "properties": {"edge_id": 45, "from_node": 17476815, "to_node": 835468169, "key": 0, "length": 31.32, "travel_time": 2.336, "access_score": 0.008025646750885353}}, {"type": "Feature", "geometry": {"type": "LineString", "coordinates": [[-2.583556, 51.45966], [-2.583647, 51.459586], [-2.583731, 51.459539], [-2.583763, 51.459504], [-2.583786, 51.459468]]}, "properties": {"edge_id": 46, "from_node": 17476815, "to_node": 436181749, "key": 0, "length": 27.02, "travel_time": 2.015, "access_score": 0.009200018116037977}}, {"type": "Feature", "geometry": {"type": "LineString", "coordinates": [[-2.583556, 51.45966], [-2.5837, 51.459641], [-2.583899, 51.459596]]}, "properties": {"edge_id": 47, "from_node": 17476815, "to_node": 1280674371, "key": 0, "length": 24.86, "travel_time": 1.854, "access_score": 0.008026025008257566}}, {"type": "Feature", "geometry": {"type": "LineString", "coordinates": [[-2.583643, 51.458589], [-2.583542, 51.458561]]}, "properties": {"edge_id": 48, "from_node": 17476820, "to_node": 1280656209, "key": 0, "length": 7.6, "travel_time": 0.846, "access_score": 0.04501352529071705}}, {"type": "Feature", "geometry": {"type": "LineString", "coordinates": [[-2.583643, 51.458589], [-2.583828, 51.458664]]}, "properties": {"edge_id": 49, "from_node": 17476820, "to_node": 302794082, "key": 0, "length": 15.33, "travel_time": 1.707, "access_score": 0.03401621909520646}}, {"type": "Feature", "geometry": {"type": "LineString", "coordinates": [[-2.583643, 51.458589], [-2.583782, 51.458379]]}, "properties": {"edge_id": 50, "from_node": 17476820, "to_node": 17476821, "key": 0, "length": 25.22, "travel_time": 1.881, "access_score": 0.06324360599607884}}, {"type": "Feature", "geometry": {"type": "LineString", "coordinates": [[-2.583643, 51.458589], [-2.583606, 51.458714], [-2.583599, 51.45886], [-2.583628, 51.459033], [-2.583687, 51.459177], [-2.583776, 51.459298], [-2.583797, 51.459368], [-2.5838, 51.459434], [-2.583786, 51.459468]]}, "properties": {"edge_id": 51, "from_node": 17476820, "to_node": 436181749, "key": 0, "length": 100.16, "travel_time": 7.468, "access_score": 0.03407783765284184}}, {"type": "Feature", "geometry": {"type": "LineString", "coordinates": [[-2.583782, 51.458379], [-2.583643, 51.458589]]}, "properties": {"edge_id": 52, "from_node": 17476821, "to_node": 17476820, "key": 0, "length": 25.22, "travel_time": 1.881, "access_score": 0.06324360599607884}}, {"type": "Feature", "geometry": {"type": "LineString", "coordinates": [[-2.583782, 51.458379], [-2.583727, 51.45836], [-2.583697, 51.45835]]}, "properties": {"edge_id": 53, "from_node": 17476821, "to_node": 1280821702, "key": 0, "length": 6.77, "travel_time": 0.757, "access_score": 0.10678543185072877}}, {"type": "Feature", "geometry": {"type": "LineString", "coordinates": [[-2.583782, 51.458379], [-2.583826, 51.458394], [-2.583848, 51.458402], [-2.58391, 51.458334], [-2.583938, 51.458344], [-2.584031, 51.458376]]}, "properties": {"edge_id": 54, "from_node": 17476821, "to_node": 17476871, "key": 0, "length": 23.63, "travel_time": 2.643, "access_score": 0.06324360599607884}}, {"type": "Feature", "geometry": {"type": "LineString", "coordinates": [[-2.582331, 51.460236], [-2.582482, 51.460104]]}, "properties": {"edge_id": 55, "from_node": 17476831, "to_node": 17476811, "key": 0, "length": 18.07, "travel_time": 1.347, "access_score": 0.007541493882214316}}, {"type": "Feature", "geometry": {"type": "LineString", "coordinates": [[-2.582331, 51.460236], [-2.58221, 51.4602]]}, "properties": {"edge_id": 56, "from_node": 17476831, "to_node": 1242132578, "key": 0, "length": 9.33, "travel_time": 1.039, "access_score": 0.007831479637671371}}, {"type": "Feature", "geometry": {"type": "LineString", "coordinates": [[-2.582331, 51.460236], [-2.582511, 51.460293], [-2.582595, 51.460313], [-2.582694, 51.460312], [-2.582798, 51.460295], [-2.582982, 51.460248], [-2.582649, 51.460396], [-2.582468, 51.460466], [-2.582404, 51.460491]]}, "properties": {"edge_id": 57, "from_node": 17476831, "to_node": 1242132577, "key": 0, "length": 96.58, "travel_time": 7.202, "access_score": 0.007983987985410081}}, {"type": "Feature", "geometry": {"type": "LineString", "coordinates": [[-2.581574, 51.460852], [-2.58187, 51.460715]]}, "properties": {"edge_id": 58, "from_node": 17476836, "to_node": 6211451020, "key": 0, "length": 25.59, "travel_time": 1.908, "access_score": 0.016359442125488538}}, {"type": "Feature", "geometry": {"type": "LineString", "coordinates": [[-2.581574, 51.460852], [-2.581473, 51.460936], [-2.581266, 51.46108]]}, "properties": {"edge_id": 59, "from_node": 17476836, "to_node": 1242132583, "key": 0, "length": 33.11, "travel_time": 3.703, "access_score": 0.022455830744810373}}, {"type": "Feature", "geometry": {"type": "LineString", "coordinates": [[-2.584612, 51.457543], [-2.584731, 51.457414], [-2.584762, 51.45736], [-2.584783, 51.457305]]}, "properties": {"edge_id": 60, "from_node": 17476842, "to_node": 11124020086, "key": 0, "length": 29.22, "travel_time": 2.179, "access_score": 0.01099891798971596}}, {"type": "Feature", "geometry": {"type": "LineString", "coordinates": [[-2.584612, 51.457543], [-2.584603, 51.457413], [-2.58461, 51.45723]]}, "properties": {"edge_id": 61, "from_node": 17476842, "to_node": 260697232, "key": 0, "length": 34.83, "travel_time": 2.597, "access_score": 0.01099891798971596}}, {"type": "Feature", "geometry": {"type": "LineString", "coordinates": [[-2.584612, 51.457543], [-2.584475, 51.457755], [-2.584327, 51.457958], [-2.584031, 51.458376]]}, "properties": {"edge_id": 62, "from_node": 17476842, "to_node": 17476871, "key": 0, "length": 100.95, "travel_time": 7.527, "access_score": 0.03358778154970095}}, {"type": "Feature", "geometry": {"type": "LineString", "coordinates": [[-2.584031, 51.458376], [-2.583921, 51.45852], [-2.583828, 51.458664]]}, "properties": {"edge_id": 63, "from_node": 17476871, "to_node": 302794082, "key": 0, "length": 35.0, "travel_time": 2.61, "access_score": 0.03276222971714119}}, {"type": "Feature", "geometry": {"type": "LineString", "coordinates": [[-2.584031, 51.458376], [-2.584327, 51.457958], [-2.584475, 51.457755], [-2.584612, 51.457543]]}, "properties": {"edge_id": 64, "from_node": 17476871, "to_node": 17476842, "key": 0, "length": 100.95, "travel_time": 7.527, "access_score": 0.03358778154970095}}, {"type": "Feature", "geometry": {"type": "LineString", "coordinates": [[-2.584031, 51.458376], [-2.583938, 51.458344], [-2.58391, 51.458334], [-2.583848, 51.458402], [-2.583826, 51.458394], [-2.583782, 51.458379]]}, "properties": {"edge_id": 65, "from_node": 17476871, "to_node": 17476821, "key": 0, "length": 23.63, "travel_time": 2.643, "access_score": 0.06324360599607884}}, {"type": "Feature", "geometry": {"type": "LineString", "coordinates": [[-2.584031, 51.458376], [-2.584114, 51.458404], [-2.584129, 51.458409]]}, "properties": {"edge_id": 66, "from_node": 17476871, "to_node": 2130610640, "key": 0, "length": 7.67, "travel_time": 0.858, "access_score": 0.03276222971714119}}, {"type": "Feature", "geometry": {"type": "LineString", "coordinates": [[-2.583922, 51.459234], [-2.584017, 51.459488]]}, "properties": {"edge_id": 67, "from_node": 17476874, "to_node": 1280674364, "key": 0, "length": 29.0, "travel_time": 2.162, "access_score": 0.011105361404663101}}, {"type": "Feature", "geometry": {"type": "LineString", "coordinates": [[-2.583922, 51.459234], [-2.584071, 51.459354], [-2.584113, 51.459388], [-2.584164, 51.459425]]}, "properties": {"edge_id": 68, "from_node": 17476874, "to_node": 385560628, "key": 0, "length": 27.03, "travel_time": 2.016, "access_score": 0.011105361404663101}}, {"type": "Feature", "geometry": {"type": "LineString", "coordinates": [[-2.583922, 51.459234], [-2.58386, 51.459133], [-2.583818, 51.459025], [-2.5838, 51.458925], [-2.583799, 51.458821], [-2.583828, 51.458664]]}, "properties": {"edge_id": 69, "from_node": 17476874, "to_node": 302794082, "key": 0, "length": 64.76, "travel_time": 4.829, "access_score": 0.022860246227815354}}, {"type": "Feature", "geometry": {"type": "LineString", "coordinates": [[-2.58406, 51.459625], [-2.584046, 51.459565]]}, "properties": {"edge_id": 70, "from_node": 17476875, "to_node": 364165249, "key": 0, "length": 6.71, "travel_time": 0.5, "access_score": 0.007926838899134155}}, {"type": "Feature", "geometry": {"type": "LineString", "coordinates": [[-2.58406, 51.459625], [-2.584071, 51.4597], [-2.584067, 51.459759], [-2.584119, 51.459829]]}, "properties": {"edge_id": 71, "from_node": 17476875, "to_node": 2433821542, "key": 0, "length": 23.62, "travel_time": 1.761, "access_score": 0.007547017219530292}}, {"type": "Feature", "geometry": {"type": "LineString", "coordinates": [[-2.58406, 51.459625], [-2.584106, 51.459622], [-2.584146, 51.459618]]}, "properties": {"edge_id": 72, "from_node": 17476875, "to_node": 3860745718, "key": 0, "length": 5.96, "travel_time": 0.667, "access_score": 0.007547017219530292}}, {"type": "Feature", "geometry": {"type": "LineString", "coordinates": [[-2.58406, 51.459625], [-2.58398, 51.45963], [-2.58393, 51.459634], [-2.583916, 51.459618], [-2.583899, 51.459596]]}, "properties": {"edge_id": 73, "from_node": 17476875, "to_node": 1280674371, "key": 0, "length": 13.95, "travel_time": 1.56, "access_score": 0.008011408512159712}}, {"type": "Feature", "geometry": {"type": "LineString", "coordinates": [[-2.590168, 51.459684], [-2.58995, 51.459586]]}, "properties": {"edge_id": 74, "from_node": 17660703, "to_node": 1247839593, "key": 0, "length": 18.59, "travel_time": 2.08, "access_score": 0.016230940711348823}}, {"type": "Feature", "geometry": {"type": "LineString", "coordinates": [[-2.590168, 51.459684], [-2.590149, 51.459603], [-2.590128, 51.459557], [-2.590113, 51.459479], [-2.590138, 51.459396], [-2.59021, 51.459306], [-2.59002, 51.459313], [-2.58997, 51.459314], [-2.589934, 51.459314], [-2.589579, 51.459317]]}, "properties": {"edge_id": 75, "from_node": 17660703, "to_node": 5065034057, "key": 0, "length": 87.54, "travel_time": 9.791, "access_score": 0.016230940711348823}}, {"type": "Feature", "geometry": {"type": "LineString", "coordinates": [[-2.590168, 51.459684], [-2.590372, 51.459803], [-2.590486, 51.459834]]}, "properties": {"edge_id": 76, "from_node": 17660703, "to_node": 1280853195, "key": 0, "length": 27.94, "travel_time": 3.125, "access_score": 0.024540248914562985}}, {"type": "Feature", "geometry": {"type": "LineString", "coordinates": [[-2.590811, 51.459083], [-2.590937, 51.459082], [-2.59104, 51.459088], [-2.591115, 51.459101], [-2.591223, 51.459125], [-2.591319, 51.45917], [-2.591382, 51.459261], [-2.591454, 51.459406], [-2.591428, 51.45949], [-2.591374, 51.459564], [-2.591266, 51.45964], [-2.590959, 51.459752]]}, "properties": {"edge_id": 77, "from_node": 17660726, "to_node": 17660738, "key": 0, "length": 119.94, "travel_time": 13.415, "access_score": 0.016707955023981688}}, {"type": "Feature", "geometry": {"type": "LineString", "coordinates": [[-2.590959, 51.459752], [-2.590901, 51.459835], [-2.590861, 51.459876], [-2.590845, 51.459913]]}, "properties": {"edge_id": 78, "from_node": 17660738, "to_node": 644926968, "key": 0, "length": 19.6, "travel_time": 2.192, "access_score": 0.024526297251259467}}, {"type": "Feature", "geometry": {"type": "LineString", "coordinates": [[-2.590959, 51.459752], [-2.590751, 51.459815], [-2.590704, 51.459827]]}, "properties": {"edge_id": 79, "from_node": 17660738, "to_node": 644926923, "key": 0, "length": 19.52, "travel_time": 2.183, "access_score": 0.02258808112415102}}, {"type": "Feature", "geometry": {"type": "LineString", "coordinates": [[-2.590959, 51.459752], [-2.591266, 51.45964], [-2.591374, 51.459564], [-2.591428, 51.45949], [-2.591454, 51.459406], [-2.591382, 51.459261], [-2.591319, 51.45917], [-2.591223, 51.459125], [-2.591115, 51.459101], [-2.59104, 51.459088], [-2.590937, 51.459082], [-2.590811, 51.459083]]}, "properties": {"edge_id": 80, "from_node": 17660738, "to_node": 17660726, "key": 0, "length": 119.94, "travel_time": 13.415, "access_score": 0.016707955023981688}}, {"type": "Feature", "geometry": {"type": "LineString", "coordinates": [[-2.584717, 51.460632], [-2.58495, 51.460946]]}, "properties": {"edge_id": 81, "from_node": 19871255, "to_node": 859323119, "key": 0, "length": 38.47, "travel_time": 4.303, "access_score": 0.012056884857376339}}, {"type": "Feature", "geometry": {"type": "LineString", "coordinates": [[-2.584717, 51.460632], [-2.584702, 51.460609]]}, "properties": {"edge_id": 82, "from_node": 19871255, "to_node": 859323057, "key": 0, "length": 2.78, "travel_time": 0.311, "access_score": 0.00980431649570681}}, {"type": "Feature", "geometry": {"type": "LineString", "coordinates": [[-2.584717, 51.460632], [-2.584799, 51.460689], [-2.584871, 51.460723], [-2.584979, 51.460731], [-2.585103, 51.460695]]}, "properties": {"edge_id": 83, "from_node": 19871255, "to_node": 859323159, "key": 0, "length": 31.8, "travel_time": 3.556, "access_score": 0.013464831814487101}}, {"type": "Feature", "geometry": {"type": "LineString", "coordinates": [[-2.586018, 51.460838], [-2.586313, 51.460745]]}, "properties": {"edge_id": 84, "from_node": 19871260, "to_node": 1247839597, "key": 0, "length": 22.91, "travel_time": 2.563, "access_score": 0.14580830460903887}}, {"type": "Feature", "geometry": {"type": "LineString", "coordinates": [[-2.586018, 51.460838], [-2.586107, 51.460961]]}, "properties": {"edge_id": 85, "from_node": 19871260, "to_node": 859323141, "key": 0, "length": 15.04, "travel_time": 1.682, "access_score": 0.15621951142150253}}, {"type": "Feature", "geometry": {"type": "LineString", "coordinates": [[-2.586018, 51.460838], [-2.585919, 51.460724]]}, "properties": {"edge_id": 86, "from_node": 19871260, "to_node": 2433778870, "key": 0, "length": 14.43, "travel_time": 1.613, "access_score": 0.11353369282712328}}, {"type": "Feature", "geometry": {"type": "LineString", "coordinates": [[-2.586018, 51.460838], [-2.585946, 51.460858], [-2.585888, 51.460878]]}, "properties": {"edge_id": 87, "from_node": 19871260, "to_node": 1968413560, "key": 0, "length": 10.01, "travel_time": 1.119, "access_score": 0.11353369282712328}}, {"type": "Feature", "geometry": {"type": "LineString", "coordinates": [[-2.586359, 51.461269], [-2.586596, 51.461596]]}, "properties": {"edge_id": 88, "from_node": 19871261, "to_node": 287225971, "key": 0, "length": 39.96, "travel_time": 4.47, "access_score": 0.024290717029334753}}, {"type": "Feature", "geometry": {"type": "LineString", "coordinates": [[-2.586359, 51.461269], [-2.586107, 51.460961]]}, "properties": {"edge_id": 89, "from_node": 19871261, "to_node": 859323141, "key": 0, "length": 38.38, "travel_time": 4.293, "access_score": 0.14717326947688042}}, {"type": "Feature", "geometry": {"type": "LineString", "coordinates": [[-2.586359, 51.461269], [-2.586314, 51.461242], [-2.586248, 51.461225], [-2.586159, 51.461218], [-2.585974, 51.46126]]}, "properties": {"edge_id": 90, "from_node": 19871261, "to_node": 859323188, "key": 0, "length": 29.17, "travel_time": 3.262, "access_score": 0.03002406226394999}}, {"type": "Feature", "geometry": {"type": "LineString", "coordinates": [[-2.585191, 51.461226], [-2.585049, 51.461063]]}, "properties": {"edge_id": 91, "from_node": 19871266, "to_node": 3811627143, "key": 0, "length": 20.57, "travel_time": 2.301, "access_score": 0.013040425050036523}}, {"type": "Feature", "geometry": {"type": "LineString", "coordinates": [[-2.585191, 51.461226], [-2.585416, 51.461558]]}, "properties": {"edge_id": 92, "from_node": 19871266, "to_node": 2433779947, "key": 0, "length": 40.11, "travel_time": 4.486, "access_score": 0.013040425050036523}}, {"type": "Feature", "geometry": {"type": "LineString", "coordinates": [[-2.585191, 51.461226], [-2.585308, 51.461293], [-2.585501, 51.461345], [-2.585667, 51.461348]]}, "properties": {"edge_id": 93, "from_node": 19871266, "to_node": 2433779953, "key": 0, "length": 37.09, "travel_time": 4.148, "access_score": 0.016832688147893918}}, {"type": "Feature", "geometry": {"type": "LineString", "coordinates": [[-2.58229, 51.461332], [-2.582866, 51.461147]]}, "properties": {"edge_id": 94, "from_node": 19871273, "to_node": 19871274, "key": 0, "length": 44.85, "travel_time": 5.017, "access_score": 0.008271444594535021}}, {"type": "Feature", "geometry": {"type": "LineString", "coordinates": [[-2.58229, 51.461332], [-2.581979, 51.461518], [-2.581266, 51.461937], [-2.580839, 51.461616], [-2.580784, 51.461588], [-2.580718, 51.461573]]}, "properties": {"edge_id": 95, "from_node": 19871273, "to_node": 104829, "key": 0, "length": 153.82, "travel_time": 17.205, "access_score": 0.014097884395311646}}, {"type": "Feature", "geometry": {"type": "LineString", "coordinates": [[-2.58229, 51.461332], [-2.582362, 51.461422], [-2.582534, 51.461639]]}, "properties": {"edge_id": 96, "from_node": 19871273, "to_node": 6211450986, "key": 0, "length": 38.13, "travel_time": 4.264, "access_score": 0.008271444594535021}}, {"type": "Feature", "geometry": {"type": "LineString", "coordinates": [[-2.582866, 51.461147], [-2.582576, 51.460767]]}, "properties": {"edge_id": 97, "from_node": 19871274, "to_node": 5753086713, "key": 0, "length": 46.82, "travel_time": 5.237, "access_score": 0.007633738522555663}}, {"type": "Feature", "geometry": {"type": "LineString", "coordinates": [[-2.582866, 51.461147], [-2.58229, 51.461332]]}, "properties": {"edge_id": 98, "from_node": 19871274, "to_node": 19871273, "key": 0, "length": 44.85, "travel_time": 5.017, "access_score": 0.008271444594535021}}, {"type": "Feature", "geometry": {"type": "LineString", "coordinates": [[-2.582866, 51.461147], [-2.58397, 51.460813]]}, "properties": {"edge_id": 99, "from_node": 19871274, "to_node": 262442292, "key": 0, "length": 85.04, "travel_time": 9.511, "access_score": 0.006639297803527525}}, {"type": "Feature", "geometry": {"type": "LineString", "coordinates": [[-2.586046, 51.462375], [-2.5864, 51.462743]]}, "properties": {"edge_id": 100, "from_node": 19875363, "to_node": 21591966, "key": 0, "length": 47.72, "travel_time": 5.337, "access_score": 0.006163621541847474}}, {"type": "Feature", "geometry": {"type": "LineString", "coordinates": [[-2.586046, 51.462375], [-2.585654, 51.461878]]}, "properties": {"edge_id": 101, "from_node": 19875363, "to_node": 364165242, "key": 0, "length": 61.6, "travel_time": 6.89, "access_score": 0.008880785330363855}}, {"type": "Feature", "geometry": {"type": "LineString", "coordinates": [[-2.586046, 51.462375], [-2.58497, 51.462917]]}, "properties": {"edge_id": 102, "from_node": 19875363, "to_node": 282237615, "key": 0, "length": 95.83, "travel_time": 10.718, "access_score": 0.006163621541847474}}, {"type": "Feature", "geometry": {"type": "LineString", "coordinates": [[-2.586046, 51.462375], [-2.586094, 51.462351], [-2.586585, 51.462106]]}, "properties": {"edge_id": 103, "from_node": 19875363, "to_node": 5906108608, "key": 0, "length": 47.84, "travel_time": 5.351, "access_score": 0.007393329802039374}}, {"type": "Feature", "geometry": {"type": "LineString", "coordinates": [[-2.586876, 51.461962], [-2.586596, 51.461596]]}, "properties": {"edge_id": 104, "from_node": 19875366, "to_node": 287225971, "key": 0, "length": 45.0, "travel_time": 5.033, "access_score": 0.012334618627441849}}, {"type": "Feature", "geometry": {"type": "LineString", "coordinates": [[-2.586876, 51.461962], [-2.586585, 51.462106]]}, "properties": {"edge_id": 105, "from_node": 19875366, "to_node": 5906108608, "key": 0, "length": 25.8, "travel_time": 2.885, "access_score": 0.007934122826701995}}, {"type": "Feature", "geometry": {"type": "LineString", "coordinates": [[-2.586876, 51.461962], [-2.587217, 51.461798]]}, "properties": {"edge_id": 106, "from_node": 19875366, "to_node": 104837, "key": 0, "length": 29.83, "travel_time": 3.336, "access_score": 0.008338978940605897}}, {"type": "Feature", "geometry": {"type": "LineString", "coordinates": [[-2.587099, 51.463428], [-2.5864, 51.462743]]}, "properties": {"edge_id": 107, "from_node": 19875367, "to_node": 21591966, "key": 0, "length": 90.31, "travel_time": 10.101, "access_score": 0.005801200443430158}}, {"type": "Feature", "geometry": {"type": "LineString", "coordinates": [[-2.587099, 51.463428], [-2.587594, 51.463911]]}, "properties": {"edge_id": 108, "from_node": 19875367, "to_node": 19875368, "key": 0, "length": 63.7, "travel_time": 7.125, "access_score": 0.008200421484360678}}, {"type": "Feature", "geometry": {"type": "LineString", "coordinates": [[-2.587099, 51.463428], [-2.586338, 51.463796], [-2.586081, 51.463919]]}, "properties": {"edge_id": 109, "from_node": 19875367, "to_node": 104808, "key": 0, "length": 89.19, "travel_time": 9.976, "access_score": 0.005801200443430158}}, {"type": "Feature", "geometry": {"type": "LineString", "coordinates": [[-2.587099, 51.463428], [-2.587547, 51.463226], [-2.588455, 51.462815]]}, "properties": {"edge_id": 110, "from_node": 19875367, "to_node": 293907316, "key": 0, "length": 116.07, "travel_time": 12.982, "access_score": 0.011920284493459173}}, {"type": "Feature", "geometry": {"type": "LineString", "coordinates": [[-2.587594, 51.463911], [-2.586649, 51.464346]]}, "properties": {"edge_id": 111, "from_node": 19875368, "to_node": 104833, "key": 0, "length": 81.41, "travel_time": 9.105, "access_score": 0.008200421484360678}}, {"type": "Feature", "geometry": {"type": "LineString", "coordinates": [[-2.587594, 51.463911], [-2.587099, 51.463428]]}, "properties": {"edge_id": 112, "from_node": 19875368, "to_node": 19875367, "key": 0, "length": 63.7, "travel_time": 7.125, "access_score": 0.008200421484360678}}, {"type": "Feature", "geometry": {"type": "LineString", "coordinates": [[-2.587594, 51.463911], [-2.58812, 51.46442]]}, "properties": {"edge_id": 113, "from_node": 19875368, "to_node": 5900430623, "key": 0, "length": 67.28, "travel_time": 7.525, "access_score": 0.01543252261037414}}, {"type": "Feature", "geometry": {"type": "LineString", "coordinates": [[-2.587594, 51.463911], [-2.588343, 51.463543]]}, "properties": {"edge_id": 114, "from_node": 19875368, "to_node": 4794218449, "key": 0, "length": 66.08, "travel_time": 7.391, "access_score": 0.010807438018774158}}, {"type": "Feature", "geometry": {"type": "LineString", "coordinates": [[-2.588059, 51.459432], [-2.588071, 51.459482], [-2.588082, 51.459523]]}, "properties": {"edge_id": 115, "from_node": 21238592, "to_node": 3860908591, "key": 0, "length": 10.2, "travel_time": 1.141, "access_score": 0.007911617508789331}}, {"type": "Feature", "geometry": {"type": "LineString", "coordinates": [[-2.589233, 51.46435], [-2.588989, 51.464406]]}, "properties": {"edge_id": 116, "from_node": 21257368, "to_node": 13275305469, "key": 0, "length": 18.01, "travel_time": 2.014, "access_score": 0.06912940604997328}}, {"type": "Feature", "geometry": {"type": "LineString", "coordinates": [[-2.589233, 51.46435], [-2.589472, 51.464288]]}, "properties": {"edge_id": 117, "from_node": 21257368, "to_node": 6226112849, "key": 0, "length": 17.95, "travel_time": 2.008, "access_score": 0.059460211731087835}}, {"type": "Feature", "geometry": {"type": "LineString", "coordinates": [[-2.586429, 51.456536], [-2.586782, 51.456536]]}, "properties": {"edge_id": 118, "from_node": 21309349, "to_node": 21309350, "key": 0, "length": 24.41, "travel_time": 2.73, "access_score": 0.003950708896145689}}, {"type": "Feature", "geometry": {"type": "LineString", "coordinates": [[-2.586782, 51.456536], [-2.586429, 51.456536]]}, "properties": {"edge_id": 119, "from_node": 21309350, "to_node": 21309349, "key": 0, "length": 24.41, "travel_time": 2.73, "access_score": 0.003950708896145689}}, {"type": "Feature", "geometry": {"type": "LineString", "coordinates": [[-2.586782, 51.456536], [-2.586787, 51.456556], [-2.586659, 51.456597], [-2.586679, 51.456624]]}, "properties": {"edge_id": 120, "from_node": 21309350, "to_node": 21309366, "key": 0, "length": 15.56, "travel_time": 1.74, "access_score": 0.003963749846588871}}, {"type": "Feature", "geometry": {"type": "LineString", "coordinates": [[-2.586679, 51.456624], [-2.586698, 51.456648], [-2.586782, 51.456741]]}, "properties": {"edge_id": 121, "from_node": 21309366, "to_node": 21309372, "key": 0, "length": 14.84, "travel_time": 1.66, "access_score": 0.004010626267260765}}, {"type": "Feature", "geometry": {"type": "LineString", "coordinates": [[-2.586679, 51.456624], [-2.586659, 51.456597], [-2.586787, 51.456556], [-2.586782, 51.456536]]}, "properties": {"edge_id": 122, "from_node": 21309366, "to_node": 21309350, "key": 0, "length": 15.56, "travel_time": 1.74, "access_score": 0.003963749846588871}}, {"type": "Feature", "geometry": {"type": "LineString", "coordinates": [[-2.586782, 51.456741], [-2.586604, 51.4568]]}, "properties": {"edge_id": 123, "from_node": 21309372, "to_node": 826648048, "key": 0, "length": 13.98, "travel_time": 1.564, "access_score": 0.004010626267260765}}, {"type": "Feature", "geometry": {"type": "LineString", "coordinates": [[-2.586782, 51.456741], [-2.586698, 51.456648], [-2.586679, 51.456624]]}, "properties": {"edge_id": 124, "from_node": 21309372, "to_node": 21309366, "key": 0, "length": 14.84, "travel_time": 1.66, "access_score": 0.004010626267260765}}, {"type": "Feature", "geometry": {"type": "LineString", "coordinates": [[-2.589729, 51.464229], [-2.589486, 51.464284], [-2.589472, 51.464288]]}, "properties": {"edge_id": 125, "from_node": 21309452, "to_node": 6226112849, "key": 0, "length": 18.95, "travel_time": 2.119, "access_score": 0.05613867515761942}}, {"type": "Feature", "geometry": {"type": "LineString", "coordinates": [[-2.589729, 51.464229], [-2.589736, 51.464093], [-2.589739, 51.464049], [-2.589744, 51.463992]]}, "properties": {"edge_id": 126, "from_node": 21309452, "to_node": 26466665, "key": 0, "length": 26.33, "travel_time": 2.945, "access_score": 0.07594509045971212}}, {"type": "Feature", "geometry": {"type": "LineString", "coordinates": [[-2.58987, 51.463239], [-2.589773, 51.463732]]}, "properties": {"edge_id": 127, "from_node": 21309748, "to_node": 12248092928, "key": 0, "length": 55.25, "travel_time": 6.179, "access_score": 0.10365532617822948}}, {"type": "Feature", "geometry": {"type": "LineString", "coordinates": [[-2.58987, 51.463239], [-2.589178, 51.463183], [-2.589084, 51.463187], [-2.588998, 51.46322], [-2.588343, 51.463543]]}, "properties": {"edge_id": 128, "from_node": 21309748, "to_node": 4794218449, "key": 0, "length": 119.77, "travel_time": 13.395, "access_score": 0.39277248231150297}}, {"type": "Feature", "geometry": {"type": "LineString", "coordinates": [[-2.58987, 51.463239], [-2.589942, 51.462913], [-2.589954, 51.462855]]}, "properties": {"edge_id": 129, "from_node": 21309748, "to_node": 21309820, "key": 0, "length": 43.01, "travel_time": 4.811, "access_score": 0.10569289233738378}}, {"type": "Feature", "geometry": {"type": "LineString", "coordinates": [[-2.590338, 51.462004], [-2.590398, 51.461896]]}, "properties": {"edge_id": 130, "from_node": 21309749, "to_node": 365559388, "key": 0, "length": 12.66, "travel_time": 1.416, "access_score": 0.07219816267701606}}, {"type": "Feature", "geometry": {"type": "LineString", "coordinates": [[-2.590338, 51.462004], [-2.590309, 51.462058]]}, "properties": {"edge_id": 131, "from_node": 21309749, "to_node": 4654496419, "key": 0, "length": 6.38, "travel_time": 0.713, "access_score": 0.1013956111258436}}, {"type": "Feature", "geometry": {"type": "LineString", "coordinates": [[-2.590338, 51.462004], [-2.590262, 51.462024]]}, "properties": {"edge_id": 132, "from_node": 21309749, "to_node": 6111856719, "key": 0, "length": 5.75, "travel_time": 0.644, "access_score": 0.07221891076659687}}, {"type": "Feature", "geometry": {"type": "LineString", "coordinates": [[-2.591101, 51.460835], [-2.591174, 51.460852]]}, "properties": {"edge_id": 133, "from_node": 21309750, "to_node": 1081318790, "key": 0, "length": 5.4, "travel_time": 0.604, "access_score": 0.019570242513936572}}, {"type": "Feature", "geometry": {"type": "LineString", "coordinates": [[-2.591101, 51.460835], [-2.590999, 51.460984], [-2.590956, 51.460996]]}, "properties": {"edge_id": 134, "from_node": 21309750, "to_node": 6471108988, "key": 0, "length": 21.32, "travel_time": 2.385, "access_score": 0.019570242513936572}}, {"type": "Feature", "geometry": {"type": "LineString", "coordinates": [[-2.591101, 51.460835], [-2.591136, 51.460714], [-2.591134, 51.460626], [-2.59112, 51.460569], [-2.591114, 51.460538]]}, "properties": {"edge_id": 135, "from_node": 21309750, "to_node": 364165253, "key": 0, "length": 33.34, "travel_time": 3.729, "access_score": 0.0328442212005329}}, {"type": "Feature", "geometry": {"type": "LineString", "coordinates": [[-2.589954, 51.462855], [-2.590066, 51.462813]]}, "properties": {"edge_id": 136, "from_node": 21309820, "to_node": 21309822, "key": 0, "length": 9.06, "travel_time": 1.013, "access_score": 0.030980268791126336}}, {"type": "Feature", "geometry": {"type": "LineString", "coordinates": [[-2.589954, 51.462855], [-2.589956, 51.462746]]}, "properties": {"edge_id": 137, "from_node": 21309820, "to_node": 5905199219, "key": 0, "length": 12.12, "travel_time": 1.356, "access_score": 0.030980268791126336}}, {"type": "Feature", "geometry": {"type": "LineString", "coordinates": [[-2.589954, 51.462855], [-2.589942, 51.462913], [-2.58987, 51.463239]]}, "properties": {"edge_id": 138, "from_node": 21309820, "to_node": 21309748, "key": 0, "length": 43.01, "travel_time": 4.811, "access_score": 0.10569289233738378}}, {"type": "Feature", "geometry": {"type": "LineString", "coordinates": [[-2.591017, 51.462222], [-2.591424, 51.462452]]}, "properties": {"edge_id": 139, "from_node": 21309821, "to_node": 30239268, "key": 0, "length": 38.03, "travel_time": 4.254, "access_score": 0.12266388218462228}}, {"type": "Feature", "geometry": {"type": "LineString", "coordinates": [[-2.591017, 51.462222], [-2.59145, 51.461916]]}, "properties": {"edge_id": 140, "from_node": 21309821, "to_node": 1227136503, "key": 0, "length": 45.42, "travel_time": 5.081, "access_score": 0.04241844354531723}}, {"type": "Feature", "geometry": {"type": "LineString", "coordinates": [[-2.591017, 51.462222], [-2.590834, 51.462126]]}, "properties": {"edge_id": 141, "from_node": 21309821, "to_node": 1247760948, "key": 0, "length": 16.54, "travel_time": 1.85, "access_score": 0.06452423535831567}}, {"type": "Feature", "geometry": {"type": "LineString", "coordinates": [[-2.591017, 51.462222], [-2.590128, 51.462774], [-2.590066, 51.462813]]}, "properties": {"edge_id": 142, "from_node": 21309821, "to_node": 21309822, "key": 0, "length": 93.06, "travel_time": 10.408, "access_score": 0.045575371549295425}}, {"type": "Feature", "geometry": {"type": "LineString", "coordinates": [[-2.590066, 51.462813], [-2.589954, 51.462855]]}, "properties": {"edge_id": 143, "from_node": 21309822, "to_node": 21309820, "key": 0, "length": 9.06, "travel_time": 1.013, "access_score": 0.030980268791126336}}, {"type": "Feature", "geometry": {"type": "LineString", "coordinates": [[-2.590066, 51.462813], [-2.590124, 51.462839], [-2.59085, 51.463162]]}, "properties": {"edge_id": 144, "from_node": 21309822, "to_node": 21309823, "key": 0, "length": 66.81, "travel_time": 7.472, "access_score": 0.025036415718301605}}, {"type": "Feature", "geometry": {"type": "LineString", "coordinates": [[-2.590066, 51.462813], [-2.590128, 51.462774], [-2.591017, 51.462222]]}, "properties": {"edge_id": 145, "from_node": 21309822, "to_node": 21309821, "key": 0, "length": 93.06, "travel_time": 10.408, "access_score": 0.045575371549295425}}, {"type": "Feature", "geometry": {"type": "LineString", "coordinates": [[-2.59085, 51.463162], [-2.591171, 51.462953]]}, "properties": {"edge_id": 146, "from_node": 21309823, "to_node": 1079382178, "key": 0, "length": 32.13, "travel_time": 3.594, "access_score": 0.024965212198855242}}, {"type": "Feature", "geometry": {"type": "LineString", "coordinates": [[-2.59085, 51.463162], [-2.590124, 51.462839], [-2.590066, 51.462813]]}, "properties": {"edge_id": 147, "from_node": 21309823, "to_node": 21309822, "key": 0, "length": 66.81, "travel_time": 7.472, "access_score": 0.025036415718301598}}, {"type": "Feature", "geometry": {"type": "LineString", "coordinates": [[-2.59085, 51.463162], [-2.590789, 51.463216], [-2.590743, 51.463261], [-2.590703, 51.463306]]}, "properties": {"edge_id": 148, "from_node": 21309823, "to_node": 1080015181, "key": 0, "length": 18.98, "travel_time": 2.123, "access_score": 0.016302541419916702}}, {"type": "Feature", "geometry": {"type": "LineString", "coordinates": [[-2.58525, 51.463281], [-2.586081, 51.463919]]}, "properties": {"edge_id": 149, "from_node": 21591965, "to_node": 104808, "key": 0, "length": 91.41, "travel_time": 10.224, "access_score": 0.004612852274382712}}, {"type": "Feature", "geometry": {"type": "LineString", "coordinates": [[-2.58525, 51.463281], [-2.584859, 51.463003]]}, "properties": {"edge_id": 150, "from_node": 21591965, "to_node": 104804, "key": 0, "length": 41.06, "travel_time": 4.593, "access_score": 0.004012567004065443}}, {"type": "Feature", "geometry": {"type": "LineString", "coordinates": [[-2.58525, 51.463281], [-2.586029, 51.462914], [-2.5864, 51.462743]]}, "properties": {"edge_id": 151, "from_node": 21591965, "to_node": 21591966, "key": 0, "length": 99.55, "travel_time": 11.134, "access_score": 0.004912100971287302}}, {"type": "Feature", "geometry": {"type": "LineString", "coordinates": [[-2.5864, 51.462743], [-2.586046, 51.462375]]}, "properties": {"edge_id": 152, "from_node": 21591966, "to_node": 19875363, "key": 0, "length": 47.72, "travel_time": 5.337, "access_score": 0.006163621541847474}}, {"type": "Feature", "geometry": {"type": "LineString", "coordinates": [[-2.5864, 51.462743], [-2.587099, 51.463428]]}, "properties": {"edge_id": 153, "from_node": 21591966, "to_node": 19875367, "key": 0, "length": 90.31, "travel_time": 10.101, "access_score": 0.005801200443430158}}, {"type": "Feature", "geometry": {"type": "LineString", "coordinates": [[-2.5864, 51.462743], [-2.587622, 51.462142]]}, "properties": {"edge_id": 154, "from_node": 21591966, "to_node": 21591967, "key": 0, "length": 107.93, "travel_time": 12.072, "access_score": 0.006746857586315057}}, {"type": "Feature", "geometry": {"type": "LineString", "coordinates": [[-2.5864, 51.462743], [-2.586029, 51.462914], [-2.58525, 51.463281]]}, "properties": {"edge_id": 155, "from_node": 21591966, "to_node": 21591965, "key": 0, "length": 99.55, "travel_time": 11.134, "access_score": 0.004912100971287302}}, {"type": "Feature", "geometry": {"type": "LineString", "coordinates": [[-2.587622, 51.462142], [-2.587217, 51.461798]]}, "properties": {"edge_id": 156, "from_node": 21591967, "to_node": 104837, "key": 0, "length": 47.47, "travel_time": 5.309, "access_score": 0.008338978940605897}}, {"type": "Feature", "geometry": {"type": "LineString", "coordinates": [[-2.587622, 51.462142], [-2.588027, 51.462469]]}, "properties": {"edge_id": 157, "from_node": 21591967, "to_node": 2882617940, "key": 0, "length": 45.92, "travel_time": 5.136, "access_score": 0.007795831115744535}}, {"type": "Feature", "geometry": {"type": "LineString", "coordinates": [[-2.587622, 51.462142], [-2.5864, 51.462743]]}, "properties": {"edge_id": 158, "from_node": 21591967, "to_node": 21591966, "key": 0, "length": 107.93, "travel_time": 12.072, "access_score": 0.006746857586315057}}, {"type": "Feature", "geometry": {"type": "LineString", "coordinates": [[-2.581512, 51.464371], [-2.580904, 51.464062]]}, "properties": {"edge_id": 159, "from_node": 21591973, "to_node": 462979246, "key": 0, "length": 54.37, "travel_time": 6.081, "access_score": 0.0028727895942030823}}, {"type": "Feature", "geometry": {"type": "LineString", "coordinates": [[-2.581512, 51.464371], [-2.581592, 51.464414]]}, "properties": {"edge_id": 160, "from_node": 21591973, "to_node": 835468062, "key": 0, "length": 7.3, "travel_time": 0.816, "access_score": 0.0025859543433938603}}, {"type": "Feature", "geometry": {"type": "LineString", "coordinates": [[-2.58842, 51.460375], [-2.588612, 51.460804]]}, "properties": {"edge_id": 161, "from_node": 25280227, "to_node": 5240224448, "key": 0, "length": 49.59, "travel_time": 5.546, "access_score": 0.010633431510856868}}, {"type": "Feature", "geometry": {"type": "LineString", "coordinates": [[-2.58842, 51.460375], [-2.588283, 51.460397], [-2.587734, 51.460486]]}, "properties": {"edge_id": 162, "from_node": 25280227, "to_node": 262442627, "key": 0, "length": 49.08, "travel_time": 5.489, "access_score": 0.0222231541139368}}, {"type": "Feature", "geometry": {"type": "LineString", "coordinates": [[-2.58842, 51.460375], [-2.588244, 51.460303], [-2.587898, 51.460181]]}, "properties": {"edge_id": 163, "from_node": 25280227, "to_node": 262442297, "key": 0, "length": 42.11, "travel_time": 4.71, "access_score": 0.01513665750160635}}, {"type": "Feature", "geometry": {"type": "LineString", "coordinates": [[-2.58842, 51.460375], [-2.58838, 51.460281], [-2.588238, 51.45994], [-2.588207, 51.459865]]}, "properties": {"edge_id": 164, "from_node": 25280227, "to_node": 25280228, "key": 0, "length": 58.53, "travel_time": 6.546, "access_score": 0.010651296555166848}}, {"type": "Feature", "geometry": {"type": "LineString", "coordinates": [[-2.58842, 51.460375], [-2.588623, 51.460335], [-2.589598, 51.460095]]}, "properties": {"edge_id": 165, "from_node": 25280227, "to_node": 287226447, "key": 0, "length": 87.43, "travel_time": 9.779, "access_score": 0.028342597137267753}}, {"type": "Feature", "geometry": {"type": "LineString", "coordinates": [[-2.588207, 51.459865], [-2.58807, 51.459888], [-2.587521, 51.459977], [-2.587384, 51.459999]]}, "properties": {"edge_id": 166, "from_node": 25280228, "to_node": 25280229, "key": 0, "length": 58.93, "travel_time": 6.591, "access_score": 0.017730254895107305}}, {"type": "Feature", "geometry": {"type": "LineString", "coordinates": [[-2.588207, 51.459865], [-2.588124, 51.459652], [-2.588091, 51.459554], [-2.588082, 51.459523]]}, "properties": {"edge_id": 167, "from_node": 25280228, "to_node": 3860908591, "key": 0, "length": 39.05, "travel_time": 4.367, "access_score": 0.009642778956442222}}, {"type": "Feature", "geometry": {"type": "LineString", "coordinates": [[-2.588207, 51.459865], [-2.588102, 51.459963], [-2.587898, 51.460181]]}, "properties": {"edge_id": 168, "from_node": 25280228, "to_node": 262442297, "key": 0, "length": 41.13, "travel_time": 4.6, "access_score": 0.01513665750160635}}, {"type": "Feature", "geometry": {"type": "LineString", "coordinates": [[-2.588207, 51.459865], [-2.588238, 51.45994], [-2.58838, 51.460281], [-2.58842, 51.460375]]}, "properties": {"edge_id": 169, "from_node": 25280228, "to_node": 25280227, "key": 0, "length": 58.53, "travel_time": 6.546, "access_score": 0.01065129655516685}}, {"type": "Feature", "geometry": {"type": "LineString", "coordinates": [[-2.587384, 51.459999], [-2.587247, 51.459696]]}, "properties": {"edge_id": 170, "from_node": 25280229, "to_node": 5111590153, "key": 0, "length": 34.94, "travel_time": 3.908, "access_score": 0.017730254895107305}}, {"type": "Feature", "geometry": {"type": "LineString", "coordinates": [[-2.587384, 51.459999], [-2.587415, 51.460074], [-2.587557, 51.460415], [-2.587596, 51.460508]]}, "properties": {"edge_id": 171, "from_node": 25280229, "to_node": 25280232, "key": 0, "length": 58.53, "travel_time": 6.547, "access_score": 0.02872744375886978}}, {"type": "Feature", "geometry": {"type": "LineString", "coordinates": [[-2.587384, 51.459999], [-2.587521, 51.459977], [-2.58807, 51.459888], [-2.588207, 51.459865]]}, "properties": {"edge_id": 172, "from_node": 25280229, "to_node": 25280228, "key": 0, "length": 58.93, "travel_time": 6.591, "access_score": 0.017730254895107305}}, {"type": "Feature", "geometry": {"type": "LineString", "coordinates": [[-2.587384, 51.459999], [-2.58651, 51.460141], [-2.586343, 51.460177], [-2.585694, 51.460366]]}, "properties": {"edge_id": 173, "from_node": 25280229, "to_node": 25280231, "key": 0, "length": 124.47, "travel_time": 13.922, "access_score": 0.02227740801303195}}, {"type": "Feature", "geometry": {"type": "LineString", "coordinates": [[-2.587384, 51.459999], [-2.587552, 51.460052], [-2.587898, 51.460181]]}, "properties": {"edge_id": 174, "from_node": 25280229, "to_node": 262442297, "key": 0, "length": 40.99, "travel_time": 4.585, "access_score": 0.017763970117121306}}, {"type": "Feature", "geometry": {"type": "LineString", "coordinates": [[-2.585694, 51.460366], [-2.585726, 51.460407]]}, "properties": {"edge_id": 175, "from_node": 25280231, "to_node": 2433778874, "key": 0, "length": 5.06, "travel_time": 0.566, "access_score": 0.017008141998595083}}, {"type": "Feature", "geometry": {"type": "LineString", "coordinates": [[-2.585694, 51.460366], [-2.585467, 51.460077]]}, "properties": {"edge_id": 176, "from_node": 25280231, "to_node": 2179076476, "key": 0, "length": 35.77, "travel_time": 4.001, "access_score": 0.015659836678929784}}, {"type": "Feature", "geometry": {"type": "LineString", "coordinates": [[-2.585694, 51.460366], [-2.586343, 51.460177], [-2.58651, 51.460141], [-2.587384, 51.459999]]}, "properties": {"edge_id": 177, "from_node": 25280231, "to_node": 25280229, "key": 0, "length": 124.47, "travel_time": 13.922, "access_score": 0.02227740801303195}}, {"type": "Feature", "geometry": {"type": "LineString", "coordinates": [[-2.587596, 51.460508], [-2.587734, 51.460486]]}, "properties": {"edge_id": 178, "from_node": 25280232, "to_node": 262442627, "key": 0, "length": 9.84, "travel_time": 1.101, "access_score": 0.02839602815948122}}, {"type": "Feature", "geometry": {"type": "LineString", "coordinates": [[-2.587596, 51.460508], [-2.587557, 51.460415], [-2.587415, 51.460074], [-2.587384, 51.459999]]}, "properties": {"edge_id": 179, "from_node": 25280232, "to_node": 25280229, "key": 0, "length": 58.53, "travel_time": 6.547, "access_score": 0.02872744375886978}}, {"type": "Feature", "geometry": {"type": "LineString", "coordinates": [[-2.587596, 51.460508], [-2.586774, 51.460647], [-2.586313, 51.460745]]}, "properties": {"edge_id": 180, "from_node": 25280232, "to_node": 1247839597, "key": 0, "length": 92.77, "travel_time": 10.376, "access_score": 0.15392877845128797}}, {"type": "Feature", "geometry": {"type": "LineString", "coordinates": [[-2.587596, 51.460508], [-2.587695, 51.460392], [-2.587898, 51.460181]]}, "properties": {"edge_id": 181, "from_node": 25280232, "to_node": 262442297, "key": 0, "length": 41.96, "travel_time": 4.693, "access_score": 0.02839602815948122}}, {"type": "Feature", "geometry": {"type": "LineString", "coordinates": [[-2.591134, 51.464113], [-2.590959, 51.464099]]}, "properties": {"edge_id": 182, "from_node": 26151671, "to_node": 1081318900, "key": 0, "length": 12.22, "travel_time": 1.367, "access_score": 0.01761329606155984}}, {"type": "Feature", "geometry": {"type": "LineString", "coordinates": [[-2.591134, 51.464113], [-2.59119, 51.464043], [-2.591214, 51.46401], [-2.59122, 51.463997], [-2.591235, 51.463946], [-2.591248, 51.46392], [-2.591278, 51.463874], [-2.591298, 51.463851], [-2.591328, 51.463823], [-2.591375, 51.46379], [-2.591682, 51.463588]]}, "properties": {"edge_id": 183, "from_node": 26151671, "to_node": 293091734, "key": 0, "length": 71.04, "travel_time": 7.946, "access_score": 0.10559781539217075}}, {"type": "Feature", "geometry": {"type": "LineString", "coordinates": [[-2.591134, 51.464113], [-2.591934, 51.464168], [-2.59202, 51.46417]]}, "properties": {"edge_id": 184, "from_node": 26151671, "to_node": 264261495, "key": 0, "length": 61.71, "travel_time": 6.903, "access_score": 0.01711951846642767}}, {"type": "Feature", "geometry": {"type": "LineString", "coordinates": [[-2.592041, 51.456858], [-2.591894, 51.456896], [-2.59165, 51.456936], [-2.59156, 51.456966]]}, "properties": {"edge_id": 185, "from_node": 26153261, "to_node": 242578487, "key": 0, "length": 35.56, "travel_time": 3.977, "access_score": 0.08079904135192943}}, {"type": "Feature", "geometry": {"type": "LineString", "coordinates": [[-2.589744, 51.463992], [-2.58987, 51.464009], [-2.589927, 51.464012], [-2.590219, 51.46403], [-2.590278, 51.464027], [-2.590326, 51.464018], [-2.590424, 51.463989]]}, "properties": {"edge_id": 186, "from_node": 26466665, "to_node": 1080015188, "key": 0, "length": 48.35, "travel_time": 5.407, "access_score": 0.2178960910906417}}, {"type": "Feature", "geometry": {"type": "LineString", "coordinates": [[-2.589744, 51.463992], [-2.589739, 51.464049], [-2.589736, 51.464093], [-2.589729, 51.464229]]}, "properties": {"edge_id": 187, "from_node": 26466665, "to_node": 21309452, "key": 0, "length": 26.33, "travel_time": 2.945, "access_score": 0.07594509045971212}}, {"type": "Feature", "geometry": {"type": "LineString", "coordinates": [[-2.589744, 51.463992], [-2.58976, 51.463797], [-2.589773, 51.463732]]}, "properties": {"edge_id": 188, "from_node": 26466665, "to_node": 12248092928, "key": 0, "length": 29.06, "travel_time": 3.25, "access_score": 0.09290074506836617}}, {"type": "Feature", "geometry": {"type": "LineString", "coordinates": [[-2.591741, 51.46259], [-2.591725, 51.4626], [-2.59126, 51.462893]]}, "properties": {"edge_id": 189, "from_node": 30239256, "to_node": 30239270, "key": 0, "length": 47.47, "travel_time": 5.309, "access_score": 0.03184955921825025}}, {"type": "Feature", "geometry": {"type": "LineString", "coordinates": [[-2.591741, 51.46259], [-2.591784, 51.462564], [-2.591819, 51.462541]]}, "properties": {"edge_id": 190, "from_node": 30239256, "to_node": 1079382215, "key": 0, "length": 7.66, "travel_time": 0.856, "access_score": 0.028245252819573935}}, {"type": "Feature", "geometry": {"type": "LineString", "coordinates": [[-2.591741, 51.46259], [-2.591533, 51.462465], [-2.59148, 51.462452], [-2.591424, 51.462452]]}, "properties": {"edge_id": 191, "from_node": 30239256, "to_node": 30239268, "key": 0, "length": 27.82, "travel_time": 3.111, "access_score": 0.09602324202162799}}, {"type": "Feature", "geometry": {"type": "LineString", "coordinates": [[-2.591941, 51.461554], [-2.591643, 51.461773]]}, "properties": {"edge_id": 192, "from_node": 30239264, "to_node": 5359925883, "key": 0, "length": 31.94, "travel_time": 3.573, "access_score": 0.01284298920775106}}, {"type": "Feature", "geometry": {"type": "LineString", "coordinates": [[-2.591941, 51.461554], [-2.592164, 51.461397]]}, "properties": {"edge_id": 193, "from_node": 30239264, "to_node": 2743760828, "key": 0, "length": 23.36, "travel_time": 2.612, "access_score": 0.009170221267455312}}, {"type": "Feature", "geometry": {"type": "LineString", "coordinates": [[-2.591424, 51.462452], [-2.591017, 51.462222]]}, "properties": {"edge_id": 194, "from_node": 30239268, "to_node": 21309821, "key": 0, "length": 38.03, "travel_time": 4.254, "access_score": 0.12266388218462228}}, {"type": "Feature", "geometry": {"type": "LineString", "coordinates": [[-2.591424, 51.462452], [-2.591017, 51.462737], [-2.59126, 51.462893]]}, "properties": {"edge_id": 195, "from_node": 30239268, "to_node": 30239270, "key": 0, "length": 66.66, "travel_time": 7.456, "access_score": 0.1566219696550077}}, {"type": "Feature", "geometry": {"type": "LineString", "coordinates": [[-2.591424, 51.462452], [-2.59148, 51.462452], [-2.591533, 51.462465], [-2.591741, 51.46259]]}, "properties": {"edge_id": 196, "from_node": 30239268, "to_node": 30239256, "key": 0, "length": 27.82, "travel_time": 3.111, "access_score": 0.09602324202162799}}, {"type": "Feature", "geometry": {"type": "LineString", "coordinates": [[-2.59126, 51.462893], [-2.591171, 51.462953]]}, "properties": {"edge_id": 197, "from_node": 30239270, "to_node": 1079382178, "key": 0, "length": 9.05, "travel_time": 1.013, "access_score": 0.028597717521135966}}, {"type": "Feature", "geometry": {"type": "LineString", "coordinates": [[-2.59126, 51.462893], [-2.591017, 51.462737], [-2.591424, 51.462452]]}, "properties": {"edge_id": 198, "from_node": 30239270, "to_node": 30239268, "key": 0, "length": 66.66, "travel_time": 7.456, "access_score": 0.15662196965500774}}, {"type": "Feature", "geometry": {"type": "LineString", "coordinates": [[-2.59126, 51.462893], [-2.591725, 51.4626], [-2.591741, 51.46259]]}, "properties": {"edge_id": 199, "from_node": 30239270, "to_node": 30239256, "key": 0, "length": 47.47, "travel_time": 5.309, "access_score": 0.03184955921825026}}, {"type": "Feature", "geometry": {"type": "LineString", "coordinates": [[-2.582037, 51.460138], [-2.581957, 51.460105], [-2.581842, 51.460044]]}, "properties": {"edge_id": 200, "from_node": 117677937, "to_node": 262442011, "key": 0, "length": 17.06, "travel_time": 1.9, "access_score": 0.00832814351956967}}, {"type": "Feature", "geometry": {"type": "LineString", "coordinates": [[-2.582037, 51.460138], [-2.582165, 51.460186], [-2.58221, 51.4602]]}, "properties": {"edge_id": 201, "from_node": 117677937, "to_node": 1242132578, "key": 0, "length": 13.82, "travel_time": 1.539, "access_score": 0.008167653671775308}}, {"type": "Feature", "geometry": {"type": "LineString", "coordinates": [[-2.582037, 51.460138], [-2.582094, 51.460216], [-2.582092, 51.460258]]}, "properties": {"edge_id": 202, "from_node": 117677937, "to_node": 1242132572, "key": 0, "length": 14.16, "travel_time": 1.056, "access_score": 0.008522187370360675}}, {"type": "Feature", "geometry": {"type": "LineString", "coordinates": [[-2.581238, 51.459688], [-2.581112, 51.459619]]}, "properties": {"edge_id": 203, "from_node": 117677944, "to_node": 1280821682, "key": 0, "length": 11.61, "travel_time": 1.293, "access_score": 0.008081963842588986}}, {"type": "Feature", "geometry": {"type": "LineString", "coordinates": [[-2.581238, 51.459688], [-2.581373, 51.45977]]}, "properties": {"edge_id": 204, "from_node": 117677944, "to_node": 1280821711, "key": 0, "length": 13.05, "travel_time": 1.453, "access_score": 0.007835993264274853}}, {"type": "Feature", "geometry": {"type": "LineString", "coordinates": [[-2.581238, 51.459688], [-2.581395, 51.459597]]}, "properties": {"edge_id": 205, "from_node": 117677944, "to_node": 6327222249, "key": 0, "length": 14.9, "travel_time": 1.666, "access_score": 0.007653601846866945}}, {"type": "Feature", "geometry": {"type": "LineString", "coordinates": [[-2.581238, 51.459688], [-2.581036, 51.459807], [-2.58089, 51.459891]]}, "properties": {"edge_id": 206, "from_node": 117677944, "to_node": 5425642852, "key": 0, "length": 32.95, "travel_time": 3.669, "access_score": 0.00999272841404615}}, {"type": "Feature", "geometry": {"type": "LineString", "coordinates": [[-2.580991, 51.459559], [-2.581112, 51.459619]]}, "properties": {"edge_id": 207, "from_node": 117677946, "to_node": 1280821682, "key": 0, "length": 10.71, "travel_time": 1.193, "access_score": 0.008813781136356615}}, {"type": "Feature", "geometry": {"type": "LineString", "coordinates": [[-2.580991, 51.459559], [-2.581167, 51.45929]]}, "properties": {"edge_id": 208, "from_node": 117677946, "to_node": 117678047, "key": 0, "length": 32.36, "travel_time": 3.602, "access_score": 0.008813781136356615}}, {"type": "Feature", "geometry": {"type": "LineString", "coordinates": [[-2.580991, 51.459559], [-2.580724, 51.459417], [-2.580192, 51.459121]]}, "properties": {"edge_id": 209, "from_node": 117677946, "to_node": 117677950, "key": 0, "length": 73.73, "travel_time": 8.247, "access_score": 0.01943641774051114}}, {"type": "Feature", "geometry": {"type": "LineString", "coordinates": [[-2.580192, 51.459121], [-2.579569, 51.458774]]}, "properties": {"edge_id": 210, "from_node": 117677950, "to_node": 117677951, "key": 0, "length": 57.94, "travel_time": 6.48, "access_score": 0.03165861459812891}}, {"type": "Feature", "geometry": {"type": "LineString", "coordinates": [[-2.580192, 51.459121], [-2.580326, 51.459024], [-2.580651, 51.4588], [-2.580773, 51.458715]]}, "properties": {"edge_id": 211, "from_node": 117677950, "to_node": 5834330514, "key": 0, "length": 60.52, "travel_time": 6.769, "access_score": 0.01943641774051114}}, {"type": "Feature", "geometry": {"type": "LineString", "coordinates": [[-2.580192, 51.459121], [-2.580724, 51.459417], [-2.580991, 51.459559]]}, "properties": {"edge_id": 212, "from_node": 117677950, "to_node": 117677946, "key": 0, "length": 73.73, "travel_time": 8.247, "access_score": 0.01943641774051114}}, {"type": "Feature", "geometry": {"type": "LineString", "coordinates": [[-2.579569, 51.458774], [-2.580192, 51.459121]]}, "properties": {"edge_id": 213, "from_node": 117677951, "to_node": 117677950, "key": 0, "length": 57.94, "travel_time": 6.48, "access_score": 0.0316586145981289}}, {"type": "Feature", "geometry": {"type": "LineString", "coordinates": [[-2.579569, 51.458774], [-2.579618, 51.458736]]}, "properties": {"edge_id": 214, "from_node": 117677951, "to_node": 6407359799, "key": 0, "length": 5.43, "travel_time": 0.607, "access_score": 0.031319252741694725}}, {"type": "Feature", "geometry": {"type": "LineString", "coordinates": [[-2.579569, 51.458774], [-2.579526, 51.458807], [-2.579278, 51.458984]]}, "properties": {"edge_id": 215, "from_node": 117677951, "to_node": 6283115514, "key": 0, "length": 30.88, "travel_time": 3.438, "access_score": 0.19671603280786204}}, {"type": "Feature", "geometry": {"type": "LineString", "coordinates": [[-2.580739, 51.457977], [-2.580805, 51.457983], [-2.580866, 51.458006], [-2.580923, 51.458037]]}, "properties": {"edge_id": 216, "from_node": 117677976, "to_node": 5834330502, "key": 0, "length": 14.83, "travel_time": 1.659, "access_score": 0.01185717972407166}}, {"type": "Feature", "geometry": {"type": "LineString", "coordinates": [[-2.580739, 51.457977], [-2.580681, 51.457984], [-2.580619, 51.458018], [-2.58039, 51.458187]]}, "properties": {"edge_id": 217, "from_node": 117677976, "to_node": 1280813728, "key": 0, "length": 34.37, "travel_time": 3.845, "access_score": 0.010761343033084902}}, {"type": "Feature", "geometry": {"type": "LineString", "coordinates": [[-2.580739, 51.457977], [-2.580732, 51.457947], [-2.580727, 51.457937], [-2.58072, 51.457929], [-2.58071, 51.457919], [-2.580693, 51.457908], [-2.580496, 51.457801], [-2.580485, 51.457796], [-2.580472, 51.457791], [-2.580457, 51.457789], [-2.580444, 51.457789], [-2.58043, 51.457792], [-2.580419, 51.457796], [-2.580411, 51.457802], [-2.579999, 51.458097], [-2.579988, 51.458104], [-2.579979, 51.458108], [-2.579969, 51.45811], [-2.579942, 51.458114]]}, "properties": {"edge_id": 218, "from_node": 117677976, "to_node": 5834330531, "key": 0, "length": 81.37, "travel_time": 9.101, "access_score": 0.010850080031865853}}, {"type": "Feature", "geometry": {"type": "LineString", "coordinates": [[-2.581392, 51.458295], [-2.581352, 51.458272]]}, "properties": {"edge_id": 219, "from_node": 117677989, "to_node": 1280813726, "key": 0, "length": 3.73, "travel_time": 0.418, "access_score": 0.012484301892856153}}, {"type": "Feature", "geometry": {"type": "LineString", "coordinates": [[-2.581392, 51.458295], [-2.581298, 51.458362], [-2.581213, 51.458417]]}, "properties": {"edge_id": 220, "from_node": 117677989, "to_node": 12750591314, "key": 0, "length": 18.42, "travel_time": 2.061, "access_score": 0.012397086414823934}}, {"type": "Feature", "geometry": {"type": "LineString", "coordinates": [[-2.581392, 51.458295], [-2.581459, 51.458245], [-2.581852, 51.457958]]}, "properties": {"edge_id": 221, "from_node": 117677989, "to_node": 5834330512, "key": 0, "length": 49.19, "travel_time": 5.502, "access_score": 0.030569591298929177}}, {"type": "Feature", "geometry": {"type": "LineString", "coordinates": [[-2.582119, 51.457762], [-2.581379, 51.457498]]}, "properties": {"edge_id": 222, "from_node": 117677996, "to_node": 537157926, "key": 0, "length": 59.16, "travel_time": 6.587, "access_score": 0.24062476555499446}}, {"type": "Feature", "geometry": {"type": "LineString", "coordinates": [[-2.582119, 51.457762], [-2.582387, 51.457857], [-2.582424, 51.457868], [-2.582452, 51.457868], [-2.582494, 51.457842], [-2.58268, 51.457692]]}, "properties": {"edge_id": 223, "from_node": 117677996, "to_node": 1280813702, "key": 0, "length": 51.32, "travel_time": 5.714, "access_score": 0.1808833506938096}}, {"type": "Feature", "geometry": {"type": "LineString", "coordinates": [[-2.582119, 51.457762], [-2.582018, 51.457837], [-2.581852, 51.457958]]}, "properties": {"edge_id": 224, "from_node": 117677996, "to_node": 5834330512, "key": 0, "length": 28.53, "travel_time": 3.191, "access_score": 0.1808833506938096}}, {"type": "Feature", "geometry": {"type": "LineString", "coordinates": [[-2.58282, 51.45756], [-2.582431, 51.457454]]}, "properties": {"edge_id": 225, "from_node": 117678000, "to_node": 1280267499, "key": 0, "length": 29.42, "travel_time": 3.275, "access_score": 0.0351196507885569}}, {"type": "Feature", "geometry": {"type": "LineString", "coordinates": [[-2.58282, 51.45756], [-2.58268, 51.457692]]}, "properties": {"edge_id": 226, "from_node": 117678000, "to_node": 1280813702, "key": 0, "length": 17.48, "travel_time": 1.946, "access_score": 0.027479084726914006}}, {"type": "Feature", "geometry": {"type": "LineString", "coordinates": [[-2.58282, 51.45756], [-2.583114, 51.457635]]}, "properties": {"edge_id": 227, "from_node": 117678000, "to_node": 13176630418, "key": 0, "length": 21.98, "travel_time": 2.448, "access_score": 0.02133278963976998}}, {"type": "Feature", "geometry": {"type": "LineString", "coordinates": [[-2.581619, 51.4573], [-2.580958, 51.457205]]}, "properties": {"edge_id": 228, "from_node": 117678004, "to_node": 117678013, "key": 0, "length": 46.99, "travel_time": 5.232, "access_score": 0.022922980560533948}}, {"type": "Feature", "geometry": {"type": "LineString", "coordinates": [[-2.581619, 51.4573], [-2.582431, 51.457454]]}, "properties": {"edge_id": 229, "from_node": 117678004, "to_node": 1280267499, "key": 0, "length": 58.8, "travel_time": 6.547, "access_score": 0.0457614084258288}}, {"type": "Feature", "geometry": {"type": "LineString", "coordinates": [[-2.581619, 51.4573], [-2.581379, 51.457498]]}, "properties": {"edge_id": 230, "from_node": 117678004, "to_node": 537157926, "key": 0, "length": 27.53, "travel_time": 3.079, "access_score": 0.023189270282795157}}, {"type": "Feature", "geometry": {"type": "LineString", "coordinates": [[-2.581619, 51.4573], [-2.581676, 51.457248], [-2.582075, 51.456976], [-2.582116, 51.456938]]}, "properties": {"edge_id": 231, "from_node": 117678004, "to_node": 537157945, "key": 0, "length": 53.13, "travel_time": 5.942, "access_score": 0.022922980560533948}}, {"type": "Feature", "geometry": {"type": "LineString", "coordinates": [[-2.580958, 51.457205], [-2.581619, 51.4573]]}, "properties": {"edge_id": 232, "from_node": 117678013, "to_node": 117678004, "key": 0, "length": 46.99, "travel_time": 5.232, "access_score": 0.022922980560533948}}, {"type": "Feature", "geometry": {"type": "LineString", "coordinates": [[-2.580958, 51.457205], [-2.581066, 51.457172]]}, "properties": {"edge_id": 233, "from_node": 117678013, "to_node": 1280267501, "key": 0, "length": 8.29, "travel_time": 0.927, "access_score": 0.012118714433909984}}, {"type": "Feature", "geometry": {"type": "LineString", "coordinates": [[-2.580958, 51.457205], [-2.580717, 51.457243]]}, "properties": {"edge_id": 234, "from_node": 117678013, "to_node": 1500366483, "key": 0, "length": 17.22, "travel_time": 1.918, "access_score": 0.01149054453741802}}, {"type": "Feature", "geometry": {"type": "LineString", "coordinates": [[-2.581442, 51.460722], [-2.581582, 51.460589], [-2.58199, 51.460407], [-2.582063, 51.46034], [-2.58208, 51.460302], [-2.582092, 51.460258]]}, "properties": {"edge_id": 235, "from_node": 117678033, "to_node": 1242132572, "key": 0, "length": 70.85, "travel_time": 5.283, "access_score": 0.01858110660355201}}, {"type": "Feature", "geometry": {"type": "LineString", "coordinates": [[-2.582566, 51.458288], [-2.582947, 51.458248]]}, "properties": {"edge_id": 236, "from_node": 117678036, "to_node": 2533775206, "key": 0, "length": 26.76, "travel_time": 2.993, "access_score": 0.055013162988144515}}, {"type": "Feature", "geometry": {"type": "LineString", "coordinates": [[-2.581703, 51.458736], [-2.581683, 51.458753]]}, "properties": {"edge_id": 237, "from_node": 117678038, "to_node": 5834930881, "key": 0, "length": 2.33, "travel_time": 0.259, "access_score": 0.010201569620015715}}, {"type": "Feature", "geometry": {"type": "LineString", "coordinates": [[-2.581703, 51.458736], [-2.581993, 51.458564]]}, "properties": {"edge_id": 238, "from_node": 117678038, "to_node": 6258642284, "key": 0, "length": 27.8, "travel_time": 3.095, "access_score": 0.013690091435414681}}, {"type": "Feature", "geometry": {"type": "LineString", "coordinates": [[-2.581703, 51.458736], [-2.581536, 51.458646]]}, "properties": {"edge_id": 239, "from_node": 117678038, "to_node": 6258646185, "key": 0, "length": 15.28, "travel_time": 1.701, "access_score": 0.010201569620015715}}, {"type": "Feature", "geometry": {"type": "LineString", "coordinates": [[-2.581465, 51.458942], [-2.581317, 51.45909]]}, "properties": {"edge_id": 240, "from_node": 117678043, "to_node": 5834930882, "key": 0, "length": 19.4, "travel_time": 2.16, "access_score": 0.008153851756152797}}, {"type": "Feature", "geometry": {"type": "LineString", "coordinates": [[-2.581465, 51.458942], [-2.581636, 51.459031]]}, "properties": {"edge_id": 241, "from_node": 117678043, "to_node": 1280821715, "key": 0, "length": 15.44, "travel_time": 1.727, "access_score": 0.008490182047235144}}, {"type": "Feature", "geometry": {"type": "LineString", "coordinates": [[-2.581465, 51.458942], [-2.581478, 51.45893], [-2.581662, 51.458771], [-2.581674, 51.458761]]}, "properties": {"edge_id": 242, "from_node": 117678043, "to_node": 11776527150, "key": 0, "length": 24.73, "travel_time": 2.754, "access_score": 0.009908642151907749}}, {"type": "Feature", "geometry": {"type": "LineString", "coordinates": [[-2.581167, 51.45929], [-2.580991, 51.459559]]}, "properties": {"edge_id": 243, "from_node": 117678047, "to_node": 117677946, "key": 0, "length": 32.36, "travel_time": 3.602, "access_score": 0.008813781136356615}}, {"type": "Feature", "geometry": {"type": "LineString", "coordinates": [[-2.581167, 51.45929], [-2.581335, 51.459343]]}, "properties": {"edge_id": 244, "from_node": 117678047, "to_node": 5834930883, "key": 0, "length": 13.07, "travel_time": 1.462, "access_score": 0.008418703236695803}}, {"type": "Feature", "geometry": {"type": "LineString", "coordinates": [[-2.581167, 51.45929], [-2.581173, 51.45928], [-2.581306, 51.459104], [-2.581317, 51.45909]]}, "properties": {"edge_id": 245, "from_node": 117678047, "to_node": 5834930882, "key": 0, "length": 24.59, "travel_time": 2.737, "access_score": 0.008418703236695803}}, {"type": "Feature", "geometry": {"type": "LineString", "coordinates": [[-2.579965, 51.460272], [-2.580915, 51.460851]]}, "properties": {"edge_id": 246, "from_node": 117678074, "to_node": 117678111, "key": 0, "length": 92.14, "travel_time": 10.305, "access_score": 0.09365037666247752}}, {"type": "Feature", "geometry": {"type": "LineString", "coordinates": [[-2.579965, 51.460272], [-2.580313, 51.460158], [-2.580408, 51.460123]]}, "properties": {"edge_id": 247, "from_node": 117678074, "to_node": 5425642850, "key": 0, "length": 34.86, "travel_time": 3.882, "access_score": 0.017215468478692108}}, {"type": "Feature", "geometry": {"type": "LineString", "coordinates": [[-2.580915, 51.460851], [-2.579938, 51.461419]]}, "properties": {"edge_id": 248, "from_node": 117678111, "to_node": 1282009243, "key": 0, "length": 92.54, "travel_time": 10.303, "access_score": 0.16696047763627572}}, {"type": "Feature", "geometry": {"type": "LineString", "coordinates": [[-2.580915, 51.460851], [-2.58116, 51.460713]]}, "properties": {"edge_id": 249, "from_node": 117678111, "to_node": 117678115, "key": 0, "length": 22.93, "travel_time": 2.553, "access_score": 0.0653084801375288}}, {"type": "Feature", "geometry": {"type": "LineString", "coordinates": [[-2.580915, 51.460851], [-2.579965, 51.460272]]}, "properties": {"edge_id": 250, "from_node": 117678111, "to_node": 117678074, "key": 0, "length": 92.14, "travel_time": 10.305, "access_score": 0.09365037666247755}}, {"type": "Feature", "geometry": {"type": "LineString", "coordinates": [[-2.58116, 51.460713], [-2.580915, 51.460851]]}, "properties": {"edge_id": 251, "from_node": 117678115, "to_node": 117678111, "key": 0, "length": 22.93, "travel_time": 2.553, "access_score": 0.0653084801375288}}, {"type": "Feature", "geometry": {"type": "LineString", "coordinates": [[-2.58116, 51.460713], [-2.581201, 51.460721], [-2.581616, 51.46048]]}, "properties": {"edge_id": 252, "from_node": 117678115, "to_node": 5832845881, "key": 0, "length": 42.3, "travel_time": 4.731, "access_score": 0.027995775615605154}}, {"type": "Feature", "geometry": {"type": "LineString", "coordinates": [[-2.58116, 51.460713], [-2.581157, 51.460676], [-2.581252, 51.460615], [-2.581189, 51.460578]]}, "properties": {"edge_id": 253, "from_node": 117678115, "to_node": 5832845865, "key": 0, "length": 19.5, "travel_time": 2.181, "access_score": 0.027995775615605154}}, {"type": "Feature", "geometry": {"type": "LineString", "coordinates": [[-2.59156, 51.456966], [-2.591406, 51.456986]]}, "properties": {"edge_id": 254, "from_node": 242578487, "to_node": 13288882110, "key": 0, "length": 10.97, "travel_time": 1.227, "access_score": 0.023091806581411946}}, {"type": "Feature", "geometry": {"type": "LineString", "coordinates": [[-2.59156, 51.456966], [-2.59165, 51.456936], [-2.591894, 51.456896], [-2.592041, 51.456858]]}, "properties": {"edge_id": 255, "from_node": 242578487, "to_node": 26153261, "key": 0, "length": 35.56, "travel_time": 3.977, "access_score": 0.08079904135192943}}, {"type": "Feature", "geometry": {"type": "LineString", "coordinates": [[-2.59156, 51.456966], [-2.591506, 51.456995], [-2.591476, 51.457019], [-2.591453, 51.45705], [-2.591423, 51.457099]]}, "properties": {"edge_id": 256, "from_node": 242578487, "to_node": 104859, "key": 0, "length": 18.02, "travel_time": 2.016, "access_score": 0.023091806581411946}}, {"type": "Feature", "geometry": {"type": "LineString", "coordinates": [[-2.591917, 51.457875], [-2.592007, 51.457907]]}, "properties": {"edge_id": 257, "from_node": 242756955, "to_node": 2043096348, "key": 0, "length": 7.15, "travel_time": 0.8, "access_score": 0.00809296619881289}}, {"type": "Feature", "geometry": {"type": "LineString", "coordinates": [[-2.591917, 51.457875], [-2.591814, 51.457908], [-2.591705, 51.457933], [-2.591524, 51.457974]]}, "properties": {"edge_id": 258, "from_node": 242756955, "to_node": 247834407, "key": 0, "length": 29.36, "travel_time": 3.284, "access_score": 0.008911189563500663}}, {"type": "Feature", "geometry": {"type": "LineString", "coordinates": [[-2.591917, 51.457875], [-2.591962, 51.457851], [-2.591991, 51.45781], [-2.591991, 51.457779], [-2.591918, 51.457694]]}, "properties": {"edge_id": 259, "from_node": 242756955, "to_node": 17406787, "key": 0, "length": 23.31, "travel_time": 2.608, "access_score": 0.009627006751317186}}, {"type": "Feature", "geometry": {"type": "LineString", "coordinates": [[-2.591524, 51.457974], [-2.591361, 51.458014]]}, "properties": {"edge_id": 260, "from_node": 247834407, "to_node": 2045184023, "key": 0, "length": 12.2, "travel_time": 1.365, "access_score": 0.009229880588529903}}, {"type": "Feature", "geometry": {"type": "LineString", "coordinates": [[-2.591524, 51.457974], [-2.591705, 51.457933], [-2.591814, 51.457908], [-2.591917, 51.457875]]}, "properties": {"edge_id": 261, "from_node": 247834407, "to_node": 242756955, "key": 0, "length": 29.36, "travel_time": 3.284, "access_score": 0.008911189563500663}}, {"type": "Feature", "geometry": {"type": "LineString", "coordinates": [[-2.591524, 51.457974], [-2.591757, 51.457996], [-2.591859, 51.458045], [-2.591907, 51.458101], [-2.591871, 51.458171], [-2.591661, 51.458346], [-2.591134, 51.45882]]}, "properties": {"edge_id": 262, "from_node": 247834407, "to_node": 1382252976, "key": 0, "length": 128.86, "travel_time": 14.413, "access_score": 0.0138448518460083}}, {"type": "Feature", "geometry": {"type": "LineString", "coordinates": [[-2.590491, 51.458303], [-2.590475, 51.458308]]}, "properties": {"edge_id": 263, "from_node": 247834447, "to_node": 9809981557, "key": 0, "length": 1.27, "travel_time": 0.142, "access_score": 0.023735840848860146}}, {"type": "Feature", "geometry": {"type": "LineString", "coordinates": [[-2.590491, 51.458303], [-2.59055, 51.458282]]}, "properties": {"edge_id": 264, "from_node": 247834447, "to_node": 9809981567, "key": 0, "length": 4.69, "travel_time": 0.525, "access_score": 0.023118935213140675}}, {"type": "Feature", "geometry": {"type": "LineString", "coordinates": [[-2.590491, 51.458303], [-2.590432, 51.458234], [-2.590408, 51.458206]]}, "properties": {"edge_id": 265, "from_node": 247834447, "to_node": 2268865236, "key": 0, "length": 12.18, "travel_time": 1.363, "access_score": 0.023118935213140675}}, {"type": "Feature", "geometry": {"type": "LineString", "coordinates": [[-2.58461, 51.45723], [-2.584603, 51.457413], [-2.584612, 51.457543]]}, "properties": {"edge_id": 266, "from_node": 260697232, "to_node": 17476842, "key": 0, "length": 34.83, "travel_time": 2.597, "access_score": 0.01099891798971596}}, {"type": "Feature", "geometry": {"type": "LineString", "coordinates": [[-2.58461, 51.45723], [-2.58455, 51.45723], [-2.584524, 51.45723], [-2.584524, 51.457309], [-2.584502, 51.457308], [-2.584433, 51.457308], [-2.584383, 51.457308], [-2.584349, 51.457308]]}, "properties": {"edge_id": 267, "from_node": 260697232, "to_node": 262441802, "key": 0, "length": 26.81, "travel_time": 2.999, "access_score": 0.00972229010454117}}, {"type": "Feature", "geometry": {"type": "LineString", "coordinates": [[-2.58461, 51.45723], [-2.584645, 51.457231], [-2.584684, 51.457231], [-2.584686, 51.457293], [-2.584707, 51.457296], [-2.584783, 51.457305]]}, "properties": {"edge_id": 268, "from_node": 260697232, "to_node": 11124020086, "key": 0, "length": 18.93, "travel_time": 2.118, "access_score": 0.008621784721038838}}, {"type": "Feature", "geometry": {"type": "LineString", "coordinates": [[-2.584292, 51.457584], [-2.58414, 51.457684], [-2.584004, 51.457736], [-2.583893, 51.457766], [-2.5838, 51.457786], [-2.583721, 51.45781]]}, "properties": {"edge_id": 269, "from_node": 262440061, "to_node": 12992899143, "key": 0, "length": 47.7, "travel_time": 5.335, "access_score": 0.027638158775542192}}, {"type": "Feature", "geometry": {"type": "LineString", "coordinates": [[-2.584292, 51.457584], [-2.584233, 51.457686], [-2.5841, 51.457873], [-2.584068, 51.457911]]}, "properties": {"edge_id": 270, "from_node": 262440061, "to_node": 3860810901, "key": 0, "length": 39.61, "travel_time": 4.43, "access_score": 0.02835653989166249}}, {"type": "Feature", "geometry": {"type": "LineString", "coordinates": [[-2.584292, 51.457584], [-2.584342, 51.457419], [-2.584349, 51.457308]]}, "properties": {"edge_id": 271, "from_node": 262440061, "to_node": 262441802, "key": 0, "length": 30.96, "travel_time": 3.463, "access_score": 0.01352353377525569}}, {"type": "Feature", "geometry": {"type": "LineString", "coordinates": [[-2.580392, 51.456963], [-2.5804, 51.457005], [-2.580398, 51.457041], [-2.58038, 51.457134], [-2.580373, 51.457159]]}, "properties": {"edge_id": 272, "from_node": 262440826, "to_node": 366664563, "key": 0, "length": 21.97, "travel_time": 1.638, "access_score": 0.012870593256345977}}, {"type": "Feature", "geometry": {"type": "LineString", "coordinates": [[-2.584349, 51.457308], [-2.584338, 51.457217], [-2.584324, 51.457176]]}, "properties": {"edge_id": 273, "from_node": 262441802, "to_node": 6056055380, "key": 0, "length": 14.79, "travel_time": 1.654, "access_score": 0.00972229010454117}}, {"type": "Feature", "geometry": {"type": "LineString", "coordinates": [[-2.584349, 51.457308], [-2.584383, 51.457308], [-2.584433, 51.457308], [-2.584502, 51.457308], [-2.584524, 51.457309], [-2.584524, 51.45723], [-2.58455, 51.45723], [-2.58461, 51.45723]]}, "properties": {"edge_id": 274, "from_node": 262441802, "to_node": 260697232, "key": 0, "length": 26.81, "travel_time": 2.999, "access_score": 0.00972229010454117}}, {"type": "Feature", "geometry": {"type": "LineString", "coordinates": [[-2.584349, 51.457308], [-2.584342, 51.457419], [-2.584292, 51.457584]]}, "properties": {"edge_id": 275, "from_node": 262441802, "to_node": 262440061, "key": 0, "length": 30.96, "travel_time": 3.463, "access_score": 0.01352353377525569}}, {"type": "Feature", "geometry": {"type": "LineString", "coordinates": [[-2.582917, 51.458718], [-2.583169, 51.458614]]}, "properties": {"edge_id": 276, "from_node": 262441816, "to_node": 1280821651, "key": 0, "length": 20.97, "travel_time": 2.346, "access_score": 0.15692493994631743}}, {"type": "Feature", "geometry": {"type": "LineString", "coordinates": [[-2.581842, 51.460044], [-2.581373, 51.45977]]}, "properties": {"edge_id": 277, "from_node": 262442011, "to_node": 1280821711, "key": 0, "length": 44.59, "travel_time": 4.964, "access_score": 0.00832814351956967}}, {"type": "Feature", "geometry": {"type": "LineString", "coordinates": [[-2.581842, 51.460044], [-2.581957, 51.460105], [-2.582037, 51.460138]]}, "properties": {"edge_id": 278, "from_node": 262442011, "to_node": 117677937, "key": 0, "length": 17.06, "travel_time": 1.9, "access_score": 0.00832814351956967}}, {"type": "Feature", "geometry": {"type": "LineString", "coordinates": [[-2.581842, 51.460044], [-2.581933, 51.459985], [-2.581972, 51.459959], [-2.582673, 51.459674]]}, "properties": {"edge_id": 279, "from_node": 262442011, "to_node": 5061066670, "key": 0, "length": 71.08, "travel_time": 7.95, "access_score": 0.00832814351956967}}, {"type": "Feature", "geometry": {"type": "LineString", "coordinates": [[-2.582947, 51.460635], [-2.58366, 51.460387]]}, "properties": {"edge_id": 280, "from_node": 262442261, "to_node": 262442266, "key": 0, "length": 56.57, "travel_time": 6.327, "access_score": 0.006316770318408327}}, {"type": "Feature", "geometry": {"type": "LineString", "coordinates": [[-2.582947, 51.460635], [-2.582986, 51.46069]]}, "properties": {"edge_id": 281, "from_node": 262442261, "to_node": 287226297, "key": 0, "length": 6.66, "travel_time": 0.745, "access_score": 0.006316770318408327}}, {"type": "Feature", "geometry": {"type": "LineString", "coordinates": [[-2.582947, 51.460635], [-2.58272, 51.460716]]}, "properties": {"edge_id": 282, "from_node": 262442261, "to_node": 10901402911, "key": 0, "length": 18.12, "travel_time": 2.026, "access_score": 0.007066628506260863}}, {"type": "Feature", "geometry": {"type": "LineString", "coordinates": [[-2.584363, 51.460159], [-2.584514, 51.460346]]}, "properties": {"edge_id": 283, "from_node": 262442262, "to_node": 364165243, "key": 0, "length": 23.29, "travel_time": 2.605, "access_score": 0.007892241773371849}}, {"type": "Feature", "geometry": {"type": "LineString", "coordinates": [[-2.584363, 51.460159], [-2.58366, 51.460387]]}, "properties": {"edge_id": 284, "from_node": 262442262, "to_node": 262442266, "key": 0, "length": 54.89, "travel_time": 6.14, "access_score": 0.006840786423521638}}, {"type": "Feature", "geometry": {"type": "LineString", "coordinates": [[-2.584363, 51.460159], [-2.584159, 51.459882], [-2.584119, 51.459829]]}, "properties": {"edge_id": 285, "from_node": 262442262, "to_node": 2433821542, "key": 0, "length": 40.37, "travel_time": 3.01, "access_score": 0.006840786423521638}}, {"type": "Feature", "geometry": {"type": "LineString", "coordinates": [[-2.58366, 51.460387], [-2.584363, 51.460159]]}, "properties": {"edge_id": 286, "from_node": 262442266, "to_node": 262442262, "key": 0, "length": 54.89, "travel_time": 6.14, "access_score": 0.006840786423521638}}, {"type": "Feature", "geometry": {"type": "LineString", "coordinates": [[-2.58366, 51.460387], [-2.582947, 51.460635]]}, "properties": {"edge_id": 287, "from_node": 262442266, "to_node": 262442261, "key": 0, "length": 56.57, "travel_time": 6.327, "access_score": 0.006316770318408327}}, {"type": "Feature", "geometry": {"type": "LineString", "coordinates": [[-2.58366, 51.460387], [-2.58374, 51.460496]]}, "properties": {"edge_id": 288, "from_node": 262442266, "to_node": 5435157624, "key": 0, "length": 13.35, "travel_time": 1.493, "access_score": 0.0058305685762119605}}, {"type": "Feature", "geometry": {"type": "LineString", "coordinates": [[-2.58397, 51.460813], [-2.58374, 51.460496]]}, "properties": {"edge_id": 289, "from_node": 262442292, "to_node": 5435157624, "key": 0, "length": 38.74, "travel_time": 4.332, "access_score": 0.006639297803527525}}, {"type": "Feature", "geometry": {"type": "LineString", "coordinates": [[-2.58397, 51.460813], [-2.582866, 51.461147]]}, "properties": {"edge_id": 290, "from_node": 262442292, "to_node": 19871274, "key": 0, "length": 85.04, "travel_time": 9.511, "access_score": 0.006639297803527525}}, {"type": "Feature", "geometry": {"type": "LineString", "coordinates": [[-2.58397, 51.460813], [-2.584702, 51.460609]]}, "properties": {"edge_id": 291, "from_node": 262442292, "to_node": 859323057, "key": 0, "length": 55.61, "travel_time": 6.219, "access_score": 0.009648176524610407}}, {"type": "Feature", "geometry": {"type": "LineString", "coordinates": [[-2.58397, 51.460813], [-2.584162, 51.461074], [-2.584224, 51.461162]]}, "properties": {"edge_id": 292, "from_node": 262442292, "to_node": 2433764639, "key": 0, "length": 42.53, "travel_time": 4.757, "access_score": 0.007301967942931844}}, {"type": "Feature", "geometry": {"type": "LineString", "coordinates": [[-2.587898, 51.460181], [-2.588102, 51.459963], [-2.588207, 51.459865]]}, "properties": {"edge_id": 293, "from_node": 262442297, "to_node": 25280228, "key": 0, "length": 41.13, "travel_time": 4.6, "access_score": 0.01513665750160635}}, {"type": "Feature", "geometry": {"type": "LineString", "coordinates": [[-2.587898, 51.460181], [-2.587695, 51.460392], [-2.587596, 51.460508]]}, "properties": {"edge_id": 294, "from_node": 262442297, "to_node": 25280232, "key": 0, "length": 41.96, "travel_time": 4.693, "access_score": 0.02839602815948122}}, {"type": "Feature", "geometry": {"type": "LineString", "coordinates": [[-2.587898, 51.460181], [-2.588244, 51.460303], [-2.58842, 51.460375]]}, "properties": {"edge_id": 295, "from_node": 262442297, "to_node": 25280227, "key": 0, "length": 42.11, "travel_time": 4.71, "access_score": 0.01513665750160635}}, {"type": "Feature", "geometry": {"type": "LineString", "coordinates": [[-2.587898, 51.460181], [-2.587552, 51.460052], [-2.587384, 51.459999]]}, "properties": {"edge_id": 296, "from_node": 262442297, "to_node": 25280229, "key": 0, "length": 40.99, "travel_time": 4.585, "access_score": 0.017763970117121303}}, {"type": "Feature", "geometry": {"type": "LineString", "coordinates": [[-2.587734, 51.460486], [-2.587596, 51.460508]]}, "properties": {"edge_id": 297, "from_node": 262442627, "to_node": 25280232, "key": 0, "length": 9.84, "travel_time": 1.101, "access_score": 0.02839602815948122}}, {"type": "Feature", "geometry": {"type": "LineString", "coordinates": [[-2.587734, 51.460486], [-2.588283, 51.460397], [-2.58842, 51.460375]]}, "properties": {"edge_id": 298, "from_node": 262442627, "to_node": 25280227, "key": 0, "length": 49.08, "travel_time": 5.489, "access_score": 0.0222231541139368}}, {"type": "Feature", "geometry": {"type": "LineString", "coordinates": [[-2.587734, 51.460486], [-2.587764, 51.460523], [-2.587816, 51.460742], [-2.587698, 51.460782]]}, "properties": {"edge_id": 299, "from_node": 262442627, "to_node": 262442694, "key": 0, "length": 38.52, "travel_time": 4.308, "access_score": 0.0222231541139368}}, {"type": "Feature", "geometry": {"type": "LineString", "coordinates": [[-2.587698, 51.460782], [-2.587735, 51.460894], [-2.58781, 51.460917]]}, "properties": {"edge_id": 300, "from_node": 262442694, "to_node": 2515293881, "key": 0, "length": 18.52, "travel_time": 2.072, "access_score": 0.01994759396390908}}, {"type": "Feature", "geometry": {"type": "LineString", "coordinates": [[-2.587698, 51.460782], [-2.587816, 51.460742], [-2.587764, 51.460523], [-2.587734, 51.460486]]}, "properties": {"edge_id": 301, "from_node": 262442694, "to_node": 262442627, "key": 0, "length": 38.52, "travel_time": 4.308, "access_score": 0.0222231541139368}}, {"type": "Feature", "geometry": {"type": "LineString", "coordinates": [[-2.587698, 51.460782], [-2.587254, 51.460886], [-2.587193, 51.460903], [-2.587181, 51.460911], [-2.587179, 51.460923], [-2.587187, 51.460941], [-2.587254, 51.461021], [-2.587295, 51.46108], [-2.587305, 51.461096]]}, "properties": {"edge_id": 302, "from_node": 262442694, "to_node": 2515293876, "key": 0, "length": 61.18, "travel_time": 6.843, "access_score": 0.024612331716941858}}, {"type": "Feature", "geometry": {"type": "LineString", "coordinates": [[-2.587861, 51.461065], [-2.58781, 51.460917]]}, "properties": {"edge_id": 303, "from_node": 262442695, "to_node": 2515293881, "key": 0, "length": 16.83, "travel_time": 1.883, "access_score": 0.015278648366731058}}, {"type": "Feature", "geometry": {"type": "LineString", "coordinates": [[-2.587861, 51.461065], [-2.587666, 51.461064], [-2.587573, 51.461078], [-2.587438, 51.461119]]}, "properties": {"edge_id": 304, "from_node": 262442695, "to_node": 2515293875, "key": 0, "length": 30.52, "travel_time": 3.414, "access_score": 0.014483188460154454}}, {"type": "Feature", "geometry": {"type": "LineString", "coordinates": [[-2.587861, 51.461065], [-2.587878, 51.461087], [-2.588005, 51.461186]]}, "properties": {"edge_id": 305, "from_node": 262442695, "to_node": 262442706, "key": 0, "length": 16.74, "travel_time": 1.873, "access_score": 0.012574449096635795}}, {"type": "Feature", "geometry": {"type": "LineString", "coordinates": [[-2.587327, 51.461195], [-2.587306, 51.46123], [-2.587299, 51.461262], [-2.5873, 51.461283], [-2.587308, 51.461304], [-2.58732, 51.461325], [-2.587342, 51.46134], [-2.587374, 51.461355], [-2.58742, 51.461366], [-2.587481, 51.461368], [-2.587542, 51.461366], [-2.587601, 51.461358], [-2.587661, 51.461346], [-2.587718, 51.461327], [-2.588005, 51.461186]]}, "properties": {"edge_id": 306, "from_node": 262442698, "to_node": 262442706, "key": 0, "length": 70.23, "travel_time": 7.854, "access_score": 0.013266688778937882}}, {"type": "Feature", "geometry": {"type": "LineString", "coordinates": [[-2.587327, 51.461195], [-2.587396, 51.461144], [-2.587438, 51.461119]]}, "properties": {"edge_id": 307, "from_node": 262442698, "to_node": 2515293875, "key": 0, "length": 11.48, "travel_time": 1.284, "access_score": 0.014407184037762748}}, {"type": "Feature", "geometry": {"type": "LineString", "coordinates": [[-2.587327, 51.461195], [-2.587316, 51.461136], [-2.587305, 51.461096]]}, "properties": {"edge_id": 308, "from_node": 262442698, "to_node": 2515293876, "key": 0, "length": 11.11, "travel_time": 1.243, "access_score": 0.015541063870013595}}, {"type": "Feature", "geometry": {"type": "LineString", "coordinates": [[-2.588005, 51.461186], [-2.587718, 51.461327], [-2.587661, 51.461346], [-2.587601, 51.461358], [-2.587542, 51.461366], [-2.587481, 51.461368], [-2.58742, 51.461366], [-2.587374, 51.461355], [-2.587342, 51.46134], [-2.58732, 51.461325], [-2.587308, 51.461304], [-2.5873, 51.461283], [-2.587299, 51.461262], [-2.587306, 51.46123], [-2.587327, 51.461195]]}, "properties": {"edge_id": 309, "from_node": 262442706, "to_node": 262442698, "key": 0, "length": 70.23, "travel_time": 7.854, "access_score": 0.013266688778937882}}, {"type": "Feature", "geometry": {"type": "LineString", "coordinates": [[-2.588005, 51.461186], [-2.588155, 51.461299], [-2.588183, 51.461322]]}, "properties": {"edge_id": 310, "from_node": 262442706, "to_node": 262442708, "key": 0, "length": 19.54, "travel_time": 2.186, "access_score": 0.010397801631970589}}, {"type": "Feature", "geometry": {"type": "LineString", "coordinates": [[-2.588005, 51.461186], [-2.587878, 51.461087], [-2.587861, 51.461065]]}, "properties": {"edge_id": 311, "from_node": 262442706, "to_node": 262442695, "key": 0, "length": 16.74, "travel_time": 1.873, "access_score": 0.012574449096635795}}, {"type": "Feature", "geometry": {"type": "LineString", "coordinates": [[-2.588183, 51.461322], [-2.587452, 51.461678]]}, "properties": {"edge_id": 312, "from_node": 262442708, "to_node": 5906030287, "key": 0, "length": 64.24, "travel_time": 7.185, "access_score": 0.009704411535261486}}, {"type": "Feature", "geometry": {"type": "LineString", "coordinates": [[-2.588183, 51.461322], [-2.588728, 51.461062]]}, "properties": {"edge_id": 313, "from_node": 262442708, "to_node": 104838, "key": 0, "length": 47.61, "travel_time": 5.325, "access_score": 0.011561253787809716}}, {"type": "Feature", "geometry": {"type": "LineString", "coordinates": [[-2.588183, 51.461322], [-2.588155, 51.461299], [-2.588005, 51.461186]]}, "properties": {"edge_id": 314, "from_node": 262442708, "to_node": 262442706, "key": 0, "length": 19.54, "travel_time": 2.186, "access_score": 0.010397801631970589}}, {"type": "Feature", "geometry": {"type": "LineString", "coordinates": [[-2.59202, 51.46417], [-2.591934, 51.464168], [-2.591134, 51.464113]]}, "properties": {"edge_id": 315, "from_node": 264261495, "to_node": 26151671, "key": 0, "length": 61.71, "travel_time": 6.903, "access_score": 0.01711951846642767}}, {"type": "Feature", "geometry": {"type": "LineString", "coordinates": [[-2.58497, 51.462917], [-2.586046, 51.462375]]}, "properties": {"edge_id": 316, "from_node": 282237615, "to_node": 19875363, "key": 0, "length": 95.83, "travel_time": 10.718, "access_score": 0.006163621541847474}}, {"type": "Feature", "geometry": {"type": "LineString", "coordinates": [[-2.58497, 51.462917], [-2.58491, 51.462961], [-2.584859, 51.463003]]}, "properties": {"edge_id": 317, "from_node": 282237615, "to_node": 104804, "key": 0, "length": 12.32, "travel_time": 1.377, "access_score": 0.004210792283675223}}, {"type": "Feature", "geometry": {"type": "LineString", "coordinates": [[-2.58497, 51.462917], [-2.584921, 51.462877], [-2.584889, 51.462828]]}, "properties": {"edge_id": 318, "from_node": 282237615, "to_node": 282238484, "key": 0, "length": 11.54, "travel_time": 1.291, "access_score": 0.0043416191632589}}, {"type": "Feature", "geometry": {"type": "LineString", "coordinates": [[-2.584274, 51.461984], [-2.584302, 51.461948], [-2.58458, 51.461868], [-2.584608, 51.46186]]}, "properties": {"edge_id": 319, "from_node": 282238482, "to_node": 10681863998, "key": 0, "length": 27.86, "travel_time": 3.116, "access_score": 0.0066187714738420445}}, {"type": "Feature", "geometry": {"type": "LineString", "coordinates": [[-2.584274, 51.461984], [-2.584332, 51.462092], [-2.584515, 51.462262], [-2.584914, 51.462624], [-2.584924, 51.462678], [-2.584895, 51.462733], [-2.584877, 51.462799], [-2.584889, 51.462828]]}, "properties": {"edge_id": 320, "from_node": 282238482, "to_node": 282238484, "key": 0, "length": 107.42, "travel_time": 12.015, "access_score": 0.00563253937949887}}, {"type": "Feature", "geometry": {"type": "LineString", "coordinates": [[-2.584274, 51.461984], [-2.584187, 51.461948], [-2.584049, 51.461744]]}, "properties": {"edge_id": 321, "from_node": 282238482, "to_node": 2433764912, "key": 0, "length": 31.89, "travel_time": 3.567, "access_score": 0.005744730601374316}}, {"type": "Feature", "geometry": {"type": "LineString", "coordinates": [[-2.584889, 51.462828], [-2.584921, 51.462877], [-2.58497, 51.462917]]}, "properties": {"edge_id": 322, "from_node": 282238484, "to_node": 282237615, "key": 0, "length": 11.54, "travel_time": 1.291, "access_score": 0.0043416191632589}}, {"type": "Feature", "geometry": {"type": "LineString", "coordinates": [[-2.584889, 51.462828], [-2.584877, 51.462799], [-2.584895, 51.462733], [-2.584924, 51.462678], [-2.584914, 51.462624], [-2.584515, 51.462262], [-2.584332, 51.462092], [-2.584274, 51.461984]]}, "properties": {"edge_id": 323, "from_node": 282238484, "to_node": 282238482, "key": 0, "length": 107.42, "travel_time": 12.015, "access_score": 0.00563253937949887}}, {"type": "Feature", "geometry": {"type": "LineString", "coordinates": [[-2.584889, 51.462828], [-2.584735, 51.462859], [-2.584554, 51.462923], [-2.584398, 51.463014], [-2.584182, 51.46288]]}, "properties": {"edge_id": 324, "from_node": 282238484, "to_node": 835468055, "key": 0, "length": 61.45, "travel_time": 6.873, "access_score": 0.0043416191632589}}, {"type": "Feature", "geometry": {"type": "LineString", "coordinates": [[-2.585416, 51.46423], [-2.584272, 51.463371]]}, "properties": {"edge_id": 325, "from_node": 283348057, "to_node": 283348151, "key": 0, "length": 124.16, "travel_time": 13.887, "access_score": 0.003958927364505471}}, {"type": "Feature", "geometry": {"type": "LineString", "coordinates": [[-2.585416, 51.46423], [-2.586081, 51.463919]]}, "properties": {"edge_id": 326, "from_node": 283348057, "to_node": 104808, "key": 0, "length": 57.59, "travel_time": 6.441, "access_score": 0.004612852274382712}}, {"type": "Feature", "geometry": {"type": "LineString", "coordinates": [[-2.585416, 51.46423], [-2.585132, 51.464365], [-2.584755, 51.464544]]}, "properties": {"edge_id": 327, "from_node": 283348057, "to_node": 283348164, "key": 0, "length": 57.55, "travel_time": 6.437, "access_score": 0.003958927364505471}}, {"type": "Feature", "geometry": {"type": "LineString", "coordinates": [[-2.584272, 51.463371], [-2.584859, 51.463003]]}, "properties": {"edge_id": 328, "from_node": 283348151, "to_node": 104804, "key": 0, "length": 57.64, "travel_time": 6.447, "access_score": 0.004012567004065443}}, {"type": "Feature", "geometry": {"type": "LineString", "coordinates": [[-2.584272, 51.463371], [-2.583733, 51.463691]]}, "properties": {"edge_id": 329, "from_node": 283348151, "to_node": 859323256, "key": 0, "length": 51.57, "travel_time": 5.768, "access_score": 0.0032997370740200866}}, {"type": "Feature", "geometry": {"type": "LineString", "coordinates": [[-2.584272, 51.463371], [-2.585416, 51.46423]]}, "properties": {"edge_id": 330, "from_node": 283348151, "to_node": 283348057, "key": 0, "length": 124.16, "travel_time": 13.887, "access_score": 0.003958927364505471}}, {"type": "Feature", "geometry": {"type": "LineString", "coordinates": [[-2.584755, 51.464544], [-2.583696, 51.463768], [-2.583655, 51.463738]]}, "properties": {"edge_id": 331, "from_node": 283348164, "to_node": 283348229, "key": 0, "length": 117.68, "travel_time": 13.162, "access_score": 0.0033905195490521066}}, {"type": "Feature", "geometry": {"type": "LineString", "coordinates": [[-2.584755, 51.464544], [-2.585132, 51.464365], [-2.585416, 51.46423]]}, "properties": {"edge_id": 332, "from_node": 283348164, "to_node": 283348057, "key": 0, "length": 57.55, "travel_time": 6.437, "access_score": 0.003958927364505471}}, {"type": "Feature", "geometry": {"type": "LineString", "coordinates": [[-2.583059, 51.464087], [-2.583655, 51.463738]]}, "properties": {"edge_id": 333, "from_node": 283348168, "to_node": 283348229, "key": 0, "length": 56.67, "travel_time": 6.338, "access_score": 0.0027849034029181073}}, {"type": "Feature", "geometry": {"type": "LineString", "coordinates": [[-2.583059, 51.464087], [-2.582665, 51.46431]]}, "properties": {"edge_id": 334, "from_node": 283348168, "to_node": 3980721934, "key": 0, "length": 36.9, "travel_time": 4.127, "access_score": 0.0025743343690923268}}, {"type": "Feature", "geometry": {"type": "LineString", "coordinates": [[-2.583059, 51.464087], [-2.583406, 51.464338]]}, "properties": {"edge_id": 335, "from_node": 283348168, "to_node": 6327865039, "key": 0, "length": 36.84, "travel_time": 4.121, "access_score": 0.0025743343690923268}}, {"type": "Feature", "geometry": {"type": "LineString", "coordinates": [[-2.583655, 51.463738], [-2.583059, 51.464087]]}, "properties": {"edge_id": 336, "from_node": 283348229, "to_node": 283348168, "key": 0, "length": 56.67, "travel_time": 6.338, "access_score": 0.0027849034029181073}}, {"type": "Feature", "geometry": {"type": "LineString", "coordinates": [[-2.583655, 51.463738], [-2.583703, 51.463709], [-2.583733, 51.463691]]}, "properties": {"edge_id": 337, "from_node": 283348229, "to_node": 859323256, "key": 0, "length": 7.51, "travel_time": 0.84, "access_score": 0.002841732792691517}}, {"type": "Feature", "geometry": {"type": "LineString", "coordinates": [[-2.583655, 51.463738], [-2.583696, 51.463768], [-2.584755, 51.464544]]}, "properties": {"edge_id": 338, "from_node": 283348229, "to_node": 283348164, "key": 0, "length": 117.68, "travel_time": 13.162, "access_score": 0.0033905195490521066}}, {"type": "Feature", "geometry": {"type": "LineString", "coordinates": [[-2.586596, 51.461596], [-2.586876, 51.461962]]}, "properties": {"edge_id": 339, "from_node": 287225971, "to_node": 19875366, "key": 0, "length": 45.0, "travel_time": 5.033, "access_score": 0.012334618627441849}}, {"type": "Feature", "geometry": {"type": "LineString", "coordinates": [[-2.586596, 51.461596], [-2.586359, 51.461269]]}, "properties": {"edge_id": 340, "from_node": 287225971, "to_node": 19871261, "key": 0, "length": 39.96, "travel_time": 4.47, "access_score": 0.024290717029334753}}, {"type": "Feature", "geometry": {"type": "LineString", "coordinates": [[-2.586596, 51.461596], [-2.585654, 51.461878]]}, "properties": {"edge_id": 341, "from_node": 287225971, "to_node": 364165242, "key": 0, "length": 72.36, "travel_time": 8.093, "access_score": 0.012334618627441849}}, {"type": "Feature", "geometry": {"type": "LineString", "coordinates": [[-2.582986, 51.46069], [-2.582947, 51.460635]]}, "properties": {"edge_id": 342, "from_node": 287226297, "to_node": 262442261, "key": 0, "length": 6.66, "travel_time": 0.745, "access_score": 0.006316770318408327}}, {"type": "Feature", "geometry": {"type": "LineString", "coordinates": [[-2.589598, 51.460095], [-2.589632, 51.460049], [-2.589808, 51.46009], [-2.589817, 51.460073], [-2.589914, 51.459921], [-2.590016, 51.459762]]}, "properties": {"edge_id": 343, "from_node": 287226447, "to_node": 5750157404, "key": 0, "length": 58.0, "travel_time": 6.488, "access_score": 0.034507282202123124}}, {"type": "Feature", "geometry": {"type": "LineString", "coordinates": [[-2.589598, 51.460095], [-2.588623, 51.460335], [-2.58842, 51.460375]]}, "properties": {"edge_id": 344, "from_node": 287226447, "to_node": 25280227, "key": 0, "length": 87.43, "travel_time": 9.779, "access_score": 0.028342597137267753}}, {"type": "Feature", "geometry": {"type": "LineString", "coordinates": [[-2.589598, 51.460095], [-2.589619, 51.460099], [-2.589704, 51.460116]]}, "properties": {"edge_id": 345, "from_node": 287226447, "to_node": 5750157402, "key": 0, "length": 7.64, "travel_time": 0.855, "access_score": 0.03409878238333079}}, {"type": "Feature", "geometry": {"type": "LineString", "coordinates": [[-2.590428, 51.46058], [-2.590785, 51.460468]]}, "properties": {"edge_id": 346, "from_node": 287226483, "to_node": 3332266263, "key": 0, "length": 27.65, "travel_time": 3.093, "access_score": 0.23594703211316034}}, {"type": "Feature", "geometry": {"type": "LineString", "coordinates": [[-2.590428, 51.46058], [-2.590401, 51.460619], [-2.590298, 51.460857]]}, "properties": {"edge_id": 347, "from_node": 287226483, "to_node": 287226581, "key": 0, "length": 32.14, "travel_time": 3.595, "access_score": 0.23594703211316034}}, {"type": "Feature", "geometry": {"type": "LineString", "coordinates": [[-2.590428, 51.46058], [-2.590386, 51.460593], [-2.590163, 51.460663], [-2.590017, 51.460528], [-2.590008, 51.460521], [-2.589969, 51.460488], [-2.588728, 51.461062]]}, "properties": {"edge_id": 348, "from_node": 287226483, "to_node": 104838, "key": 0, "length": 151.29, "travel_time": 16.922, "access_score": 0.27043525409552416}}, {"type": "Feature", "geometry": {"type": "LineString", "coordinates": [[-2.589711, 51.461884], [-2.590298, 51.460857]]}, "properties": {"edge_id": 349, "from_node": 287226485, "to_node": 287226581, "key": 0, "length": 121.21, "travel_time": 13.557, "access_score": 0.0501566954953829}}, {"type": "Feature", "geometry": {"type": "LineString", "coordinates": [[-2.589711, 51.461884], [-2.589809, 51.461906], [-2.589957, 51.46195], [-2.590007, 51.461987], [-2.590101, 51.462084]]}, "properties": {"edge_id": 350, "from_node": 287226485, "to_node": 1079986909, "key": 0, "length": 36.64, "travel_time": 4.098, "access_score": 0.045193656502895765}}, {"type": "Feature", "geometry": {"type": "LineString", "coordinates": [[-2.589711, 51.461884], [-2.58962, 51.461839], [-2.589509, 51.461744]]}, "properties": {"edge_id": 351, "from_node": 287226485, "to_node": 859323071, "key": 0, "length": 21.14, "travel_time": 2.365, "access_score": 0.06568025793790892}}, {"type": "Feature", "geometry": {"type": "LineString", "coordinates": [[-2.590846, 51.460449], [-2.590894, 51.460517]]}, "properties": {"edge_id": 352, "from_node": 287226495, "to_node": 3332266271, "key": 0, "length": 8.25, "travel_time": 0.922, "access_score": 0.09615994894736224}}, {"type": "Feature", "geometry": {"type": "LineString", "coordinates": [[-2.590846, 51.460449], [-2.590785, 51.460468]]}, "properties": {"edge_id": 353, "from_node": 287226495, "to_node": 3332266263, "key": 0, "length": 4.71, "travel_time": 0.527, "access_score": 0.1578405330116579}}, {"type": "Feature", "geometry": {"type": "LineString", "coordinates": [[-2.590846, 51.460449], [-2.590717, 51.460306]]}, "properties": {"edge_id": 354, "from_node": 287226495, "to_node": 1247826786, "key": 0, "length": 18.25, "travel_time": 2.041, "access_score": 0.11798303074392466}}, {"type": "Feature", "geometry": {"type": "LineString", "coordinates": [[-2.590846, 51.460449], [-2.590803, 51.460277], [-2.590733, 51.460146], [-2.590663, 51.460011], [-2.590641, 51.459972], [-2.590614, 51.459939]]}, "properties": {"edge_id": 355, "from_node": 287226495, "to_node": 3696173720, "key": 0, "length": 59.21, "travel_time": 6.622, "access_score": 0.09643138377876406}}, {"type": "Feature", "geometry": {"type": "LineString", "coordinates": [[-2.590298, 51.460857], [-2.58915, 51.461422]]}, "properties": {"edge_id": 356, "from_node": 287226581, "to_node": 364165254, "key": 0, "length": 101.33, "travel_time": 11.333, "access_score": 0.03608253913763847}}, {"type": "Feature", "geometry": {"type": "LineString", "coordinates": [[-2.590298, 51.460857], [-2.589711, 51.461884]]}, "properties": {"edge_id": 357, "from_node": 287226581, "to_node": 287226485, "key": 0, "length": 121.21, "travel_time": 13.557, "access_score": 0.0501566954953829}}, {"type": "Feature", "geometry": {"type": "LineString", "coordinates": [[-2.590298, 51.460857], [-2.590401, 51.460619], [-2.590428, 51.46058]]}, "properties": {"edge_id": 358, "from_node": 287226581, "to_node": 287226483, "key": 0, "length": 32.14, "travel_time": 3.595, "access_score": 0.23594703211316034}}, {"type": "Feature", "geometry": {"type": "LineString", "coordinates": [[-2.592128, 51.460465], [-2.591422, 51.460947]]}, "properties": {"edge_id": 359, "from_node": 287226633, "to_node": 374166815, "key": 0, "length": 72.53, "travel_time": 8.112, "access_score": 0.013447231896930176}}, {"type": "Feature", "geometry": {"type": "LineString", "coordinates": [[-2.592128, 51.460465], [-2.591846, 51.460293]]}, "properties": {"edge_id": 360, "from_node": 287226633, "to_node": 287226719, "key": 0, "length": 27.41, "travel_time": 3.066, "access_score": 0.012212420204275935}}, {"type": "Feature", "geometry": {"type": "LineString", "coordinates": [[-2.591846, 51.460293], [-2.592128, 51.460465]]}, "properties": {"edge_id": 361, "from_node": 287226719, "to_node": 287226633, "key": 0, "length": 27.41, "travel_time": 3.066, "access_score": 0.012212420204275935}}, {"type": "Feature", "geometry": {"type": "LineString", "coordinates": [[-2.591846, 51.460293], [-2.592083, 51.460115]]}, "properties": {"edge_id": 362, "from_node": 287226719, "to_node": 13127907918, "key": 0, "length": 25.7, "travel_time": 2.875, "access_score": 0.012212420204275935}}, {"type": "Feature", "geometry": {"type": "LineString", "coordinates": [[-2.591846, 51.460293], [-2.591285, 51.460504], [-2.591222, 51.460518]]}, "properties": {"edge_id": 363, "from_node": 287226719, "to_node": 3332266267, "key": 0, "length": 50.04, "travel_time": 5.597, "access_score": 0.026914796564552017}}, {"type": "Feature", "geometry": {"type": "LineString", "coordinates": [[-2.591682, 51.463588], [-2.592209, 51.463874]]}, "properties": {"edge_id": 364, "from_node": 293091734, "to_node": 943619136, "key": 0, "length": 48.41, "travel_time": 5.415, "access_score": 0.1954801166073032}}, {"type": "Feature", "geometry": {"type": "LineString", "coordinates": [[-2.591682, 51.463588], [-2.591375, 51.46379], [-2.591328, 51.463823], [-2.591298, 51.463851], [-2.591278, 51.463874], [-2.591248, 51.46392], [-2.591235, 51.463946], [-2.59122, 51.463997], [-2.591214, 51.46401], [-2.59119, 51.464043], [-2.591134, 51.464113]]}, "properties": {"edge_id": 365, "from_node": 293091734, "to_node": 26151671, "key": 0, "length": 71.04, "travel_time": 7.946, "access_score": 0.10559781539217075}}, {"type": "Feature", "geometry": {"type": "LineString", "coordinates": [[-2.588455, 51.462815], [-2.588027, 51.462469]]}, "properties": {"edge_id": 366, "from_node": 293907316, "to_node": 2882617940, "key": 0, "length": 48.58, "travel_time": 5.433, "access_score": 0.011920284493459173}}, {"type": "Feature", "geometry": {"type": "LineString", "coordinates": [[-2.588455, 51.462815], [-2.588502, 51.462794]]}, "properties": {"edge_id": 367, "from_node": 293907316, "to_node": 4795736877, "key": 0, "length": 4.0, "travel_time": 0.448, "access_score": 0.012219051130221403}}, {"type": "Feature", "geometry": {"type": "LineString", "coordinates": [[-2.588455, 51.462815], [-2.587547, 51.463226], [-2.587099, 51.463428]]}, "properties": {"edge_id": 368, "from_node": 293907316, "to_node": 19875367, "key": 0, "length": 116.07, "travel_time": 12.982, "access_score": 0.011920284493459173}}, {"type": "Feature", "geometry": {"type": "LineString", "coordinates": [[-2.586825, 51.459204], [-2.586976, 51.459228]]}, "properties": {"edge_id": 369, "from_node": 300025247, "to_node": 3860890371, "key": 0, "length": 10.84, "travel_time": 1.212, "access_score": 0.007249640397320907}}, {"type": "Feature", "geometry": {"type": "LineString", "coordinates": [[-2.586825, 51.459204], [-2.586843, 51.459178], [-2.586958, 51.459003], [-2.587046, 51.458866], [-2.587076, 51.458808]]}, "properties": {"edge_id": 370, "from_node": 300025247, "to_node": 5919449206, "key": 0, "length": 47.35, "travel_time": 5.296, "access_score": 0.007068166121106215}}, {"type": "Feature", "geometry": {"type": "LineString", "coordinates": [[-2.586825, 51.459204], [-2.586543, 51.459167], [-2.586257, 51.459137], [-2.585921, 51.459115], [-2.585604, 51.45912], [-2.585351, 51.459141], [-2.584979, 51.459211], [-2.584811, 51.459259]]}, "properties": {"edge_id": 371, "from_node": 300025247, "to_node": 5064786728, "key": 0, "length": 142.83, "travel_time": 15.975, "access_score": 0.007389698354037406}}, {"type": "Feature", "geometry": {"type": "LineString", "coordinates": [[-2.583828, 51.458664], [-2.583643, 51.458589]]}, "properties": {"edge_id": 372, "from_node": 302794082, "to_node": 17476820, "key": 0, "length": 15.33, "travel_time": 1.707, "access_score": 0.03401621909520646}}, {"type": "Feature", "geometry": {"type": "LineString", "coordinates": [[-2.583828, 51.458664], [-2.583799, 51.458821], [-2.5838, 51.458925], [-2.583818, 51.459025], [-2.58386, 51.459133], [-2.583922, 51.459234]]}, "properties": {"edge_id": 373, "from_node": 302794082, "to_node": 17476874, "key": 0, "length": 64.76, "travel_time": 4.829, "access_score": 0.022860246227815354}}, {"type": "Feature", "geometry": {"type": "LineString", "coordinates": [[-2.583828, 51.458664], [-2.583921, 51.45852], [-2.584031, 51.458376]]}, "properties": {"edge_id": 374, "from_node": 302794082, "to_node": 17476871, "key": 0, "length": 35.0, "travel_time": 2.61, "access_score": 0.03276222971714119}}, {"type": "Feature", "geometry": {"type": "LineString", "coordinates": [[-2.580305, 51.463758], [-2.579692, 51.463446]]}, "properties": {"edge_id": 375, "from_node": 358460226, "to_node": 104814, "key": 0, "length": 54.81, "travel_time": 6.131, "access_score": 0.0034864061760701095}}, {"type": "Feature", "geometry": {"type": "LineString", "coordinates": [[-2.580305, 51.463758], [-2.580726, 51.463967]]}, "properties": {"edge_id": 376, "from_node": 358460226, "to_node": 104812, "key": 0, "length": 37.36, "travel_time": 4.178, "access_score": 0.0031783774286181284}}, {"type": "Feature", "geometry": {"type": "LineString", "coordinates": [[-2.585457, 51.461614], [-2.584608, 51.46186]]}, "properties": {"edge_id": 377, "from_node": 364165239, "to_node": 10681863998, "key": 0, "length": 64.8, "travel_time": 7.247, "access_score": 0.010859473937642559}}, {"type": "Feature", "geometry": {"type": "LineString", "coordinates": [[-2.585457, 51.461614], [-2.585416, 51.461558]]}, "properties": {"edge_id": 378, "from_node": 364165239, "to_node": 2433779947, "key": 0, "length": 6.86, "travel_time": 0.767, "access_score": 0.011293295233097893}}, {"type": "Feature", "geometry": {"type": "LineString", "coordinates": [[-2.585457, 51.461614], [-2.585654, 51.461878]]}, "properties": {"edge_id": 379, "from_node": 364165239, "to_node": 364165242, "key": 0, "length": 32.29, "travel_time": 3.612, "access_score": 0.010859473937642559}}, {"type": "Feature", "geometry": {"type": "LineString", "coordinates": [[-2.585654, 51.461878], [-2.586596, 51.461596]]}, "properties": {"edge_id": 380, "from_node": 364165242, "to_node": 287225971, "key": 0, "length": 72.36, "travel_time": 8.093, "access_score": 0.012334618627441849}}, {"type": "Feature", "geometry": {"type": "LineString", "coordinates": [[-2.585654, 51.461878], [-2.585457, 51.461614]]}, "properties": {"edge_id": 381, "from_node": 364165242, "to_node": 364165239, "key": 0, "length": 32.29, "travel_time": 3.612, "access_score": 0.010859473937642559}}, {"type": "Feature", "geometry": {"type": "LineString", "coordinates": [[-2.585654, 51.461878], [-2.586046, 51.462375]]}, "properties": {"edge_id": 382, "from_node": 364165242, "to_node": 19875363, "key": 0, "length": 61.6, "travel_time": 6.89, "access_score": 0.008880785330363855}}, {"type": "Feature", "geometry": {"type": "LineString", "coordinates": [[-2.584514, 51.460346], [-2.584363, 51.460159]]}, "properties": {"edge_id": 383, "from_node": 364165243, "to_node": 262442262, "key": 0, "length": 23.29, "travel_time": 2.605, "access_score": 0.007892241773371849}}, {"type": "Feature", "geometry": {"type": "LineString", "coordinates": [[-2.584514, 51.460346], [-2.584702, 51.460609]]}, "properties": {"edge_id": 384, "from_node": 364165243, "to_node": 859323057, "key": 0, "length": 31.95, "travel_time": 3.574, "access_score": 0.009648176524610407}}, {"type": "Feature", "geometry": {"type": "LineString", "coordinates": [[-2.584514, 51.460346], [-2.584872, 51.460245]]}, "properties": {"edge_id": 385, "from_node": 364165243, "to_node": 2204308507, "key": 0, "length": 27.24, "travel_time": 3.046, "access_score": 0.008942562231089534}}, {"type": "Feature", "geometry": {"type": "LineString", "coordinates": [[-2.584046, 51.459565], [-2.583899, 51.459596]]}, "properties": {"edge_id": 386, "from_node": 364165249, "to_node": 1280674371, "key": 0, "length": 10.75, "travel_time": 0.802, "access_score": 0.008011408512159712}}, {"type": "Feature", "geometry": {"type": "LineString", "coordinates": [[-2.584046, 51.459565], [-2.584017, 51.459488]]}, "properties": {"edge_id": 387, "from_node": 364165249, "to_node": 1280674364, "key": 0, "length": 8.75, "travel_time": 0.652, "access_score": 0.00849604175459437}}, {"type": "Feature", "geometry": {"type": "LineString", "coordinates": [[-2.584046, 51.459565], [-2.584144, 51.459542]]}, "properties": {"edge_id": 388, "from_node": 364165249, "to_node": 2433821534, "key": 0, "length": 7.28, "travel_time": 0.543, "access_score": 0.007926838899134155}}, {"type": "Feature", "geometry": {"type": "LineString", "coordinates": [[-2.584046, 51.459565], [-2.58406, 51.459625]]}, "properties": {"edge_id": 389, "from_node": 364165249, "to_node": 17476875, "key": 0, "length": 6.71, "travel_time": 0.5, "access_score": 0.007926838899134155}}, {"type": "Feature", "geometry": {"type": "LineString", "coordinates": [[-2.591114, 51.460538], [-2.591222, 51.460518]]}, "properties": {"edge_id": 390, "from_node": 364165253, "to_node": 3332266267, "key": 0, "length": 7.79, "travel_time": 0.871, "access_score": 0.0328442212005329}}, {"type": "Feature", "geometry": {"type": "LineString", "coordinates": [[-2.591114, 51.460538], [-2.591091, 51.460469]]}, "properties": {"edge_id": 391, "from_node": 364165253, "to_node": 3332266272, "key": 0, "length": 7.83, "travel_time": 0.875, "access_score": 0.0364508352995448}}, {"type": "Feature", "geometry": {"type": "LineString", "coordinates": [[-2.591114, 51.460538], [-2.59112, 51.460569], [-2.591134, 51.460626], [-2.591136, 51.460714], [-2.591101, 51.460835]]}, "properties": {"edge_id": 392, "from_node": 364165253, "to_node": 21309750, "key": 0, "length": 33.34, "travel_time": 3.729, "access_score": 0.0328442212005329}}, {"type": "Feature", "geometry": {"type": "LineString", "coordinates": [[-2.58915, 51.461422], [-2.588643, 51.461662]]}, "properties": {"edge_id": 393, "from_node": 364165254, "to_node": 5240224479, "key": 0, "length": 44.13, "travel_time": 4.936, "access_score": 0.026458446222838564}}, {"type": "Feature", "geometry": {"type": "LineString", "coordinates": [[-2.58915, 51.461422], [-2.588968, 51.461266]]}, "properties": {"edge_id": 394, "from_node": 364165254, "to_node": 5240224464, "key": 0, "length": 21.4, "travel_time": 2.394, "access_score": 0.026458446222838564}}, {"type": "Feature", "geometry": {"type": "LineString", "coordinates": [[-2.58915, 51.461422], [-2.589321, 51.461572]]}, "properties": {"edge_id": 395, "from_node": 364165254, "to_node": 5240224498, "key": 0, "length": 20.52, "travel_time": 2.295, "access_score": 0.05201857358217238}}, {"type": "Feature", "geometry": {"type": "LineString", "coordinates": [[-2.58915, 51.461422], [-2.590298, 51.460857]]}, "properties": {"edge_id": 396, "from_node": 364165254, "to_node": 287226581, "key": 0, "length": 101.33, "travel_time": 11.333, "access_score": 0.03608253913763847}}, {"type": "Feature", "geometry": {"type": "LineString", "coordinates": [[-2.591349, 51.456994], [-2.591406, 51.456986]]}, "properties": {"edge_id": 397, "from_node": 365559371, "to_node": 13288882110, "key": 0, "length": 4.02, "travel_time": 0.449, "access_score": 0.020849090812167816}}, {"type": "Feature", "geometry": {"type": "LineString", "coordinates": [[-2.591349, 51.456994], [-2.591423, 51.457099]]}, "properties": {"edge_id": 398, "from_node": 365559371, "to_node": 104859, "key": 0, "length": 12.81, "travel_time": 1.433, "access_score": 0.020849090812167816}}, {"type": "Feature", "geometry": {"type": "LineString", "coordinates": [[-2.591349, 51.456994], [-2.591297, 51.45701], [-2.591262, 51.457026]]}, "properties": {"edge_id": 399, "from_node": 365559371, "to_node": 13288882109, "key": 0, "length": 7.04, "travel_time": 0.788, "access_score": 0.02097411295135073}}, {"type": "Feature", "geometry": {"type": "LineString", "coordinates": [[-2.590398, 51.461896], [-2.590338, 51.462004]]}, "properties": {"edge_id": 400, "from_node": 365559388, "to_node": 21309749, "key": 0, "length": 12.66, "travel_time": 1.416, "access_score": 0.07219816267701606}}, {"type": "Feature", "geometry": {"type": "LineString", "coordinates": [[-2.590398, 51.461896], [-2.590604, 51.461997], [-2.590746, 51.462077]]}, "properties": {"edge_id": 401, "from_node": 365559388, "to_node": 1247760876, "key": 0, "length": 31.43, "travel_time": 3.516, "access_score": 0.06867753079699289}}, {"type": "Feature", "geometry": {"type": "LineString", "coordinates": [[-2.590398, 51.461896], [-2.590459, 51.461791], [-2.590556, 51.461631], [-2.590624, 51.461525]]}, "properties": {"edge_id": 402, "from_node": 365559388, "to_node": 6225987537, "key": 0, "length": 44.16, "travel_time": 4.939, "access_score": 0.03997558562320938}}, {"type": "Feature", "geometry": {"type": "LineString", "coordinates": [[-2.580373, 51.457159], [-2.580291, 51.457181], [-2.580191, 51.457206], [-2.580132, 51.457224], [-2.580021, 51.45726], [-2.579734, 51.457361], [-2.579637, 51.457388]]}, "properties": {"edge_id": 403, "from_node": 366664563, "to_node": 5156816332, "key": 0, "length": 57.09, "travel_time": 6.386, "access_score": 0.01905971567026422}}, {"type": "Feature", "geometry": {"type": "LineString", "coordinates": [[-2.580373, 51.457159], [-2.580316, 51.457285], [-2.580242, 51.45741]]}, "properties": {"edge_id": 404, "from_node": 366664563, "to_node": 17396682, "key": 0, "length": 29.3, "travel_time": 2.185, "access_score": 0.012293341174689465}}, {"type": "Feature", "geometry": {"type": "LineString", "coordinates": [[-2.580373, 51.457159], [-2.58038, 51.457134], [-2.580398, 51.457041], [-2.5804, 51.457005], [-2.580392, 51.456963]]}, "properties": {"edge_id": 405, "from_node": 366664563, "to_node": 262440826, "key": 0, "length": 21.97, "travel_time": 1.638, "access_score": 0.012870593256345977}}, {"type": "Feature", "geometry": {"type": "LineString", "coordinates": [[-2.591422, 51.460947], [-2.592164, 51.461397]]}, "properties": {"edge_id": 406, "from_node": 374166815, "to_node": 2743760828, "key": 0, "length": 71.68, "travel_time": 8.017, "access_score": 0.01338711465880663}}, {"type": "Feature", "geometry": {"type": "LineString", "coordinates": [[-2.591422, 51.460947], [-2.592128, 51.460465]]}, "properties": {"edge_id": 407, "from_node": 374166815, "to_node": 287226633, "key": 0, "length": 72.53, "travel_time": 8.112, "access_score": 0.013447231896930176}}, {"type": "Feature", "geometry": {"type": "LineString", "coordinates": [[-2.591422, 51.460947], [-2.59127, 51.460866], [-2.591174, 51.460852]]}, "properties": {"edge_id": 408, "from_node": 374166815, "to_node": 1081318790, "key": 0, "length": 20.78, "travel_time": 2.324, "access_score": 0.018000444835742473}}, {"type": "Feature", "geometry": {"type": "LineString", "coordinates": [[-2.584164, 51.459425], [-2.584185, 51.459438], [-2.58424, 51.459458], [-2.584312, 51.459465], [-2.584445, 51.459466], [-2.584144, 51.459542]]}, "properties": {"edge_id": 409, "from_node": 385560628, "to_node": 2433821534, "key": 0, "length": 43.13, "travel_time": 3.216, "access_score": 0.008547678385772233}}, {"type": "Feature", "geometry": {"type": "LineString", "coordinates": [[-2.584164, 51.459425], [-2.584113, 51.459388], [-2.584071, 51.459354], [-2.583922, 51.459234]]}, "properties": {"edge_id": 410, "from_node": 385560628, "to_node": 17476874, "key": 0, "length": 27.03, "travel_time": 2.016, "access_score": 0.011105361404663101}}, {"type": "Feature", "geometry": {"type": "LineString", "coordinates": [[-2.584164, 51.459425], [-2.584212, 51.459385], [-2.58424, 51.459354]]}, "properties": {"edge_id": 411, "from_node": 385560628, "to_node": 2433821537, "key": 0, "length": 9.57, "travel_time": 1.07, "access_score": 0.008795998072848128}}, {"type": "Feature", "geometry": {"type": "LineString", "coordinates": [[-2.584164, 51.459425], [-2.584141, 51.459444], [-2.584113, 51.45947]]}, "properties": {"edge_id": 412, "from_node": 385560628, "to_node": 2433821535, "key": 0, "length": 6.12, "travel_time": 0.685, "access_score": 0.008547678385772233}}, {"type": "Feature", "geometry": {"type": "LineString", "coordinates": [[-2.591045, 51.458102], [-2.590801, 51.458192], [-2.590624, 51.458257]]}, "properties": {"edge_id": 413, "from_node": 435846358, "to_node": 1382113262, "key": 0, "length": 33.92, "travel_time": 3.794, "access_score": 0.018939705659312397}}, {"type": "Feature", "geometry": {"type": "LineString", "coordinates": [[-2.591045, 51.458102], [-2.591299, 51.458032], [-2.591361, 51.458014]]}, "properties": {"edge_id": 414, "from_node": 435846358, "to_node": 2045184023, "key": 0, "length": 23.89, "travel_time": 2.672, "access_score": 0.011702559167627004}}, {"type": "Feature", "geometry": {"type": "LineString", "coordinates": [[-2.591045, 51.458102], [-2.590994, 51.458029], [-2.590533, 51.457372]]}, "properties": {"edge_id": 415, "from_node": 435846358, "to_node": 2627428303, "key": 0, "length": 88.54, "travel_time": 9.903, "access_score": 0.050258688698080416}}, {"type": "Feature", "geometry": {"type": "LineString", "coordinates": [[-2.583786, 51.459468], [-2.583712, 51.459453]]}, "properties": {"edge_id": 416, "from_node": 436181749, "to_node": 12613167913, "key": 0, "length": 5.38, "travel_time": 0.601, "access_score": 0.009489767341433622}}, {"type": "Feature", "geometry": {"type": "LineString", "coordinates": [[-2.583786, 51.459468], [-2.583763, 51.459504], [-2.583731, 51.459539], [-2.583647, 51.459586], [-2.583556, 51.45966]]}, "properties": {"edge_id": 417, "from_node": 436181749, "to_node": 17476815, "key": 0, "length": 27.02, "travel_time": 2.015, "access_score": 0.009200018116037977}}, {"type": "Feature", "geometry": {"type": "LineString", "coordinates": [[-2.583786, 51.459468], [-2.5838, 51.459434], [-2.583797, 51.459368], [-2.583776, 51.459298], [-2.583687, 51.459177], [-2.583628, 51.459033], [-2.583599, 51.45886], [-2.583606, 51.458714], [-2.583643, 51.458589]]}, "properties": {"edge_id": 418, "from_node": 436181749, "to_node": 17476820, "key": 0, "length": 100.16, "travel_time": 7.468, "access_score": 0.03407783765284184}}, {"type": "Feature", "geometry": {"type": "LineString", "coordinates": [[-2.583786, 51.459468], [-2.583851, 51.45948], [-2.583894, 51.459503]]}, "properties": {"edge_id": 419, "from_node": 436181749, "to_node": 3860745715, "key": 0, "length": 8.63, "travel_time": 0.965, "access_score": 0.009200018116037977}}, {"type": "Feature", "geometry": {"type": "LineString", "coordinates": [[-2.580904, 51.464062], [-2.580726, 51.463967]]}, "properties": {"edge_id": 420, "from_node": 462979246, "to_node": 104812, "key": 0, "length": 16.26, "travel_time": 1.819, "access_score": 0.0029665639845540153}}, {"type": "Feature", "geometry": {"type": "LineString", "coordinates": [[-2.580904, 51.464062], [-2.581512, 51.464371]]}, "properties": {"edge_id": 421, "from_node": 462979246, "to_node": 21591973, "key": 0, "length": 54.37, "travel_time": 6.081, "access_score": 0.0028727895942030823}}, {"type": "Feature", "geometry": {"type": "LineString", "coordinates": [[-2.580904, 51.464062], [-2.581323, 51.463796]]}, "properties": {"edge_id": 422, "from_node": 462979246, "to_node": 2433742262, "key": 0, "length": 41.49, "travel_time": 4.641, "access_score": 0.0031109427479171377}}, {"type": "Feature", "geometry": {"type": "LineString", "coordinates": [[-2.5847, 51.459297], [-2.584811, 51.459259]]}, "properties": {"edge_id": 423, "from_node": 492212322, "to_node": 5064786728, "key": 0, "length": 8.82, "travel_time": 0.987, "access_score": 0.007591170169262338}}, {"type": "Feature", "geometry": {"type": "LineString", "coordinates": [[-2.5847, 51.459297], [-2.584692, 51.459268], [-2.584702, 51.459183], [-2.58475, 51.458873]]}, "properties": {"edge_id": 424, "from_node": 492212322, "to_node": 3842753611, "key": 0, "length": 47.47, "travel_time": 5.309, "access_score": 0.009752033170467205}}, {"type": "Feature", "geometry": {"type": "LineString", "coordinates": [[-2.5847, 51.459297], [-2.584579, 51.459353], [-2.584494, 51.459378], [-2.584414, 51.459389], [-2.58433, 51.459389], [-2.584274, 51.45937], [-2.58424, 51.459354]]}, "properties": {"edge_id": 425, "from_node": 492212322, "to_node": 2433821537, "key": 0, "length": 35.76, "travel_time": 4.0, "access_score": 0.008795998072848128}}, {"type": "Feature", "geometry": {"type": "LineString", "coordinates": [[-2.584964, 51.457329], [-2.584924, 51.45739], [-2.584872, 51.457435], [-2.584839, 51.457475], [-2.584834, 51.457508], [-2.584759, 51.4576], [-2.584674, 51.457739]]}, "properties": {"edge_id": 426, "from_node": 492221099, "to_node": 2027862783, "key": 0, "length": 50.22, "travel_time": 5.617, "access_score": 0.012543172896302806}}, {"type": "Feature", "geometry": {"type": "LineString", "coordinates": [[-2.584964, 51.457329], [-2.584858, 51.457315], [-2.584783, 51.457305]]}, "properties": {"edge_id": 427, "from_node": 492221099, "to_node": 11124020086, "key": 0, "length": 12.77, "travel_time": 1.428, "access_score": 0.00841161479350949}}, {"type": "Feature", "geometry": {"type": "LineString", "coordinates": [[-2.584964, 51.457329], [-2.58497, 51.457236], [-2.584894, 51.457066], [-2.584829, 51.456974]]}, "properties": {"edge_id": 428, "from_node": 492221099, "to_node": 12649817254, "key": 0, "length": 41.13, "travel_time": 4.601, "access_score": 0.007996396233637343}}, {"type": "Feature", "geometry": {"type": "LineString", "coordinates": [[-2.583165, 51.456702], [-2.582524, 51.456831]]}, "properties": {"edge_id": 429, "from_node": 537141811, "to_node": 5834930818, "key": 0, "length": 46.67, "travel_time": 5.196, "access_score": 0.011065091254751629}}, {"type": "Feature", "geometry": {"type": "LineString", "coordinates": [[-2.583165, 51.456702], [-2.583247, 51.456901], [-2.583346, 51.457097]]}, "properties": {"edge_id": 430, "from_node": 537141811, "to_node": 1280269110, "key": 0, "length": 45.64, "travel_time": 5.081, "access_score": 0.009753490104338363}}, {"type": "Feature", "geometry": {"type": "LineString", "coordinates": [[-2.581379, 51.457498], [-2.582119, 51.457762]]}, "properties": {"edge_id": 431, "from_node": 537157926, "to_node": 117677996, "key": 0, "length": 59.16, "travel_time": 6.587, "access_score": 0.24062476555499437}}, {"type": "Feature", "geometry": {"type": "LineString", "coordinates": [[-2.581379, 51.457498], [-2.581619, 51.4573]]}, "properties": {"edge_id": 432, "from_node": 537157926, "to_node": 117678004, "key": 0, "length": 27.53, "travel_time": 3.079, "access_score": 0.023189270282795157}}, {"type": "Feature", "geometry": {"type": "LineString", "coordinates": [[-2.581379, 51.457498], [-2.580717, 51.457243]]}, "properties": {"edge_id": 433, "from_node": 537157926, "to_node": 1500366483, "key": 0, "length": 53.86, "travel_time": 5.997, "access_score": 0.02179920598553734}}, {"type": "Feature", "geometry": {"type": "LineString", "coordinates": [[-2.582116, 51.456938], [-2.582151, 51.456928], [-2.582409, 51.456859], [-2.582466, 51.456845], [-2.582524, 51.456831]]}, "properties": {"edge_id": 434, "from_node": 537157945, "to_node": 5834930818, "key": 0, "length": 30.67, "travel_time": 3.415, "access_score": 0.01384675954132594}}, {"type": "Feature", "geometry": {"type": "LineString", "coordinates": [[-2.582116, 51.456938], [-2.582075, 51.456976], [-2.581676, 51.457248], [-2.581619, 51.4573]]}, "properties": {"edge_id": 435, "from_node": 537157945, "to_node": 117678004, "key": 0, "length": 53.13, "travel_time": 5.942, "access_score": 0.022922980560533948}}, {"type": "Feature", "geometry": {"type": "LineString", "coordinates": [[-2.582116, 51.456938], [-2.582054, 51.45695], [-2.582046, 51.456951], [-2.581512, 51.457052]]}, "properties": {"edge_id": 436, "from_node": 537157945, "to_node": 537157950, "key": 0, "length": 43.68, "travel_time": 4.885, "access_score": 0.014797386932689909}}, {"type": "Feature", "geometry": {"type": "LineString", "coordinates": [[-2.581512, 51.457052], [-2.581066, 51.457172]]}, "properties": {"edge_id": 437, "from_node": 537157950, "to_node": 1280267501, "key": 0, "length": 33.74, "travel_time": 3.774, "access_score": 0.014262174888818568}}, {"type": "Feature", "geometry": {"type": "LineString", "coordinates": [[-2.581512, 51.457052], [-2.582046, 51.456951], [-2.582054, 51.45695], [-2.582116, 51.456938]]}, "properties": {"edge_id": 438, "from_node": 537157950, "to_node": 537157945, "key": 0, "length": 43.68, "travel_time": 4.885, "access_score": 0.014797386932689909}}, {"type": "Feature", "geometry": {"type": "LineString", "coordinates": [[-2.590704, 51.459827], [-2.590612, 51.459841], [-2.590486, 51.459834]]}, "properties": {"edge_id": 439, "from_node": 644926923, "to_node": 1280853195, "key": 0, "length": 15.36, "travel_time": 1.718, "access_score": 0.024638789414024812}}, {"type": "Feature", "geometry": {"type": "LineString", "coordinates": [[-2.590704, 51.459827], [-2.590751, 51.459815], [-2.590959, 51.459752]]}, "properties": {"edge_id": 440, "from_node": 644926923, "to_node": 17660738, "key": 0, "length": 19.52, "travel_time": 2.183, "access_score": 0.02258808112415102}}, {"type": "Feature", "geometry": {"type": "LineString", "coordinates": [[-2.590704, 51.459827], [-2.590681, 51.459789], [-2.59067, 51.459772]]}, "properties": {"edge_id": 441, "from_node": 644926923, "to_node": 5823455892, "key": 0, "length": 6.51, "travel_time": 0.728, "access_score": 0.02258808112415102}}, {"type": "Feature", "geometry": {"type": "LineString", "coordinates": [[-2.590704, 51.459827], [-2.590732, 51.459873], [-2.590746, 51.459907]]}, "properties": {"edge_id": 442, "from_node": 644926923, "to_node": 9464338656, "key": 0, "length": 9.42, "travel_time": 1.054, "access_score": 0.026757465247101174}}, {"type": "Feature", "geometry": {"type": "LineString", "coordinates": [[-2.590845, 51.459913], [-2.590892, 51.459913]]}, "properties": {"edge_id": 443, "from_node": 644926968, "to_node": 13002072656, "key": 0, "length": 3.29, "travel_time": 0.368, "access_score": 0.024526297251259467}}, {"type": "Feature", "geometry": {"type": "LineString", "coordinates": [[-2.590845, 51.459913], [-2.590861, 51.459876], [-2.590901, 51.459835], [-2.590959, 51.459752]]}, "properties": {"edge_id": 444, "from_node": 644926968, "to_node": 17660738, "key": 0, "length": 19.6, "travel_time": 2.192, "access_score": 0.024526297251259467}}, {"type": "Feature", "geometry": {"type": "LineString", "coordinates": [[-2.590845, 51.459913], [-2.590844, 51.459943], [-2.590854, 51.460018], [-2.590886, 51.460114], [-2.590892, 51.46013], [-2.591027, 51.460359], [-2.591091, 51.460469]]}, "properties": {"edge_id": 445, "from_node": 644926968, "to_node": 3332266272, "key": 0, "length": 64.59, "travel_time": 7.224, "access_score": 0.039537877252019446}}, {"type": "Feature", "geometry": {"type": "LineString", "coordinates": [[-2.590845, 51.459913], [-2.5908, 51.459912], [-2.590746, 51.459907]]}, "properties": {"edge_id": 446, "from_node": 644926968, "to_node": 9464338656, "key": 0, "length": 6.9, "travel_time": 0.772, "access_score": 0.026757465247101174}}, {"type": "Feature", "geometry": {"type": "LineString", "coordinates": [[-2.591315, 51.459716], [-2.591412, 51.45971]]}, "properties": {"edge_id": 447, "from_node": 645089694, "to_node": 645089696, "key": 0, "length": 6.74, "travel_time": 0.696, "access_score": 0.012631463560114147}}, {"type": "Feature", "geometry": {"type": "LineString", "coordinates": [[-2.591315, 51.459716], [-2.591092, 51.459778]]}, "properties": {"edge_id": 448, "from_node": 645089694, "to_node": 645089708, "key": 0, "length": 16.95, "travel_time": 1.896, "access_score": 0.01580119063889269}}, {"type": "Feature", "geometry": {"type": "LineString", "coordinates": [[-2.591315, 51.459716], [-2.591274, 51.459751], [-2.591159, 51.459789], [-2.591061, 51.459818], [-2.591035, 51.459834], [-2.591019, 51.45985]]}, "properties": {"edge_id": 449, "from_node": 645089694, "to_node": 1281268388, "key": 0, "length": 25.93, "travel_time": 2.901, "access_score": 0.01849023689104379}}, {"type": "Feature", "geometry": {"type": "LineString", "coordinates": [[-2.591412, 51.45971], [-2.591315, 51.459716]]}, "properties": {"edge_id": 450, "from_node": 645089696, "to_node": 645089694, "key": 0, "length": 6.74, "travel_time": 0.696, "access_score": 0.012631463560114147}}, {"type": "Feature", "geometry": {"type": "LineString", "coordinates": [[-2.591412, 51.45971], [-2.59131, 51.459776], [-2.591019, 51.45985]]}, "properties": {"edge_id": 451, "from_node": 645089696, "to_node": 1281268388, "key": 0, "length": 31.93, "travel_time": 3.572, "access_score": 0.01849023689104379}}, {"type": "Feature", "geometry": {"type": "LineString", "coordinates": [[-2.591092, 51.459778], [-2.591315, 51.459716]]}, "properties": {"edge_id": 452, "from_node": 645089708, "to_node": 645089694, "key": 0, "length": 16.95, "travel_time": 1.896, "access_score": 0.01580119063889269}}, {"type": "Feature", "geometry": {"type": "LineString", "coordinates": [[-2.591092, 51.459778], [-2.591023, 51.459806], [-2.590986, 51.459831], [-2.590951, 51.459863]]}, "properties": {"edge_id": 453, "from_node": 645089708, "to_node": 645089711, "key": 0, "length": 13.75, "travel_time": 1.42, "access_score": 0.020094500552256315}}, {"type": "Feature", "geometry": {"type": "LineString", "coordinates": [[-2.591092, 51.459778], [-2.590995, 51.459652], [-2.590924, 51.459581], [-2.590726, 51.45945]]}, "properties": {"edge_id": 454, "from_node": 645089708, "to_node": 3329881929, "key": 0, "length": 44.86, "travel_time": 5.017, "access_score": 0.01580119063889269}}, {"type": "Feature", "geometry": {"type": "LineString", "coordinates": [[-2.590951, 51.459863], [-2.591019, 51.45985]]}, "properties": {"edge_id": 455, "from_node": 645089711, "to_node": 1281268388, "key": 0, "length": 4.96, "travel_time": 0.555, "access_score": 0.020094500552256315}}, {"type": "Feature", "geometry": {"type": "LineString", "coordinates": [[-2.590951, 51.459863], [-2.590986, 51.459831], [-2.591023, 51.459806], [-2.591092, 51.459778]]}, "properties": {"edge_id": 456, "from_node": 645089711, "to_node": 645089708, "key": 0, "length": 13.75, "travel_time": 1.42, "access_score": 0.020094500552256315}}, {"type": "Feature", "geometry": {"type": "LineString", "coordinates": [[-2.590951, 51.459863], [-2.590927, 51.459914], [-2.590928, 51.459928], [-2.590998, 51.4601], [-2.591184, 51.460446]]}, "properties": {"edge_id": 457, "from_node": 645089711, "to_node": 3332266269, "key": 0, "length": 67.79, "travel_time": 7.583, "access_score": 0.03076993317179801}}, {"type": "Feature", "geometry": {"type": "LineString", "coordinates": [[-2.590085, 51.459194], [-2.589163, 51.459209]]}, "properties": {"edge_id": 458, "from_node": 645089864, "to_node": 2433863938, "key": 0, "length": 63.89, "travel_time": 7.146, "access_score": 0.015396979332715341}}, {"type": "Feature", "geometry": {"type": "LineString", "coordinates": [[-2.590085, 51.459194], [-2.590189, 51.459208], [-2.590232, 51.459209], [-2.590326, 51.459179], [-2.590339, 51.459174]]}, "properties": {"edge_id": 459, "from_node": 645089864, "to_node": 6937982874, "key": 0, "length": 18.71, "travel_time": 2.092, "access_score": 0.015675565480251005}}, {"type": "Feature", "geometry": {"type": "LineString", "coordinates": [[-2.590085, 51.459194], [-2.590198, 51.45919], [-2.590796, 51.45899]]}, "properties": {"edge_id": 460, "from_node": 645089864, "to_node": 1280853173, "key": 0, "length": 54.87, "travel_time": 6.137, "access_score": 0.017223650295509995}}, {"type": "Feature", "geometry": {"type": "LineString", "coordinates": [[-2.585815, 51.456469], [-2.585949, 51.45656], [-2.586035, 51.456606], [-2.586109, 51.456635]]}, "properties": {"edge_id": 461, "from_node": 826648017, "to_node": 826648042, "key": 0, "length": 27.64, "travel_time": 2.856, "access_score": 0.004265673897189869}}, {"type": "Feature", "geometry": {"type": "LineString", "coordinates": [[-2.586109, 51.456635], [-2.586035, 51.456606], [-2.585949, 51.45656], [-2.585815, 51.456469]]}, "properties": {"edge_id": 462, "from_node": 826648042, "to_node": 826648017, "key": 0, "length": 27.64, "travel_time": 2.856, "access_score": 0.004265673897189869}}, {"type": "Feature", "geometry": {"type": "LineString", "coordinates": [[-2.586109, 51.456635], [-2.586249, 51.45667], [-2.586403, 51.456688], [-2.586432, 51.456687]]}, "properties": {"edge_id": 463, "from_node": 826648042, "to_node": 5822644367, "key": 0, "length": 23.37, "travel_time": 2.614, "access_score": 0.0042399398935359005}}, {"type": "Feature", "geometry": {"type": "LineString", "coordinates": [[-2.586109, 51.456635], [-2.586125, 51.456664], [-2.586131, 51.45669], [-2.586134, 51.456766]]}, "properties": {"edge_id": 464, "from_node": 826648042, "to_node": 5822644345, "key": 0, "length": 14.85, "travel_time": 1.661, "access_score": 0.004407464161903905}}, {"type": "Feature", "geometry": {"type": "LineString", "coordinates": [[-2.586604, 51.4568], [-2.586314, 51.456915]]}, "properties": {"edge_id": 465, "from_node": 826648048, "to_node": 5822644363, "key": 0, "length": 23.84, "travel_time": 2.666, "access_score": 0.004428221118411506}}, {"type": "Feature", "geometry": {"type": "LineString", "coordinates": [[-2.586604, 51.4568], [-2.586782, 51.456741]]}, "properties": {"edge_id": 466, "from_node": 826648048, "to_node": 21309372, "key": 0, "length": 13.98, "travel_time": 1.564, "access_score": 0.004010626267260765}}, {"type": "Feature", "geometry": {"type": "LineString", "coordinates": [[-2.586604, 51.4568], [-2.586533, 51.456727], [-2.586432, 51.456687]]}, "properties": {"edge_id": 467, "from_node": 826648048, "to_node": 5822644367, "key": 0, "length": 17.79, "travel_time": 1.99, "access_score": 0.004028622618708114}}, {"type": "Feature", "geometry": {"type": "LineString", "coordinates": [[-2.58408, 51.458476], [-2.584129, 51.458409]]}, "properties": {"edge_id": 468, "from_node": 826736676, "to_node": 2130610640, "key": 0, "length": 8.19, "travel_time": 0.916, "access_score": 0.026174382354398763}}, {"type": "Feature", "geometry": {"type": "LineString", "coordinates": [[-2.58408, 51.458476], [-2.584037, 51.458515], [-2.583968, 51.458731], [-2.583963, 51.458793], [-2.583954, 51.458839], [-2.583995, 51.459036], [-2.584029, 51.459114], [-2.584098, 51.459216], [-2.584219, 51.459338], [-2.58424, 51.459354]]}, "properties": {"edge_id": 469, "from_node": 826736676, "to_node": 2433821537, "key": 0, "length": 103.43, "travel_time": 11.568, "access_score": 0.025774437599464524}}, {"type": "Feature", "geometry": {"type": "LineString", "coordinates": [[-2.58408, 51.458476], [-2.584115, 51.458486], [-2.584491, 51.458604]]}, "properties": {"edge_id": 470, "from_node": 826736676, "to_node": 6481238332, "key": 0, "length": 31.83, "travel_time": 3.56, "access_score": 0.02576463708018274}}, {"type": "Feature", "geometry": {"type": "LineString", "coordinates": [[-2.583033, 51.463593], [-2.583444, 51.463343]]}, "properties": {"edge_id": 471, "from_node": 835468054, "to_node": 859323020, "key": 0, "length": 39.74, "travel_time": 4.445, "access_score": 0.003032672172003547}}, {"type": "Feature", "geometry": {"type": "LineString", "coordinates": [[-2.583033, 51.463593], [-2.582922, 51.463522], [-2.582798, 51.463548]]}, "properties": {"edge_id": 472, "from_node": 835468054, "to_node": 2433764735, "key": 0, "length": 20.11, "travel_time": 2.249, "access_score": 0.0030605228746530665}}, {"type": "Feature", "geometry": {"type": "LineString", "coordinates": [[-2.583033, 51.463593], [-2.583151, 51.463671], [-2.583165, 51.463696], [-2.583222, 51.463741]]}, "properties": {"edge_id": 473, "from_node": 835468054, "to_node": 859323097, "key": 0, "length": 21.23, "travel_time": 2.374, "access_score": 0.0029509757574890903}}, {"type": "Feature", "geometry": {"type": "LineString", "coordinates": [[-2.584182, 51.46288], [-2.583744, 51.463155]]}, "properties": {"edge_id": 474, "from_node": 835468055, "to_node": 2433764623, "key": 0, "length": 43.03, "travel_time": 4.812, "access_score": 0.003870063819626661}}, {"type": "Feature", "geometry": {"type": "LineString", "coordinates": [[-2.584182, 51.46288], [-2.583801, 51.462643]]}, "properties": {"edge_id": 475, "from_node": 835468055, "to_node": 835468057, "key": 0, "length": 37.32, "travel_time": 4.174, "access_score": 0.003953135003379371}}, {"type": "Feature", "geometry": {"type": "LineString", "coordinates": [[-2.584182, 51.46288], [-2.584398, 51.463014], [-2.584554, 51.462923], [-2.584735, 51.462859], [-2.584889, 51.462828]]}, "properties": {"edge_id": 476, "from_node": 835468055, "to_node": 282238484, "key": 0, "length": 61.45, "travel_time": 6.873, "access_score": 0.0043416191632589}}, {"type": "Feature", "geometry": {"type": "LineString", "coordinates": [[-2.583801, 51.462643], [-2.583575, 51.462786]]}, "properties": {"edge_id": 477, "from_node": 835468057, "to_node": 2433764693, "key": 0, "length": 22.34, "travel_time": 2.499, "access_score": 0.003953135003379371}}, {"type": "Feature", "geometry": {"type": "LineString", "coordinates": [[-2.583801, 51.462643], [-2.583678, 51.462563]]}, "properties": {"edge_id": 478, "from_node": 835468057, "to_node": 2433764756, "key": 0, "length": 12.37, "travel_time": 1.384, "access_score": 0.003966489244128727}}, {"type": "Feature", "geometry": {"type": "LineString", "coordinates": [[-2.583801, 51.462643], [-2.584182, 51.46288]]}, "properties": {"edge_id": 479, "from_node": 835468057, "to_node": 835468055, "key": 0, "length": 37.32, "travel_time": 4.174, "access_score": 0.003953135003379371}}, {"type": "Feature", "geometry": {"type": "LineString", "coordinates": [[-2.581946, 51.464187], [-2.581712, 51.464073]]}, "properties": {"edge_id": 480, "from_node": 835468061, "to_node": 6327939700, "key": 0, "length": 20.6, "travel_time": 2.304, "access_score": 0.0028041533491290757}}, {"type": "Feature", "geometry": {"type": "LineString", "coordinates": [[-2.581946, 51.464187], [-2.581754, 51.464306]]}, "properties": {"edge_id": 481, "from_node": 835468061, "to_node": 3980721935, "key": 0, "length": 18.75, "travel_time": 2.097, "access_score": 0.002683681906089928}}, {"type": "Feature", "geometry": {"type": "LineString", "coordinates": [[-2.581946, 51.464187], [-2.582013, 51.464148]]}, "properties": {"edge_id": 482, "from_node": 835468061, "to_node": 6327939694, "key": 0, "length": 6.34, "travel_time": 0.709, "access_score": 0.0027060462145310584}}, {"type": "Feature", "geometry": {"type": "LineString", "coordinates": [[-2.581592, 51.464414], [-2.581512, 51.464371]]}, "properties": {"edge_id": 483, "from_node": 835468062, "to_node": 21591973, "key": 0, "length": 7.3, "travel_time": 0.816, "access_score": 0.0025859543433938603}}, {"type": "Feature", "geometry": {"type": "LineString", "coordinates": [[-2.581592, 51.464414], [-2.581754, 51.464306]]}, "properties": {"edge_id": 484, "from_node": 835468062, "to_node": 3980721935, "key": 0, "length": 16.49, "travel_time": 1.844, "access_score": 0.0026142018780873104}}, {"type": "Feature", "geometry": {"type": "LineString", "coordinates": [[-2.58138, 51.463827], [-2.581323, 51.463796]]}, "properties": {"edge_id": 485, "from_node": 835468063, "to_node": 2433742262, "key": 0, "length": 5.24, "travel_time": 0.586, "access_score": 0.0031109427479171377}}, {"type": "Feature", "geometry": {"type": "LineString", "coordinates": [[-2.583176, 51.459813], [-2.583556, 51.45966]]}, "properties": {"edge_id": 486, "from_node": 835468169, "to_node": 17476815, "key": 0, "length": 31.32, "travel_time": 2.336, "access_score": 0.008025646750885353}}, {"type": "Feature", "geometry": {"type": "LineString", "coordinates": [[-2.583176, 51.459813], [-2.583095, 51.459826], [-2.583056, 51.459829], [-2.583016, 51.459827], [-2.582987, 51.459821], [-2.582962, 51.459811], [-2.582954, 51.459806]]}, "properties": {"edge_id": 487, "from_node": 835468169, "to_node": 11159894542, "key": 0, "length": 16.22, "travel_time": 1.815, "access_score": 0.007183283281520106}}, {"type": "Feature", "geometry": {"type": "LineString", "coordinates": [[-2.583176, 51.459813], [-2.58295, 51.459908], [-2.582903, 51.459928], [-2.582482, 51.460104]]}, "properties": {"edge_id": 488, "from_node": 835468169, "to_node": 17476811, "key": 0, "length": 57.98, "travel_time": 4.323, "access_score": 0.007183283281520106}}, {"type": "Feature", "geometry": {"type": "LineString", "coordinates": [[-2.582209, 51.463573], [-2.581912, 51.463812]]}, "properties": {"edge_id": 489, "from_node": 859323002, "to_node": 859323296, "key": 0, "length": 33.57, "travel_time": 3.755, "access_score": 0.0031978468862005846}}, {"type": "Feature", "geometry": {"type": "LineString", "coordinates": [[-2.582209, 51.463573], [-2.582409, 51.463449]]}, "properties": {"edge_id": 490, "from_node": 859323002, "to_node": 859323050, "key": 0, "length": 19.56, "travel_time": 2.187, "access_score": 0.0032775640636237193}}, {"type": "Feature", "geometry": {"type": "LineString", "coordinates": [[-2.582209, 51.463573], [-2.581584, 51.46364]]}, "properties": {"edge_id": 491, "from_node": 859323002, "to_node": 859323102, "key": 0, "length": 43.97, "travel_time": 4.918, "access_score": 0.0032500647668770193}}, {"type": "Feature", "geometry": {"type": "LineString", "coordinates": [[-2.583444, 51.463343], [-2.583033, 51.463593]]}, "properties": {"edge_id": 492, "from_node": 859323020, "to_node": 835468054, "key": 0, "length": 39.74, "travel_time": 4.445, "access_score": 0.003032672172003547}}, {"type": "Feature", "geometry": {"type": "LineString", "coordinates": [[-2.583444, 51.463343], [-2.583354, 51.463278]]}, "properties": {"edge_id": 493, "from_node": 859323020, "to_node": 2433764852, "key": 0, "length": 9.61, "travel_time": 1.074, "access_score": 0.0031117553503474406}}, {"type": "Feature", "geometry": {"type": "LineString", "coordinates": [[-2.583444, 51.463343], [-2.583523, 51.463294], [-2.583744, 51.463155]]}, "properties": {"edge_id": 494, "from_node": 859323020, "to_node": 2433764623, "key": 0, "length": 29.54, "travel_time": 3.304, "access_score": 0.003326448610950104}}, {"type": "Feature", "geometry": {"type": "LineString", "coordinates": [[-2.582617, 51.462981], [-2.582702, 51.463032]]}, "properties": {"edge_id": 495, "from_node": 859323023, "to_node": 2433744231, "key": 0, "length": 8.14, "travel_time": 0.911, "access_score": 0.003766125477344999}}, {"type": "Feature", "geometry": {"type": "LineString", "coordinates": [[-2.582617, 51.462981], [-2.582126, 51.463308]]}, "properties": {"edge_id": 496, "from_node": 859323023, "to_node": 859323146, "key": 0, "length": 49.73, "travel_time": 5.562, "access_score": 0.003766125477344999}}, {"type": "Feature", "geometry": {"type": "LineString", "coordinates": [[-2.582617, 51.462981], [-2.582813, 51.462854]]}, "properties": {"edge_id": 497, "from_node": 859323023, "to_node": 2433744248, "key": 0, "length": 19.56, "travel_time": 2.188, "access_score": 0.003828753272936121}}, {"type": "Feature", "geometry": {"type": "LineString", "coordinates": [[-2.58298, 51.462366], [-2.583162, 51.462307], [-2.583242, 51.4623]]}, "properties": {"edge_id": 498, "from_node": 859323047, "to_node": 2433744240, "key": 0, "length": 19.77, "travel_time": 2.212, "access_score": 0.004402045358332514}}, {"type": "Feature", "geometry": {"type": "LineString", "coordinates": [[-2.58298, 51.462366], [-2.582976, 51.462461], [-2.582964, 51.46274], [-2.582944, 51.46277], [-2.58292, 51.462785]]}, "properties": {"edge_id": 499, "from_node": 859323047, "to_node": 2433764650, "key": 0, "length": 47.59, "travel_time": 5.323, "access_score": 0.004402045358332514}}, {"type": "Feature", "geometry": {"type": "LineString", "coordinates": [[-2.58298, 51.462366], [-2.582809, 51.462354], [-2.582681, 51.462375], [-2.582527, 51.462412], [-2.58244, 51.462448], [-2.582222, 51.462596], [-2.582288, 51.46263]]}, "properties": {"edge_id": 500, "from_node": 859323047, "to_node": 2433744233, "key": 0, "length": 67.97, "travel_time": 7.603, "access_score": 0.004775955617760588}}, {"type": "Feature", "geometry": {"type": "LineString", "coordinates": [[-2.582409, 51.463449], [-2.582209, 51.463573]]}, "properties": {"edge_id": 501, "from_node": 859323050, "to_node": 859323002, "key": 0, "length": 19.56, "travel_time": 2.187, "access_score": 0.0032775640636237193}}, {"type": "Feature", "geometry": {"type": "LineString", "coordinates": [[-2.582409, 51.463449], [-2.582497, 51.463434]]}, "properties": {"edge_id": 502, "from_node": 859323050, "to_node": 2433764738, "key": 0, "length": 6.34, "travel_time": 0.709, "access_score": 0.0032775640636237193}}, {"type": "Feature", "geometry": {"type": "LineString", "coordinates": [[-2.582409, 51.463449], [-2.582126, 51.463308]]}, "properties": {"edge_id": 503, "from_node": 859323050, "to_node": 859323146, "key": 0, "length": 25.09, "travel_time": 2.806, "access_score": 0.0035327027147438466}}, {"type": "Feature", "geometry": {"type": "LineString", "coordinates": [[-2.584702, 51.460609], [-2.584514, 51.460346]]}, "properties": {"edge_id": 504, "from_node": 859323057, "to_node": 364165243, "key": 0, "length": 31.95, "travel_time": 3.574, "access_score": 0.009648176524610407}}, {"type": "Feature", "geometry": {"type": "LineString", "coordinates": [[-2.584702, 51.460609], [-2.58397, 51.460813]]}, "properties": {"edge_id": 505, "from_node": 859323057, "to_node": 262442292, "key": 0, "length": 55.61, "travel_time": 6.219, "access_score": 0.009648176524610407}}, {"type": "Feature", "geometry": {"type": "LineString", "coordinates": [[-2.584702, 51.460609], [-2.584717, 51.460632]]}, "properties": {"edge_id": 506, "from_node": 859323057, "to_node": 19871255, "key": 0, "length": 2.78, "travel_time": 0.311, "access_score": 0.00980431649570681}}, {"type": "Feature", "geometry": {"type": "LineString", "coordinates": [[-2.589509, 51.461744], [-2.58832, 51.4623]]}, "properties": {"edge_id": 507, "from_node": 859323071, "to_node": 859323223, "key": 0, "length": 102.99, "travel_time": 11.519, "access_score": 0.06568025793790892}}, {"type": "Feature", "geometry": {"type": "LineString", "coordinates": [[-2.589509, 51.461744], [-2.589321, 51.461572]]}, "properties": {"edge_id": 508, "from_node": 859323071, "to_node": 5240224498, "key": 0, "length": 23.09, "travel_time": 2.583, "access_score": 0.0818728744145804}}, {"type": "Feature", "geometry": {"type": "LineString", "coordinates": [[-2.589509, 51.461744], [-2.58962, 51.461839], [-2.589711, 51.461884]]}, "properties": {"edge_id": 509, "from_node": 859323071, "to_node": 287226485, "key": 0, "length": 21.14, "travel_time": 2.365, "access_score": 0.06568025793790892}}, {"type": "Feature", "geometry": {"type": "LineString", "coordinates": [[-2.5817, 51.463051], [-2.582126, 51.463308]]}, "properties": {"edge_id": 510, "from_node": 859323083, "to_node": 859323146, "key": 0, "length": 41.06, "travel_time": 4.593, "access_score": 0.00405989572697724}}, {"type": "Feature", "geometry": {"type": "LineString", "coordinates": [[-2.5817, 51.463051], [-2.582288, 51.46263]]}, "properties": {"edge_id": 511, "from_node": 859323083, "to_node": 2433744233, "key": 0, "length": 62.08, "travel_time": 6.944, "access_score": 0.004540251470597361}}, {"type": "Feature", "geometry": {"type": "LineString", "coordinates": [[-2.5817, 51.463051], [-2.58157, 51.463149], [-2.581505, 51.463202], [-2.581474, 51.463233]]}, "properties": {"edge_id": 512, "from_node": 859323083, "to_node": 6327939492, "key": 0, "length": 25.59, "travel_time": 2.862, "access_score": 0.00405989572697724}}, {"type": "Feature", "geometry": {"type": "LineString", "coordinates": [[-2.583222, 51.463741], [-2.58289, 51.463942], [-2.582609, 51.46377]]}, "properties": {"edge_id": 513, "from_node": 859323097, "to_node": 2433764759, "key": 0, "length": 59.36, "travel_time": 6.639, "access_score": 0.002912401484160175}}, {"type": "Feature", "geometry": {"type": "LineString", "coordinates": [[-2.583222, 51.463741], [-2.583266, 51.463717], [-2.583417, 51.463691], [-2.583468, 51.463686], [-2.583733, 51.463691]]}, "properties": {"edge_id": 514, "from_node": 859323097, "to_node": 859323256, "key": 0, "length": 36.82, "travel_time": 4.119, "access_score": 0.002841732792691517}}, {"type": "Feature", "geometry": {"type": "LineString", "coordinates": [[-2.583222, 51.463741], [-2.583165, 51.463696], [-2.583151, 51.463671], [-2.583033, 51.463593]]}, "properties": {"edge_id": 515, "from_node": 859323097, "to_node": 835468054, "key": 0, "length": 21.23, "travel_time": 2.374, "access_score": 0.0029509757574890903}}, {"type": "Feature", "geometry": {"type": "LineString", "coordinates": [[-2.581584, 51.46364], [-2.582209, 51.463573]]}, "properties": {"edge_id": 516, "from_node": 859323102, "to_node": 859323002, "key": 0, "length": 43.97, "travel_time": 4.918, "access_score": 0.0032500647668770193}}, {"type": "Feature", "geometry": {"type": "LineString", "coordinates": [[-2.581584, 51.46364], [-2.581414, 51.463743], [-2.581323, 51.463796]]}, "properties": {"edge_id": 517, "from_node": 859323102, "to_node": 2433742262, "key": 0, "length": 24.99, "travel_time": 2.795, "access_score": 0.0032500647668770193}}, {"type": "Feature", "geometry": {"type": "LineString", "coordinates": [[-2.581584, 51.46364], [-2.58178, 51.463763], [-2.581912, 51.463812]]}, "properties": {"edge_id": 518, "from_node": 859323102, "to_node": 859323296, "key": 0, "length": 29.91, "travel_time": 3.345, "access_score": 0.0032500647668770193}}, {"type": "Feature", "geometry": {"type": "LineString", "coordinates": [[-2.58495, 51.460946], [-2.584964, 51.460965]]}, "properties": {"edge_id": 519, "from_node": 859323119, "to_node": 2433778866, "key": 0, "length": 2.36, "travel_time": 0.264, "access_score": 0.012160098929774028}}, {"type": "Feature", "geometry": {"type": "LineString", "coordinates": [[-2.58495, 51.460946], [-2.584717, 51.460632]]}, "properties": {"edge_id": 520, "from_node": 859323119, "to_node": 19871255, "key": 0, "length": 38.47, "travel_time": 4.303, "access_score": 0.012056884857376339}}, {"type": "Feature", "geometry": {"type": "LineString", "coordinates": [[-2.58495, 51.460946], [-2.584972, 51.460852], [-2.585042, 51.460739], [-2.585103, 51.460695]]}, "properties": {"edge_id": 521, "from_node": 859323119, "to_node": 859323159, "key": 0, "length": 30.49, "travel_time": 3.41, "access_score": 0.013464831814487101}}, {"type": "Feature", "geometry": {"type": "LineString", "coordinates": [[-2.586107, 51.460961], [-2.586018, 51.460838]]}, "properties": {"edge_id": 522, "from_node": 859323141, "to_node": 19871260, "key": 0, "length": 15.04, "travel_time": 1.682, "access_score": 0.15621951142150253}}, {"type": "Feature", "geometry": {"type": "LineString", "coordinates": [[-2.586107, 51.460961], [-2.586359, 51.461269]]}, "properties": {"edge_id": 523, "from_node": 859323141, "to_node": 19871261, "key": 0, "length": 38.38, "travel_time": 4.293, "access_score": 0.14717326947688042}}, {"type": "Feature", "geometry": {"type": "LineString", "coordinates": [[-2.586107, 51.460961], [-2.586121, 51.461076], [-2.586078, 51.461175], [-2.585974, 51.46126]]}, "properties": {"edge_id": 524, "from_node": 859323141, "to_node": 859323188, "key": 0, "length": 36.13, "travel_time": 4.041, "access_score": 0.14717326947688042}}, {"type": "Feature", "geometry": {"type": "LineString", "coordinates": [[-2.582126, 51.463308], [-2.5817, 51.463051]]}, "properties": {"edge_id": 525, "from_node": 859323146, "to_node": 859323083, "key": 0, "length": 41.06, "travel_time": 4.593, "access_score": 0.00405989572697724}}, {"type": "Feature", "geometry": {"type": "LineString", "coordinates": [[-2.582126, 51.463308], [-2.582409, 51.463449]]}, "properties": {"edge_id": 526, "from_node": 859323146, "to_node": 859323050, "key": 0, "length": 25.09, "travel_time": 2.806, "access_score": 0.0035327027147438466}}, {"type": "Feature", "geometry": {"type": "LineString", "coordinates": [[-2.582126, 51.463308], [-2.582617, 51.462981]]}, "properties": {"edge_id": 527, "from_node": 859323146, "to_node": 859323023, "key": 0, "length": 49.73, "travel_time": 5.562, "access_score": 0.003766125477344999}}, {"type": "Feature", "geometry": {"type": "LineString", "coordinates": [[-2.585103, 51.460695], [-2.585315, 51.460632]]}, "properties": {"edge_id": 528, "from_node": 859323159, "to_node": 3811627140, "key": 0, "length": 16.31, "travel_time": 1.825, "access_score": 0.015946908149294284}}, {"type": "Feature", "geometry": {"type": "LineString", "coordinates": [[-2.585103, 51.460695], [-2.585042, 51.460739], [-2.584972, 51.460852], [-2.58495, 51.460946]]}, "properties": {"edge_id": 529, "from_node": 859323159, "to_node": 859323119, "key": 0, "length": 30.49, "travel_time": 3.41, "access_score": 0.013464831814487101}}, {"type": "Feature", "geometry": {"type": "LineString", "coordinates": [[-2.585103, 51.460695], [-2.584979, 51.460731], [-2.584871, 51.460723], [-2.584799, 51.460689], [-2.584717, 51.460632]]}, "properties": {"edge_id": 530, "from_node": 859323159, "to_node": 19871255, "key": 0, "length": 31.8, "travel_time": 3.556, "access_score": 0.013464831814487101}}, {"type": "Feature", "geometry": {"type": "LineString", "coordinates": [[-2.588517, 51.461722], [-2.588643, 51.461662]]}, "properties": {"edge_id": 531, "from_node": 859323162, "to_node": 5240224479, "key": 0, "length": 10.97, "travel_time": 1.227, "access_score": 0.015231697549449792}}, {"type": "Feature", "geometry": {"type": "LineString", "coordinates": [[-2.585974, 51.46126], [-2.585753, 51.461324]]}, "properties": {"edge_id": 532, "from_node": 859323188, "to_node": 3811627145, "key": 0, "length": 16.81, "travel_time": 1.88, "access_score": 0.02470176396093218}}, {"type": "Feature", "geometry": {"type": "LineString", "coordinates": [[-2.585974, 51.46126], [-2.586078, 51.461175], [-2.586121, 51.461076], [-2.586107, 51.460961]]}, "properties": {"edge_id": 533, "from_node": 859323188, "to_node": 859323141, "key": 0, "length": 36.13, "travel_time": 4.041, "access_score": 0.14717326947688042}}, {"type": "Feature", "geometry": {"type": "LineString", "coordinates": [[-2.585974, 51.46126], [-2.586159, 51.461218], [-2.586248, 51.461225], [-2.586314, 51.461242], [-2.586359, 51.461269]]}, "properties": {"edge_id": 534, "from_node": 859323188, "to_node": 19871261, "key": 0, "length": 29.17, "travel_time": 3.262, "access_score": 0.03002406226394999}}, {"type": "Feature", "geometry": {"type": "LineString", "coordinates": [[-2.58832, 51.4623], [-2.589509, 51.461744]]}, "properties": {"edge_id": 535, "from_node": 859323223, "to_node": 859323071, "key": 0, "length": 102.99, "travel_time": 11.519, "access_score": 0.06568025793790892}}, {"type": "Feature", "geometry": {"type": "LineString", "coordinates": [[-2.58832, 51.4623], [-2.588219, 51.462216]]}, "properties": {"edge_id": 536, "from_node": 859323223, "to_node": 2882617932, "key": 0, "length": 11.72, "travel_time": 1.311, "access_score": 0.008634917945595934}}, {"type": "Feature", "geometry": {"type": "LineString", "coordinates": [[-2.58832, 51.4623], [-2.588181, 51.462367], [-2.58817, 51.462359], [-2.588063, 51.462408], [-2.58808, 51.462422], [-2.588165, 51.462381], [-2.58818, 51.462394], [-2.588027, 51.462469]]}, "properties": {"edge_id": 537, "from_node": 859323223, "to_node": 2882617940, "key": 0, "length": 47.17, "travel_time": 5.276, "access_score": 0.00861508726622265}}, {"type": "Feature", "geometry": {"type": "LineString", "coordinates": [[-2.583733, 51.463691], [-2.584272, 51.463371]]}, "properties": {"edge_id": 538, "from_node": 859323256, "to_node": 283348151, "key": 0, "length": 51.57, "travel_time": 5.768, "access_score": 0.0032997370740200866}}, {"type": "Feature", "geometry": {"type": "LineString", "coordinates": [[-2.583733, 51.463691], [-2.583703, 51.463709], [-2.583655, 51.463738]]}, "properties": {"edge_id": 539, "from_node": 859323256, "to_node": 283348229, "key": 0, "length": 7.51, "travel_time": 0.84, "access_score": 0.002841732792691517}}, {"type": "Feature", "geometry": {"type": "LineString", "coordinates": [[-2.583733, 51.463691], [-2.583468, 51.463686], [-2.583417, 51.463691], [-2.583266, 51.463717], [-2.583222, 51.463741]]}, "properties": {"edge_id": 540, "from_node": 859323256, "to_node": 859323097, "key": 0, "length": 36.82, "travel_time": 4.119, "access_score": 0.002841732792691517}}, {"type": "Feature", "geometry": {"type": "LineString", "coordinates": [[-2.582124, 51.464074], [-2.582061, 51.46412]]}, "properties": {"edge_id": 541, "from_node": 859323259, "to_node": 3980721920, "key": 0, "length": 6.66, "travel_time": 0.745, "access_score": 0.002749102771852036}}, {"type": "Feature", "geometry": {"type": "LineString", "coordinates": [[-2.582124, 51.464074], [-2.582052, 51.463893], [-2.581912, 51.463812]]}, "properties": {"edge_id": 542, "from_node": 859323259, "to_node": 859323296, "key": 0, "length": 33.99, "travel_time": 3.801, "access_score": 0.003015192578498731}}, {"type": "Feature", "geometry": {"type": "LineString", "coordinates": [[-2.582124, 51.464074], [-2.582516, 51.463831], [-2.582609, 51.46377]]}, "properties": {"edge_id": 543, "from_node": 859323259, "to_node": 2433764759, "key": 0, "length": 47.73, "travel_time": 5.338, "access_score": 0.002912401484160175}}, {"type": "Feature", "geometry": {"type": "LineString", "coordinates": [[-2.581912, 51.463812], [-2.582209, 51.463573]]}, "properties": {"edge_id": 544, "from_node": 859323296, "to_node": 859323002, "key": 0, "length": 33.57, "travel_time": 3.755, "access_score": 0.0031978468862005846}}, {"type": "Feature", "geometry": {"type": "LineString", "coordinates": [[-2.581912, 51.463812], [-2.582052, 51.463893], [-2.582124, 51.464074]]}, "properties": {"edge_id": 545, "from_node": 859323296, "to_node": 859323259, "key": 0, "length": 33.99, "travel_time": 3.801, "access_score": 0.003015192578498731}}, {"type": "Feature", "geometry": {"type": "LineString", "coordinates": [[-2.581912, 51.463812], [-2.58178, 51.463763], [-2.581584, 51.46364]]}, "properties": {"edge_id": 546, "from_node": 859323296, "to_node": 859323102, "key": 0, "length": 29.91, "travel_time": 3.345, "access_score": 0.0032500647668770193}}, {"type": "Feature", "geometry": {"type": "LineString", "coordinates": [[-2.592209, 51.463874], [-2.591682, 51.463588]]}, "properties": {"edge_id": 547, "from_node": 943619136, "to_node": 293091734, "key": 0, "length": 48.41, "travel_time": 5.415, "access_score": 0.19548011660730313}}, {"type": "Feature", "geometry": {"type": "LineString", "coordinates": [[-2.588985, 51.45881], [-2.588872, 51.458814], [-2.58872, 51.45882], [-2.588656, 51.458817]]}, "properties": {"edge_id": 548, "from_node": 993186001, "to_node": 5794635161, "key": 0, "length": 22.85, "travel_time": 2.556, "access_score": 0.01173312173486426}}, {"type": "Feature", "geometry": {"type": "LineString", "coordinates": [[-2.588985, 51.45881], [-2.589061, 51.4588], [-2.589133, 51.458775], [-2.589748, 51.458564]]}, "properties": {"edge_id": 549, "from_node": 993186001, "to_node": 5919449223, "key": 0, "length": 59.76, "travel_time": 6.684, "access_score": 0.03305821455097533}}, {"type": "Feature", "geometry": {"type": "LineString", "coordinates": [[-2.588985, 51.45881], [-2.589045, 51.458892], [-2.589155, 51.459112], [-2.589163, 51.459209]]}, "properties": {"edge_id": 550, "from_node": 993186001, "to_node": 2433863938, "key": 0, "length": 46.47, "travel_time": 5.197, "access_score": 0.011897183905952803}}, {"type": "Feature", "geometry": {"type": "LineString", "coordinates": [[-2.592088, 51.462704], [-2.591897, 51.462588], [-2.591819, 51.462541]]}, "properties": {"edge_id": 551, "from_node": 1079382140, "to_node": 1079382215, "key": 0, "length": 25.99, "travel_time": 2.907, "access_score": 0.02578264678057368}}, {"type": "Feature", "geometry": {"type": "LineString", "coordinates": [[-2.591171, 51.462953], [-2.59085, 51.463162]]}, "properties": {"edge_id": 552, "from_node": 1079382178, "to_node": 21309823, "key": 0, "length": 32.13, "travel_time": 3.594, "access_score": 0.024965212198855242}}, {"type": "Feature", "geometry": {"type": "LineString", "coordinates": [[-2.591171, 51.462953], [-2.59126, 51.462893]]}, "properties": {"edge_id": 553, "from_node": 1079382178, "to_node": 30239270, "key": 0, "length": 9.05, "travel_time": 1.013, "access_score": 0.028597717521135966}}, {"type": "Feature", "geometry": {"type": "LineString", "coordinates": [[-2.591171, 51.462953], [-2.591214, 51.46298]]}, "properties": {"edge_id": 554, "from_node": 1079382178, "to_node": 10816643847, "key": 0, "length": 4.22, "travel_time": 0.472, "access_score": 0.024965212198855242}}, {"type": "Feature", "geometry": {"type": "LineString", "coordinates": [[-2.591819, 51.462541], [-2.59215, 51.462313]]}, "properties": {"edge_id": 555, "from_node": 1079382215, "to_node": 1227136451, "key": 0, "length": 34.19, "travel_time": 3.824, "access_score": 0.02578264678057368}}, {"type": "Feature", "geometry": {"type": "LineString", "coordinates": [[-2.591819, 51.462541], [-2.591784, 51.462564], [-2.591741, 51.46259]]}, "properties": {"edge_id": 556, "from_node": 1079382215, "to_node": 30239256, "key": 0, "length": 7.66, "travel_time": 0.856, "access_score": 0.028245252819573935}}, {"type": "Feature", "geometry": {"type": "LineString", "coordinates": [[-2.591819, 51.462541], [-2.591897, 51.462588], [-2.592088, 51.462704]]}, "properties": {"edge_id": 557, "from_node": 1079382215, "to_node": 1079382140, "key": 0, "length": 25.99, "travel_time": 2.907, "access_score": 0.02578264678057368}}, {"type": "Feature", "geometry": {"type": "LineString", "coordinates": [[-2.59215, 51.462834], [-2.59206, 51.462784]]}, "properties": {"edge_id": 558, "from_node": 1079382229, "to_node": 10816974040, "key": 0, "length": 8.45, "travel_time": 0.946, "access_score": 0.015315080079202594}}, {"type": "Feature", "geometry": {"type": "LineString", "coordinates": [[-2.590101, 51.462084], [-2.590117, 51.46208]]}, "properties": {"edge_id": 559, "from_node": 1079986909, "to_node": 6111856718, "key": 0, "length": 1.2, "travel_time": 0.134, "access_score": 0.047133940879358696}}, {"type": "Feature", "geometry": {"type": "LineString", "coordinates": [[-2.590101, 51.462084], [-2.590007, 51.461987], [-2.589957, 51.46195], [-2.589809, 51.461906], [-2.589711, 51.461884]]}, "properties": {"edge_id": 560, "from_node": 1079986909, "to_node": 287226485, "key": 0, "length": 36.64, "travel_time": 4.098, "access_score": 0.045193656502895765}}, {"type": "Feature", "geometry": {"type": "LineString", "coordinates": [[-2.590101, 51.462084], [-2.589815, 51.462207], [-2.589522, 51.462334], [-2.588686, 51.462711], [-2.588502, 51.462794]]}, "properties": {"edge_id": 561, "from_node": 1079986909, "to_node": 4795736877, "key": 0, "length": 136.04, "travel_time": 15.216, "access_score": 0.045193656502895765}}, {"type": "Feature", "geometry": {"type": "LineString", "coordinates": [[-2.590703, 51.463306], [-2.590298, 51.463178]]}, "properties": {"edge_id": 562, "from_node": 1080015181, "to_node": 6211575728, "key": 0, "length": 31.49, "travel_time": 3.522, "access_score": 0.026335383213161933}}, {"type": "Feature", "geometry": {"type": "LineString", "coordinates": [[-2.590703, 51.463306], [-2.590743, 51.463261], [-2.590789, 51.463216], [-2.59085, 51.463162]]}, "properties": {"edge_id": 563, "from_node": 1080015181, "to_node": 21309823, "key": 0, "length": 18.98, "travel_time": 2.123, "access_score": 0.016302541419916702}}, {"type": "Feature", "geometry": {"type": "LineString", "coordinates": [[-2.590703, 51.463306], [-2.590651, 51.463374], [-2.590612, 51.463433]]}, "properties": {"edge_id": 564, "from_node": 1080015181, "to_node": 10816632963, "key": 0, "length": 15.49, "travel_time": 1.733, "access_score": 0.021775134272400236}}, {"type": "Feature", "geometry": {"type": "LineString", "coordinates": [[-2.590424, 51.463989], [-2.590326, 51.464018], [-2.590278, 51.464027], [-2.590219, 51.46403], [-2.589927, 51.464012], [-2.58987, 51.464009], [-2.589744, 51.463992]]}, "properties": {"edge_id": 565, "from_node": 1080015188, "to_node": 26466665, "key": 0, "length": 48.35, "travel_time": 5.407, "access_score": 0.21789609109064167}}, {"type": "Feature", "geometry": {"type": "LineString", "coordinates": [[-2.590424, 51.463989], [-2.590449, 51.464024], [-2.590468, 51.464038], [-2.590492, 51.464049], [-2.590518, 51.464057], [-2.590544, 51.464062], [-2.590841, 51.464089]]}, "properties": {"edge_id": 566, "from_node": 1080015188, "to_node": 1081318805, "key": 0, "length": 33.09, "travel_time": 3.701, "access_score": 0.047775099775874526}}, {"type": "Feature", "geometry": {"type": "LineString", "coordinates": [[-2.590424, 51.463989], [-2.590418, 51.463972], [-2.590419, 51.463945], [-2.590465, 51.463807], [-2.590545, 51.463564], [-2.590569, 51.463508], [-2.590612, 51.463433]]}, "properties": {"edge_id": 567, "from_node": 1080015188, "to_node": 10816632963, "key": 0, "length": 63.51, "travel_time": 7.103, "access_score": 0.07568375202111544}}, {"type": "Feature", "geometry": {"type": "LineString", "coordinates": [[-2.591174, 51.460852], [-2.591101, 51.460835]]}, "properties": {"edge_id": 568, "from_node": 1081318790, "to_node": 21309750, "key": 0, "length": 5.4, "travel_time": 0.604, "access_score": 0.019570242513936572}}, {"type": "Feature", "geometry": {"type": "LineString", "coordinates": [[-2.591174, 51.460852], [-2.590856, 51.461138]]}, "properties": {"edge_id": 569, "from_node": 1081318790, "to_node": 1281318363, "key": 0, "length": 38.7, "travel_time": 4.328, "access_score": 0.018000444835742473}}, {"type": "Feature", "geometry": {"type": "LineString", "coordinates": [[-2.591174, 51.460852], [-2.59127, 51.460866], [-2.591422, 51.460947]]}, "properties": {"edge_id": 570, "from_node": 1081318790, "to_node": 374166815, "key": 0, "length": 20.78, "travel_time": 2.324, "access_score": 0.018000444835742473}}, {"type": "Feature", "geometry": {"type": "LineString", "coordinates": [[-2.591174, 51.460852], [-2.591232, 51.460698], [-2.591222, 51.460518]]}, "properties": {"edge_id": 571, "from_node": 1081318790, "to_node": 3332266267, "key": 0, "length": 37.67, "travel_time": 4.213, "access_score": 0.026914796564552017}}, {"type": "Feature", "geometry": {"type": "LineString", "coordinates": [[-2.590841, 51.464089], [-2.590959, 51.464099]]}, "properties": {"edge_id": 572, "from_node": 1081318805, "to_node": 1081318900, "key": 0, "length": 8.25, "travel_time": 0.922, "access_score": 0.02026540104230544}}, {"type": "Feature", "geometry": {"type": "LineString", "coordinates": [[-2.590841, 51.464089], [-2.59085, 51.464056]]}, "properties": {"edge_id": 573, "from_node": 1081318805, "to_node": 10816643047, "key": 0, "length": 3.66, "travel_time": 0.409, "access_score": 0.02090951314855504}}, {"type": "Feature", "geometry": {"type": "LineString", "coordinates": [[-2.590841, 51.464089], [-2.590544, 51.464062], [-2.590518, 51.464057], [-2.590492, 51.464049], [-2.590468, 51.464038], [-2.590449, 51.464024], [-2.590424, 51.463989]]}, "properties": {"edge_id": 574, "from_node": 1081318805, "to_node": 1080015188, "key": 0, "length": 33.09, "travel_time": 3.701, "access_score": 0.047775099775874526}}, {"type": "Feature", "geometry": {"type": "LineString", "coordinates": [[-2.590959, 51.464099], [-2.591134, 51.464113]]}, "properties": {"edge_id": 575, "from_node": 1081318900, "to_node": 26151671, "key": 0, "length": 12.22, "travel_time": 1.367, "access_score": 0.01761329606155984}}, {"type": "Feature", "geometry": {"type": "LineString", "coordinates": [[-2.590959, 51.464099], [-2.590841, 51.464089]]}, "properties": {"edge_id": 576, "from_node": 1081318900, "to_node": 1081318805, "key": 0, "length": 8.25, "travel_time": 0.922, "access_score": 0.02026540104230544}}, {"type": "Feature", "geometry": {"type": "LineString", "coordinates": [[-2.59215, 51.462313], [-2.591819, 51.462541]]}, "properties": {"edge_id": 577, "from_node": 1227136451, "to_node": 1079382215, "key": 0, "length": 34.19, "travel_time": 3.824, "access_score": 0.02578264678057368}}, {"type": "Feature", "geometry": {"type": "LineString", "coordinates": [[-2.59215, 51.462313], [-2.59145, 51.461916]]}, "properties": {"edge_id": 578, "from_node": 1227136451, "to_node": 1227136503, "key": 0, "length": 65.59, "travel_time": 7.336, "access_score": 0.0186730641697987}}, {"type": "Feature", "geometry": {"type": "LineString", "coordinates": [[-2.59145, 51.461916], [-2.591017, 51.462222]]}, "properties": {"edge_id": 579, "from_node": 1227136503, "to_node": 21309821, "key": 0, "length": 45.42, "travel_time": 5.081, "access_score": 0.04241844354531723}}, {"type": "Feature", "geometry": {"type": "LineString", "coordinates": [[-2.59145, 51.461916], [-2.591643, 51.461773]]}, "properties": {"edge_id": 580, "from_node": 1227136503, "to_node": 5359925883, "key": 0, "length": 20.69, "travel_time": 2.315, "access_score": 0.01720317698151166}}, {"type": "Feature", "geometry": {"type": "LineString", "coordinates": [[-2.59145, 51.461916], [-2.59215, 51.462313]]}, "properties": {"edge_id": 581, "from_node": 1227136503, "to_node": 1227136451, "key": 0, "length": 65.59, "travel_time": 7.336, "access_score": 0.0186730641697987}}, {"type": "Feature", "geometry": {"type": "LineString", "coordinates": [[-2.582092, 51.460258], [-2.58208, 51.460302], [-2.582063, 51.46034], [-2.58199, 51.460407], [-2.581582, 51.460589], [-2.581442, 51.460722]]}, "properties": {"edge_id": 582, "from_node": 1242132572, "to_node": 117678033, "key": 0, "length": 70.85, "travel_time": 5.283, "access_score": 0.01858110660355201}}, {"type": "Feature", "geometry": {"type": "LineString", "coordinates": [[-2.582092, 51.460258], [-2.582094, 51.460216], [-2.582037, 51.460138]]}, "properties": {"edge_id": 583, "from_node": 1242132572, "to_node": 117677937, "key": 0, "length": 14.16, "travel_time": 1.056, "access_score": 0.008522187370360675}}, {"type": "Feature", "geometry": {"type": "LineString", "coordinates": [[-2.582092, 51.460258], [-2.582061, 51.460256], [-2.582037, 51.460256], [-2.582001, 51.460289], [-2.581616, 51.46048]]}, "properties": {"edge_id": 584, "from_node": 1242132572, "to_node": 5832845881, "key": 0, "length": 42.43, "travel_time": 4.745, "access_score": 0.013148239415590648}}, {"type": "Feature", "geometry": {"type": "LineString", "coordinates": [[-2.582092, 51.460258], [-2.582121, 51.460259], [-2.582166, 51.460264]]}, "properties": {"edge_id": 585, "from_node": 1242132572, "to_node": 1242132604, "key": 0, "length": 5.16, "travel_time": 0.578, "access_score": 0.008522187370360675}}, {"type": "Feature", "geometry": {"type": "LineString", "coordinates": [[-2.582404, 51.460491], [-2.582293, 51.460537], [-2.5819, 51.460701], [-2.58187, 51.460715]]}, "properties": {"edge_id": 586, "from_node": 1242132577, "to_node": 6211451020, "key": 0, "length": 44.56, "travel_time": 3.323, "access_score": 0.012042764373363305}}, {"type": "Feature", "geometry": {"type": "LineString", "coordinates": [[-2.582404, 51.460491], [-2.582468, 51.460466], [-2.582649, 51.460396], [-2.582982, 51.460248], [-2.582798, 51.460295], [-2.582694, 51.460312], [-2.582595, 51.460313], [-2.582511, 51.460293], [-2.582331, 51.460236]]}, "properties": {"edge_id": 587, "from_node": 1242132577, "to_node": 17476831, "key": 0, "length": 96.58, "travel_time": 7.202, "access_score": 0.007983987985410081}}, {"type": "Feature", "geometry": {"type": "LineString", "coordinates": [[-2.582404, 51.460491], [-2.582367, 51.460454], [-2.582354, 51.460431], [-2.582373, 51.460369], [-2.582361, 51.46035], [-2.582308, 51.460325], [-2.582255, 51.460303], [-2.582196, 51.460279], [-2.582166, 51.460264]]}, "properties": {"edge_id": 588, "from_node": 1242132577, "to_node": 1242132604, "key": 0, "length": 33.38, "travel_time": 3.733, "access_score": 0.008250761883158519}}, {"type": "Feature", "geometry": {"type": "LineString", "coordinates": [[-2.582404, 51.460491], [-2.582439, 51.460526], [-2.582456, 51.460542]]}, "properties": {"edge_id": 589, "from_node": 1242132577, "to_node": 3860786634, "key": 0, "length": 6.7, "travel_time": 0.75, "access_score": 0.007983987985410081}}, {"type": "Feature", "geometry": {"type": "LineString", "coordinates": [[-2.58221, 51.4602], [-2.582331, 51.460236]]}, "properties": {"edge_id": 590, "from_node": 1242132578, "to_node": 17476831, "key": 0, "length": 9.33, "travel_time": 1.039, "access_score": 0.007831479637671371}}, {"type": "Feature", "geometry": {"type": "LineString", "coordinates": [[-2.58221, 51.4602], [-2.582165, 51.460186], [-2.582037, 51.460138]]}, "properties": {"edge_id": 591, "from_node": 1242132578, "to_node": 117677937, "key": 0, "length": 13.82, "travel_time": 1.539, "access_score": 0.008167653671775308}}, {"type": "Feature", "geometry": {"type": "LineString", "coordinates": [[-2.58221, 51.4602], [-2.582186, 51.46023], [-2.582166, 51.460264]]}, "properties": {"edge_id": 592, "from_node": 1242132578, "to_node": 1242132604, "key": 0, "length": 7.76, "travel_time": 0.868, "access_score": 0.008250761883158519}}, {"type": "Feature", "geometry": {"type": "LineString", "coordinates": [[-2.58221, 51.4602], [-2.582242, 51.460159], [-2.582406, 51.460032], [-2.582433, 51.460017], [-2.582632, 51.459929], [-2.58269, 51.459905], [-2.582717, 51.459893], [-2.582734, 51.459881], [-2.582745, 51.459864], [-2.582751, 51.459842], [-2.582777, 51.459842], [-2.582817, 51.459843]]}, "properties": {"edge_id": 593, "from_node": 1242132578, "to_node": 1242132603, "key": 0, "length": 60.65, "travel_time": 6.784, "access_score": 0.007831479637671371}}, {"type": "Feature", "geometry": {"type": "LineString", "coordinates": [[-2.581266, 51.46108], [-2.580795, 51.461403], [-2.58075, 51.461441], [-2.580733, 51.461513], [-2.580718, 51.461573]]}, "properties": {"edge_id": 594, "from_node": 1242132583, "to_node": 104829, "key": 0, "length": 68.66, "travel_time": 7.679, "access_score": 0.023530395245461317}}, {"type": "Feature", "geometry": {"type": "LineString", "coordinates": [[-2.581266, 51.46108], [-2.581473, 51.460936], [-2.581574, 51.460852]]}, "properties": {"edge_id": 595, "from_node": 1242132583, "to_node": 17476836, "key": 0, "length": 33.11, "travel_time": 3.703, "access_score": 0.022455830744810373}}, {"type": "Feature", "geometry": {"type": "LineString", "coordinates": [[-2.581266, 51.46108], [-2.58145, 51.461184], [-2.581547, 51.461221], [-2.581583, 51.461226], [-2.581628, 51.461213], [-2.581876, 51.461096], [-2.581971, 51.461062], [-2.582035, 51.46104], [-2.582094, 51.46102], [-2.582128, 51.460994], [-2.582138, 51.460952], [-2.582134, 51.4609], [-2.582109, 51.460861], [-2.582063, 51.460824], [-2.58187, 51.460715]]}, "properties": {"edge_id": 596, "from_node": 1242132583, "to_node": 6211451020, "key": 0, "length": 112.13, "travel_time": 12.541, "access_score": 0.022455830744810373}}, {"type": "Feature", "geometry": {"type": "LineString", "coordinates": [[-2.582817, 51.459843], [-2.582814, 51.459824], [-2.582804, 51.459804], [-2.582787, 51.459781], [-2.582673, 51.459674]]}, "properties": {"edge_id": 597, "from_node": 1242132603, "to_node": 5061066670, "key": 0, "length": 21.55, "travel_time": 2.41, "access_score": 0.007742716229686298}}, {"type": "Feature", "geometry": {"type": "LineString", "coordinates": [[-2.582817, 51.459843], [-2.582812, 51.459864], [-2.582801, 51.45988], [-2.582785, 51.459893], [-2.582757, 51.459906], [-2.582536, 51.460003], [-2.582506, 51.460034], [-2.582496, 51.460063], [-2.582482, 51.460104]]}, "properties": {"edge_id": 598, "from_node": 1242132603, "to_node": 17476811, "key": 0, "length": 39.24, "travel_time": 4.389, "access_score": 0.006892798292271903}}, {"type": "Feature", "geometry": {"type": "LineString", "coordinates": [[-2.582817, 51.459843], [-2.582777, 51.459842], [-2.582751, 51.459842], [-2.582745, 51.459864], [-2.582734, 51.459881], [-2.582717, 51.459893], [-2.58269, 51.459905], [-2.582632, 51.459929], [-2.582433, 51.460017], [-2.582406, 51.460032], [-2.582242, 51.460159], [-2.58221, 51.4602]]}, "properties": {"edge_id": 599, "from_node": 1242132603, "to_node": 1242132578, "key": 0, "length": 60.65, "travel_time": 6.784, "access_score": 0.007831479637671371}}, {"type": "Feature", "geometry": {"type": "LineString", "coordinates": [[-2.582817, 51.459843], [-2.582871, 51.459844], [-2.582895, 51.459845], [-2.582915, 51.459832], [-2.582954, 51.459806]]}, "properties": {"edge_id": 600, "from_node": 1242132603, "to_node": 11159894542, "key": 0, "length": 11.34, "travel_time": 1.268, "access_score": 0.00716542027515956}}, {"type": "Feature", "geometry": {"type": "LineString", "coordinates": [[-2.582166, 51.460264], [-2.582121, 51.460259], [-2.582092, 51.460258]]}, "properties": {"edge_id": 601, "from_node": 1242132604, "to_node": 1242132572, "key": 0, "length": 5.16, "travel_time": 0.578, "access_score": 0.008522187370360675}}, {"type": "Feature", "geometry": {"type": "LineString", "coordinates": [[-2.582166, 51.460264], [-2.582196, 51.460279], [-2.582255, 51.460303], [-2.582308, 51.460325], [-2.582361, 51.46035], [-2.582373, 51.460369], [-2.582354, 51.460431], [-2.582367, 51.460454], [-2.582404, 51.460491]]}, "properties": {"edge_id": 602, "from_node": 1242132604, "to_node": 1242132577, "key": 0, "length": 33.38, "travel_time": 3.733, "access_score": 0.008250761883158519}}, {"type": "Feature", "geometry": {"type": "LineString", "coordinates": [[-2.582166, 51.460264], [-2.582186, 51.46023], [-2.58221, 51.4602]]}, "properties": {"edge_id": 603, "from_node": 1242132604, "to_node": 1242132578, "key": 0, "length": 7.76, "travel_time": 0.868, "access_score": 0.008250761883158519}}, {"type": "Feature", "geometry": {"type": "LineString", "coordinates": [[-2.590746, 51.462077], [-2.590692, 51.462117]]}, "properties": {"edge_id": 604, "from_node": 1247760876, "to_node": 1247760905, "key": 0, "length": 5.87, "travel_time": 0.656, "access_score": 0.11470593047327145}}, {"type": "Feature", "geometry": {"type": "LineString", "coordinates": [[-2.590746, 51.462077], [-2.590834, 51.462126]]}, "properties": {"edge_id": 605, "from_node": 1247760876, "to_node": 1247760948, "key": 0, "length": 8.22, "travel_time": 0.919, "access_score": 0.06974371677868078}}, {"type": "Feature", "geometry": {"type": "LineString", "coordinates": [[-2.590746, 51.462077], [-2.590604, 51.461997], [-2.590398, 51.461896]]}, "properties": {"edge_id": 606, "from_node": 1247760876, "to_node": 365559388, "key": 0, "length": 31.43, "travel_time": 3.516, "access_score": 0.06867753079699289}}, {"type": "Feature", "geometry": {"type": "LineString", "coordinates": [[-2.590692, 51.462117], [-2.590746, 51.462077]]}, "properties": {"edge_id": 607, "from_node": 1247760905, "to_node": 1247760876, "key": 0, "length": 5.87, "travel_time": 0.656, "access_score": 0.11470593047327145}}, {"type": "Feature", "geometry": {"type": "LineString", "coordinates": [[-2.590834, 51.462126], [-2.590746, 51.462077]]}, "properties": {"edge_id": 608, "from_node": 1247760948, "to_node": 1247760876, "key": 0, "length": 8.22, "travel_time": 0.919, "access_score": 0.06974371677868078}}, {"type": "Feature", "geometry": {"type": "LineString", "coordinates": [[-2.590834, 51.462126], [-2.591017, 51.462222]]}, "properties": {"edge_id": 609, "from_node": 1247760948, "to_node": 21309821, "key": 0, "length": 16.54, "travel_time": 1.85, "access_score": 0.06452423535831567}}, {"type": "Feature", "geometry": {"type": "LineString", "coordinates": [[-2.590834, 51.462126], [-2.590862, 51.462085], [-2.590863, 51.462083], [-2.590903, 51.462033]]}, "properties": {"edge_id": 610, "from_node": 1247760948, "to_node": 1247761041, "key": 0, "length": 11.45, "travel_time": 1.28, "access_score": 0.06452423535831567}}, {"type": "Feature", "geometry": {"type": "LineString", "coordinates": [[-2.590903, 51.462033], [-2.590863, 51.462083], [-2.590862, 51.462085], [-2.590834, 51.462126]]}, "properties": {"edge_id": 611, "from_node": 1247761041, "to_node": 1247760948, "key": 0, "length": 11.45, "travel_time": 1.28, "access_score": 0.06452423535831567}}, {"type": "Feature", "geometry": {"type": "LineString", "coordinates": [[-2.590717, 51.460306], [-2.590675, 51.460319]]}, "properties": {"edge_id": 612, "from_node": 1247826786, "to_node": 1280853181, "key": 0, "length": 3.26, "travel_time": 0.364, "access_score": 0.12496597579966838}}, {"type": "Feature", "geometry": {"type": "LineString", "coordinates": [[-2.590717, 51.460306], [-2.590846, 51.460449]]}, "properties": {"edge_id": 613, "from_node": 1247826786, "to_node": 287226495, "key": 0, "length": 18.25, "travel_time": 2.041, "access_score": 0.11798303074392466}}, {"type": "Feature", "geometry": {"type": "LineString", "coordinates": [[-2.590717, 51.460306], [-2.590624, 51.460161], [-2.590552, 51.460031], [-2.590523, 51.459992], [-2.590498, 51.459968]]}, "properties": {"edge_id": 614, "from_node": 1247826786, "to_node": 1280853193, "key": 0, "length": 40.66, "travel_time": 4.548, "access_score": 0.09789041885007997}}, {"type": "Feature", "geometry": {"type": "LineString", "coordinates": [[-2.590596, 51.460338], [-2.590675, 51.460319]]}, "properties": {"edge_id": 615, "from_node": 1247826811, "to_node": 1280853181, "key": 0, "length": 5.83, "travel_time": 0.652, "access_score": 0.1407185463550753}}, {"type": "Feature", "geometry": {"type": "LineString", "coordinates": [[-2.58995, 51.459586], [-2.590168, 51.459684]]}, "properties": {"edge_id": 616, "from_node": 1247839593, "to_node": 17660703, "key": 0, "length": 18.59, "travel_time": 2.08, "access_score": 0.016230940711348823}}, {"type": "Feature", "geometry": {"type": "LineString", "coordinates": [[-2.586313, 51.460745], [-2.586018, 51.460838]]}, "properties": {"edge_id": 617, "from_node": 1247839597, "to_node": 19871260, "key": 0, "length": 22.91, "travel_time": 2.563, "access_score": 0.14580830460903887}}, {"type": "Feature", "geometry": {"type": "LineString", "coordinates": [[-2.586313, 51.460745], [-2.586774, 51.460647], [-2.587596, 51.460508]]}, "properties": {"edge_id": 618, "from_node": 1247839597, "to_node": 25280232, "key": 0, "length": 92.77, "travel_time": 10.376, "access_score": 0.15392877845128797}}, {"type": "Feature", "geometry": {"type": "LineString", "coordinates": [[-2.586313, 51.460745], [-2.586266, 51.460686], [-2.586177, 51.460567]]}, "properties": {"edge_id": 619, "from_node": 1247839597, "to_node": 5423487737, "key": 0, "length": 21.98, "travel_time": 2.458, "access_score": 0.10752823433137429}}, {"type": "Feature", "geometry": {"type": "LineString", "coordinates": [[-2.582892, 51.457332], [-2.582835, 51.457306], [-2.582812, 51.457286], [-2.582801, 51.457263], [-2.582779, 51.457234], [-2.582768, 51.457212], [-2.582767, 51.457186], [-2.582766, 51.457164], [-2.582769, 51.457144], [-2.58277, 51.457121], [-2.58277, 51.457082], [-2.582762, 51.457053], [-2.582754, 51.457024], [-2.582736, 51.456993], [-2.582716, 51.45696], [-2.582686, 51.456926], [-2.582672, 51.456915]]}, "properties": {"edge_id": 620, "from_node": 1280267492, "to_node": 5834930803, "key": 0, "length": 50.86, "travel_time": 5.689, "access_score": 0.016597706797765337}}, {"type": "Feature", "geometry": {"type": "LineString", "coordinates": [[-2.582892, 51.457332], [-2.582948, 51.457364], [-2.58301, 51.457398], [-2.583098, 51.457479], [-2.583168, 51.457562], [-2.583147, 51.457601], [-2.583114, 51.457635]]}, "properties": {"edge_id": 621, "from_node": 1280267492, "to_node": 13176630418, "key": 0, "length": 41.3, "travel_time": 4.62, "access_score": 0.0162130013679199}}, {"type": "Feature", "geometry": {"type": "LineString", "coordinates": [[-2.582892, 51.457332], [-2.582855, 51.457362], [-2.582824, 51.457371], [-2.582787, 51.457376], [-2.582751, 51.457378], [-2.582684, 51.457375], [-2.582603, 51.45738], [-2.582539, 51.457389], [-2.58251, 51.457394], [-2.582498, 51.457398], [-2.582481, 51.457406], [-2.582469, 51.457416], [-2.58245, 51.457432], [-2.582431, 51.457454]]}, "properties": {"edge_id": 622, "from_node": 1280267492, "to_node": 1280267499, "key": 0, "length": 37.42, "travel_time": 4.185, "access_score": 0.0351196507885569}}, {"type": "Feature", "geometry": {"type": "LineString", "coordinates": [[-2.582892, 51.457332], [-2.582975, 51.457239], [-2.582992, 51.457222], [-2.583025, 51.457202], [-2.583082, 51.457187]]}, "properties": {"edge_id": 623, "from_node": 1280267492, "to_node": 2519732440, "key": 0, "length": 21.5, "travel_time": 2.404, "access_score": 0.0162130013679199}}, {"type": "Feature", "geometry": {"type": "LineString", "coordinates": [[-2.582431, 51.457454], [-2.581619, 51.4573]]}, "properties": {"edge_id": 624, "from_node": 1280267499, "to_node": 117678004, "key": 0, "length": 58.8, "travel_time": 6.547, "access_score": 0.0457614084258288}}, {"type": "Feature", "geometry": {"type": "LineString", "coordinates": [[-2.582431, 51.457454], [-2.58282, 51.45756]]}, "properties": {"edge_id": 625, "from_node": 1280267499, "to_node": 117678000, "key": 0, "length": 29.42, "travel_time": 3.275, "access_score": 0.0351196507885569}}, {"type": "Feature", "geometry": {"type": "LineString", "coordinates": [[-2.582431, 51.457454], [-2.58245, 51.457432], [-2.582469, 51.457416], [-2.582481, 51.457406], [-2.582498, 51.457398], [-2.58251, 51.457394], [-2.582539, 51.457389], [-2.582603, 51.45738], [-2.582684, 51.457375], [-2.582751, 51.457378], [-2.582787, 51.457376], [-2.582824, 51.457371], [-2.582855, 51.457362], [-2.582892, 51.457332]]}, "properties": {"edge_id": 626, "from_node": 1280267499, "to_node": 1280267492, "key": 0, "length": 37.42, "travel_time": 4.185, "access_score": 0.0351196507885569}}, {"type": "Feature", "geometry": {"type": "LineString", "coordinates": [[-2.581066, 51.457172], [-2.580958, 51.457205]]}, "properties": {"edge_id": 627, "from_node": 1280267501, "to_node": 117678013, "key": 0, "length": 8.29, "travel_time": 0.927, "access_score": 0.012118714433909984}}, {"type": "Feature", "geometry": {"type": "LineString", "coordinates": [[-2.581066, 51.457172], [-2.581512, 51.457052]]}, "properties": {"edge_id": 628, "from_node": 1280267501, "to_node": 537157950, "key": 0, "length": 33.74, "travel_time": 3.774, "access_score": 0.014262174888818568}}, {"type": "Feature", "geometry": {"type": "LineString", "coordinates": [[-2.581066, 51.457172], [-2.580955, 51.457146], [-2.580868, 51.457164], [-2.580829, 51.457168], [-2.580792, 51.457168], [-2.580752, 51.457163], [-2.580721, 51.457156], [-2.580695, 51.457145], [-2.580666, 51.457124], [-2.580634, 51.457096]]}, "properties": {"edge_id": 629, "from_node": 1280267501, "to_node": 12461273922, "key": 0, "length": 34.04, "travel_time": 3.807, "access_score": 0.012118714433909984}}, {"type": "Feature", "geometry": {"type": "LineString", "coordinates": [[-2.582438, 51.456977], [-2.582496, 51.456971], [-2.582578, 51.456958], [-2.582626, 51.456943], [-2.582672, 51.456915]]}, "properties": {"edge_id": 630, "from_node": 1280267505, "to_node": 5834930803, "key": 0, "length": 18.09, "travel_time": 2.024, "access_score": 0.013691629464222125}}, {"type": "Feature", "geometry": {"type": "LineString", "coordinates": [[-2.583968, 51.457477], [-2.58395, 51.457286], [-2.583781, 51.457053], [-2.583508, 51.457114], [-2.583395, 51.457112], [-2.583346, 51.457097]]}, "properties": {"edge_id": 631, "from_node": 1280269104, "to_node": 1280269110, "key": 0, "length": 81.52, "travel_time": 9.118, "access_score": 0.013213369175416384}}, {"type": "Feature", "geometry": {"type": "LineString", "coordinates": [[-2.583346, 51.457097], [-2.583247, 51.456901], [-2.583165, 51.456702]]}, "properties": {"edge_id": 632, "from_node": 1280269110, "to_node": 537141811, "key": 0, "length": 45.64, "travel_time": 5.081, "access_score": 0.009753490104338363}}, {"type": "Feature", "geometry": {"type": "LineString", "coordinates": [[-2.583346, 51.457097], [-2.583296, 51.45714], [-2.583075, 51.457178]]}, "properties": {"edge_id": 633, "from_node": 1280269110, "to_node": 13136150089, "key": 0, "length": 21.81, "travel_time": 2.44, "access_score": 0.012177151177119032}}, {"type": "Feature", "geometry": {"type": "LineString", "coordinates": [[-2.583346, 51.457097], [-2.583395, 51.457112], [-2.583508, 51.457114], [-2.583781, 51.457053], [-2.58395, 51.457286], [-2.583968, 51.457477]]}, "properties": {"edge_id": 634, "from_node": 1280269110, "to_node": 1280269104, "key": 0, "length": 81.52, "travel_time": 9.118, "access_score": 0.013213369175416384}}, {"type": "Feature", "geometry": {"type": "LineString", "coordinates": [[-2.584744, 51.457001], [-2.584829, 51.456974]]}, "properties": {"edge_id": 635, "from_node": 1280281136, "to_node": 12649817254, "key": 0, "length": 6.61, "travel_time": 0.739, "access_score": 0.006858559376553618}}, {"type": "Feature", "geometry": {"type": "LineString", "coordinates": [[-2.584744, 51.457001], [-2.584788, 51.457085], [-2.5848, 51.457118], [-2.584806, 51.457153], [-2.584809, 51.457195], [-2.584808, 51.457206], [-2.584805, 51.457237], [-2.584804, 51.457254], [-2.584783, 51.457305]]}, "properties": {"edge_id": 636, "from_node": 1280281136, "to_node": 11124020086, "key": 0, "length": 34.65, "travel_time": 2.584, "access_score": 0.00841161479350949}}, {"type": "Feature", "geometry": {"type": "LineString", "coordinates": [[-2.583542, 51.458561], [-2.583643, 51.458589]]}, "properties": {"edge_id": 637, "from_node": 1280656209, "to_node": 17476820, "key": 0, "length": 7.6, "travel_time": 0.846, "access_score": 0.04501352529071705}}, {"type": "Feature", "geometry": {"type": "LineString", "coordinates": [[-2.583542, 51.458561], [-2.583451, 51.458548], [-2.58333, 51.458563], [-2.583169, 51.458614]]}, "properties": {"edge_id": 638, "from_node": 1280656209, "to_node": 1280821651, "key": 0, "length": 27.54, "travel_time": 3.066, "access_score": 0.23726554515435755}}, {"type": "Feature", "geometry": {"type": "LineString", "coordinates": [[-2.583542, 51.458561], [-2.58352, 51.458608], [-2.583498, 51.458695], [-2.583524, 51.458926], [-2.583563, 51.459049], [-2.583619, 51.45919], [-2.583701, 51.459302], [-2.583704, 51.459378], [-2.583682, 51.459451], [-2.583649, 51.459493]]}, "properties": {"edge_id": 639, "from_node": 1280656209, "to_node": 5834330053, "key": 0, "length": 106.62, "travel_time": 11.926, "access_score": 0.04659316143351806}}, {"type": "Feature", "geometry": {"type": "LineString", "coordinates": [[-2.583542, 51.458561], [-2.583563, 51.458515], [-2.583697, 51.45835]]}, "properties": {"edge_id": 640, "from_node": 1280656209, "to_node": 1280821702, "key": 0, "length": 25.98, "travel_time": 2.905, "access_score": 0.10678543185072877}}, {"type": "Feature", "geometry": {"type": "LineString", "coordinates": [[-2.584017, 51.459488], [-2.584046, 51.459565]]}, "properties": {"edge_id": 641, "from_node": 1280674364, "to_node": 364165249, "key": 0, "length": 8.75, "travel_time": 0.652, "access_score": 0.00849604175459437}}, {"type": "Feature", "geometry": {"type": "LineString", "coordinates": [[-2.584017, 51.459488], [-2.583922, 51.459234]]}, "properties": {"edge_id": 642, "from_node": 1280674364, "to_node": 17476874, "key": 0, "length": 29.0, "travel_time": 2.162, "access_score": 0.011105361404663101}}, {"type": "Feature", "geometry": {"type": "LineString", "coordinates": [[-2.584017, 51.459488], [-2.583939, 51.459501], [-2.583894, 51.459503]]}, "properties": {"edge_id": 643, "from_node": 1280674364, "to_node": 3860745715, "key": 0, "length": 8.68, "travel_time": 0.971, "access_score": 0.00867358170456357}}, {"type": "Feature", "geometry": {"type": "LineString", "coordinates": [[-2.584017, 51.459488], [-2.584058, 51.459481], [-2.584113, 51.45947]]}, "properties": {"edge_id": 644, "from_node": 1280674364, "to_node": 2433821535, "key": 0, "length": 7.0, "travel_time": 0.782, "access_score": 0.00849604175459437}}, {"type": "Feature", "geometry": {"type": "LineString", "coordinates": [[-2.582368, 51.459499], [-2.582392, 51.459497], [-2.582417, 51.459498], [-2.582441, 51.459502], [-2.582462, 51.459507], [-2.582489, 51.459517], [-2.582512, 51.459529], [-2.582532, 51.459542], [-2.582563, 51.459568], [-2.582673, 51.459674]]}, "properties": {"edge_id": 645, "from_node": 1280674367, "to_node": 5061066670, "key": 0, "length": 30.61, "travel_time": 3.424, "access_score": 0.008549855997352319}}, {"type": "Feature", "geometry": {"type": "LineString", "coordinates": [[-2.583899, 51.459596], [-2.584046, 51.459565]]}, "properties": {"edge_id": 646, "from_node": 1280674371, "to_node": 364165249, "key": 0, "length": 10.75, "travel_time": 0.802, "access_score": 0.008011408512159712}}, {"type": "Feature", "geometry": {"type": "LineString", "coordinates": [[-2.583899, 51.459596], [-2.5837, 51.459641], [-2.583556, 51.45966]]}, "properties": {"edge_id": 647, "from_node": 1280674371, "to_node": 17476815, "key": 0, "length": 24.86, "travel_time": 1.854, "access_score": 0.008026025008257566}}, {"type": "Feature", "geometry": {"type": "LineString", "coordinates": [[-2.583899, 51.459596], [-2.583916, 51.459618], [-2.58393, 51.459634], [-2.58398, 51.45963], [-2.58406, 51.459625]]}, "properties": {"edge_id": 648, "from_node": 1280674371, "to_node": 17476875, "key": 0, "length": 13.95, "travel_time": 1.56, "access_score": 0.008011408512159712}}, {"type": "Feature", "geometry": {"type": "LineString", "coordinates": [[-2.583899, 51.459596], [-2.58387, 51.459552], [-2.583858, 51.45953], [-2.583894, 51.459503]]}, "properties": {"edge_id": 649, "from_node": 1280674371, "to_node": 3860745715, "key": 0, "length": 11.68, "travel_time": 1.306, "access_score": 0.00867358170456357}}, {"type": "Feature", "geometry": {"type": "LineString", "coordinates": [[-2.582556, 51.459357], [-2.582583, 51.459412], [-2.582602, 51.459449], [-2.582618, 51.459475], [-2.582637, 51.4595], [-2.582678, 51.45955]]}, "properties": {"edge_id": 650, "from_node": 1280674386, "to_node": 5834330062, "key": 0, "length": 23.15, "travel_time": 2.589, "access_score": 0.010092062602089552}}, {"type": "Feature", "geometry": {"type": "LineString", "coordinates": [[-2.58268, 51.457692], [-2.58282, 51.45756]]}, "properties": {"edge_id": 651, "from_node": 1280813702, "to_node": 117678000, "key": 0, "length": 17.48, "travel_time": 1.946, "access_score": 0.027479084726914006}}, {"type": "Feature", "geometry": {"type": "LineString", "coordinates": [[-2.58268, 51.457692], [-2.582494, 51.457842], [-2.582452, 51.457868], [-2.582424, 51.457868], [-2.582387, 51.457857], [-2.582119, 51.457762]]}, "properties": {"edge_id": 652, "from_node": 1280813702, "to_node": 117677996, "key": 0, "length": 51.32, "travel_time": 5.714, "access_score": 0.1808833506938096}}, {"type": "Feature", "geometry": {"type": "LineString", "coordinates": [[-2.58268, 51.457692], [-2.582696, 51.457693], [-2.582798, 51.457698], [-2.583014, 51.457731]]}, "properties": {"edge_id": 653, "from_node": 1280813702, "to_node": 5834930843, "key": 0, "length": 23.61, "travel_time": 2.641, "access_score": 0.027479084726914006}}, {"type": "Feature", "geometry": {"type": "LineString", "coordinates": [[-2.581352, 51.458272], [-2.580923, 51.458037]]}, "properties": {"edge_id": 654, "from_node": 1280813726, "to_node": 5834330502, "key": 0, "length": 39.56, "travel_time": 4.424, "access_score": 0.012579168529094183}}, {"type": "Feature", "geometry": {"type": "LineString", "coordinates": [[-2.581352, 51.458272], [-2.581392, 51.458295]]}, "properties": {"edge_id": 655, "from_node": 1280813726, "to_node": 117677989, "key": 0, "length": 3.73, "travel_time": 0.418, "access_score": 0.012484301892856153}}, {"type": "Feature", "geometry": {"type": "LineString", "coordinates": [[-2.581352, 51.458272], [-2.581107, 51.458246], [-2.58089, 51.458234], [-2.58071, 51.45823], [-2.580683, 51.458228], [-2.580658, 51.458223], [-2.580626, 51.45821], [-2.580608, 51.458204], [-2.580588, 51.458203], [-2.580541, 51.458209], [-2.580527, 51.458208], [-2.580513, 51.458206], [-2.58039, 51.458187]]}, "properties": {"edge_id": 656, "from_node": 1280813726, "to_node": 1280813728, "key": 0, "length": 67.96, "travel_time": 7.602, "access_score": 0.012484301892856153}}, {"type": "Feature", "geometry": {"type": "LineString", "coordinates": [[-2.58039, 51.458187], [-2.580322, 51.458236]]}, "properties": {"edge_id": 657, "from_node": 1280813728, "to_node": 5834330523, "key": 0, "length": 7.3, "travel_time": 0.817, "access_score": 0.008999593805001961}}, {"type": "Feature", "geometry": {"type": "LineString", "coordinates": [[-2.58039, 51.458187], [-2.580619, 51.458018], [-2.580681, 51.457984], [-2.580739, 51.457977]]}, "properties": {"edge_id": 658, "from_node": 1280813728, "to_node": 117677976, "key": 0, "length": 34.37, "travel_time": 3.845, "access_score": 0.010761343033084902}}, {"type": "Feature", "geometry": {"type": "LineString", "coordinates": [[-2.58039, 51.458187], [-2.580513, 51.458206], [-2.580527, 51.458208], [-2.580541, 51.458209], [-2.580588, 51.458203], [-2.580608, 51.458204], [-2.580626, 51.45821], [-2.580658, 51.458223], [-2.580683, 51.458228], [-2.58071, 51.45823], [-2.58089, 51.458234], [-2.581107, 51.458246], [-2.581352, 51.458272]]}, "properties": {"edge_id": 659, "from_node": 1280813728, "to_node": 1280813726, "key": 0, "length": 67.96, "travel_time": 7.602, "access_score": 0.012484301892856153}}, {"type": "Feature", "geometry": {"type": "LineString", "coordinates": [[-2.583169, 51.458614], [-2.582917, 51.458718]]}, "properties": {"edge_id": 660, "from_node": 1280821651, "to_node": 262441816, "key": 0, "length": 20.97, "travel_time": 2.346, "access_score": 0.15692493994631743}}, {"type": "Feature", "geometry": {"type": "LineString", "coordinates": [[-2.583169, 51.458614], [-2.58333, 51.458563], [-2.583451, 51.458548], [-2.583542, 51.458561]]}, "properties": {"edge_id": 661, "from_node": 1280821651, "to_node": 1280656209, "key": 0, "length": 27.54, "travel_time": 3.066, "access_score": 0.23726554515435755}}, {"type": "Feature", "geometry": {"type": "LineString", "coordinates": [[-2.583169, 51.458614], [-2.58297, 51.458407], [-2.582941, 51.458374]]}, "properties": {"edge_id": 662, "from_node": 1280821651, "to_node": 5919438954, "key": 0, "length": 31.0, "travel_time": 3.451, "access_score": 0.43821276157279176}}, {"type": "Feature", "geometry": {"type": "LineString", "coordinates": [[-2.581112, 51.459619], [-2.581238, 51.459688]]}, "properties": {"edge_id": 663, "from_node": 1280821682, "to_node": 117677944, "key": 0, "length": 11.61, "travel_time": 1.293, "access_score": 0.008081963842588986}}, {"type": "Feature", "geometry": {"type": "LineString", "coordinates": [[-2.581112, 51.459619], [-2.580991, 51.459559]]}, "properties": {"edge_id": 664, "from_node": 1280821682, "to_node": 117677946, "key": 0, "length": 10.71, "travel_time": 1.193, "access_score": 0.008813781136356615}}, {"type": "Feature", "geometry": {"type": "LineString", "coordinates": [[-2.581112, 51.459619], [-2.58118, 51.459576], [-2.581165, 51.459562], [-2.581327, 51.459353], [-2.581335, 51.459343]]}, "properties": {"edge_id": 665, "from_node": 1280821682, "to_node": 5834930883, "key": 0, "length": 35.6, "travel_time": 3.982, "access_score": 0.008081963842588986}}, {"type": "Feature", "geometry": {"type": "LineString", "coordinates": [[-2.583697, 51.45835], [-2.58358, 51.458349], [-2.583323, 51.458278], [-2.583311, 51.458275], [-2.583298, 51.458272]]}, "properties": {"edge_id": 666, "from_node": 1280821702, "to_node": 1280821720, "key": 0, "length": 29.47, "travel_time": 3.296, "access_score": 0.12965749987934902}}, {"type": "Feature", "geometry": {"type": "LineString", "coordinates": [[-2.583697, 51.45835], [-2.583727, 51.45836], [-2.583782, 51.458379]]}, "properties": {"edge_id": 667, "from_node": 1280821702, "to_node": 17476821, "key": 0, "length": 6.77, "travel_time": 0.757, "access_score": 0.10678543185072877}}, {"type": "Feature", "geometry": {"type": "LineString", "coordinates": [[-2.583697, 51.45835], [-2.583563, 51.458515], [-2.583542, 51.458561]]}, "properties": {"edge_id": 668, "from_node": 1280821702, "to_node": 1280656209, "key": 0, "length": 25.98, "travel_time": 2.905, "access_score": 0.10678543185072877}}, {"type": "Feature", "geometry": {"type": "LineString", "coordinates": [[-2.583697, 51.45835], [-2.584032, 51.457953], [-2.584068, 51.457911]]}, "properties": {"edge_id": 669, "from_node": 1280821702, "to_node": 3860810901, "key": 0, "length": 55.12, "travel_time": 6.165, "access_score": 0.11726224591096823}}, {"type": "Feature", "geometry": {"type": "LineString", "coordinates": [[-2.581373, 51.45977], [-2.581842, 51.460044]]}, "properties": {"edge_id": 670, "from_node": 1280821711, "to_node": 262442011, "key": 0, "length": 44.59, "travel_time": 4.964, "access_score": 0.00832814351956967}}, {"type": "Feature", "geometry": {"type": "LineString", "coordinates": [[-2.581373, 51.45977], [-2.581238, 51.459688]]}, "properties": {"edge_id": 671, "from_node": 1280821711, "to_node": 117677944, "key": 0, "length": 13.05, "travel_time": 1.453, "access_score": 0.007835993264274853}}, {"type": "Feature", "geometry": {"type": "LineString", "coordinates": [[-2.581373, 51.45977], [-2.581489, 51.45963]]}, "properties": {"edge_id": 672, "from_node": 1280821711, "to_node": 6327222250, "key": 0, "length": 17.58, "travel_time": 1.966, "access_score": 0.007835993264274853}}, {"type": "Feature", "geometry": {"type": "LineString", "coordinates": [[-2.581636, 51.459031], [-2.581864, 51.458874]]}, "properties": {"edge_id": 673, "from_node": 1280821715, "to_node": 5834930880, "key": 0, "length": 23.55, "travel_time": 2.634, "access_score": 0.010535968256702458}}, {"type": "Feature", "geometry": {"type": "LineString", "coordinates": [[-2.581636, 51.459031], [-2.581487, 51.459154]]}, "properties": {"edge_id": 674, "from_node": 1280821715, "to_node": 1280821716, "key": 0, "length": 17.12, "travel_time": 1.915, "access_score": 0.008490182047235144}}, {"type": "Feature", "geometry": {"type": "LineString", "coordinates": [[-2.581636, 51.459031], [-2.581465, 51.458942]]}, "properties": {"edge_id": 675, "from_node": 1280821715, "to_node": 117678043, "key": 0, "length": 15.44, "travel_time": 1.727, "access_score": 0.008490182047235144}}, {"type": "Feature", "geometry": {"type": "LineString", "coordinates": [[-2.581487, 51.459154], [-2.581636, 51.459031]]}, "properties": {"edge_id": 676, "from_node": 1280821716, "to_node": 1280821715, "key": 0, "length": 17.12, "travel_time": 1.915, "access_score": 0.008490182047235144}}, {"type": "Feature", "geometry": {"type": "LineString", "coordinates": [[-2.581487, 51.459154], [-2.581335, 51.459343]]}, "properties": {"edge_id": 677, "from_node": 1280821716, "to_node": 5834930883, "key": 0, "length": 23.55, "travel_time": 2.634, "access_score": 0.007632932166599043}}, {"type": "Feature", "geometry": {"type": "LineString", "coordinates": [[-2.581487, 51.459154], [-2.581317, 51.45909]]}, "properties": {"edge_id": 678, "from_node": 1280821716, "to_node": 5834930882, "key": 0, "length": 13.77, "travel_time": 1.54, "access_score": 0.0077271769390465225}}, {"type": "Feature", "geometry": {"type": "LineString", "coordinates": [[-2.583298, 51.458272], [-2.583311, 51.458275], [-2.583323, 51.458278], [-2.58358, 51.458349], [-2.583697, 51.45835]]}, "properties": {"edge_id": 679, "from_node": 1280821720, "to_node": 1280821702, "key": 0, "length": 29.47, "travel_time": 3.296, "access_score": 0.12965749987934902}}, {"type": "Feature", "geometry": {"type": "LineString", "coordinates": [[-2.590796, 51.45899], [-2.590783, 51.459018], [-2.590339, 51.459174]]}, "properties": {"edge_id": 680, "from_node": 1280853173, "to_node": 6937982874, "key": 0, "length": 38.59, "travel_time": 4.316, "access_score": 0.016459628815777744}}, {"type": "Feature", "geometry": {"type": "LineString", "coordinates": [[-2.590796, 51.45899], [-2.590902, 51.458952], [-2.591021, 51.458909], [-2.591134, 51.45882]]}, "properties": {"edge_id": 681, "from_node": 1280853173, "to_node": 1382252976, "key": 0, "length": 30.63, "travel_time": 3.426, "access_score": 0.01629932309286234}}, {"type": "Feature", "geometry": {"type": "LineString", "coordinates": [[-2.590796, 51.45899], [-2.590198, 51.45919], [-2.590085, 51.459194]]}, "properties": {"edge_id": 682, "from_node": 1280853173, "to_node": 645089864, "key": 0, "length": 54.87, "travel_time": 6.137, "access_score": 0.017223650295509995}}, {"type": "Feature", "geometry": {"type": "LineString", "coordinates": [[-2.590419, 51.459987], [-2.590284, 51.459898]]}, "properties": {"edge_id": 683, "from_node": 1280853180, "to_node": 1280853191, "key": 0, "length": 13.6, "travel_time": 1.521, "access_score": 0.04131669982854816}}, {"type": "Feature", "geometry": {"type": "LineString", "coordinates": [[-2.590419, 51.459987], [-2.590675, 51.460319]]}, "properties": {"edge_id": 684, "from_node": 1280853180, "to_node": 1280853181, "key": 0, "length": 40.95, "travel_time": 4.58, "access_score": 0.1502734591296338}}, {"type": "Feature", "geometry": {"type": "LineString", "coordinates": [[-2.590419, 51.459987], [-2.59046, 51.459977], [-2.590498, 51.459968]]}, "properties": {"edge_id": 685, "from_node": 1280853180, "to_node": 1280853193, "key": 0, "length": 5.9, "travel_time": 0.659, "access_score": 0.04131669982854816}}, {"type": "Feature", "geometry": {"type": "LineString", "coordinates": [[-2.590675, 51.460319], [-2.590596, 51.460338]]}, "properties": {"edge_id": 686, "from_node": 1280853181, "to_node": 1247826811, "key": 0, "length": 5.83, "travel_time": 0.652, "access_score": 0.1407185463550753}}, {"type": "Feature", "geometry": {"type": "LineString", "coordinates": [[-2.590675, 51.460319], [-2.590717, 51.460306]]}, "properties": {"edge_id": 687, "from_node": 1280853181, "to_node": 1247826786, "key": 0, "length": 3.26, "travel_time": 0.364, "access_score": 0.12496597579966838}}, {"type": "Feature", "geometry": {"type": "LineString", "coordinates": [[-2.590675, 51.460319], [-2.590785, 51.460468]]}, "properties": {"edge_id": 688, "from_node": 1280853181, "to_node": 3332266263, "key": 0, "length": 18.28, "travel_time": 2.045, "access_score": 0.21019547980713937}}, {"type": "Feature", "geometry": {"type": "LineString", "coordinates": [[-2.590675, 51.460319], [-2.590419, 51.459987]]}, "properties": {"edge_id": 689, "from_node": 1280853181, "to_node": 1280853180, "key": 0, "length": 40.95, "travel_time": 4.58, "access_score": 0.1502734591296338}}, {"type": "Feature", "geometry": {"type": "LineString", "coordinates": [[-2.590133, 51.459803], [-2.590141, 51.459794], [-2.590314, 51.459667], [-2.590367, 51.459625], [-2.590427, 51.459542], [-2.590726, 51.45945]]}, "properties": {"edge_id": 690, "from_node": 1280853184, "to_node": 3329881929, "key": 0, "length": 58.73, "travel_time": 6.569, "access_score": 0.019902747736509466}}, {"type": "Feature", "geometry": {"type": "LineString", "coordinates": [[-2.590133, 51.459803], [-2.590151, 51.459815], [-2.590236, 51.45986], [-2.590284, 51.459898]]}, "properties": {"edge_id": 691, "from_node": 1280853184, "to_node": 1280853191, "key": 0, "length": 14.97, "travel_time": 1.674, "access_score": 0.027408335640588442}}, {"type": "Feature", "geometry": {"type": "LineString", "coordinates": [[-2.590133, 51.459803], [-2.589964, 51.459702], [-2.589812, 51.459607], [-2.589754, 51.459584]]}, "properties": {"edge_id": 692, "from_node": 1280853184, "to_node": 3860908599, "key": 0, "length": 35.91, "travel_time": 4.016, "access_score": 0.019902747736509466}}, {"type": "Feature", "geometry": {"type": "LineString", "coordinates": [[-2.590284, 51.459898], [-2.590419, 51.459987]]}, "properties": {"edge_id": 693, "from_node": 1280853191, "to_node": 1280853180, "key": 0, "length": 13.6, "travel_time": 1.521, "access_score": 0.04131669982854816}}, {"type": "Feature", "geometry": {"type": "LineString", "coordinates": [[-2.590284, 51.459898], [-2.590205, 51.459871], [-2.590016, 51.459762]]}, "properties": {"edge_id": 694, "from_node": 1280853191, "to_node": 5750157404, "key": 0, "length": 24.18, "travel_time": 2.704, "access_score": 0.027408335640588442}}, {"type": "Feature", "geometry": {"type": "LineString", "coordinates": [[-2.590284, 51.459898], [-2.590236, 51.45986], [-2.590151, 51.459815], [-2.590133, 51.459803]]}, "properties": {"edge_id": 695, "from_node": 1280853191, "to_node": 1280853184, "key": 0, "length": 14.97, "travel_time": 1.674, "access_score": 0.027408335640588442}}, {"type": "Feature", "geometry": {"type": "LineString", "coordinates": [[-2.590498, 51.459968], [-2.590523, 51.459992], [-2.590552, 51.460031], [-2.590624, 51.460161], [-2.590717, 51.460306]]}, "properties": {"edge_id": 696, "from_node": 1280853193, "to_node": 1247826786, "key": 0, "length": 40.66, "travel_time": 4.548, "access_score": 0.09789041885007997}}, {"type": "Feature", "geometry": {"type": "LineString", "coordinates": [[-2.590498, 51.459968], [-2.59046, 51.459977], [-2.590419, 51.459987]]}, "properties": {"edge_id": 697, "from_node": 1280853193, "to_node": 1280853180, "key": 0, "length": 5.9, "travel_time": 0.659, "access_score": 0.04131669982854816}}, {"type": "Feature", "geometry": {"type": "LineString", "coordinates": [[-2.590498, 51.459968], [-2.590543, 51.459957], [-2.590572, 51.45995], [-2.590614, 51.459939]]}, "properties": {"edge_id": 698, "from_node": 1280853193, "to_node": 3696173720, "key": 0, "length": 8.58, "travel_time": 0.96, "access_score": 0.03860216293053682}}, {"type": "Feature", "geometry": {"type": "LineString", "coordinates": [[-2.590486, 51.459834], [-2.590614, 51.459939]]}, "properties": {"edge_id": 699, "from_node": 1280853195, "to_node": 3696173720, "key": 0, "length": 14.71, "travel_time": 1.645, "access_score": 0.032899454937934274}}, {"type": "Feature", "geometry": {"type": "LineString", "coordinates": [[-2.590486, 51.459834], [-2.590612, 51.459841], [-2.590704, 51.459827]]}, "properties": {"edge_id": 700, "from_node": 1280853195, "to_node": 644926923, "key": 0, "length": 15.36, "travel_time": 1.718, "access_score": 0.024638789414024812}}, {"type": "Feature", "geometry": {"type": "LineString", "coordinates": [[-2.590486, 51.459834], [-2.590372, 51.459803], [-2.590168, 51.459684]]}, "properties": {"edge_id": 701, "from_node": 1280853195, "to_node": 17660703, "key": 0, "length": 27.94, "travel_time": 3.125, "access_score": 0.024540248914562985}}, {"type": "Feature", "geometry": {"type": "LineString", "coordinates": [[-2.591019, 51.45985], [-2.590951, 51.459863]]}, "properties": {"edge_id": 702, "from_node": 1281268388, "to_node": 645089711, "key": 0, "length": 4.96, "travel_time": 0.555, "access_score": 0.020094500552256315}}, {"type": "Feature", "geometry": {"type": "LineString", "coordinates": [[-2.591019, 51.45985], [-2.591035, 51.459834], [-2.591061, 51.459818], [-2.591159, 51.459789], [-2.591274, 51.459751], [-2.591315, 51.459716]]}, "properties": {"edge_id": 703, "from_node": 1281268388, "to_node": 645089694, "key": 0, "length": 25.93, "travel_time": 2.901, "access_score": 0.01849023689104379}}, {"type": "Feature", "geometry": {"type": "LineString", "coordinates": [[-2.591019, 51.45985], [-2.59131, 51.459776], [-2.591412, 51.45971]]}, "properties": {"edge_id": 704, "from_node": 1281268388, "to_node": 645089696, "key": 0, "length": 31.93, "travel_time": 3.572, "access_score": 0.01849023689104379}}, {"type": "Feature", "geometry": {"type": "LineString", "coordinates": [[-2.591253, 51.459316], [-2.591123, 51.459346]]}, "properties": {"edge_id": 705, "from_node": 1281294900, "to_node": 3329881928, "key": 0, "length": 9.62, "travel_time": 1.076, "access_score": 0.00952777336711883}}, {"type": "Feature", "geometry": {"type": "LineString", "coordinates": [[-2.590856, 51.461138], [-2.591174, 51.460852]]}, "properties": {"edge_id": 706, "from_node": 1281318363, "to_node": 1081318790, "key": 0, "length": 38.7, "travel_time": 4.328, "access_score": 0.018000444835742473}}, {"type": "Feature", "geometry": {"type": "LineString", "coordinates": [[-2.590856, 51.461138], [-2.590726, 51.461362]]}, "properties": {"edge_id": 707, "from_node": 1281318363, "to_node": 6225987538, "key": 0, "length": 26.45, "travel_time": 2.958, "access_score": 0.013691097158370618}}, {"type": "Feature", "geometry": {"type": "LineString", "coordinates": [[-2.590856, 51.461138], [-2.590916, 51.4608], [-2.590913, 51.46068], [-2.590827, 51.460534]]}, "properties": {"edge_id": 708, "from_node": 1281318363, "to_node": 3332266270, "key": 0, "length": 68.55, "travel_time": 7.667, "access_score": 0.07785987476817592}}, {"type": "Feature", "geometry": {"type": "LineString", "coordinates": [[-2.590856, 51.461138], [-2.590949, 51.461007], [-2.590956, 51.460996]]}, "properties": {"edge_id": 709, "from_node": 1281318363, "to_node": 6471108988, "key": 0, "length": 17.28, "travel_time": 1.933, "access_score": 0.016077721915044002}}, {"type": "Feature", "geometry": {"type": "LineString", "coordinates": [[-2.579938, 51.461419], [-2.580915, 51.460851]]}, "properties": {"edge_id": 710, "from_node": 1282009243, "to_node": 117678111, "key": 0, "length": 92.54, "travel_time": 10.303, "access_score": 0.1669604776362758}}, {"type": "Feature", "geometry": {"type": "LineString", "coordinates": [[-2.579938, 51.461419], [-2.579901, 51.461441], [-2.579863, 51.461484], [-2.579797, 51.46155]]}, "properties": {"edge_id": 711, "from_node": 1282009243, "to_node": 1282009249, "key": 0, "length": 17.69, "travel_time": 1.969, "access_score": 0.013683185956384056}}, {"type": "Feature", "geometry": {"type": "LineString", "coordinates": [[-2.579938, 51.461419], [-2.580046, 51.461508], [-2.580043, 51.461537], [-2.579965, 51.461635], [-2.579522, 51.461992], [-2.579373, 51.461921]]}, "properties": {"edge_id": 712, "from_node": 1282009243, "to_node": 5832538474, "key": 0, "length": 90.95, "travel_time": 10.173, "access_score": 0.013683185956384056}}, {"type": "Feature", "geometry": {"type": "LineString", "coordinates": [[-2.579797, 51.46155], [-2.579498, 51.461427], [-2.579389, 51.461532], [-2.579674, 51.461659], [-2.579797, 51.46155]]}, "properties": {"edge_id": 713, "from_node": 1282009249, "to_node": 1282009249, "key": 0, "length": 77.87, "travel_time": 8.709, "access_score": 0.011050648653824005}}, {"type": "Feature", "geometry": {"type": "LineString", "coordinates": [[-2.579797, 51.46155], [-2.579674, 51.461659], [-2.579389, 51.461532], [-2.579498, 51.461427], [-2.579797, 51.46155]]}, "properties": {"edge_id": 714, "from_node": 1282009249, "to_node": 1282009249, "key": 1, "length": 77.87, "travel_time": 8.709, "access_score": 0.011050648653824005}}, {"type": "Feature", "geometry": {"type": "LineString", "coordinates": [[-2.579797, 51.46155], [-2.579863, 51.461484], [-2.579901, 51.461441], [-2.579938, 51.461419]]}, "properties": {"edge_id": 715, "from_node": 1282009249, "to_node": 1282009243, "key": 0, "length": 17.69, "travel_time": 1.969, "access_score": 0.013683185956384056}}, {"type": "Feature", "geometry": {"type": "LineString", "coordinates": [[-2.579325, 51.462749], [-2.579388, 51.462776]]}, "properties": {"edge_id": 716, "from_node": 1282135928, "to_node": 1297069020, "key": 0, "length": 5.3, "travel_time": 0.593, "access_score": 0.004512795923604484}}, {"type": "Feature", "geometry": {"type": "LineString", "coordinates": [[-2.579388, 51.462776], [-2.579325, 51.462749]]}, "properties": {"edge_id": 717, "from_node": 1297069020, "to_node": 1282135928, "key": 0, "length": 5.3, "travel_time": 0.593, "access_score": 0.004512795923604484}}, {"type": "Feature", "geometry": {"type": "LineString", "coordinates": [[-2.579388, 51.462776], [-2.579684, 51.462476]]}, "properties": {"edge_id": 718, "from_node": 1297069020, "to_node": 1722968878, "key": 0, "length": 39.12, "travel_time": 4.356, "access_score": 0.005437944282295648}}, {"type": "Feature", "geometry": {"type": "LineString", "coordinates": [[-2.589212, 51.459402], [-2.589174, 51.459444], [-2.589147, 51.459487]]}, "properties": {"edge_id": 719, "from_node": 1382113164, "to_node": 3860908593, "key": 0, "length": 10.57, "travel_time": 1.182, "access_score": 0.009157938047345986}}, {"type": "Feature", "geometry": {"type": "LineString", "coordinates": [[-2.590624, 51.458257], [-2.59055, 51.458282]]}, "properties": {"edge_id": 720, "from_node": 1382113262, "to_node": 9809981567, "key": 0, "length": 5.86, "travel_time": 0.655, "access_score": 0.021069633438806534}}, {"type": "Feature", "geometry": {"type": "LineString", "coordinates": [[-2.590624, 51.458257], [-2.590801, 51.458192], [-2.591045, 51.458102]]}, "properties": {"edge_id": 721, "from_node": 1382113262, "to_node": 435846358, "key": 0, "length": 33.92, "travel_time": 3.794, "access_score": 0.018939705659312397}}, {"type": "Feature", "geometry": {"type": "LineString", "coordinates": [[-2.590624, 51.458257], [-2.590545, 51.458174], [-2.589984, 51.457536]]}, "properties": {"edge_id": 722, "from_node": 1382113262, "to_node": 104858, "key": 0, "length": 91.6, "travel_time": 10.245, "access_score": 0.01979791835800676}}, {"type": "Feature", "geometry": {"type": "LineString", "coordinates": [[-2.588625, 51.456506], [-2.588673, 51.456515], [-2.588673, 51.456547]]}, "properties": {"edge_id": 723, "from_node": 1382239390, "to_node": 9402506778, "key": 0, "length": 6.96, "travel_time": 0.778, "access_score": 0.007871538260637306}}, {"type": "Feature", "geometry": {"type": "LineString", "coordinates": [[-2.591134, 51.45882], [-2.590852, 51.458696], [-2.590877, 51.458668], [-2.590757, 51.458612], [-2.590613, 51.458429], [-2.590623, 51.458425], [-2.590645, 51.458419], [-2.590603, 51.458357], [-2.59055, 51.458282]]}, "properties": {"edge_id": 724, "from_node": 1382252976, "to_node": 9809981567, "key": 0, "length": 79.51, "travel_time": 8.892, "access_score": 0.025813814297522625}}, {"type": "Feature", "geometry": {"type": "LineString", "coordinates": [[-2.591134, 51.45882], [-2.591661, 51.458346], [-2.591871, 51.458171], [-2.591907, 51.458101], [-2.591859, 51.458045], [-2.591757, 51.457996], [-2.591524, 51.457974]]}, "properties": {"edge_id": 725, "from_node": 1382252976, "to_node": 247834407, "key": 0, "length": 128.86, "travel_time": 14.413, "access_score": 0.0138448518460083}}, {"type": "Feature", "geometry": {"type": "LineString", "coordinates": [[-2.591134, 51.45882], [-2.591021, 51.458909], [-2.590902, 51.458952], [-2.590796, 51.45899]]}, "properties": {"edge_id": 726, "from_node": 1382252976, "to_node": 1280853173, "key": 0, "length": 30.63, "travel_time": 3.426, "access_score": 0.01629932309286234}}, {"type": "Feature", "geometry": {"type": "LineString", "coordinates": [[-2.580717, 51.457243], [-2.581379, 51.457498]]}, "properties": {"edge_id": 727, "from_node": 1500366483, "to_node": 537157926, "key": 0, "length": 53.86, "travel_time": 5.997, "access_score": 0.02179920598553734}}, {"type": "Feature", "geometry": {"type": "LineString", "coordinates": [[-2.580717, 51.457243], [-2.580958, 51.457205]]}, "properties": {"edge_id": 728, "from_node": 1500366483, "to_node": 117678013, "key": 0, "length": 17.22, "travel_time": 1.918, "access_score": 0.01149054453741802}}, {"type": "Feature", "geometry": {"type": "LineString", "coordinates": [[-2.580717, 51.457243], [-2.580599, 51.457266], [-2.580537, 51.457283]]}, "properties": {"edge_id": 729, "from_node": 1500366483, "to_node": 12461273918, "key": 0, "length": 13.24, "travel_time": 1.474, "access_score": 0.010336673579148036}}, {"type": "Feature", "geometry": {"type": "LineString", "coordinates": [[-2.579684, 51.462476], [-2.579964, 51.462587]]}, "properties": {"edge_id": 730, "from_node": 1722968878, "to_node": 1722968890, "key": 0, "length": 22.94, "travel_time": 2.566, "access_score": 0.005437944282295648}}, {"type": "Feature", "geometry": {"type": "LineString", "coordinates": [[-2.579684, 51.462476], [-2.579388, 51.462776]]}, "properties": {"edge_id": 731, "from_node": 1722968878, "to_node": 1297069020, "key": 0, "length": 39.12, "travel_time": 4.356, "access_score": 0.005437944282295648}}, {"type": "Feature", "geometry": {"type": "LineString", "coordinates": [[-2.579684, 51.462476], [-2.579748, 51.462414], [-2.580365, 51.461766], [-2.580548, 51.461617], [-2.58064, 51.461579], [-2.580718, 51.461573]]}, "properties": {"edge_id": 732, "from_node": 1722968878, "to_node": 104829, "key": 0, "length": 125.98, "travel_time": 14.026, "access_score": 0.014097884395311646}}, {"type": "Feature", "geometry": {"type": "LineString", "coordinates": [[-2.580034, 51.462511], [-2.579964, 51.462587]]}, "properties": {"edge_id": 733, "from_node": 1722968881, "to_node": 1722968890, "key": 0, "length": 9.8, "travel_time": 1.097, "access_score": 0.0055495227951740346}}, {"type": "Feature", "geometry": {"type": "LineString", "coordinates": [[-2.579964, 51.462587], [-2.579684, 51.462476]]}, "properties": {"edge_id": 734, "from_node": 1722968890, "to_node": 1722968878, "key": 0, "length": 22.94, "travel_time": 2.566, "access_score": 0.005437944282295648}}, {"type": "Feature", "geometry": {"type": "LineString", "coordinates": [[-2.579964, 51.462587], [-2.580034, 51.462511]]}, "properties": {"edge_id": 735, "from_node": 1722968890, "to_node": 1722968881, "key": 0, "length": 9.8, "travel_time": 1.097, "access_score": 0.0055495227951740346}}, {"type": "Feature", "geometry": {"type": "LineString", "coordinates": [[-2.579964, 51.462587], [-2.579615, 51.462968]]}, "properties": {"edge_id": 736, "from_node": 1722968890, "to_node": 1722968925, "key": 0, "length": 48.74, "travel_time": 5.451, "access_score": 0.005272925730943435}}, {"type": "Feature", "geometry": {"type": "LineString", "coordinates": [[-2.579615, 51.462968], [-2.579964, 51.462587]]}, "properties": {"edge_id": 737, "from_node": 1722968925, "to_node": 1722968890, "key": 0, "length": 48.74, "travel_time": 5.451, "access_score": 0.005272925730943435}}, {"type": "Feature", "geometry": {"type": "LineString", "coordinates": [[-2.585362, 51.460689], [-2.58531, 51.460704], [-2.58528, 51.460715], [-2.585252, 51.460728], [-2.585226, 51.460744], [-2.585209, 51.46076], [-2.585196, 51.460774], [-2.585183, 51.460797], [-2.585173, 51.460821], [-2.585165, 51.460848], [-2.585161, 51.460874], [-2.58516, 51.460914], [-2.585165, 51.460956], [-2.585177, 51.460991], [-2.585195, 51.461025]]}, "properties": {"edge_id": 738, "from_node": 1968413548, "to_node": 1968413567, "key": 0, "length": 43.76, "travel_time": 4.894, "access_score": 0.017463746395186573}}, {"type": "Feature", "geometry": {"type": "LineString", "coordinates": [[-2.585362, 51.460689], [-2.585416, 51.460682], [-2.585472, 51.460677], [-2.585502, 51.460676], [-2.58554, 51.460675], [-2.585585, 51.460678], [-2.585621, 51.460684], [-2.585651, 51.460692], [-2.585695, 51.460707], [-2.585736, 51.460725], [-2.585766, 51.460743], [-2.585802, 51.460773], [-2.585841, 51.460814], [-2.585873, 51.460855], [-2.585888, 51.460878]]}, "properties": {"edge_id": 739, "from_node": 1968413548, "to_node": 1968413560, "key": 0, "length": 47.55, "travel_time": 5.318, "access_score": 0.05782713776792144}}, {"type": "Feature", "geometry": {"type": "LineString", "coordinates": [[-2.585362, 51.460689], [-2.585333, 51.460652], [-2.585315, 51.460632]]}, "properties": {"edge_id": 740, "from_node": 1968413548, "to_node": 3811627140, "key": 0, "length": 7.15, "travel_time": 0.8, "access_score": 0.017463746395186573}}, {"type": "Feature", "geometry": {"type": "LineString", "coordinates": [[-2.585888, 51.460878], [-2.585946, 51.460858], [-2.586018, 51.460838]]}, "properties": {"edge_id": 741, "from_node": 1968413560, "to_node": 19871260, "key": 0, "length": 10.01, "travel_time": 1.119, "access_score": 0.11353369282712328}}, {"type": "Feature", "geometry": {"type": "LineString", "coordinates": [[-2.585888, 51.460878], [-2.585873, 51.460855], [-2.585841, 51.460814], [-2.585802, 51.460773], [-2.585766, 51.460743], [-2.585736, 51.460725], [-2.585695, 51.460707], [-2.585651, 51.460692], [-2.585621, 51.460684], [-2.585585, 51.460678], [-2.58554, 51.460675], [-2.585502, 51.460676], [-2.585472, 51.460677], [-2.585416, 51.460682], [-2.585362, 51.460689]]}, "properties": {"edge_id": 742, "from_node": 1968413560, "to_node": 1968413548, "key": 0, "length": 47.55, "travel_time": 5.318, "access_score": 0.05782713776792144}}, {"type": "Feature", "geometry": {"type": "LineString", "coordinates": [[-2.585888, 51.460878], [-2.585903, 51.460901], [-2.585926, 51.460958], [-2.58594, 51.461016], [-2.585942, 51.461043], [-2.585935, 51.461076], [-2.585927, 51.461105], [-2.585912, 51.461134], [-2.585884, 51.461161], [-2.58585, 51.461186], [-2.58583, 51.461197], [-2.585806, 51.461208], [-2.585769, 51.461222], [-2.585726, 51.461235], [-2.585694, 51.461245]]}, "properties": {"edge_id": 743, "from_node": 1968413560, "to_node": 1968413578, "key": 0, "length": 49.1, "travel_time": 5.492, "access_score": 0.05959817003157128}}, {"type": "Feature", "geometry": {"type": "LineString", "coordinates": [[-2.585195, 51.461025], [-2.585244, 51.461097], [-2.585285, 51.461138], [-2.585337, 51.461176], [-2.585418, 51.46122], [-2.585442, 51.461231], [-2.585466, 51.461241], [-2.585487, 51.461247], [-2.585512, 51.461251], [-2.585559, 51.461255], [-2.585605, 51.461256], [-2.58565, 51.461253], [-2.585694, 51.461245]]}, "properties": {"edge_id": 744, "from_node": 1968413567, "to_node": 1968413578, "key": 0, "length": 47.34, "travel_time": 5.295, "access_score": 0.02025056511432816}}, {"type": "Feature", "geometry": {"type": "LineString", "coordinates": [[-2.585195, 51.461025], [-2.585177, 51.460991], [-2.585165, 51.460956], [-2.58516, 51.460914], [-2.585161, 51.460874], [-2.585165, 51.460848], [-2.585173, 51.460821], [-2.585183, 51.460797], [-2.585196, 51.460774], [-2.585209, 51.46076], [-2.585226, 51.460744], [-2.585252, 51.460728], [-2.58528, 51.460715], [-2.58531, 51.460704], [-2.585362, 51.460689]]}, "properties": {"edge_id": 745, "from_node": 1968413567, "to_node": 1968413548, "key": 0, "length": 43.76, "travel_time": 4.894, "access_score": 0.017463746395186573}}, {"type": "Feature", "geometry": {"type": "LineString", "coordinates": [[-2.585195, 51.461025], [-2.58515, 51.461037], [-2.585049, 51.461063]]}, "properties": {"edge_id": 746, "from_node": 1968413567, "to_node": 3811627143, "key": 0, "length": 10.94, "travel_time": 1.223, "access_score": 0.014735885383188303}}, {"type": "Feature", "geometry": {"type": "LineString", "coordinates": [[-2.585694, 51.461245], [-2.585726, 51.461235], [-2.585769, 51.461222], [-2.585806, 51.461208], [-2.58583, 51.461197], [-2.58585, 51.461186], [-2.585884, 51.461161], [-2.585912, 51.461134], [-2.585927, 51.461105], [-2.585935, 51.461076], [-2.585942, 51.461043], [-2.58594, 51.461016], [-2.585926, 51.460958], [-2.585903, 51.460901], [-2.585888, 51.460878]]}, "properties": {"edge_id": 747, "from_node": 1968413578, "to_node": 1968413560, "key": 0, "length": 49.1, "travel_time": 5.492, "access_score": 0.05959817003157128}}, {"type": "Feature", "geometry": {"type": "LineString", "coordinates": [[-2.585694, 51.461245], [-2.58565, 51.461253], [-2.585605, 51.461256], [-2.585559, 51.461255], [-2.585512, 51.461251], [-2.585487, 51.461247], [-2.585466, 51.461241], [-2.585442, 51.461231], [-2.585418, 51.46122], [-2.585337, 51.461176], [-2.585285, 51.461138], [-2.585244, 51.461097], [-2.585195, 51.461025]]}, "properties": {"edge_id": 748, "from_node": 1968413578, "to_node": 1968413567, "key": 0, "length": 47.34, "travel_time": 5.295, "access_score": 0.02025056511432816}}, {"type": "Feature", "geometry": {"type": "LineString", "coordinates": [[-2.585694, 51.461245], [-2.585715, 51.461274], [-2.585753, 51.461324]]}, "properties": {"edge_id": 749, "from_node": 1968413578, "to_node": 3811627145, "key": 0, "length": 9.64, "travel_time": 1.078, "access_score": 0.02025056511432816}}, {"type": "Feature", "geometry": {"type": "LineString", "coordinates": [[-2.584674, 51.457739], [-2.5846, 51.457839], [-2.584414, 51.458054], [-2.584255, 51.458266], [-2.584129, 51.458409]]}, "properties": {"edge_id": 750, "from_node": 2027862783, "to_node": 2130610640, "key": 0, "length": 83.57, "travel_time": 9.347, "access_score": 0.026174382354398763}}, {"type": "Feature", "geometry": {"type": "LineString", "coordinates": [[-2.584674, 51.457739], [-2.584759, 51.4576], [-2.584834, 51.457508], [-2.584839, 51.457475], [-2.584872, 51.457435], [-2.584924, 51.45739], [-2.584964, 51.457329]]}, "properties": {"edge_id": 751, "from_node": 2027862783, "to_node": 492221099, "key": 0, "length": 50.22, "travel_time": 5.617, "access_score": 0.012543172896302806}}, {"type": "Feature", "geometry": {"type": "LineString", "coordinates": [[-2.584674, 51.457739], [-2.584708, 51.45775], [-2.585282, 51.457937], [-2.585414, 51.457929]]}, "properties": {"edge_id": 752, "from_node": 2027862783, "to_node": 5919449198, "key": 0, "length": 56.74, "travel_time": 6.346, "access_score": 0.012543172896302806}}, {"type": "Feature", "geometry": {"type": "LineString", "coordinates": [[-2.592007, 51.457907], [-2.591917, 51.457875]]}, "properties": {"edge_id": 753, "from_node": 2043096348, "to_node": 242756955, "key": 0, "length": 7.15, "travel_time": 0.8, "access_score": 0.00809296619881289}}, {"type": "Feature", "geometry": {"type": "LineString", "coordinates": [[-2.587123, 51.458764], [-2.587076, 51.458808]]}, "properties": {"edge_id": 754, "from_node": 2043096366, "to_node": 5919449206, "key": 0, "length": 5.9, "travel_time": 0.66, "access_score": 0.005421393876246592}}, {"type": "Feature", "geometry": {"type": "LineString", "coordinates": [[-2.587123, 51.458764], [-2.587033, 51.458709], [-2.586955, 51.458617], [-2.586818, 51.458425], [-2.586726, 51.458295]]}, "properties": {"edge_id": 755, "from_node": 2043096366, "to_node": 104855, "key": 0, "length": 59.48, "travel_time": 6.652, "access_score": 0.0052800529916918314}}, {"type": "Feature", "geometry": {"type": "LineString", "coordinates": [[-2.587123, 51.458764], [-2.58721, 51.458799], [-2.587425, 51.458824], [-2.587638, 51.458834], [-2.588152, 51.458818], [-2.588508, 51.458809], [-2.588656, 51.458817]]}, "properties": {"edge_id": 756, "from_node": 2043096366, "to_node": 5794635161, "key": 0, "length": 107.74, "travel_time": 12.05, "access_score": 0.009284623222728891}}, {"type": "Feature", "geometry": {"type": "LineString", "coordinates": [[-2.591268, 51.457616], [-2.591126, 51.457658]]}, "properties": {"edge_id": 757, "from_node": 2045184007, "to_node": 2045184010, "key": 0, "length": 10.84, "travel_time": 1.212, "access_score": 0.014822302145754897}}, {"type": "Feature", "geometry": {"type": "LineString", "coordinates": [[-2.591126, 51.457658], [-2.591361, 51.458014]]}, "properties": {"edge_id": 758, "from_node": 2045184010, "to_node": 2045184023, "key": 0, "length": 42.84, "travel_time": 4.792, "access_score": 0.014822302145754897}}, {"type": "Feature", "geometry": {"type": "LineString", "coordinates": [[-2.591126, 51.457658], [-2.591049, 51.457678]]}, "properties": {"edge_id": 759, "from_node": 2045184010, "to_node": 2045184014, "key": 0, "length": 5.79, "travel_time": 0.648, "access_score": 0.015104582528675902}}, {"type": "Feature", "geometry": {"type": "LineString", "coordinates": [[-2.591126, 51.457658], [-2.591268, 51.457616]]}, "properties": {"edge_id": 760, "from_node": 2045184010, "to_node": 2045184007, "key": 0, "length": 10.84, "travel_time": 1.212, "access_score": 0.014822302145754897}}, {"type": "Feature", "geometry": {"type": "LineString", "coordinates": [[-2.583365, 51.457707], [-2.583234, 51.457914]]}, "properties": {"edge_id": 761, "from_node": 2045184012, "to_node": 5919438953, "key": 0, "length": 24.72, "travel_time": 2.765, "access_score": 0.02473143293464929}}, {"type": "Feature", "geometry": {"type": "LineString", "coordinates": [[-2.583365, 51.457707], [-2.583659, 51.457792]]}, "properties": {"edge_id": 762, "from_node": 2045184012, "to_node": 5448085793, "key": 0, "length": 22.52, "travel_time": 2.518, "access_score": 0.02620619867265015}}, {"type": "Feature", "geometry": {"type": "LineString", "coordinates": [[-2.583365, 51.457707], [-2.583137, 51.45764], [-2.583114, 51.457635]]}, "properties": {"edge_id": 763, "from_node": 2045184012, "to_node": 13176630418, "key": 0, "length": 19.15, "travel_time": 2.132, "access_score": 0.018951618034024686}}, {"type": "Feature", "geometry": {"type": "LineString", "coordinates": [[-2.591049, 51.457678], [-2.591126, 51.457658]]}, "properties": {"edge_id": 764, "from_node": 2045184014, "to_node": 2045184010, "key": 0, "length": 5.79, "travel_time": 0.648, "access_score": 0.015104582528675902}}, {"type": "Feature", "geometry": {"type": "LineString", "coordinates": [[-2.591361, 51.458014], [-2.591524, 51.457974]]}, "properties": {"edge_id": 765, "from_node": 2045184023, "to_node": 247834407, "key": 0, "length": 12.2, "travel_time": 1.365, "access_score": 0.009229880588529903}}, {"type": "Feature", "geometry": {"type": "LineString", "coordinates": [[-2.591361, 51.458014], [-2.591126, 51.457658]]}, "properties": {"edge_id": 766, "from_node": 2045184023, "to_node": 2045184010, "key": 0, "length": 42.84, "travel_time": 4.792, "access_score": 0.014822302145754897}}, {"type": "Feature", "geometry": {"type": "LineString", "coordinates": [[-2.591361, 51.458014], [-2.591299, 51.458032], [-2.591045, 51.458102]]}, "properties": {"edge_id": 767, "from_node": 2045184023, "to_node": 435846358, "key": 0, "length": 23.89, "travel_time": 2.672, "access_score": 0.011702559167627004}}, {"type": "Feature", "geometry": {"type": "LineString", "coordinates": [[-2.584129, 51.458409], [-2.58408, 51.458476]]}, "properties": {"edge_id": 768, "from_node": 2130610640, "to_node": 826736676, "key": 0, "length": 8.19, "travel_time": 0.916, "access_score": 0.026174382354398763}}, {"type": "Feature", "geometry": {"type": "LineString", "coordinates": [[-2.584129, 51.458409], [-2.584255, 51.458266], [-2.584414, 51.458054], [-2.5846, 51.457839], [-2.584674, 51.457739]]}, "properties": {"edge_id": 769, "from_node": 2130610640, "to_node": 2027862783, "key": 0, "length": 83.57, "travel_time": 9.347, "access_score": 0.026174382354398763}}, {"type": "Feature", "geometry": {"type": "LineString", "coordinates": [[-2.584129, 51.458409], [-2.584114, 51.458404], [-2.584031, 51.458376]]}, "properties": {"edge_id": 770, "from_node": 2130610640, "to_node": 17476871, "key": 0, "length": 7.67, "travel_time": 0.858, "access_score": 0.03276222971714119}}, {"type": "Feature", "geometry": {"type": "LineString", "coordinates": [[-2.587099, 51.459523], [-2.58704, 51.459519]]}, "properties": {"edge_id": 771, "from_node": 2179076266, "to_node": 3860890367, "key": 0, "length": 4.1, "travel_time": 0.459, "access_score": 0.009529390363958681}}, {"type": "Feature", "geometry": {"type": "LineString", "coordinates": [[-2.587099, 51.459523], [-2.587178, 51.459525]]}, "properties": {"edge_id": 772, "from_node": 2179076266, "to_node": 2179076283, "key": 0, "length": 5.48, "travel_time": 0.613, "access_score": 0.009531830971591097}}, {"type": "Feature", "geometry": {"type": "LineString", "coordinates": [[-2.587099, 51.459523], [-2.586615, 51.459606], [-2.586448, 51.459622]]}, "properties": {"edge_id": 773, "from_node": 2179076266, "to_node": 2179076472, "key": 0, "length": 46.48, "travel_time": 5.199, "access_score": 0.009933840677626211}}, {"type": "Feature", "geometry": {"type": "LineString", "coordinates": [[-2.587178, 51.459525], [-2.587099, 51.459523]]}, "properties": {"edge_id": 774, "from_node": 2179076283, "to_node": 2179076266, "key": 0, "length": 5.48, "travel_time": 0.613, "access_score": 0.009531830971591099}}, {"type": "Feature", "geometry": {"type": "LineString", "coordinates": [[-2.587178, 51.459525], [-2.588082, 51.459523]]}, "properties": {"edge_id": 775, "from_node": 2179076283, "to_node": 3860908591, "key": 0, "length": 62.65, "travel_time": 7.007, "access_score": 0.009527531811717168}}, {"type": "Feature", "geometry": {"type": "LineString", "coordinates": [[-2.587178, 51.459525], [-2.587224, 51.459644], [-2.587247, 51.459696]]}, "properties": {"edge_id": 776, "from_node": 2179076283, "to_node": 5111590153, "key": 0, "length": 19.64, "travel_time": 2.197, "access_score": 0.011558575973349377}}, {"type": "Feature", "geometry": {"type": "LineString", "coordinates": [[-2.585414, 51.459395], [-2.585389, 51.459398], [-2.585172, 51.459453], [-2.585151, 51.459459]]}, "properties": {"edge_id": 777, "from_node": 2179076344, "to_node": 3860890366, "key": 0, "length": 19.62, "travel_time": 2.194, "access_score": 0.006218374629331207}}, {"type": "Feature", "geometry": {"type": "LineString", "coordinates": [[-2.585414, 51.459395], [-2.585546, 51.459376], [-2.585687, 51.459359], [-2.585801, 51.459357], [-2.585922, 51.459363], [-2.586146, 51.459385], [-2.586262, 51.459409], [-2.586501, 51.459458]]}, "properties": {"edge_id": 778, "from_node": 2179076344, "to_node": 2179076479, "key": 0, "length": 77.22, "travel_time": 8.637, "access_score": 0.008430147328716053}}, {"type": "Feature", "geometry": {"type": "LineString", "coordinates": [[-2.585414, 51.459395], [-2.585447, 51.459444], [-2.585578, 51.459473], [-2.585654, 51.459451]]}, "properties": {"edge_id": 779, "from_node": 2179076344, "to_node": 2179076449, "key": 0, "length": 21.41, "travel_time": 2.394, "access_score": 0.006875292868506788}}, {"type": "Feature", "geometry": {"type": "LineString", "coordinates": [[-2.585654, 51.459451], [-2.585578, 51.459473], [-2.585447, 51.459444], [-2.585414, 51.459395]]}, "properties": {"edge_id": 780, "from_node": 2179076449, "to_node": 2179076344, "key": 0, "length": 21.41, "travel_time": 2.394, "access_score": 0.006875292868506788}}, {"type": "Feature", "geometry": {"type": "LineString", "coordinates": [[-2.586448, 51.459622], [-2.586501, 51.459458]]}, "properties": {"edge_id": 781, "from_node": 2179076472, "to_node": 2179076479, "key": 0, "length": 18.62, "travel_time": 1.924, "access_score": 0.009788492498897914}}, {"type": "Feature", "geometry": {"type": "LineString", "coordinates": [[-2.586448, 51.459622], [-2.586615, 51.459606], [-2.587099, 51.459523]]}, "properties": {"edge_id": 782, "from_node": 2179076472, "to_node": 2179076266, "key": 0, "length": 46.48, "travel_time": 5.199, "access_score": 0.009933840677626211}}, {"type": "Feature", "geometry": {"type": "LineString", "coordinates": [[-2.586448, 51.459622], [-2.586265, 51.459652], [-2.586278, 51.459688]]}, "properties": {"edge_id": 783, "from_node": 2179076472, "to_node": 2179076532, "key": 0, "length": 17.22, "travel_time": 1.926, "access_score": 0.010010096290057634}}, {"type": "Feature", "geometry": {"type": "LineString", "coordinates": [[-2.585467, 51.460077], [-2.585694, 51.460366]]}, "properties": {"edge_id": 784, "from_node": 2179076476, "to_node": 25280231, "key": 0, "length": 35.77, "travel_time": 4.001, "access_score": 0.015659836678929784}}, {"type": "Feature", "geometry": {"type": "LineString", "coordinates": [[-2.585467, 51.460077], [-2.585058, 51.460193]]}, "properties": {"edge_id": 785, "from_node": 2179076476, "to_node": 2204308509, "key": 0, "length": 31.08, "travel_time": 3.476, "access_score": 0.01003597725461829}}, {"type": "Feature", "geometry": {"type": "LineString", "coordinates": [[-2.585467, 51.460077], [-2.585066, 51.459536], [-2.585032, 51.459491]]}, "properties": {"edge_id": 786, "from_node": 2179076476, "to_node": 2179076502, "key": 0, "length": 71.86, "travel_time": 8.037, "access_score": 0.01003597725461829}}, {"type": "Feature", "geometry": {"type": "LineString", "coordinates": [[-2.585467, 51.460077], [-2.585718, 51.46001], [-2.585855, 51.459972]]}, "properties": {"edge_id": 787, "from_node": 2179076476, "to_node": 6284335747, "key": 0, "length": 29.36, "travel_time": 3.284, "access_score": 0.010627306039335083}}, {"type": "Feature", "geometry": {"type": "LineString", "coordinates": [[-2.586501, 51.459458], [-2.586448, 51.459622]]}, "properties": {"edge_id": 788, "from_node": 2179076479, "to_node": 2179076472, "key": 0, "length": 18.62, "travel_time": 1.924, "access_score": 0.009788492498897914}}, {"type": "Feature", "geometry": {"type": "LineString", "coordinates": [[-2.586501, 51.459458], [-2.586262, 51.459409], [-2.586146, 51.459385], [-2.585922, 51.459363], [-2.585801, 51.459357], [-2.585687, 51.459359], [-2.585546, 51.459376], [-2.585414, 51.459395]]}, "properties": {"edge_id": 789, "from_node": 2179076479, "to_node": 2179076344, "key": 0, "length": 77.22, "travel_time": 8.637, "access_score": 0.008430147328716053}}, {"type": "Feature", "geometry": {"type": "LineString", "coordinates": [[-2.586501, 51.459458], [-2.586576, 51.459473], [-2.586869, 51.459508], [-2.58704, 51.459519]]}, "properties": {"edge_id": 790, "from_node": 2179076479, "to_node": 3860890367, "key": 0, "length": 38.05, "travel_time": 4.256, "access_score": 0.009489446390062644}}, {"type": "Feature", "geometry": {"type": "LineString", "coordinates": [[-2.585032, 51.459491], [-2.585151, 51.459459]]}, "properties": {"edge_id": 791, "from_node": 2179076502, "to_node": 3860890366, "key": 0, "length": 8.96, "travel_time": 1.003, "access_score": 0.006126979360715804}}, {"type": "Feature", "geometry": {"type": "LineString", "coordinates": [[-2.585032, 51.459491], [-2.584282, 51.459764]]}, "properties": {"edge_id": 792, "from_node": 2179076502, "to_node": 2433821544, "key": 0, "length": 60.13, "travel_time": 6.726, "access_score": 0.006518508396286204}}, {"type": "Feature", "geometry": {"type": "LineString", "coordinates": [[-2.585032, 51.459491], [-2.584987, 51.459423]]}, "properties": {"edge_id": 793, "from_node": 2179076502, "to_node": 3860890364, "key": 0, "length": 8.12, "travel_time": 0.909, "access_score": 0.0064078263220434676}}, {"type": "Feature", "geometry": {"type": "LineString", "coordinates": [[-2.585032, 51.459491], [-2.585066, 51.459536], [-2.585467, 51.460077]]}, "properties": {"edge_id": 794, "from_node": 2179076502, "to_node": 2179076476, "key": 0, "length": 71.86, "travel_time": 8.037, "access_score": 0.01003597725461829}}, {"type": "Feature", "geometry": {"type": "LineString", "coordinates": [[-2.586278, 51.459688], [-2.586265, 51.459652], [-2.586448, 51.459622]]}, "properties": {"edge_id": 795, "from_node": 2179076532, "to_node": 2179076472, "key": 0, "length": 17.22, "travel_time": 1.926, "access_score": 0.010010096290057634}}, {"type": "Feature", "geometry": {"type": "LineString", "coordinates": [[-2.586875, 51.459759], [-2.587247, 51.459696]]}, "properties": {"edge_id": 796, "from_node": 2179077577, "to_node": 5111590153, "key": 0, "length": 26.73, "travel_time": 2.989, "access_score": 0.012511941757446878}}, {"type": "Feature", "geometry": {"type": "LineString", "coordinates": [[-2.584872, 51.460245], [-2.585058, 51.460193]]}, "properties": {"edge_id": 797, "from_node": 2204308507, "to_node": 2204308509, "key": 0, "length": 14.18, "travel_time": 1.586, "access_score": 0.009427861966388581}}, {"type": "Feature", "geometry": {"type": "LineString", "coordinates": [[-2.584872, 51.460245], [-2.584514, 51.460346]]}, "properties": {"edge_id": 798, "from_node": 2204308507, "to_node": 364165243, "key": 0, "length": 27.24, "travel_time": 3.046, "access_score": 0.008942562231089534}}, {"type": "Feature", "geometry": {"type": "LineString", "coordinates": [[-2.584872, 51.460245], [-2.584841, 51.460203]]}, "properties": {"edge_id": 799, "from_node": 2204308507, "to_node": 6284334867, "key": 0, "length": 5.14, "travel_time": 0.575, "access_score": 0.008942562231089534}}, {"type": "Feature", "geometry": {"type": "LineString", "coordinates": [[-2.585058, 51.460193], [-2.585467, 51.460077]]}, "properties": {"edge_id": 800, "from_node": 2204308509, "to_node": 2179076476, "key": 0, "length": 31.08, "travel_time": 3.476, "access_score": 0.01003597725461829}}, {"type": "Feature", "geometry": {"type": "LineString", "coordinates": [[-2.585058, 51.460193], [-2.584872, 51.460245]]}, "properties": {"edge_id": 801, "from_node": 2204308509, "to_node": 2204308507, "key": 0, "length": 14.18, "travel_time": 1.586, "access_score": 0.009427861966388581}}, {"type": "Feature", "geometry": {"type": "LineString", "coordinates": [[-2.585058, 51.460193], [-2.585034, 51.460159]]}, "properties": {"edge_id": 802, "from_node": 2204308509, "to_node": 6284334868, "key": 0, "length": 4.08, "travel_time": 0.456, "access_score": 0.009427861966388581}}, {"type": "Feature", "geometry": {"type": "LineString", "coordinates": [[-2.590408, 51.458206], [-2.590432, 51.458234], [-2.590491, 51.458303]]}, "properties": {"edge_id": 803, "from_node": 2268865236, "to_node": 247834447, "key": 0, "length": 12.18, "travel_time": 1.363, "access_score": 0.023118935213140675}}, {"type": "Feature", "geometry": {"type": "LineString", "coordinates": [[-2.582917, 51.463162], [-2.582497, 51.463434]]}, "properties": {"edge_id": 804, "from_node": 2433742220, "to_node": 2433764738, "key": 0, "length": 42.0, "travel_time": 4.697, "access_score": 0.0034060032043855713}}, {"type": "Feature", "geometry": {"type": "LineString", "coordinates": [[-2.582917, 51.463162], [-2.582702, 51.463032]]}, "properties": {"edge_id": 805, "from_node": 2433742220, "to_node": 2433744231, "key": 0, "length": 20.77, "travel_time": 2.323, "access_score": 0.0036574474803843216}}, {"type": "Feature", "geometry": {"type": "LineString", "coordinates": [[-2.582917, 51.463162], [-2.582986, 51.463153], [-2.583043, 51.463111]]}, "properties": {"edge_id": 806, "from_node": 2433742220, "to_node": 2433744230, "key": 0, "length": 11.02, "travel_time": 1.233, "access_score": 0.0034060032043855713}}, {"type": "Feature", "geometry": {"type": "LineString", "coordinates": [[-2.581323, 51.463796], [-2.580904, 51.464062]]}, "properties": {"edge_id": 807, "from_node": 2433742262, "to_node": 462979246, "key": 0, "length": 41.49, "travel_time": 4.641, "access_score": 0.0031109427479171377}}, {"type": "Feature", "geometry": {"type": "LineString", "coordinates": [[-2.581323, 51.463796], [-2.58138, 51.463827]]}, "properties": {"edge_id": 808, "from_node": 2433742262, "to_node": 835468063, "key": 0, "length": 5.24, "travel_time": 0.586, "access_score": 0.0031109427479171377}}, {"type": "Feature", "geometry": {"type": "LineString", "coordinates": [[-2.581323, 51.463796], [-2.581414, 51.463743], [-2.581584, 51.46364]]}, "properties": {"edge_id": 809, "from_node": 2433742262, "to_node": 859323102, "key": 0, "length": 24.99, "travel_time": 2.795, "access_score": 0.0032500647668770193}}, {"type": "Feature", "geometry": {"type": "LineString", "coordinates": [[-2.583043, 51.463111], [-2.582818, 51.462963], [-2.582702, 51.463032]]}, "properties": {"edge_id": 810, "from_node": 2433744230, "to_node": 2433744231, "key": 0, "length": 33.82, "travel_time": 3.783, "access_score": 0.0036857166463208565}}, {"type": "Feature", "geometry": {"type": "LineString", "coordinates": [[-2.583043, 51.463111], [-2.583137, 51.463165], [-2.583218, 51.46318], [-2.583302, 51.46324]]}, "properties": {"edge_id": 811, "from_node": 2433744230, "to_node": 2433764788, "key": 0, "length": 23.6, "travel_time": 2.64, "access_score": 0.003404528469614024}}, {"type": "Feature", "geometry": {"type": "LineString", "coordinates": [[-2.583043, 51.463111], [-2.582986, 51.463153], [-2.582917, 51.463162]]}, "properties": {"edge_id": 812, "from_node": 2433744230, "to_node": 2433742220, "key": 0, "length": 11.02, "travel_time": 1.233, "access_score": 0.0034060032043855713}}, {"type": "Feature", "geometry": {"type": "LineString", "coordinates": [[-2.582702, 51.463032], [-2.582917, 51.463162]]}, "properties": {"edge_id": 813, "from_node": 2433744231, "to_node": 2433742220, "key": 0, "length": 20.77, "travel_time": 2.323, "access_score": 0.0036574474803843216}}, {"type": "Feature", "geometry": {"type": "LineString", "coordinates": [[-2.582702, 51.463032], [-2.582617, 51.462981]]}, "properties": {"edge_id": 814, "from_node": 2433744231, "to_node": 859323023, "key": 0, "length": 8.14, "travel_time": 0.911, "access_score": 0.003766125477344999}}, {"type": "Feature", "geometry": {"type": "LineString", "coordinates": [[-2.582702, 51.463032], [-2.582818, 51.462963], [-2.583043, 51.463111]]}, "properties": {"edge_id": 815, "from_node": 2433744231, "to_node": 2433744230, "key": 0, "length": 33.82, "travel_time": 3.783, "access_score": 0.0036857166463208565}}, {"type": "Feature", "geometry": {"type": "LineString", "coordinates": [[-2.582288, 51.46263], [-2.5817, 51.463051]]}, "properties": {"edge_id": 816, "from_node": 2433744233, "to_node": 859323083, "key": 0, "length": 62.08, "travel_time": 6.944, "access_score": 0.004540251470597361}}, {"type": "Feature", "geometry": {"type": "LineString", "coordinates": [[-2.582288, 51.46263], [-2.582442, 51.462723], [-2.582547, 51.462715], [-2.582655, 51.462779], [-2.582708, 51.462784], [-2.582813, 51.462854]]}, "properties": {"edge_id": 817, "from_node": 2433744233, "to_node": 2433744248, "key": 0, "length": 46.97, "travel_time": 5.253, "access_score": 0.004540251470597361}}, {"type": "Feature", "geometry": {"type": "LineString", "coordinates": [[-2.582288, 51.46263], [-2.582222, 51.462596], [-2.58244, 51.462448], [-2.582527, 51.462412], [-2.582681, 51.462375], [-2.582809, 51.462354], [-2.58298, 51.462366]]}, "properties": {"edge_id": 818, "from_node": 2433744233, "to_node": 859323047, "key": 0, "length": 67.97, "travel_time": 7.603, "access_score": 0.004775955617760588}}, {"type": "Feature", "geometry": {"type": "LineString", "coordinates": [[-2.583242, 51.4623], [-2.583162, 51.462307], [-2.58298, 51.462366]]}, "properties": {"edge_id": 819, "from_node": 2433744240, "to_node": 859323047, "key": 0, "length": 19.77, "travel_time": 2.212, "access_score": 0.004402045358332514}}, {"type": "Feature", "geometry": {"type": "LineString", "coordinates": [[-2.583242, 51.4623], [-2.583308, 51.462327], [-2.583604, 51.462516]]}, "properties": {"edge_id": 820, "from_node": 2433744240, "to_node": 5438534268, "key": 0, "length": 34.82, "travel_time": 3.895, "access_score": 0.004247779735610528}}, {"type": "Feature", "geometry": {"type": "LineString", "coordinates": [[-2.583242, 51.4623], [-2.583258, 51.4622], [-2.583481, 51.461903], [-2.584049, 51.461744]]}, "properties": {"edge_id": 821, "from_node": 2433744240, "to_node": 2433764912, "key": 0, "length": 90.82, "travel_time": 10.158, "access_score": 0.005744730601374316}}, {"type": "Feature", "geometry": {"type": "LineString", "coordinates": [[-2.582813, 51.462854], [-2.582617, 51.462981]]}, "properties": {"edge_id": 822, "from_node": 2433744248, "to_node": 859323023, "key": 0, "length": 19.56, "travel_time": 2.188, "access_score": 0.003828753272936121}}, {"type": "Feature", "geometry": {"type": "LineString", "coordinates": [[-2.582813, 51.462854], [-2.58292, 51.462785]]}, "properties": {"edge_id": 823, "from_node": 2433744248, "to_node": 2433764650, "key": 0, "length": 10.71, "travel_time": 1.198, "access_score": 0.0038549475084091183}}, {"type": "Feature", "geometry": {"type": "LineString", "coordinates": [[-2.582813, 51.462854], [-2.582708, 51.462784], [-2.582655, 51.462779], [-2.582547, 51.462715], [-2.582442, 51.462723], [-2.582288, 51.46263]]}, "properties": {"edge_id": 824, "from_node": 2433744248, "to_node": 2433744233, "key": 0, "length": 46.97, "travel_time": 5.253, "access_score": 0.004540251470597361}}, {"type": "Feature", "geometry": {"type": "LineString", "coordinates": [[-2.583744, 51.463155], [-2.584182, 51.46288]]}, "properties": {"edge_id": 825, "from_node": 2433764623, "to_node": 835468055, "key": 0, "length": 43.03, "travel_time": 4.812, "access_score": 0.003870063819626661}}, {"type": "Feature", "geometry": {"type": "LineString", "coordinates": [[-2.583744, 51.463155], [-2.583523, 51.463294], [-2.583444, 51.463343]]}, "properties": {"edge_id": 826, "from_node": 2433764623, "to_node": 859323020, "key": 0, "length": 29.54, "travel_time": 3.304, "access_score": 0.003326448610950104}}, {"type": "Feature", "geometry": {"type": "LineString", "coordinates": [[-2.583744, 51.463155], [-2.583652, 51.46309], [-2.583577, 51.463141]]}, "properties": {"edge_id": 827, "from_node": 2433764623, "to_node": 2433764891, "key": 0, "length": 17.35, "travel_time": 1.941, "access_score": 0.003351339283250463}}, {"type": "Feature", "geometry": {"type": "LineString", "coordinates": [[-2.584224, 51.461162], [-2.584964, 51.460965]]}, "properties": {"edge_id": 828, "from_node": 2433764639, "to_node": 2433778866, "key": 0, "length": 55.72, "travel_time": 6.232, "access_score": 0.012160098929774028}}, {"type": "Feature", "geometry": {"type": "LineString", "coordinates": [[-2.584224, 51.461162], [-2.584162, 51.461074], [-2.58397, 51.460813]]}, "properties": {"edge_id": 829, "from_node": 2433764639, "to_node": 262442292, "key": 0, "length": 42.53, "travel_time": 4.757, "access_score": 0.007301967942931844}}, {"type": "Feature", "geometry": {"type": "LineString", "coordinates": [[-2.584224, 51.461162], [-2.584174, 51.461269], [-2.584136, 51.461338], [-2.584097, 51.461372], [-2.58406, 51.4614], [-2.58402, 51.46143], [-2.583907, 51.461489], [-2.583866, 51.46151]]}, "properties": {"edge_id": 830, "from_node": 2433764639, "to_node": 2433764834, "key": 0, "length": 47.48, "travel_time": 5.31, "access_score": 0.007301967942931844}}, {"type": "Feature", "geometry": {"type": "LineString", "coordinates": [[-2.584224, 51.461162], [-2.584144, 51.461192], [-2.584067, 51.46123], [-2.583994, 51.461262], [-2.583935, 51.461287], [-2.58388, 51.461304], [-2.583764, 51.461338], [-2.583675, 51.46136], [-2.583571, 51.46137]]}, "properties": {"edge_id": 831, "from_node": 2433764639, "to_node": 2433764671, "key": 0, "length": 51.5, "travel_time": 5.76, "access_score": 0.007301967942931844}}, {"type": "Feature", "geometry": {"type": "LineString", "coordinates": [[-2.58292, 51.462785], [-2.582813, 51.462854]]}, "properties": {"edge_id": 832, "from_node": 2433764650, "to_node": 2433744248, "key": 0, "length": 10.71, "travel_time": 1.198, "access_score": 0.0038549475084091183}}, {"type": "Feature", "geometry": {"type": "LineString", "coordinates": [[-2.58292, 51.462785], [-2.582944, 51.46277], [-2.582964, 51.46274], [-2.582976, 51.462461], [-2.58298, 51.462366]]}, "properties": {"edge_id": 833, "from_node": 2433764650, "to_node": 859323047, "key": 0, "length": 47.59, "travel_time": 5.323, "access_score": 0.004402045358332514}}, {"type": "Feature", "geometry": {"type": "LineString", "coordinates": [[-2.58292, 51.462785], [-2.583031, 51.462864], [-2.583158, 51.4629]]}, "properties": {"edge_id": 834, "from_node": 2433764650, "to_node": 2433764893, "key": 0, "length": 21.36, "travel_time": 2.389, "access_score": 0.0038549475084091183}}, {"type": "Feature", "geometry": {"type": "LineString", "coordinates": [[-2.583452, 51.462709], [-2.583575, 51.462786]]}, "properties": {"edge_id": 835, "from_node": 2433764668, "to_node": 2433764693, "key": 0, "length": 12.08, "travel_time": 1.351, "access_score": 0.0036404756768469862}}, {"type": "Feature", "geometry": {"type": "LineString", "coordinates": [[-2.583452, 51.462709], [-2.583678, 51.462563]]}, "properties": {"edge_id": 836, "from_node": 2433764668, "to_node": 2433764756, "key": 0, "length": 22.54, "travel_time": 2.522, "access_score": 0.003966489244128727}}, {"type": "Feature", "geometry": {"type": "LineString", "coordinates": [[-2.583452, 51.462709], [-2.583193, 51.462878]]}, "properties": {"edge_id": 837, "from_node": 2433764668, "to_node": 3546758138, "key": 0, "length": 25.99, "travel_time": 2.907, "access_score": 0.0036404756768469862}}, {"type": "Feature", "geometry": {"type": "LineString", "coordinates": [[-2.583571, 51.46137], [-2.583628, 51.461381], [-2.583692, 51.461418], [-2.583738, 51.461456]]}, "properties": {"edge_id": 838, "from_node": 2433764671, "to_node": 2433764742, "key": 0, "length": 15.5, "travel_time": 1.733, "access_score": 0.0055791184155035865}}, {"type": "Feature", "geometry": {"type": "LineString", "coordinates": [[-2.583571, 51.46137], [-2.583455, 51.461355], [-2.583336, 51.461354], [-2.583246, 51.461367], [-2.583188, 51.461387], [-2.583163, 51.461421], [-2.583164, 51.461454], [-2.583187, 51.461492], [-2.583234, 51.461526], [-2.583326, 51.461558], [-2.583424, 51.461575], [-2.583549, 51.46158], [-2.583654, 51.461571], [-2.583707, 51.461549], [-2.583739, 51.461524]]}, "properties": {"edge_id": 839, "from_node": 2433764671, "to_node": 2433764880, "key": 0, "length": 83.11, "travel_time": 9.296, "access_score": 0.005516688635342281}}, {"type": "Feature", "geometry": {"type": "LineString", "coordinates": [[-2.583571, 51.46137], [-2.583675, 51.46136], [-2.583764, 51.461338], [-2.58388, 51.461304], [-2.583935, 51.461287], [-2.583994, 51.461262], [-2.584067, 51.46123], [-2.584144, 51.461192], [-2.584224, 51.461162]]}, "properties": {"edge_id": 840, "from_node": 2433764671, "to_node": 2433764639, "key": 0, "length": 51.5, "travel_time": 5.76, "access_score": 0.007301967942931844}}, {"type": "Feature", "geometry": {"type": "LineString", "coordinates": [[-2.583575, 51.462786], [-2.583801, 51.462643]]}, "properties": {"edge_id": 841, "from_node": 2433764693, "to_node": 835468057, "key": 0, "length": 22.34, "travel_time": 2.499, "access_score": 0.003953135003379371}}, {"type": "Feature", "geometry": {"type": "LineString", "coordinates": [[-2.583575, 51.462786], [-2.583452, 51.462709]]}, "properties": {"edge_id": 842, "from_node": 2433764693, "to_node": 2433764668, "key": 0, "length": 12.08, "travel_time": 1.351, "access_score": 0.0036404756768469862}}, {"type": "Feature", "geometry": {"type": "LineString", "coordinates": [[-2.583575, 51.462786], [-2.5833, 51.46296], [-2.583193, 51.462878]]}, "properties": {"edge_id": 843, "from_node": 2433764693, "to_node": 3546758138, "key": 0, "length": 38.96, "travel_time": 4.357, "access_score": 0.003632508669685095}}, {"type": "Feature", "geometry": {"type": "LineString", "coordinates": [[-2.582798, 51.463548], [-2.583302, 51.46324]]}, "properties": {"edge_id": 844, "from_node": 2433764735, "to_node": 2433764788, "key": 0, "length": 48.84, "travel_time": 5.463, "access_score": 0.0031657344322089374}}, {"type": "Feature", "geometry": {"type": "LineString", "coordinates": [[-2.582798, 51.463548], [-2.582717, 51.463583]]}, "properties": {"edge_id": 845, "from_node": 2433764735, "to_node": 2433764901, "key": 0, "length": 6.82, "travel_time": 0.762, "access_score": 0.0030605228746530665}}, {"type": "Feature", "geometry": {"type": "LineString", "coordinates": [[-2.582798, 51.463548], [-2.582922, 51.463522], [-2.583033, 51.463593]]}, "properties": {"edge_id": 846, "from_node": 2433764735, "to_node": 835468054, "key": 0, "length": 20.11, "travel_time": 2.249, "access_score": 0.0030605228746530665}}, {"type": "Feature", "geometry": {"type": "LineString", "coordinates": [[-2.582497, 51.463434], [-2.582409, 51.463449]]}, "properties": {"edge_id": 847, "from_node": 2433764738, "to_node": 859323050, "key": 0, "length": 6.34, "travel_time": 0.709, "access_score": 0.0032775640636237193}}, {"type": "Feature", "geometry": {"type": "LineString", "coordinates": [[-2.582497, 51.463434], [-2.582917, 51.463162]]}, "properties": {"edge_id": 848, "from_node": 2433764738, "to_node": 2433742220, "key": 0, "length": 42.0, "travel_time": 4.697, "access_score": 0.0034060032043855713}}, {"type": "Feature", "geometry": {"type": "LineString", "coordinates": [[-2.582497, 51.463434], [-2.582717, 51.463583]]}, "properties": {"edge_id": 849, "from_node": 2433764738, "to_node": 2433764901, "key": 0, "length": 22.49, "travel_time": 2.515, "access_score": 0.003266427906643752}}, {"type": "Feature", "geometry": {"type": "LineString", "coordinates": [[-2.583738, 51.461456], [-2.583751, 51.46149], [-2.583739, 51.461524]]}, "properties": {"edge_id": 850, "from_node": 2433764742, "to_node": 2433764880, "key": 0, "length": 7.73, "travel_time": 0.865, "access_score": 0.0055791184155035865}}, {"type": "Feature", "geometry": {"type": "LineString", "coordinates": [[-2.583738, 51.461456], [-2.583692, 51.461418], [-2.583628, 51.461381], [-2.583571, 51.46137]]}, "properties": {"edge_id": 851, "from_node": 2433764742, "to_node": 2433764671, "key": 0, "length": 15.5, "travel_time": 1.733, "access_score": 0.0055791184155035865}}, {"type": "Feature", "geometry": {"type": "LineString", "coordinates": [[-2.583738, 51.461456], [-2.58379, 51.461477], [-2.583847, 51.46149], [-2.583866, 51.46151]]}, "properties": {"edge_id": 852, "from_node": 2433764742, "to_node": 2433764834, "key": 0, "length": 11.05, "travel_time": 1.235, "access_score": 0.005766231516354774}}, {"type": "Feature", "geometry": {"type": "LineString", "coordinates": [[-2.583678, 51.462563], [-2.583604, 51.462516]]}, "properties": {"edge_id": 853, "from_node": 2433764756, "to_node": 5438534268, "key": 0, "length": 7.29, "travel_time": 0.816, "access_score": 0.003968787686964601}}, {"type": "Feature", "geometry": {"type": "LineString", "coordinates": [[-2.583678, 51.462563], [-2.583801, 51.462643]]}, "properties": {"edge_id": 854, "from_node": 2433764756, "to_node": 835468057, "key": 0, "length": 12.37, "travel_time": 1.384, "access_score": 0.003966489244128727}}, {"type": "Feature", "geometry": {"type": "LineString", "coordinates": [[-2.583678, 51.462563], [-2.583452, 51.462709]]}, "properties": {"edge_id": 855, "from_node": 2433764756, "to_node": 2433764668, "key": 0, "length": 22.54, "travel_time": 2.522, "access_score": 0.003966489244128727}}, {"type": "Feature", "geometry": {"type": "LineString", "coordinates": [[-2.582609, 51.46377], [-2.582516, 51.463831], [-2.582124, 51.464074]]}, "properties": {"edge_id": 856, "from_node": 2433764759, "to_node": 859323259, "key": 0, "length": 47.73, "travel_time": 5.338, "access_score": 0.002912401484160175}}, {"type": "Feature", "geometry": {"type": "LineString", "coordinates": [[-2.582609, 51.46377], [-2.58289, 51.463942], [-2.583222, 51.463741]]}, "properties": {"edge_id": 857, "from_node": 2433764759, "to_node": 859323097, "key": 0, "length": 59.36, "travel_time": 6.639, "access_score": 0.002912401484160175}}, {"type": "Feature", "geometry": {"type": "LineString", "coordinates": [[-2.582609, 51.46377], [-2.582507, 51.463708], [-2.582588, 51.463652], [-2.582717, 51.463583]]}, "properties": {"edge_id": 858, "from_node": 2433764759, "to_node": 2433764901, "key": 0, "length": 30.06, "travel_time": 3.362, "access_score": 0.003051986780315533}}, {"type": "Feature", "geometry": {"type": "LineString", "coordinates": [[-2.583846, 51.46152], [-2.583866, 51.46151]]}, "properties": {"edge_id": 859, "from_node": 2433764766, "to_node": 2433764834, "key": 0, "length": 1.76, "travel_time": 0.197, "access_score": 0.005766231516354774}}, {"type": "Feature", "geometry": {"type": "LineString", "coordinates": [[-2.583846, 51.46152], [-2.583926, 51.461594], [-2.584036, 51.461726], [-2.584049, 51.461744]]}, "properties": {"edge_id": 860, "from_node": 2433764766, "to_node": 2433764912, "key": 0, "length": 28.62, "travel_time": 3.201, "access_score": 0.005762238740077226}}, {"type": "Feature", "geometry": {"type": "LineString", "coordinates": [[-2.583846, 51.46152], [-2.583796, 51.461532], [-2.583739, 51.461524]]}, "properties": {"edge_id": 861, "from_node": 2433764766, "to_node": 2433764880, "key": 0, "length": 7.71, "travel_time": 0.862, "access_score": 0.00571010095411612}}, {"type": "Feature", "geometry": {"type": "LineString", "coordinates": [[-2.583302, 51.46324], [-2.583354, 51.463278]]}, "properties": {"edge_id": 862, "from_node": 2433764788, "to_node": 2433764852, "key": 0, "length": 5.49, "travel_time": 0.614, "access_score": 0.0031657344322089374}}, {"type": "Feature", "geometry": {"type": "LineString", "coordinates": [[-2.583302, 51.46324], [-2.582798, 51.463548]]}, "properties": {"edge_id": 863, "from_node": 2433764788, "to_node": 2433764735, "key": 0, "length": 48.84, "travel_time": 5.463, "access_score": 0.0031657344322089374}}, {"type": "Feature", "geometry": {"type": "LineString", "coordinates": [[-2.583302, 51.46324], [-2.583218, 51.46318], [-2.583137, 51.463165], [-2.583043, 51.463111]]}, "properties": {"edge_id": 864, "from_node": 2433764788, "to_node": 2433744230, "key": 0, "length": 23.6, "travel_time": 2.64, "access_score": 0.003404528469614024}}, {"type": "Feature", "geometry": {"type": "LineString", "coordinates": [[-2.583866, 51.46151], [-2.583846, 51.46152]]}, "properties": {"edge_id": 865, "from_node": 2433764834, "to_node": 2433764766, "key": 0, "length": 1.76, "travel_time": 0.197, "access_score": 0.005766231516354774}}, {"type": "Feature", "geometry": {"type": "LineString", "coordinates": [[-2.583866, 51.46151], [-2.583847, 51.46149], [-2.58379, 51.461477], [-2.583738, 51.461456]]}, "properties": {"edge_id": 866, "from_node": 2433764834, "to_node": 2433764742, "key": 0, "length": 11.05, "travel_time": 1.235, "access_score": 0.005766231516354774}}, {"type": "Feature", "geometry": {"type": "LineString", "coordinates": [[-2.583866, 51.46151], [-2.583907, 51.461489], [-2.58402, 51.46143], [-2.58406, 51.4614], [-2.584097, 51.461372], [-2.584136, 51.461338], [-2.584174, 51.461269], [-2.584224, 51.461162]]}, "properties": {"edge_id": 867, "from_node": 2433764834, "to_node": 2433764639, "key": 0, "length": 47.48, "travel_time": 5.31, "access_score": 0.007301967942931844}}, {"type": "Feature", "geometry": {"type": "LineString", "coordinates": [[-2.583354, 51.463278], [-2.583302, 51.46324]]}, "properties": {"edge_id": 868, "from_node": 2433764852, "to_node": 2433764788, "key": 0, "length": 5.49, "travel_time": 0.614, "access_score": 0.0031657344322089374}}, {"type": "Feature", "geometry": {"type": "LineString", "coordinates": [[-2.583354, 51.463278], [-2.583444, 51.463343]]}, "properties": {"edge_id": 869, "from_node": 2433764852, "to_node": 859323020, "key": 0, "length": 9.61, "travel_time": 1.074, "access_score": 0.0031117553503474406}}, {"type": "Feature", "geometry": {"type": "LineString", "coordinates": [[-2.583354, 51.463278], [-2.583577, 51.463141]]}, "properties": {"edge_id": 870, "from_node": 2433764852, "to_node": 2433764891, "key": 0, "length": 21.73, "travel_time": 2.43, "access_score": 0.0032674888694418473}}, {"type": "Feature", "geometry": {"type": "LineString", "coordinates": [[-2.583739, 51.461524], [-2.583707, 51.461549], [-2.583654, 51.461571], [-2.583549, 51.46158], [-2.583424, 51.461575], [-2.583326, 51.461558], [-2.583234, 51.461526], [-2.583187, 51.461492], [-2.583164, 51.461454], [-2.583163, 51.461421], [-2.583188, 51.461387], [-2.583246, 51.461367], [-2.583336, 51.461354], [-2.583455, 51.461355], [-2.583571, 51.46137]]}, "properties": {"edge_id": 871, "from_node": 2433764880, "to_node": 2433764671, "key": 0, "length": 83.11, "travel_time": 9.296, "access_score": 0.005516688635342281}}, {"type": "Feature", "geometry": {"type": "LineString", "coordinates": [[-2.583739, 51.461524], [-2.583751, 51.46149], [-2.583738, 51.461456]]}, "properties": {"edge_id": 872, "from_node": 2433764880, "to_node": 2433764742, "key": 0, "length": 7.73, "travel_time": 0.865, "access_score": 0.0055791184155035865}}, {"type": "Feature", "geometry": {"type": "LineString", "coordinates": [[-2.583739, 51.461524], [-2.583796, 51.461532], [-2.583846, 51.46152]]}, "properties": {"edge_id": 873, "from_node": 2433764880, "to_node": 2433764766, "key": 0, "length": 7.71, "travel_time": 0.862, "access_score": 0.00571010095411612}}, {"type": "Feature", "geometry": {"type": "LineString", "coordinates": [[-2.583577, 51.463141], [-2.583354, 51.463278]]}, "properties": {"edge_id": 874, "from_node": 2433764891, "to_node": 2433764852, "key": 0, "length": 21.73, "travel_time": 2.43, "access_score": 0.0032674888694418473}}, {"type": "Feature", "geometry": {"type": "LineString", "coordinates": [[-2.583577, 51.463141], [-2.583553, 51.463126], [-2.583475, 51.463082], [-2.58338, 51.463032], [-2.58333, 51.46302], [-2.583158, 51.4629]]}, "properties": {"edge_id": 875, "from_node": 2433764891, "to_node": 2433764893, "key": 0, "length": 39.84, "travel_time": 4.456, "access_score": 0.003575116228055045}}, {"type": "Feature", "geometry": {"type": "LineString", "coordinates": [[-2.583577, 51.463141], [-2.583652, 51.46309], [-2.583744, 51.463155]]}, "properties": {"edge_id": 876, "from_node": 2433764891, "to_node": 2433764623, "key": 0, "length": 17.35, "travel_time": 1.941, "access_score": 0.003351339283250463}}, {"type": "Feature", "geometry": {"type": "LineString", "coordinates": [[-2.583158, 51.4629], [-2.583193, 51.462878]]}, "properties": {"edge_id": 877, "from_node": 2433764893, "to_node": 3546758138, "key": 0, "length": 3.48, "travel_time": 0.39, "access_score": 0.0035805628862577593}}, {"type": "Feature", "geometry": {"type": "LineString", "coordinates": [[-2.583158, 51.4629], [-2.583031, 51.462864], [-2.58292, 51.462785]]}, "properties": {"edge_id": 878, "from_node": 2433764893, "to_node": 2433764650, "key": 0, "length": 21.36, "travel_time": 2.389, "access_score": 0.0038549475084091183}}, {"type": "Feature", "geometry": {"type": "LineString", "coordinates": [[-2.583158, 51.4629], [-2.58333, 51.46302], [-2.58338, 51.463032], [-2.583475, 51.463082], [-2.583553, 51.463126], [-2.583577, 51.463141]]}, "properties": {"edge_id": 879, "from_node": 2433764893, "to_node": 2433764891, "key": 0, "length": 39.84, "travel_time": 4.456, "access_score": 0.003575116228055045}}, {"type": "Feature", "geometry": {"type": "LineString", "coordinates": [[-2.582717, 51.463583], [-2.582497, 51.463434]]}, "properties": {"edge_id": 880, "from_node": 2433764901, "to_node": 2433764738, "key": 0, "length": 22.49, "travel_time": 2.515, "access_score": 0.003266427906643752}}, {"type": "Feature", "geometry": {"type": "LineString", "coordinates": [[-2.582717, 51.463583], [-2.582798, 51.463548]]}, "properties": {"edge_id": 881, "from_node": 2433764901, "to_node": 2433764735, "key": 0, "length": 6.82, "travel_time": 0.762, "access_score": 0.0030605228746530665}}, {"type": "Feature", "geometry": {"type": "LineString", "coordinates": [[-2.582717, 51.463583], [-2.582588, 51.463652], [-2.582507, 51.463708], [-2.582609, 51.46377]]}, "properties": {"edge_id": 882, "from_node": 2433764901, "to_node": 2433764759, "key": 0, "length": 30.06, "travel_time": 3.362, "access_score": 0.003051986780315533}}, {"type": "Feature", "geometry": {"type": "LineString", "coordinates": [[-2.584049, 51.461744], [-2.584187, 51.461948], [-2.584274, 51.461984]]}, "properties": {"edge_id": 883, "from_node": 2433764912, "to_node": 282238482, "key": 0, "length": 31.89, "travel_time": 3.567, "access_score": 0.005744730601374316}}, {"type": "Feature", "geometry": {"type": "LineString", "coordinates": [[-2.584049, 51.461744], [-2.584036, 51.461726], [-2.583926, 51.461594], [-2.583846, 51.46152]]}, "properties": {"edge_id": 884, "from_node": 2433764912, "to_node": 2433764766, "key": 0, "length": 28.62, "travel_time": 3.201, "access_score": 0.005762238740077226}}, {"type": "Feature", "geometry": {"type": "LineString", "coordinates": [[-2.584049, 51.461744], [-2.583481, 51.461903], [-2.583258, 51.4622], [-2.583242, 51.4623]]}, "properties": {"edge_id": 885, "from_node": 2433764912, "to_node": 2433744240, "key": 0, "length": 90.82, "travel_time": 10.158, "access_score": 0.005744730601374316}}, {"type": "Feature", "geometry": {"type": "LineString", "coordinates": [[-2.584964, 51.460965], [-2.58495, 51.460946]]}, "properties": {"edge_id": 886, "from_node": 2433778866, "to_node": 859323119, "key": 0, "length": 2.36, "travel_time": 0.264, "access_score": 0.012160098929774028}}, {"type": "Feature", "geometry": {"type": "LineString", "coordinates": [[-2.584964, 51.460965], [-2.585049, 51.461063]]}, "properties": {"edge_id": 887, "from_node": 2433778866, "to_node": 3811627143, "key": 0, "length": 12.39, "travel_time": 1.385, "access_score": 0.012698984210942113}}, {"type": "Feature", "geometry": {"type": "LineString", "coordinates": [[-2.584964, 51.460965], [-2.584224, 51.461162]]}, "properties": {"edge_id": 888, "from_node": 2433778866, "to_node": 2433764639, "key": 0, "length": 55.72, "travel_time": 6.232, "access_score": 0.012160098929774028}}, {"type": "Feature", "geometry": {"type": "LineString", "coordinates": [[-2.585919, 51.460724], [-2.586018, 51.460838]]}, "properties": {"edge_id": 889, "from_node": 2433778870, "to_node": 19871260, "key": 0, "length": 14.43, "travel_time": 1.613, "access_score": 0.11353369282712328}}, {"type": "Feature", "geometry": {"type": "LineString", "coordinates": [[-2.585919, 51.460724], [-2.58577, 51.460646], [-2.585632, 51.460596], [-2.585516, 51.460592]]}, "properties": {"edge_id": 890, "from_node": 2433778870, "to_node": 2433778872, "key": 0, "length": 32.59, "travel_time": 3.645, "access_score": 0.04536393987796569}}, {"type": "Feature", "geometry": {"type": "LineString", "coordinates": [[-2.585919, 51.460724], [-2.585789, 51.460489], [-2.585726, 51.460407]]}, "properties": {"edge_id": 891, "from_node": 2433778870, "to_node": 2433778874, "key": 0, "length": 37.69, "travel_time": 4.216, "access_score": 0.04536393987796569}}, {"type": "Feature", "geometry": {"type": "LineString", "coordinates": [[-2.585516, 51.460592], [-2.585632, 51.460596], [-2.58577, 51.460646], [-2.585919, 51.460724]]}, "properties": {"edge_id": 892, "from_node": 2433778872, "to_node": 2433778870, "key": 0, "length": 32.59, "travel_time": 3.645, "access_score": 0.04536393987796569}}, {"type": "Feature", "geometry": {"type": "LineString", "coordinates": [[-2.585516, 51.460592], [-2.58541, 51.460604], [-2.585315, 51.460632]]}, "properties": {"edge_id": 893, "from_node": 2433778872, "to_node": 3811627140, "key": 0, "length": 14.73, "travel_time": 1.647, "access_score": 0.018918840788184385}}, {"type": "Feature", "geometry": {"type": "LineString", "coordinates": [[-2.585516, 51.460592], [-2.585621, 51.46056], [-2.5857, 51.460534], [-2.585725, 51.460512], [-2.585729, 51.460484], [-2.585726, 51.460407]]}, "properties": {"edge_id": 894, "from_node": 2433778872, "to_node": 2433778874, "key": 0, "length": 28.9, "travel_time": 3.233, "access_score": 0.020834868972034664}}, {"type": "Feature", "geometry": {"type": "LineString", "coordinates": [[-2.585726, 51.460407], [-2.585694, 51.460366]]}, "properties": {"edge_id": 895, "from_node": 2433778874, "to_node": 25280231, "key": 0, "length": 5.06, "travel_time": 0.566, "access_score": 0.017008141998595083}}, {"type": "Feature", "geometry": {"type": "LineString", "coordinates": [[-2.585726, 51.460407], [-2.585789, 51.460489], [-2.585919, 51.460724]]}, "properties": {"edge_id": 896, "from_node": 2433778874, "to_node": 2433778870, "key": 0, "length": 37.69, "travel_time": 4.216, "access_score": 0.04536393987796569}}, {"type": "Feature", "geometry": {"type": "LineString", "coordinates": [[-2.585726, 51.460407], [-2.585729, 51.460484], [-2.585725, 51.460512], [-2.5857, 51.460534], [-2.585621, 51.46056], [-2.585516, 51.460592]]}, "properties": {"edge_id": 897, "from_node": 2433778874, "to_node": 2433778872, "key": 0, "length": 28.9, "travel_time": 3.233, "access_score": 0.020834868972034664}}, {"type": "Feature", "geometry": {"type": "LineString", "coordinates": [[-2.585416, 51.461558], [-2.585457, 51.461614]]}, "properties": {"edge_id": 898, "from_node": 2433779947, "to_node": 364165239, "key": 0, "length": 6.86, "travel_time": 0.767, "access_score": 0.011293295233097893}}, {"type": "Feature", "geometry": {"type": "LineString", "coordinates": [[-2.585416, 51.461558], [-2.585191, 51.461226]]}, "properties": {"edge_id": 899, "from_node": 2433779947, "to_node": 19871266, "key": 0, "length": 40.11, "travel_time": 4.486, "access_score": 0.013040425050036523}}, {"type": "Feature", "geometry": {"type": "LineString", "coordinates": [[-2.585416, 51.461558], [-2.585426, 51.461492], [-2.58546, 51.46144], [-2.58557, 51.461385], [-2.585667, 51.461348]]}, "properties": {"edge_id": 900, "from_node": 2433779947, "to_node": 2433779953, "key": 0, "length": 31.29, "travel_time": 3.5, "access_score": 0.016832688147893918}}, {"type": "Feature", "geometry": {"type": "LineString", "coordinates": [[-2.585667, 51.461348], [-2.585753, 51.461324]]}, "properties": {"edge_id": 901, "from_node": 2433779953, "to_node": 3811627145, "key": 0, "length": 6.57, "travel_time": 0.735, "access_score": 0.01861368118350035}}, {"type": "Feature", "geometry": {"type": "LineString", "coordinates": [[-2.585667, 51.461348], [-2.585501, 51.461345], [-2.585308, 51.461293], [-2.585191, 51.461226]]}, "properties": {"edge_id": 902, "from_node": 2433779953, "to_node": 19871266, "key": 0, "length": 37.09, "travel_time": 4.148, "access_score": 0.016832688147893918}}, {"type": "Feature", "geometry": {"type": "LineString", "coordinates": [[-2.585667, 51.461348], [-2.58557, 51.461385], [-2.58546, 51.46144], [-2.585426, 51.461492], [-2.585416, 51.461558]]}, "properties": {"edge_id": 903, "from_node": 2433779953, "to_node": 2433779947, "key": 0, "length": 31.29, "travel_time": 3.5, "access_score": 0.016832688147893918}}, {"type": "Feature", "geometry": {"type": "LineString", "coordinates": [[-2.584144, 51.459542], [-2.584046, 51.459565]]}, "properties": {"edge_id": 904, "from_node": 2433821534, "to_node": 364165249, "key": 0, "length": 7.28, "travel_time": 0.543, "access_score": 0.007926838899134155}}, {"type": "Feature", "geometry": {"type": "LineString", "coordinates": [[-2.584144, 51.459542], [-2.584445, 51.459466], [-2.584312, 51.459465], [-2.58424, 51.459458], [-2.584185, 51.459438], [-2.584164, 51.459425]]}, "properties": {"edge_id": 905, "from_node": 2433821534, "to_node": 385560628, "key": 0, "length": 43.13, "travel_time": 3.216, "access_score": 0.008547678385772233}}, {"type": "Feature", "geometry": {"type": "LineString", "coordinates": [[-2.584144, 51.459542], [-2.584131, 51.459504], [-2.584113, 51.45947]]}, "properties": {"edge_id": 906, "from_node": 2433821534, "to_node": 2433821535, "key": 0, "length": 8.3, "travel_time": 0.929, "access_score": 0.008378825369294995}}, {"type": "Feature", "geometry": {"type": "LineString", "coordinates": [[-2.584144, 51.459542], [-2.584152, 51.459565], [-2.584146, 51.459618]]}, "properties": {"edge_id": 907, "from_node": 2433821534, "to_node": 3860745718, "key": 0, "length": 8.53, "travel_time": 0.954, "access_score": 0.007853030073265715}}, {"type": "Feature", "geometry": {"type": "LineString", "coordinates": [[-2.584113, 51.45947], [-2.584058, 51.459481], [-2.584017, 51.459488]]}, "properties": {"edge_id": 908, "from_node": 2433821535, "to_node": 1280674364, "key": 0, "length": 7.0, "travel_time": 0.782, "access_score": 0.00849604175459437}}, {"type": "Feature", "geometry": {"type": "LineString", "coordinates": [[-2.584113, 51.45947], [-2.584141, 51.459444], [-2.584164, 51.459425]]}, "properties": {"edge_id": 909, "from_node": 2433821535, "to_node": 385560628, "key": 0, "length": 6.12, "travel_time": 0.685, "access_score": 0.008547678385772233}}, {"type": "Feature", "geometry": {"type": "LineString", "coordinates": [[-2.584113, 51.45947], [-2.584131, 51.459504], [-2.584144, 51.459542]]}, "properties": {"edge_id": 910, "from_node": 2433821535, "to_node": 2433821534, "key": 0, "length": 8.3, "travel_time": 0.929, "access_score": 0.008378825369294995}}, {"type": "Feature", "geometry": {"type": "LineString", "coordinates": [[-2.58424, 51.459354], [-2.584212, 51.459385], [-2.584164, 51.459425]]}, "properties": {"edge_id": 911, "from_node": 2433821537, "to_node": 385560628, "key": 0, "length": 9.57, "travel_time": 1.07, "access_score": 0.008795998072848128}}, {"type": "Feature", "geometry": {"type": "LineString", "coordinates": [[-2.58424, 51.459354], [-2.584274, 51.45937], [-2.58433, 51.459389], [-2.584414, 51.459389], [-2.584494, 51.459378], [-2.584579, 51.459353], [-2.5847, 51.459297]]}, "properties": {"edge_id": 912, "from_node": 2433821537, "to_node": 492212322, "key": 0, "length": 35.76, "travel_time": 4.0, "access_score": 0.008795998072848128}}, {"type": "Feature", "geometry": {"type": "LineString", "coordinates": [[-2.58424, 51.459354], [-2.584219, 51.459338], [-2.584098, 51.459216], [-2.584029, 51.459114], [-2.583995, 51.459036], [-2.583954, 51.458839], [-2.583963, 51.458793], [-2.583968, 51.458731], [-2.584037, 51.458515], [-2.58408, 51.458476]]}, "properties": {"edge_id": 913, "from_node": 2433821537, "to_node": 826736676, "key": 0, "length": 103.43, "travel_time": 11.568, "access_score": 0.025774437599464527}}, {"type": "Feature", "geometry": {"type": "LineString", "coordinates": [[-2.584119, 51.459829], [-2.584159, 51.459882], [-2.584363, 51.460159]]}, "properties": {"edge_id": 914, "from_node": 2433821542, "to_node": 262442262, "key": 0, "length": 40.37, "travel_time": 3.01, "access_score": 0.006840786423521638}}, {"type": "Feature", "geometry": {"type": "LineString", "coordinates": [[-2.584119, 51.459829], [-2.584067, 51.459759], [-2.584071, 51.4597], [-2.58406, 51.459625]]}, "properties": {"edge_id": 915, "from_node": 2433821542, "to_node": 17476875, "key": 0, "length": 23.62, "travel_time": 1.761, "access_score": 0.007547017219530292}}, {"type": "Feature", "geometry": {"type": "LineString", "coordinates": [[-2.584119, 51.459829], [-2.584149, 51.459818], [-2.584282, 51.459764]]}, "properties": {"edge_id": 916, "from_node": 2433821542, "to_node": 2433821544, "key": 0, "length": 13.46, "travel_time": 1.506, "access_score": 0.006517916188555372}}, {"type": "Feature", "geometry": {"type": "LineString", "coordinates": [[-2.584119, 51.459829], [-2.584075, 51.459851], [-2.583836, 51.459963], [-2.582686, 51.460448], [-2.582456, 51.460542]]}, "properties": {"edge_id": 917, "from_node": 2433821542, "to_node": 3860786634, "key": 0, "length": 139.89, "travel_time": 15.646, "access_score": 0.007872571715851717}}, {"type": "Feature", "geometry": {"type": "LineString", "coordinates": [[-2.584282, 51.459764], [-2.585032, 51.459491]]}, "properties": {"edge_id": 918, "from_node": 2433821544, "to_node": 2179076502, "key": 0, "length": 60.13, "travel_time": 6.726, "access_score": 0.006518508396286204}}, {"type": "Feature", "geometry": {"type": "LineString", "coordinates": [[-2.584282, 51.459764], [-2.58426, 51.459748], [-2.584208, 51.4597], [-2.584146, 51.459646], [-2.584146, 51.459618]]}, "properties": {"edge_id": 919, "from_node": 2433821544, "to_node": 3860745718, "key": 0, "length": 19.23, "travel_time": 2.151, "access_score": 0.0074249216713223815}}, {"type": "Feature", "geometry": {"type": "LineString", "coordinates": [[-2.584282, 51.459764], [-2.584149, 51.459818], [-2.584119, 51.459829]]}, "properties": {"edge_id": 920, "from_node": 2433821544, "to_node": 2433821542, "key": 0, "length": 13.46, "travel_time": 1.506, "access_score": 0.006517916188555372}}, {"type": "Feature", "geometry": {"type": "LineString", "coordinates": [[-2.589163, 51.459209], [-2.590085, 51.459194]]}, "properties": {"edge_id": 921, "from_node": 2433863938, "to_node": 645089864, "key": 0, "length": 63.89, "travel_time": 7.146, "access_score": 0.015396979332715341}}, {"type": "Feature", "geometry": {"type": "LineString", "coordinates": [[-2.589163, 51.459209], [-2.589155, 51.459112], [-2.589045, 51.458892], [-2.588985, 51.45881]]}, "properties": {"edge_id": 922, "from_node": 2433863938, "to_node": 993186001, "key": 0, "length": 46.47, "travel_time": 5.197, "access_score": 0.011897183905952803}}, {"type": "Feature", "geometry": {"type": "LineString", "coordinates": [[-2.589163, 51.459209], [-2.588237, 51.459222], [-2.58745, 51.459244], [-2.586976, 51.459228]]}, "properties": {"edge_id": 923, "from_node": 2433863938, "to_node": 3860890371, "key": 0, "length": 151.59, "travel_time": 16.955, "access_score": 0.010394227698704435}}, {"type": "Feature", "geometry": {"type": "LineString", "coordinates": [[-2.587438, 51.461119], [-2.587396, 51.461144], [-2.587327, 51.461195]]}, "properties": {"edge_id": 924, "from_node": 2515293875, "to_node": 262442698, "key": 0, "length": 11.48, "travel_time": 1.284, "access_score": 0.014407184037762748}}, {"type": "Feature", "geometry": {"type": "LineString", "coordinates": [[-2.587438, 51.461119], [-2.587573, 51.461078], [-2.587666, 51.461064], [-2.587861, 51.461065]]}, "properties": {"edge_id": 925, "from_node": 2515293875, "to_node": 262442695, "key": 0, "length": 30.52, "travel_time": 3.414, "access_score": 0.014483188460154457}}, {"type": "Feature", "geometry": {"type": "LineString", "coordinates": [[-2.587438, 51.461119], [-2.58738, 51.461114], [-2.58734, 51.461104], [-2.587305, 51.461096]]}, "properties": {"edge_id": 926, "from_node": 2515293875, "to_node": 2515293876, "key": 0, "length": 9.64, "travel_time": 1.078, "access_score": 0.015541063870013595}}, {"type": "Feature", "geometry": {"type": "LineString", "coordinates": [[-2.587305, 51.461096], [-2.58734, 51.461104], [-2.58738, 51.461114], [-2.587438, 51.461119]]}, "properties": {"edge_id": 927, "from_node": 2515293876, "to_node": 2515293875, "key": 0, "length": 9.64, "travel_time": 1.078, "access_score": 0.015541063870013595}}, {"type": "Feature", "geometry": {"type": "LineString", "coordinates": [[-2.587305, 51.461096], [-2.587316, 51.461136], [-2.587327, 51.461195]]}, "properties": {"edge_id": 928, "from_node": 2515293876, "to_node": 262442698, "key": 0, "length": 11.11, "travel_time": 1.243, "access_score": 0.015541063870013595}}, {"type": "Feature", "geometry": {"type": "LineString", "coordinates": [[-2.587305, 51.461096], [-2.587295, 51.46108], [-2.587254, 51.461021], [-2.587187, 51.460941], [-2.587179, 51.460923], [-2.587181, 51.460911], [-2.587193, 51.460903], [-2.587254, 51.460886], [-2.587698, 51.460782]]}, "properties": {"edge_id": 929, "from_node": 2515293876, "to_node": 262442694, "key": 0, "length": 61.18, "travel_time": 6.843, "access_score": 0.024612331716941858}}, {"type": "Feature", "geometry": {"type": "LineString", "coordinates": [[-2.58781, 51.460917], [-2.587861, 51.461065]]}, "properties": {"edge_id": 930, "from_node": 2515293881, "to_node": 262442695, "key": 0, "length": 16.83, "travel_time": 1.883, "access_score": 0.015278648366731058}}, {"type": "Feature", "geometry": {"type": "LineString", "coordinates": [[-2.58781, 51.460917], [-2.587735, 51.460894], [-2.587698, 51.460782]]}, "properties": {"edge_id": 931, "from_node": 2515293881, "to_node": 262442694, "key": 0, "length": 18.52, "travel_time": 2.072, "access_score": 0.01994759396390908}}, {"type": "Feature", "geometry": {"type": "LineString", "coordinates": [[-2.58781, 51.460917], [-2.587822, 51.460896], [-2.587828, 51.460888], [-2.587834, 51.460882], [-2.58784, 51.460879], [-2.587848, 51.460876], [-2.587857, 51.460873], [-2.587873, 51.46087], [-2.587894, 51.460868], [-2.587921, 51.460866], [-2.587939, 51.460866], [-2.587961, 51.460867], [-2.588012, 51.460874], [-2.588051, 51.460882], [-2.588079, 51.46089], [-2.588094, 51.460896], [-2.588106, 51.460904], [-2.588117, 51.460913], [-2.588145, 51.46094], [-2.588148, 51.460945], [-2.588148, 51.460949], [-2.588147, 51.460952], [-2.588144, 51.460953], [-2.588137, 51.460956], [-2.588135, 51.460958], [-2.588134, 51.460962], [-2.588134, 51.460969], [-2.588136, 51.461004], [-2.588136, 51.461014], [-2.588133, 51.461023], [-2.588126, 51.461034], [-2.588114, 51.461045], [-2.588097, 51.461056], [-2.58808, 51.461064], [-2.588057, 51.46107], [-2.58804, 51.461074], [-2.58802, 51.461076], [-2.587995, 51.461075], [-2.587974, 51.461071], [-2.587954, 51.461063], [-2.587931, 51.461051], [-2.58792, 51.461041], [-2.587913, 51.46103], [-2.587909, 51.461018], [-2.587909, 51.461007], [-2.587912, 51.460993], [-2.587918, 51.460983], [-2.587934, 51.460972], [-2.587954, 51.460962], [-2.587972, 51.460956], [-2.587989, 51.460953], [-2.588005, 51.460953], [-2.588025, 51.460954], [-2.588041, 51.46096], [-2.588051, 51.460966], [-2.58806, 51.460974], [-2.588068, 51.460984], [-2.588069, 51.460991], [-2.588069, 51.461004], [-2.588067, 51.461013], [-2.588062, 51.46102], [-2.588056, 51.461025], [-2.588045, 51.46103], [-2.588026, 51.461033], [-2.588018, 51.461033], [-2.588012, 51.461033], [-2.588005, 51.461031], [-2.588, 51.461029], [-2.587997, 51.461025], [-2.587997, 51.46102], [-2.587998, 51.461016], [-2.587999, 51.461014]]}, "properties": {"edge_id": 932, "from_node": 2515293881, "to_node": 6047257804, "key": 0, "length": 88.34, "travel_time": 9.881, "access_score": 0.015555195769072324}}, {"type": "Feature", "geometry": {"type": "LineString", "coordinates": [[-2.583082, 51.457187], [-2.583025, 51.457202], [-2.582992, 51.457222], [-2.582975, 51.457239], [-2.582892, 51.457332]]}, "properties": {"edge_id": 933, "from_node": 2519732440, "to_node": 1280267492, "key": 0, "length": 21.5, "travel_time": 2.404, "access_score": 0.0162130013679199}}, {"type": "Feature", "geometry": {"type": "LineString", "coordinates": [[-2.584162, 51.457938], [-2.584068, 51.457911]]}, "properties": {"edge_id": 934, "from_node": 2533775204, "to_node": 3860810901, "key": 0, "length": 7.21, "travel_time": 0.806, "access_score": 0.02835653989166249}}, {"type": "Feature", "geometry": {"type": "LineString", "coordinates": [[-2.582947, 51.458248], [-2.583201, 51.457954]]}, "properties": {"edge_id": 935, "from_node": 2533775206, "to_node": 5834930877, "key": 0, "length": 37.13, "travel_time": 4.153, "access_score": 0.055013162988144515}}, {"type": "Feature", "geometry": {"type": "LineString", "coordinates": [[-2.582947, 51.458248], [-2.582566, 51.458288]]}, "properties": {"edge_id": 936, "from_node": 2533775206, "to_node": 117678036, "key": 0, "length": 26.76, "travel_time": 2.993, "access_score": 0.055013162988144515}}, {"type": "Feature", "geometry": {"type": "LineString", "coordinates": [[-2.582947, 51.458248], [-2.582941, 51.458374]]}, "properties": {"edge_id": 937, "from_node": 2533775206, "to_node": 5919438954, "key": 0, "length": 13.98, "travel_time": 1.564, "access_score": 0.14118662107669044}}, {"type": "Feature", "geometry": {"type": "LineString", "coordinates": [[-2.590533, 51.457372], [-2.590994, 51.458029], [-2.591045, 51.458102]]}, "properties": {"edge_id": 938, "from_node": 2627428303, "to_node": 435846358, "key": 0, "length": 88.54, "travel_time": 9.903, "access_score": 0.050258688698080416}}, {"type": "Feature", "geometry": {"type": "LineString", "coordinates": [[-2.592164, 51.461397], [-2.591422, 51.460947]]}, "properties": {"edge_id": 939, "from_node": 2743760828, "to_node": 374166815, "key": 0, "length": 71.68, "travel_time": 8.017, "access_score": 0.01338711465880663}}, {"type": "Feature", "geometry": {"type": "LineString", "coordinates": [[-2.592164, 51.461397], [-2.591941, 51.461554]]}, "properties": {"edge_id": 940, "from_node": 2743760828, "to_node": 30239264, "key": 0, "length": 23.36, "travel_time": 2.612, "access_score": 0.009170221267455312}}, {"type": "Feature", "geometry": {"type": "LineString", "coordinates": [[-2.588219, 51.462216], [-2.58832, 51.4623]]}, "properties": {"edge_id": 941, "from_node": 2882617932, "to_node": 859323223, "key": 0, "length": 11.72, "travel_time": 1.311, "access_score": 0.008634917945595934}}, {"type": "Feature", "geometry": {"type": "LineString", "coordinates": [[-2.588027, 51.462469], [-2.587622, 51.462142]]}, "properties": {"edge_id": 942, "from_node": 2882617940, "to_node": 21591967, "key": 0, "length": 45.92, "travel_time": 5.136, "access_score": 0.007795831115744535}}, {"type": "Feature", "geometry": {"type": "LineString", "coordinates": [[-2.588027, 51.462469], [-2.588455, 51.462815]]}, "properties": {"edge_id": 943, "from_node": 2882617940, "to_node": 293907316, "key": 0, "length": 48.58, "travel_time": 5.433, "access_score": 0.011920284493459173}}, {"type": "Feature", "geometry": {"type": "LineString", "coordinates": [[-2.588027, 51.462469], [-2.58818, 51.462394], [-2.588165, 51.462381], [-2.58808, 51.462422], [-2.588063, 51.462408], [-2.58817, 51.462359], [-2.588181, 51.462367], [-2.58832, 51.4623]]}, "properties": {"edge_id": 944, "from_node": 2882617940, "to_node": 859323223, "key": 0, "length": 47.17, "travel_time": 5.276, "access_score": 0.00861508726622265}}, {"type": "Feature", "geometry": {"type": "LineString", "coordinates": [[-2.589061, 51.459406], [-2.589067, 51.459454], [-2.589062, 51.45949]]}, "properties": {"edge_id": 945, "from_node": 2920948564, "to_node": 2920948566, "key": 0, "length": 9.36, "travel_time": 1.047, "access_score": 0.008935672322598306}}, {"type": "Feature", "geometry": {"type": "LineString", "coordinates": [[-2.589062, 51.45949], [-2.589147, 51.459487]]}, "properties": {"edge_id": 946, "from_node": 2920948566, "to_node": 3860908593, "key": 0, "length": 5.89, "travel_time": 0.659, "access_score": 0.009157938047345986}}, {"type": "Feature", "geometry": {"type": "LineString", "coordinates": [[-2.589062, 51.45949], [-2.588963, 51.459659], [-2.588955, 51.459681], [-2.588967, 51.459691], [-2.588994, 51.459697], [-2.589018, 51.459689], [-2.58903, 51.459674], [-2.589147, 51.459487]]}, "properties": {"edge_id": 947, "from_node": 2920948566, "to_node": 3860908593, "key": 1, "length": 51.94, "travel_time": 5.809, "access_score": 0.01043648920951492}}, {"type": "Feature", "geometry": {"type": "LineString", "coordinates": [[-2.589062, 51.45949], [-2.588441, 51.45953], [-2.588082, 51.459523]]}, "properties": {"edge_id": 948, "from_node": 2920948566, "to_node": 3860908591, "key": 0, "length": 68.14, "travel_time": 7.621, "access_score": 0.008935672322598306}}, {"type": "Feature", "geometry": {"type": "LineString", "coordinates": [[-2.589062, 51.45949], [-2.589067, 51.459454], [-2.589061, 51.459406]]}, "properties": {"edge_id": 949, "from_node": 2920948566, "to_node": 2920948564, "key": 0, "length": 9.36, "travel_time": 1.047, "access_score": 0.008935672322598306}}, {"type": "Feature", "geometry": {"type": "LineString", "coordinates": [[-2.587912, 51.457004], [-2.587554, 51.457044], [-2.587222, 51.457111], [-2.58707, 51.457151]]}, "properties": {"edge_id": 950, "from_node": 2941119309, "to_node": 5919449215, "key": 0, "length": 60.77, "travel_time": 6.797, "access_score": 0.00591497419021033}}, {"type": "Feature", "geometry": {"type": "LineString", "coordinates": [[-2.587912, 51.457004], [-2.588063, 51.456991], [-2.588077, 51.457019], [-2.588402, 51.45701], [-2.58857, 51.457001]]}, "properties": {"edge_id": 951, "from_node": 2941119309, "to_node": 11786838677, "key": 0, "length": 48.0, "travel_time": 5.369, "access_score": 0.008108677812534451}}, {"type": "Feature", "geometry": {"type": "LineString", "coordinates": [[-2.587912, 51.457004], [-2.587925, 51.45704], [-2.588113, 51.45744], [-2.587795, 51.457527]]}, "properties": {"edge_id": 952, "from_node": 2941119309, "to_node": 5919449220, "key": 0, "length": 74.55, "travel_time": 8.338, "access_score": 0.006156655873000026}}, {"type": "Feature", "geometry": {"type": "LineString", "coordinates": [[-2.589613, 51.456797], [-2.589147, 51.456926]]}, "properties": {"edge_id": 953, "from_node": 3307418825, "to_node": 12806924702, "key": 0, "length": 35.38, "travel_time": 3.957, "access_score": 0.017832750294350688}}, {"type": "Feature", "geometry": {"type": "LineString", "coordinates": [[-2.589613, 51.456797], [-2.590307, 51.456602]]}, "properties": {"edge_id": 954, "from_node": 3307418825, "to_node": 12806924710, "key": 0, "length": 52.75, "travel_time": 5.899, "access_score": 0.036369587989251315}}, {"type": "Feature", "geometry": {"type": "LineString", "coordinates": [[-2.589613, 51.456797], [-2.589742, 51.456974], [-2.590011, 51.457344], [-2.590057, 51.457402]]}, "properties": {"edge_id": 955, "from_node": 3307418825, "to_node": 12806902199, "key": 0, "length": 73.97, "travel_time": 8.273, "access_score": 0.02781616139109032}}, {"type": "Feature", "geometry": {"type": "LineString", "coordinates": [[-2.591123, 51.459346], [-2.590726, 51.45945]]}, "properties": {"edge_id": 956, "from_node": 3329881928, "to_node": 3329881929, "key": 0, "length": 29.91, "travel_time": 3.345, "access_score": 0.011755932494021345}}, {"type": "Feature", "geometry": {"type": "LineString", "coordinates": [[-2.591123, 51.459346], [-2.591253, 51.459316]]}, "properties": {"edge_id": 957, "from_node": 3329881928, "to_node": 1281294900, "key": 0, "length": 9.62, "travel_time": 1.076, "access_score": 0.00952777336711883}}, {"type": "Feature", "geometry": {"type": "LineString", "coordinates": [[-2.591123, 51.459346], [-2.591171, 51.459389], [-2.591194, 51.459404]]}, "properties": {"edge_id": 958, "from_node": 3329881928, "to_node": 5823455446, "key": 0, "length": 8.2, "travel_time": 0.917, "access_score": 0.009863834564371282}}, {"type": "Feature", "geometry": {"type": "LineString", "coordinates": [[-2.590726, 51.45945], [-2.591123, 51.459346]]}, "properties": {"edge_id": 959, "from_node": 3329881929, "to_node": 3329881928, "key": 0, "length": 29.91, "travel_time": 3.345, "access_score": 0.011755932494021345}}, {"type": "Feature", "geometry": {"type": "LineString", "coordinates": [[-2.590726, 51.45945], [-2.590427, 51.459542], [-2.590367, 51.459625], [-2.590314, 51.459667], [-2.590141, 51.459794], [-2.590133, 51.459803]]}, "properties": {"edge_id": 960, "from_node": 3329881929, "to_node": 1280853184, "key": 0, "length": 58.73, "travel_time": 6.569, "access_score": 0.019902747736509466}}, {"type": "Feature", "geometry": {"type": "LineString", "coordinates": [[-2.590726, 51.45945], [-2.590924, 51.459581], [-2.590995, 51.459652], [-2.591092, 51.459778]]}, "properties": {"edge_id": 961, "from_node": 3329881929, "to_node": 645089708, "key": 0, "length": 44.86, "travel_time": 5.017, "access_score": 0.01580119063889269}}, {"type": "Feature", "geometry": {"type": "LineString", "coordinates": [[-2.590726, 51.45945], [-2.590532, 51.459351], [-2.590436, 51.459288], [-2.590345, 51.459181], [-2.590339, 51.459174]]}, "properties": {"edge_id": 962, "from_node": 3329881929, "to_node": 6937982874, "key": 0, "length": 41.37, "travel_time": 4.627, "access_score": 0.015675565480251005}}, {"type": "Feature", "geometry": {"type": "LineString", "coordinates": [[-2.590726, 51.45945], [-2.590859, 51.459302], [-2.590869, 51.459234], [-2.59088, 51.459205], [-2.590903, 51.459188], [-2.590933, 51.459181], [-2.590974, 51.459179], [-2.591016, 51.459181], [-2.591056, 51.459196], [-2.591081, 51.459164], [-2.591164, 51.459196], [-2.591228, 51.459237], [-2.591271, 51.459291], [-2.591306, 51.459345], [-2.591314, 51.459462], [-2.591277, 51.459535], [-2.591182, 51.45961], [-2.590733, 51.45976], [-2.59067, 51.459772]]}, "properties": {"edge_id": 963, "from_node": 3329881929, "to_node": 5823455892, "key": 0, "length": 145.65, "travel_time": 16.291, "access_score": 0.020263822626321138}}, {"type": "Feature", "geometry": {"type": "LineString", "coordinates": [[-2.590726, 51.45945], [-2.590755, 51.459565], [-2.590753, 51.459606], [-2.590759, 51.459628], [-2.590775, 51.45965], [-2.590777, 51.459665], [-2.590766, 51.4597], [-2.590753, 51.459722], [-2.590655, 51.459736], [-2.59067, 51.459772]]}, "properties": {"edge_id": 964, "from_node": 3329881929, "to_node": 5823455892, "key": 1, "length": 42.01, "travel_time": 4.699, "access_score": 0.020263822626321138}}, {"type": "Feature", "geometry": {"type": "LineString", "coordinates": [[-2.590785, 51.460468], [-2.590846, 51.460449]]}, "properties": {"edge_id": 965, "from_node": 3332266263, "to_node": 287226495, "key": 0, "length": 4.71, "travel_time": 0.527, "access_score": 0.1578405330116579}}, {"type": "Feature", "geometry": {"type": "LineString", "coordinates": [[-2.590785, 51.460468], [-2.590428, 51.46058]]}, "properties": {"edge_id": 966, "from_node": 3332266263, "to_node": 287226483, "key": 0, "length": 27.65, "travel_time": 3.093, "access_score": 0.23594703211316034}}, {"type": "Feature", "geometry": {"type": "LineString", "coordinates": [[-2.590785, 51.460468], [-2.590827, 51.460534]]}, "properties": {"edge_id": 967, "from_node": 3332266263, "to_node": 3332266270, "key": 0, "length": 7.82, "travel_time": 0.875, "access_score": 0.1578405330116579}}, {"type": "Feature", "geometry": {"type": "LineString", "coordinates": [[-2.590785, 51.460468], [-2.590675, 51.460319]]}, "properties": {"edge_id": 968, "from_node": 3332266263, "to_node": 1280853181, "key": 0, "length": 18.28, "travel_time": 2.045, "access_score": 0.21019547980713937}}, {"type": "Feature", "geometry": {"type": "LineString", "coordinates": [[-2.591222, 51.460518], [-2.591114, 51.460538]]}, "properties": {"edge_id": 969, "from_node": 3332266267, "to_node": 364165253, "key": 0, "length": 7.79, "travel_time": 0.871, "access_score": 0.0328442212005329}}, {"type": "Feature", "geometry": {"type": "LineString", "coordinates": [[-2.591222, 51.460518], [-2.591184, 51.460446]]}, "properties": {"edge_id": 970, "from_node": 3332266267, "to_node": 3332266269, "key": 0, "length": 8.41, "travel_time": 0.941, "access_score": 0.029509585536684254}}, {"type": "Feature", "geometry": {"type": "LineString", "coordinates": [[-2.591222, 51.460518], [-2.591285, 51.460504], [-2.591846, 51.460293]]}, "properties": {"edge_id": 971, "from_node": 3332266267, "to_node": 287226719, "key": 0, "length": 50.04, "travel_time": 5.597, "access_score": 0.026914796564552017}}, {"type": "Feature", "geometry": {"type": "LineString", "coordinates": [[-2.591222, 51.460518], [-2.591232, 51.460698], [-2.591174, 51.460852]]}, "properties": {"edge_id": 972, "from_node": 3332266267, "to_node": 1081318790, "key": 0, "length": 37.67, "travel_time": 4.213, "access_score": 0.026914796564552017}}, {"type": "Feature", "geometry": {"type": "LineString", "coordinates": [[-2.591184, 51.460446], [-2.591222, 51.460518]]}, "properties": {"edge_id": 973, "from_node": 3332266269, "to_node": 3332266267, "key": 0, "length": 8.41, "travel_time": 0.941, "access_score": 0.029509585536684254}}, {"type": "Feature", "geometry": {"type": "LineString", "coordinates": [[-2.591184, 51.460446], [-2.591091, 51.460469]]}, "properties": {"edge_id": 974, "from_node": 3332266269, "to_node": 3332266272, "key": 0, "length": 6.94, "travel_time": 0.776, "access_score": 0.0364508352995448}}, {"type": "Feature", "geometry": {"type": "LineString", "coordinates": [[-2.591184, 51.460446], [-2.590998, 51.4601], [-2.590928, 51.459928], [-2.590927, 51.459914], [-2.590951, 51.459863]]}, "properties": {"edge_id": 975, "from_node": 3332266269, "to_node": 645089711, "key": 0, "length": 67.79, "travel_time": 7.583, "access_score": 0.03076993317179801}}, {"type": "Feature", "geometry": {"type": "LineString", "coordinates": [[-2.590827, 51.460534], [-2.590785, 51.460468]]}, "properties": {"edge_id": 976, "from_node": 3332266270, "to_node": 3332266263, "key": 0, "length": 7.82, "travel_time": 0.875, "access_score": 0.1578405330116579}}, {"type": "Feature", "geometry": {"type": "LineString", "coordinates": [[-2.590827, 51.460534], [-2.590894, 51.460517]]}, "properties": {"edge_id": 977, "from_node": 3332266270, "to_node": 3332266271, "key": 0, "length": 4.94, "travel_time": 0.553, "access_score": 0.07785987476817592}}, {"type": "Feature", "geometry": {"type": "LineString", "coordinates": [[-2.590827, 51.460534], [-2.590913, 51.46068], [-2.590916, 51.4608], [-2.590856, 51.461138]]}, "properties": {"edge_id": 978, "from_node": 3332266270, "to_node": 1281318363, "key": 0, "length": 68.55, "travel_time": 7.667, "access_score": 0.07785987476817592}}, {"type": "Feature", "geometry": {"type": "LineString", "coordinates": [[-2.590894, 51.460517], [-2.590846, 51.460449]]}, "properties": {"edge_id": 979, "from_node": 3332266271, "to_node": 287226495, "key": 0, "length": 8.25, "travel_time": 0.922, "access_score": 0.09615994894736224}}, {"type": "Feature", "geometry": {"type": "LineString", "coordinates": [[-2.590894, 51.460517], [-2.590827, 51.460534]]}, "properties": {"edge_id": 980, "from_node": 3332266271, "to_node": 3332266270, "key": 0, "length": 4.94, "travel_time": 0.553, "access_score": 0.07785987476817592}}, {"type": "Feature", "geometry": {"type": "LineString", "coordinates": [[-2.590894, 51.460517], [-2.590955, 51.46062], [-2.590966, 51.460661], [-2.590974, 51.460756], [-2.590967, 51.460832], [-2.59094, 51.460975], [-2.590956, 51.460996]]}, "properties": {"edge_id": 981, "from_node": 3332266271, "to_node": 6471108988, "key": 0, "length": 54.47, "travel_time": 6.092, "access_score": 0.06482978184738401}}, {"type": "Feature", "geometry": {"type": "LineString", "coordinates": [[-2.590894, 51.460517], [-2.590954, 51.460502], [-2.591042, 51.460481], [-2.591091, 51.460469]]}, "properties": {"edge_id": 982, "from_node": 3332266271, "to_node": 3332266272, "key": 0, "length": 14.68, "travel_time": 1.642, "access_score": 0.06482978184738401}}, {"type": "Feature", "geometry": {"type": "LineString", "coordinates": [[-2.591091, 51.460469], [-2.591114, 51.460538]]}, "properties": {"edge_id": 983, "from_node": 3332266272, "to_node": 364165253, "key": 0, "length": 7.83, "travel_time": 0.875, "access_score": 0.0364508352995448}}, {"type": "Feature", "geometry": {"type": "LineString", "coordinates": [[-2.591091, 51.460469], [-2.591184, 51.460446]]}, "properties": {"edge_id": 984, "from_node": 3332266272, "to_node": 3332266269, "key": 0, "length": 6.94, "travel_time": 0.776, "access_score": 0.0364508352995448}}, {"type": "Feature", "geometry": {"type": "LineString", "coordinates": [[-2.591091, 51.460469], [-2.591027, 51.460359], [-2.590892, 51.46013], [-2.590886, 51.460114], [-2.590854, 51.460018], [-2.590844, 51.459943], [-2.590845, 51.459913]]}, "properties": {"edge_id": 985, "from_node": 3332266272, "to_node": 644926968, "key": 0, "length": 64.59, "travel_time": 7.224, "access_score": 0.039537877252019446}}, {"type": "Feature", "geometry": {"type": "LineString", "coordinates": [[-2.591091, 51.460469], [-2.591042, 51.460481], [-2.590954, 51.460502], [-2.590894, 51.460517]]}, "properties": {"edge_id": 986, "from_node": 3332266272, "to_node": 3332266271, "key": 0, "length": 14.68, "travel_time": 1.642, "access_score": 0.06482978184738401}}, {"type": "Feature", "geometry": {"type": "LineString", "coordinates": [[-2.583193, 51.462878], [-2.583452, 51.462709]]}, "properties": {"edge_id": 987, "from_node": 3546758138, "to_node": 2433764668, "key": 0, "length": 25.99, "travel_time": 2.907, "access_score": 0.0036404756768469862}}, {"type": "Feature", "geometry": {"type": "LineString", "coordinates": [[-2.583193, 51.462878], [-2.583158, 51.4629]]}, "properties": {"edge_id": 988, "from_node": 3546758138, "to_node": 2433764893, "key": 0, "length": 3.48, "travel_time": 0.39, "access_score": 0.0035805628862577593}}, {"type": "Feature", "geometry": {"type": "LineString", "coordinates": [[-2.583193, 51.462878], [-2.5833, 51.46296], [-2.583575, 51.462786]]}, "properties": {"edge_id": 989, "from_node": 3546758138, "to_node": 2433764693, "key": 0, "length": 38.96, "travel_time": 4.357, "access_score": 0.003632508669685095}}, {"type": "Feature", "geometry": {"type": "LineString", "coordinates": [[-2.590614, 51.459939], [-2.590486, 51.459834]]}, "properties": {"edge_id": 990, "from_node": 3696173720, "to_node": 1280853195, "key": 0, "length": 14.71, "travel_time": 1.645, "access_score": 0.032899454937934274}}, {"type": "Feature", "geometry": {"type": "LineString", "coordinates": [[-2.590614, 51.459939], [-2.590641, 51.459972], [-2.590663, 51.460011], [-2.590733, 51.460146], [-2.590803, 51.460277], [-2.590846, 51.460449]]}, "properties": {"edge_id": 991, "from_node": 3696173720, "to_node": 287226495, "key": 0, "length": 59.21, "travel_time": 6.622, "access_score": 0.09643138377876406}}, {"type": "Feature", "geometry": {"type": "LineString", "coordinates": [[-2.590614, 51.459939], [-2.590572, 51.45995], [-2.590543, 51.459957], [-2.590498, 51.459968]]}, "properties": {"edge_id": 992, "from_node": 3696173720, "to_node": 1280853193, "key": 0, "length": 8.58, "travel_time": 0.96, "access_score": 0.03860216293053682}}, {"type": "Feature", "geometry": {"type": "LineString", "coordinates": [[-2.590614, 51.459939], [-2.590653, 51.45993], [-2.590746, 51.459907]]}, "properties": {"edge_id": 993, "from_node": 3696173720, "to_node": 9464338656, "key": 0, "length": 9.81, "travel_time": 1.098, "access_score": 0.032899454937934274}}, {"type": "Feature", "geometry": {"type": "LineString", "coordinates": [[-2.585315, 51.460632], [-2.585103, 51.460695]]}, "properties": {"edge_id": 994, "from_node": 3811627140, "to_node": 859323159, "key": 0, "length": 16.31, "travel_time": 1.825, "access_score": 0.015946908149294284}}, {"type": "Feature", "geometry": {"type": "LineString", "coordinates": [[-2.585315, 51.460632], [-2.58541, 51.460604], [-2.585516, 51.460592]]}, "properties": {"edge_id": 995, "from_node": 3811627140, "to_node": 2433778872, "key": 0, "length": 14.73, "travel_time": 1.647, "access_score": 0.018918840788184385}}, {"type": "Feature", "geometry": {"type": "LineString", "coordinates": [[-2.585315, 51.460632], [-2.585333, 51.460652], [-2.585362, 51.460689]]}, "properties": {"edge_id": 996, "from_node": 3811627140, "to_node": 1968413548, "key": 0, "length": 7.15, "travel_time": 0.8, "access_score": 0.017463746395186573}}, {"type": "Feature", "geometry": {"type": "LineString", "coordinates": [[-2.585049, 51.461063], [-2.584964, 51.460965]]}, "properties": {"edge_id": 997, "from_node": 3811627143, "to_node": 2433778866, "key": 0, "length": 12.39, "travel_time": 1.385, "access_score": 0.012698984210942113}}, {"type": "Feature", "geometry": {"type": "LineString", "coordinates": [[-2.585049, 51.461063], [-2.585191, 51.461226]]}, "properties": {"edge_id": 998, "from_node": 3811627143, "to_node": 19871266, "key": 0, "length": 20.57, "travel_time": 2.301, "access_score": 0.013040425050036523}}, {"type": "Feature", "geometry": {"type": "LineString", "coordinates": [[-2.585049, 51.461063], [-2.58515, 51.461037], [-2.585195, 51.461025]]}, "properties": {"edge_id": 999, "from_node": 3811627143, "to_node": 1968413567, "key": 0, "length": 10.94, "travel_time": 1.223, "access_score": 0.014735885383188303}}, {"type": "Feature", "geometry": {"type": "LineString", "coordinates": [[-2.585753, 51.461324], [-2.585667, 51.461348]]}, "properties": {"edge_id": 1000, "from_node": 3811627145, "to_node": 2433779953, "key": 0, "length": 6.57, "travel_time": 0.735, "access_score": 0.01861368118350035}}, {"type": "Feature", "geometry": {"type": "LineString", "coordinates": [[-2.585753, 51.461324], [-2.585974, 51.46126]]}, "properties": {"edge_id": 1001, "from_node": 3811627145, "to_node": 859323188, "key": 0, "length": 16.81, "travel_time": 1.88, "access_score": 0.02470176396093218}}, {"type": "Feature", "geometry": {"type": "LineString", "coordinates": [[-2.585753, 51.461324], [-2.585715, 51.461274], [-2.585694, 51.461245]]}, "properties": {"edge_id": 1002, "from_node": 3811627145, "to_node": 1968413578, "key": 0, "length": 9.64, "travel_time": 1.078, "access_score": 0.02025056511432816}}, {"type": "Feature", "geometry": {"type": "LineString", "coordinates": [[-2.58475, 51.458873], [-2.584702, 51.459183], [-2.584692, 51.459268], [-2.5847, 51.459297]]}, "properties": {"edge_id": 1003, "from_node": 3842753611, "to_node": 492212322, "key": 0, "length": 47.47, "travel_time": 5.309, "access_score": 0.009752033170467205}}, {"type": "Feature", "geometry": {"type": "LineString", "coordinates": [[-2.58475, 51.458873], [-2.584722, 51.458871], [-2.58473, 51.458794]]}, "properties": {"edge_id": 1004, "from_node": 3842753611, "to_node": 6481238325, "key": 0, "length": 10.57, "travel_time": 1.182, "access_score": 0.010407329307724722}}, {"type": "Feature", "geometry": {"type": "LineString", "coordinates": [[-2.58475, 51.458873], [-2.584758, 51.458829], [-2.584766, 51.458785], [-2.584773, 51.458754], [-2.584791, 51.458688]]}, "properties": {"edge_id": 1005, "from_node": 3842753611, "to_node": 5919449201, "key": 0, "length": 20.7, "travel_time": 2.315, "access_score": 0.010713864227263507}}, {"type": "Feature", "geometry": {"type": "LineString", "coordinates": [[-2.583894, 51.459503], [-2.583851, 51.45948], [-2.583786, 51.459468]]}, "properties": {"edge_id": 1006, "from_node": 3860745715, "to_node": 436181749, "key": 0, "length": 8.63, "travel_time": 0.965, "access_score": 0.009200018116037977}}, {"type": "Feature", "geometry": {"type": "LineString", "coordinates": [[-2.583894, 51.459503], [-2.583939, 51.459501], [-2.584017, 51.459488]]}, "properties": {"edge_id": 1007, "from_node": 3860745715, "to_node": 1280674364, "key": 0, "length": 8.68, "travel_time": 0.971, "access_score": 0.00867358170456357}}, {"type": "Feature", "geometry": {"type": "LineString", "coordinates": [[-2.583894, 51.459503], [-2.583858, 51.45953], [-2.58387, 51.459552], [-2.583899, 51.459596]]}, "properties": {"edge_id": 1008, "from_node": 3860745715, "to_node": 1280674371, "key": 0, "length": 11.68, "travel_time": 1.306, "access_score": 0.00867358170456357}}, {"type": "Feature", "geometry": {"type": "LineString", "coordinates": [[-2.584146, 51.459618], [-2.584106, 51.459622], [-2.58406, 51.459625]]}, "properties": {"edge_id": 1009, "from_node": 3860745718, "to_node": 17476875, "key": 0, "length": 5.96, "travel_time": 0.667, "access_score": 0.007547017219530292}}, {"type": "Feature", "geometry": {"type": "LineString", "coordinates": [[-2.584146, 51.459618], [-2.584152, 51.459565], [-2.584144, 51.459542]]}, "properties": {"edge_id": 1010, "from_node": 3860745718, "to_node": 2433821534, "key": 0, "length": 8.53, "travel_time": 0.954, "access_score": 0.007853030073265715}}, {"type": "Feature", "geometry": {"type": "LineString", "coordinates": [[-2.584146, 51.459618], [-2.584146, 51.459646], [-2.584208, 51.4597], [-2.58426, 51.459748], [-2.584282, 51.459764]]}, "properties": {"edge_id": 1011, "from_node": 3860745718, "to_node": 2433821544, "key": 0, "length": 19.23, "travel_time": 2.151, "access_score": 0.0074249216713223815}}, {"type": "Feature", "geometry": {"type": "LineString", "coordinates": [[-2.582456, 51.460542], [-2.582686, 51.460448], [-2.583836, 51.459963], [-2.584075, 51.459851], [-2.584119, 51.459829]]}, "properties": {"edge_id": 1012, "from_node": 3860786634, "to_node": 2433821542, "key": 0, "length": 139.89, "travel_time": 15.646, "access_score": 0.007872571715851717}}, {"type": "Feature", "geometry": {"type": "LineString", "coordinates": [[-2.582456, 51.460542], [-2.582397, 51.460566], [-2.58244, 51.460614]]}, "properties": {"edge_id": 1013, "from_node": 3860786634, "to_node": 10901402914, "key": 0, "length": 11.05, "travel_time": 1.236, "access_score": 0.008171820987998577}}, {"type": "Feature", "geometry": {"type": "LineString", "coordinates": [[-2.582456, 51.460542], [-2.582439, 51.460526], [-2.582404, 51.460491]]}, "properties": {"edge_id": 1014, "from_node": 3860786634, "to_node": 1242132577, "key": 0, "length": 6.7, "travel_time": 0.75, "access_score": 0.007983987985410081}}, {"type": "Feature", "geometry": {"type": "LineString", "coordinates": [[-2.584068, 51.457911], [-2.583721, 51.45781]]}, "properties": {"edge_id": 1015, "from_node": 3860810901, "to_node": 12992899143, "key": 0, "length": 26.52, "travel_time": 2.966, "access_score": 0.029603180074134948}}, {"type": "Feature", "geometry": {"type": "LineString", "coordinates": [[-2.584068, 51.457911], [-2.584162, 51.457938]]}, "properties": {"edge_id": 1016, "from_node": 3860810901, "to_node": 2533775204, "key": 0, "length": 7.21, "travel_time": 0.806, "access_score": 0.02835653989166249}}, {"type": "Feature", "geometry": {"type": "LineString", "coordinates": [[-2.584068, 51.457911], [-2.584032, 51.457953], [-2.583697, 51.45835]]}, "properties": {"edge_id": 1017, "from_node": 3860810901, "to_node": 1280821702, "key": 0, "length": 55.12, "travel_time": 6.165, "access_score": 0.11726224591096818}}, {"type": "Feature", "geometry": {"type": "LineString", "coordinates": [[-2.584068, 51.457911], [-2.5841, 51.457873], [-2.584233, 51.457686], [-2.584292, 51.457584]]}, "properties": {"edge_id": 1018, "from_node": 3860810901, "to_node": 262440061, "key": 0, "length": 39.61, "travel_time": 4.43, "access_score": 0.02835653989166249}}, {"type": "Feature", "geometry": {"type": "LineString", "coordinates": [[-2.584987, 51.459423], [-2.585032, 51.459491]]}, "properties": {"edge_id": 1019, "from_node": 3860890364, "to_node": 2179076502, "key": 0, "length": 8.12, "travel_time": 0.909, "access_score": 0.0064078263220434676}}, {"type": "Feature", "geometry": {"type": "LineString", "coordinates": [[-2.585151, 51.459459], [-2.585032, 51.459491]]}, "properties": {"edge_id": 1020, "from_node": 3860890366, "to_node": 2179076502, "key": 0, "length": 8.96, "travel_time": 1.003, "access_score": 0.006126979360715804}}, {"type": "Feature", "geometry": {"type": "LineString", "coordinates": [[-2.585151, 51.459459], [-2.585172, 51.459453], [-2.585389, 51.459398], [-2.585414, 51.459395]]}, "properties": {"edge_id": 1021, "from_node": 3860890366, "to_node": 2179076344, "key": 0, "length": 19.62, "travel_time": 2.194, "access_score": 0.006218374629331207}}, {"type": "Feature", "geometry": {"type": "LineString", "coordinates": [[-2.585151, 51.459459], [-2.585134, 51.459436], [-2.585102, 51.45939], [-2.585073, 51.459347], [-2.585062, 51.459332], [-2.584897, 51.459376], [-2.584883, 51.459357], [-2.584863, 51.459328], [-2.584827, 51.45928], [-2.584811, 51.459259]]}, "properties": {"edge_id": 1022, "from_node": 3860890366, "to_node": 5064786728, "key": 0, "length": 42.25, "travel_time": 4.725, "access_score": 0.007389698354037406}}, {"type": "Feature", "geometry": {"type": "LineString", "coordinates": [[-2.58704, 51.459519], [-2.587099, 51.459523]]}, "properties": {"edge_id": 1023, "from_node": 3860890367, "to_node": 2179076266, "key": 0, "length": 4.1, "travel_time": 0.459, "access_score": 0.009529390363958681}}, {"type": "Feature", "geometry": {"type": "LineString", "coordinates": [[-2.58704, 51.459519], [-2.586869, 51.459508], [-2.586576, 51.459473], [-2.586501, 51.459458]]}, "properties": {"edge_id": 1024, "from_node": 3860890367, "to_node": 2179076479, "key": 0, "length": 38.05, "travel_time": 4.256, "access_score": 0.009489446390062644}}, {"type": "Feature", "geometry": {"type": "LineString", "coordinates": [[-2.58704, 51.459519], [-2.587048, 51.459478], [-2.587054, 51.459414], [-2.587065, 51.459386], [-2.587069, 51.459352], [-2.586947, 51.459343], [-2.586952, 51.459327], [-2.586964, 51.459292], [-2.586973, 51.459246], [-2.586976, 51.459228]]}, "properties": {"edge_id": 1025, "from_node": 3860890367, "to_node": 3860890371, "key": 0, "length": 40.17, "travel_time": 4.493, "access_score": 0.009489446390062644}}, {"type": "Feature", "geometry": {"type": "LineString", "coordinates": [[-2.586976, 51.459228], [-2.586825, 51.459204]]}, "properties": {"edge_id": 1026, "from_node": 3860890371, "to_node": 300025247, "key": 0, "length": 10.84, "travel_time": 1.212, "access_score": 0.007249640397320907}}, {"type": "Feature", "geometry": {"type": "LineString", "coordinates": [[-2.586976, 51.459228], [-2.58745, 51.459244], [-2.588237, 51.459222], [-2.589163, 51.459209]]}, "properties": {"edge_id": 1027, "from_node": 3860890371, "to_node": 2433863938, "key": 0, "length": 151.59, "travel_time": 16.955, "access_score": 0.010394227698704435}}, {"type": "Feature", "geometry": {"type": "LineString", "coordinates": [[-2.586976, 51.459228], [-2.586973, 51.459246], [-2.586964, 51.459292], [-2.586952, 51.459327], [-2.586947, 51.459343], [-2.587069, 51.459352], [-2.587065, 51.459386], [-2.587054, 51.459414], [-2.587048, 51.459478], [-2.58704, 51.459519]]}, "properties": {"edge_id": 1028, "from_node": 3860890371, "to_node": 3860890367, "key": 0, "length": 40.17, "travel_time": 4.493, "access_score": 0.009489446390062644}}, {"type": "Feature", "geometry": {"type": "LineString", "coordinates": [[-2.588082, 51.459523], [-2.587178, 51.459525]]}, "properties": {"edge_id": 1029, "from_node": 3860908591, "to_node": 2179076283, "key": 0, "length": 62.65, "travel_time": 7.007, "access_score": 0.009527531811717168}}, {"type": "Feature", "geometry": {"type": "LineString", "coordinates": [[-2.588082, 51.459523], [-2.588071, 51.459482], [-2.588059, 51.459432]]}, "properties": {"edge_id": 1030, "from_node": 3860908591, "to_node": 21238592, "key": 0, "length": 10.2, "travel_time": 1.141, "access_score": 0.007911617508789331}}, {"type": "Feature", "geometry": {"type": "LineString", "coordinates": [[-2.588082, 51.459523], [-2.588091, 51.459554], [-2.588124, 51.459652], [-2.588207, 51.459865]]}, "properties": {"edge_id": 1031, "from_node": 3860908591, "to_node": 25280228, "key": 0, "length": 39.05, "travel_time": 4.367, "access_score": 0.009642778956442222}}, {"type": "Feature", "geometry": {"type": "LineString", "coordinates": [[-2.588082, 51.459523], [-2.588441, 51.45953], [-2.589062, 51.45949]]}, "properties": {"edge_id": 1032, "from_node": 3860908591, "to_node": 2920948566, "key": 0, "length": 68.14, "travel_time": 7.621, "access_score": 0.008935672322598306}}, {"type": "Feature", "geometry": {"type": "LineString", "coordinates": [[-2.589147, 51.459487], [-2.589062, 51.45949]]}, "properties": {"edge_id": 1033, "from_node": 3860908593, "to_node": 2920948566, "key": 0, "length": 5.89, "travel_time": 0.659, "access_score": 0.009157938047345986}}, {"type": "Feature", "geometry": {"type": "LineString", "coordinates": [[-2.589147, 51.459487], [-2.58903, 51.459674], [-2.589018, 51.459689], [-2.588994, 51.459697], [-2.588967, 51.459691], [-2.588955, 51.459681], [-2.588963, 51.459659], [-2.589062, 51.45949]]}, "properties": {"edge_id": 1034, "from_node": 3860908593, "to_node": 2920948566, "key": 1, "length": 51.94, "travel_time": 5.809, "access_score": 0.01043648920951492}}, {"type": "Feature", "geometry": {"type": "LineString", "coordinates": [[-2.589147, 51.459487], [-2.589501, 51.459485], [-2.589754, 51.459584]]}, "properties": {"edge_id": 1035, "from_node": 3860908593, "to_node": 3860908599, "key": 0, "length": 45.22, "travel_time": 5.058, "access_score": 0.012101233790900303}}, {"type": "Feature", "geometry": {"type": "LineString", "coordinates": [[-2.589147, 51.459487], [-2.589174, 51.459444], [-2.589212, 51.459402]]}, "properties": {"edge_id": 1036, "from_node": 3860908593, "to_node": 1382113164, "key": 0, "length": 10.57, "travel_time": 1.182, "access_score": 0.009157938047345986}}, {"type": "Feature", "geometry": {"type": "LineString", "coordinates": [[-2.589754, 51.459584], [-2.589794, 51.459628], [-2.590016, 51.459762]]}, "properties": {"edge_id": 1037, "from_node": 3860908599, "to_node": 5750157404, "key": 0, "length": 26.96, "travel_time": 3.016, "access_score": 0.017375427185929437}}, {"type": "Feature", "geometry": {"type": "LineString", "coordinates": [[-2.589754, 51.459584], [-2.589501, 51.459485], [-2.589147, 51.459487]]}, "properties": {"edge_id": 1038, "from_node": 3860908599, "to_node": 3860908593, "key": 0, "length": 45.22, "travel_time": 5.058, "access_score": 0.012101233790900303}}, {"type": "Feature", "geometry": {"type": "LineString", "coordinates": [[-2.589754, 51.459584], [-2.589812, 51.459607], [-2.589964, 51.459702], [-2.590133, 51.459803]]}, "properties": {"edge_id": 1039, "from_node": 3860908599, "to_node": 1280853184, "key": 0, "length": 35.91, "travel_time": 4.016, "access_score": 0.019902747736509466}}, {"type": "Feature", "geometry": {"type": "LineString", "coordinates": [[-2.590186, 51.462178], [-2.590239, 51.462112], [-2.590309, 51.462058]]}, "properties": {"edge_id": 1040, "from_node": 3860964491, "to_node": 4654496419, "key": 0, "length": 15.91, "travel_time": 1.779, "access_score": 0.10154294215989514}}, {"type": "Feature", "geometry": {"type": "LineString", "coordinates": [[-2.590186, 51.462178], [-2.590134, 51.462169], [-2.590157, 51.462086]]}, "properties": {"edge_id": 1041, "from_node": 3860964491, "to_node": 6111856716, "key": 0, "length": 13.13, "travel_time": 1.469, "access_score": 0.07141412638170172}}, {"type": "Feature", "geometry": {"type": "LineString", "coordinates": [[-2.590186, 51.462178], [-2.590212, 51.462184], [-2.590233, 51.462188], [-2.590262, 51.462193]]}, "properties": {"edge_id": 1042, "from_node": 3860964491, "to_node": 4654496416, "key": 0, "length": 5.57, "travel_time": 0.623, "access_score": 0.11779268704167828}}, {"type": "Feature", "geometry": {"type": "LineString", "coordinates": [[-2.590186, 51.462178], [-2.590145, 51.462239], [-2.590107, 51.462293], [-2.590066, 51.46237], [-2.590022, 51.462449], [-2.58995, 51.462611], [-2.58994, 51.462653], [-2.589938, 51.462687]]}, "properties": {"edge_id": 1043, "from_node": 3860964491, "to_node": 5905199213, "key": 0, "length": 59.38, "travel_time": 6.642, "access_score": 0.07141412638170172}}, {"type": "Feature", "geometry": {"type": "LineString", "coordinates": [[-2.580002, 51.456627], [-2.579963, 51.456599]]}, "properties": {"edge_id": 1044, "from_node": 3893231912, "to_node": 12461273925, "key": 0, "length": 4.14, "travel_time": 0.463, "access_score": 0.03622755708482157}}, {"type": "Feature", "geometry": {"type": "LineString", "coordinates": [[-2.579856, 51.456479], [-2.579926, 51.456459]]}, "properties": {"edge_id": 1045, "from_node": 3893231913, "to_node": 216601, "key": 0, "length": 5.34, "travel_time": 0.398, "access_score": 0.07338691918101041}}, {"type": "Feature", "geometry": {"type": "LineString", "coordinates": [[-2.579856, 51.456479], [-2.579796, 51.456496], [-2.579744, 51.456511], [-2.579626, 51.456536]]}, "properties": {"edge_id": 1046, "from_node": 3893231913, "to_node": 5146144539, "key": 0, "length": 17.12, "travel_time": 1.277, "access_score": 0.09873468087723708}}, {"type": "Feature", "geometry": {"type": "LineString", "coordinates": [[-2.579856, 51.456479], [-2.579878, 51.456506], [-2.579926, 51.456556], [-2.579963, 51.456599]]}, "properties": {"edge_id": 1047, "from_node": 3893231913, "to_node": 12461273925, "key": 0, "length": 15.28, "travel_time": 1.709, "access_score": 0.07338691918101041}}, {"type": "Feature", "geometry": {"type": "LineString", "coordinates": [[-2.582061, 51.46412], [-2.582013, 51.464148]]}, "properties": {"edge_id": 1048, "from_node": 3980721920, "to_node": 6327939694, "key": 0, "length": 4.57, "travel_time": 0.511, "access_score": 0.0027219750310337205}}, {"type": "Feature", "geometry": {"type": "LineString", "coordinates": [[-2.582061, 51.46412], [-2.582124, 51.464074]]}, "properties": {"edge_id": 1049, "from_node": 3980721920, "to_node": 859323259, "key": 0, "length": 6.66, "travel_time": 0.745, "access_score": 0.002749102771852036}}, {"type": "Feature", "geometry": {"type": "LineString", "coordinates": [[-2.582061, 51.46412], [-2.582056, 51.464248]]}, "properties": {"edge_id": 1050, "from_node": 3980721920, "to_node": 3980721930, "key": 0, "length": 14.24, "travel_time": 1.592, "access_score": 0.0027219750310337205}}, {"type": "Feature", "geometry": {"type": "LineString", "coordinates": [[-2.582056, 51.464248], [-2.582054, 51.464302]]}, "properties": {"edge_id": 1051, "from_node": 3980721930, "to_node": 3980721932, "key": 0, "length": 6.12, "travel_time": 0.684, "access_score": 0.0026244518540636643}}, {"type": "Feature", "geometry": {"type": "LineString", "coordinates": [[-2.582056, 51.464248], [-2.582061, 51.46412]]}, "properties": {"edge_id": 1052, "from_node": 3980721930, "to_node": 3980721920, "key": 0, "length": 14.24, "travel_time": 1.592, "access_score": 0.0027219750310337205}}, {"type": "Feature", "geometry": {"type": "LineString", "coordinates": [[-2.582056, 51.464248], [-2.582112, 51.464232], [-2.582184, 51.464223], [-2.582233, 51.464231], [-2.582276, 51.464247], [-2.582296, 51.464267], [-2.582304, 51.4643]]}, "properties": {"edge_id": 1053, "from_node": 3980721930, "to_node": 3980721933, "key": 0, "length": 22.63, "travel_time": 2.531, "access_score": 0.0026288213876029085}}, {"type": "Feature", "geometry": {"type": "LineString", "coordinates": [[-2.582056, 51.464248], [-2.582001, 51.464273], [-2.581961, 51.464304]]}, "properties": {"edge_id": 1054, "from_node": 3980721930, "to_node": 3980721951, "key": 0, "length": 9.13, "travel_time": 1.021, "access_score": 0.0026244518540636643}}, {"type": "Feature", "geometry": {"type": "LineString", "coordinates": [[-2.582054, 51.464302], [-2.581961, 51.464304]]}, "properties": {"edge_id": 1055, "from_node": 3980721932, "to_node": 3980721951, "key": 0, "length": 6.48, "travel_time": 0.725, "access_score": 0.0025944966315763584}}, {"type": "Feature", "geometry": {"type": "LineString", "coordinates": [[-2.582054, 51.464302], [-2.582304, 51.4643]]}, "properties": {"edge_id": 1056, "from_node": 3980721932, "to_node": 3980721933, "key": 0, "length": 17.26, "travel_time": 1.93, "access_score": 0.00258452984155766}}, {"type": "Feature", "geometry": {"type": "LineString", "coordinates": [[-2.582054, 51.464302], [-2.582087, 51.464454]]}, "properties": {"edge_id": 1057, "from_node": 3980721932, "to_node": 3980721955, "key": 0, "length": 16.98, "travel_time": 1.899, "access_score": 0.00258452984155766}}, {"type": "Feature", "geometry": {"type": "LineString", "coordinates": [[-2.582054, 51.464302], [-2.582056, 51.464248]]}, "properties": {"edge_id": 1058, "from_node": 3980721932, "to_node": 3980721930, "key": 0, "length": 6.12, "travel_time": 0.684, "access_score": 0.0026244518540636643}}, {"type": "Feature", "geometry": {"type": "LineString", "coordinates": [[-2.582304, 51.4643], [-2.582054, 51.464302]]}, "properties": {"edge_id": 1059, "from_node": 3980721933, "to_node": 3980721932, "key": 0, "length": 17.26, "travel_time": 1.93, "access_score": 0.00258452984155766}}, {"type": "Feature", "geometry": {"type": "LineString", "coordinates": [[-2.582304, 51.4643], [-2.58236, 51.464302]]}, "properties": {"edge_id": 1060, "from_node": 3980721933, "to_node": 13191500416, "key": 0, "length": 3.93, "travel_time": 0.439, "access_score": 0.0025550309332633284}}, {"type": "Feature", "geometry": {"type": "LineString", "coordinates": [[-2.582304, 51.4643], [-2.582296, 51.464328], [-2.582276, 51.464373], [-2.582249, 51.4644], [-2.582211, 51.464424], [-2.58214, 51.464446], [-2.582087, 51.464454]]}, "properties": {"edge_id": 1061, "from_node": 3980721933, "to_node": 3980721955, "key": 0, "length": 24.91, "travel_time": 2.786, "access_score": 0.0025550309332633284}}, {"type": "Feature", "geometry": {"type": "LineString", "coordinates": [[-2.582304, 51.4643], [-2.582296, 51.464267], [-2.582276, 51.464247], [-2.582233, 51.464231], [-2.582184, 51.464223], [-2.582112, 51.464232], [-2.582056, 51.464248]]}, "properties": {"edge_id": 1062, "from_node": 3980721933, "to_node": 3980721930, "key": 0, "length": 22.63, "travel_time": 2.531, "access_score": 0.0026288213876029085}}, {"type": "Feature", "geometry": {"type": "LineString", "coordinates": [[-2.582665, 51.46431], [-2.583059, 51.464087]]}, "properties": {"edge_id": 1063, "from_node": 3980721934, "to_node": 283348168, "key": 0, "length": 36.9, "travel_time": 4.127, "access_score": 0.0025743343690923268}}, {"type": "Feature", "geometry": {"type": "LineString", "coordinates": [[-2.582665, 51.46431], [-2.582592, 51.464307]]}, "properties": {"edge_id": 1064, "from_node": 3980721934, "to_node": 13191500421, "key": 0, "length": 5.08, "travel_time": 0.568, "access_score": 0.002509523372658159}}, {"type": "Feature", "geometry": {"type": "LineString", "coordinates": [[-2.582665, 51.46431], [-2.582567, 51.464381], [-2.582331, 51.46454]]}, "properties": {"edge_id": 1065, "from_node": 3980721934, "to_node": 13191500418, "key": 0, "length": 34.46, "travel_time": 3.855, "access_score": 0.002496309839142101}}, {"type": "Feature", "geometry": {"type": "LineString", "coordinates": [[-2.581754, 51.464306], [-2.581592, 51.464414]]}, "properties": {"edge_id": 1066, "from_node": 3980721935, "to_node": 835468062, "key": 0, "length": 16.49, "travel_time": 1.844, "access_score": 0.0026142018780873104}}, {"type": "Feature", "geometry": {"type": "LineString", "coordinates": [[-2.581754, 51.464306], [-2.581946, 51.464187]]}, "properties": {"edge_id": 1067, "from_node": 3980721935, "to_node": 835468061, "key": 0, "length": 18.75, "travel_time": 2.097, "access_score": 0.002683681906089928}}, {"type": "Feature", "geometry": {"type": "LineString", "coordinates": [[-2.581754, 51.464306], [-2.581961, 51.464304]]}, "properties": {"edge_id": 1068, "from_node": 3980721935, "to_node": 3980721951, "key": 0, "length": 14.33, "travel_time": 1.603, "access_score": 0.0026142018780873104}}, {"type": "Feature", "geometry": {"type": "LineString", "coordinates": [[-2.581961, 51.464304], [-2.581754, 51.464306]]}, "properties": {"edge_id": 1069, "from_node": 3980721951, "to_node": 3980721935, "key": 0, "length": 14.33, "travel_time": 1.603, "access_score": 0.0026142018780873104}}, {"type": "Feature", "geometry": {"type": "LineString", "coordinates": [[-2.581961, 51.464304], [-2.582054, 51.464302]]}, "properties": {"edge_id": 1070, "from_node": 3980721951, "to_node": 3980721932, "key": 0, "length": 6.48, "travel_time": 0.725, "access_score": 0.0025944966315763584}}, {"type": "Feature", "geometry": {"type": "LineString", "coordinates": [[-2.581961, 51.464304], [-2.582001, 51.464273], [-2.582056, 51.464248]]}, "properties": {"edge_id": 1071, "from_node": 3980721951, "to_node": 3980721930, "key": 0, "length": 9.13, "travel_time": 1.021, "access_score": 0.0026244518540636643}}, {"type": "Feature", "geometry": {"type": "LineString", "coordinates": [[-2.581961, 51.464304], [-2.581927, 51.464334], [-2.581908, 51.46437], [-2.581908, 51.464388], [-2.581916, 51.464406], [-2.58195, 51.464432], [-2.581987, 51.464445], [-2.582023, 51.464453], [-2.582087, 51.464454]]}, "properties": {"edge_id": 1072, "from_node": 3980721951, "to_node": 3980721955, "key": 0, "length": 26.18, "travel_time": 2.928, "access_score": 0.0025944966315763584}}, {"type": "Feature", "geometry": {"type": "LineString", "coordinates": [[-2.582087, 51.464454], [-2.582054, 51.464302]]}, "properties": {"edge_id": 1073, "from_node": 3980721955, "to_node": 3980721932, "key": 0, "length": 16.98, "travel_time": 1.899, "access_score": 0.00258452984155766}}, {"type": "Feature", "geometry": {"type": "LineString", "coordinates": [[-2.582087, 51.464454], [-2.582023, 51.464453], [-2.581987, 51.464445], [-2.58195, 51.464432], [-2.581916, 51.464406], [-2.581908, 51.464388], [-2.581908, 51.46437], [-2.581927, 51.464334], [-2.581961, 51.464304]]}, "properties": {"edge_id": 1074, "from_node": 3980721955, "to_node": 3980721951, "key": 0, "length": 26.18, "travel_time": 2.928, "access_score": 0.0025944966315763584}}, {"type": "Feature", "geometry": {"type": "LineString", "coordinates": [[-2.582087, 51.464454], [-2.58214, 51.464446], [-2.582211, 51.464424], [-2.582249, 51.4644], [-2.582276, 51.464373], [-2.582296, 51.464328], [-2.582304, 51.4643]]}, "properties": {"edge_id": 1075, "from_node": 3980721955, "to_node": 3980721933, "key": 0, "length": 24.91, "travel_time": 2.786, "access_score": 0.0025550309332633284}}, {"type": "Feature", "geometry": {"type": "LineString", "coordinates": [[-2.59, 51.462694], [-2.589989, 51.462723], [-2.589956, 51.462746]]}, "properties": {"edge_id": 1076, "from_node": 4610359742, "to_node": 5905199219, "key": 0, "length": 6.79, "travel_time": 0.76, "access_score": 0.022882289211055038}}, {"type": "Feature", "geometry": {"type": "LineString", "coordinates": [[-2.59, 51.462694], [-2.590024, 51.462635], [-2.590186, 51.462313], [-2.590262, 51.462193]]}, "properties": {"edge_id": 1077, "from_node": 4610359742, "to_node": 4654496416, "key": 0, "length": 58.64, "travel_time": 6.559, "access_score": 0.11779268704167828}}, {"type": "Feature", "geometry": {"type": "LineString", "coordinates": [[-2.59, 51.462694], [-2.58999, 51.462693], [-2.589965, 51.462691], [-2.589938, 51.462687]]}, "properties": {"edge_id": 1078, "from_node": 4610359742, "to_node": 5905199213, "key": 0, "length": 4.34, "travel_time": 0.486, "access_score": 0.02008645500901046}}, {"type": "Feature", "geometry": {"type": "LineString", "coordinates": [[-2.590262, 51.462193], [-2.590233, 51.462188], [-2.590212, 51.462184], [-2.590186, 51.462178]]}, "properties": {"edge_id": 1079, "from_node": 4654496416, "to_node": 3860964491, "key": 0, "length": 5.57, "travel_time": 0.623, "access_score": 0.11779268704167828}}, {"type": "Feature", "geometry": {"type": "LineString", "coordinates": [[-2.590262, 51.462193], [-2.590186, 51.462313], [-2.590024, 51.462635], [-2.59, 51.462694]]}, "properties": {"edge_id": 1080, "from_node": 4654496416, "to_node": 4610359742, "key": 0, "length": 58.64, "travel_time": 6.559, "access_score": 0.11779268704167828}}, {"type": "Feature", "geometry": {"type": "LineString", "coordinates": [[-2.590262, 51.462193], [-2.590298, 51.462121], [-2.590309, 51.462058]]}, "properties": {"edge_id": 1081, "from_node": 4654496416, "to_node": 4654496419, "key": 0, "length": 15.37, "travel_time": 1.719, "access_score": 0.1274263902710315}}, {"type": "Feature", "geometry": {"type": "LineString", "coordinates": [[-2.590309, 51.462058], [-2.590338, 51.462004]]}, "properties": {"edge_id": 1082, "from_node": 4654496419, "to_node": 21309749, "key": 0, "length": 6.38, "travel_time": 0.713, "access_score": 0.1013956111258436}}, {"type": "Feature", "geometry": {"type": "LineString", "coordinates": [[-2.590309, 51.462058], [-2.590239, 51.462112], [-2.590186, 51.462178]]}, "properties": {"edge_id": 1083, "from_node": 4654496419, "to_node": 3860964491, "key": 0, "length": 15.91, "travel_time": 1.779, "access_score": 0.10154294215989514}}, {"type": "Feature", "geometry": {"type": "LineString", "coordinates": [[-2.590309, 51.462058], [-2.590298, 51.462121], [-2.590262, 51.462193]]}, "properties": {"edge_id": 1084, "from_node": 4654496419, "to_node": 4654496416, "key": 0, "length": 15.37, "travel_time": 1.719, "access_score": 0.1274263902710315}}, {"type": "Feature", "geometry": {"type": "LineString", "coordinates": [[-2.585816, 51.456986], [-2.585877, 51.457068]]}, "properties": {"edge_id": 1085, "from_node": 4661094415, "to_node": 104854, "key": 0, "length": 10.13, "travel_time": 1.133, "access_score": 0.005224139830285467}}, {"type": "Feature", "geometry": {"type": "LineString", "coordinates": [[-2.585816, 51.456986], [-2.585775, 51.45693], [-2.585746, 51.456886], [-2.585655, 51.456744], [-2.585645, 51.45673]]}, "properties": {"edge_id": 1086, "from_node": 4661094415, "to_node": 5822644372, "key": 0, "length": 30.8, "travel_time": 3.445, "access_score": 0.005150819986598801}}, {"type": "Feature", "geometry": {"type": "LineString", "coordinates": [[-2.585816, 51.456986], [-2.585765, 51.457014], [-2.585741, 51.457022], [-2.585791, 51.457114]]}, "properties": {"edge_id": 1087, "from_node": 4661094415, "to_node": 6824060867, "key": 0, "length": 17.47, "travel_time": 1.954, "access_score": 0.005446816125260109}}, {"type": "Feature", "geometry": {"type": "LineString", "coordinates": [[-2.585816, 51.456986], [-2.585879, 51.456951], [-2.585904, 51.45694]]}, "properties": {"edge_id": 1088, "from_node": 4661094415, "to_node": 12595689526, "key": 0, "length": 7.93, "travel_time": 0.887, "access_score": 0.005150819986598801}}, {"type": "Feature", "geometry": {"type": "LineString", "coordinates": [[-2.585966, 51.457176], [-2.58598, 51.457201], [-2.586002, 51.457239], [-2.58614, 51.457434], [-2.586166, 51.457466], [-2.586188, 51.457498]]}, "properties": {"edge_id": 1089, "from_node": 4661094416, "to_node": 5919449207, "key": 0, "length": 39.01, "travel_time": 4.363, "access_score": 0.005399174299171604}}, {"type": "Feature", "geometry": {"type": "LineString", "coordinates": [[-2.585966, 51.457176], [-2.585888, 51.457195], [-2.585876, 51.457198], [-2.585843, 51.457207], [-2.585802, 51.457134], [-2.585791, 51.457114]]}, "properties": {"edge_id": 1090, "from_node": 4661094416, "to_node": 6824060867, "key": 0, "length": 20.1, "travel_time": 2.248, "access_score": 0.005548369154579742}}, {"type": "Feature", "geometry": {"type": "LineString", "coordinates": [[-2.585966, 51.457176], [-2.585995, 51.457169], [-2.586007, 51.457166], [-2.586011, 51.457134], [-2.586031, 51.457105], [-2.586063, 51.457082], [-2.58609, 51.45707], [-2.586076, 51.457053], [-2.586051, 51.457022]]}, "properties": {"edge_id": 1091, "from_node": 4661094416, "to_node": 12595689538, "key": 0, "length": 21.74, "travel_time": 2.432, "access_score": 0.005285420683980173}}, {"type": "Feature", "geometry": {"type": "LineString", "coordinates": [[-2.5885, 51.463667], [-2.588454, 51.463631], [-2.588377, 51.46357], [-2.588343, 51.463543]]}, "properties": {"edge_id": 1092, "from_node": 4794218446, "to_node": 4794218449, "key": 0, "length": 17.59, "travel_time": 1.967, "access_score": 0.012378640144479421}}, {"type": "Feature", "geometry": {"type": "LineString", "coordinates": [[-2.588343, 51.463543], [-2.587594, 51.463911]]}, "properties": {"edge_id": 1093, "from_node": 4794218449, "to_node": 19875368, "key": 0, "length": 66.08, "travel_time": 7.391, "access_score": 0.010807438018774158}}, {"type": "Feature", "geometry": {"type": "LineString", "coordinates": [[-2.588343, 51.463543], [-2.588998, 51.46322], [-2.589084, 51.463187], [-2.589178, 51.463183], [-2.58987, 51.463239]]}, "properties": {"edge_id": 1094, "from_node": 4794218449, "to_node": 21309748, "key": 0, "length": 119.77, "travel_time": 13.395, "access_score": 0.3927724823115031}}, {"type": "Feature", "geometry": {"type": "LineString", "coordinates": [[-2.588343, 51.463543], [-2.588377, 51.46357], [-2.588454, 51.463631], [-2.5885, 51.463667]]}, "properties": {"edge_id": 1095, "from_node": 4794218449, "to_node": 4794218446, "key": 0, "length": 17.59, "travel_time": 1.967, "access_score": 0.012378640144479421}}, {"type": "Feature", "geometry": {"type": "LineString", "coordinates": [[-2.588699, 51.462968], [-2.588671, 51.462943], [-2.588572, 51.462854], [-2.588502, 51.462794]]}, "properties": {"edge_id": 1096, "from_node": 4795736874, "to_node": 4795736877, "key": 0, "length": 23.78, "travel_time": 2.659, "access_score": 0.016008993908106027}}, {"type": "Feature", "geometry": {"type": "LineString", "coordinates": [[-2.588502, 51.462794], [-2.588455, 51.462815]]}, "properties": {"edge_id": 1097, "from_node": 4795736877, "to_node": 293907316, "key": 0, "length": 4.0, "travel_time": 0.448, "access_score": 0.012219051130221403}}, {"type": "Feature", "geometry": {"type": "LineString", "coordinates": [[-2.588502, 51.462794], [-2.588686, 51.462711], [-2.589522, 51.462334], [-2.589815, 51.462207], [-2.590101, 51.462084]]}, "properties": {"edge_id": 1098, "from_node": 4795736877, "to_node": 1079986909, "key": 0, "length": 136.04, "travel_time": 15.216, "access_score": 0.045193656502895765}}, {"type": "Feature", "geometry": {"type": "LineString", "coordinates": [[-2.588502, 51.462794], [-2.588572, 51.462854], [-2.588671, 51.462943], [-2.588699, 51.462968]]}, "properties": {"edge_id": 1099, "from_node": 4795736877, "to_node": 4795736874, "key": 0, "length": 23.78, "travel_time": 2.659, "access_score": 0.016008993908106027}}, {"type": "Feature", "geometry": {"type": "LineString", "coordinates": [[-2.579264, 51.457465], [-2.579302, 51.457552]]}, "properties": {"edge_id": 1100, "from_node": 4878990036, "to_node": 4878990037, "key": 0, "length": 10.02, "travel_time": 1.121, "access_score": 0.02023368307784798}}, {"type": "Feature", "geometry": {"type": "LineString", "coordinates": [[-2.579264, 51.457465], [-2.579496, 51.457419], [-2.579637, 51.457388]]}, "properties": {"edge_id": 1101, "from_node": 4878990036, "to_node": 5156816332, "key": 0, "length": 27.18, "travel_time": 3.04, "access_score": 0.02026727397720111}}, {"type": "Feature", "geometry": {"type": "LineString", "coordinates": [[-2.579302, 51.457552], [-2.579264, 51.457465]]}, "properties": {"edge_id": 1102, "from_node": 4878990037, "to_node": 4878990036, "key": 0, "length": 10.02, "travel_time": 1.121, "access_score": 0.02023368307784798}}, {"type": "Feature", "geometry": {"type": "LineString", "coordinates": [[-2.579302, 51.457552], [-2.579378, 51.457583]]}, "properties": {"edge_id": 1103, "from_node": 4878990037, "to_node": 4878990038, "key": 0, "length": 6.28, "travel_time": 0.702, "access_score": 0.016822023995636867}}, {"type": "Feature", "geometry": {"type": "LineString", "coordinates": [[-2.579378, 51.457583], [-2.579302, 51.457552]]}, "properties": {"edge_id": 1104, "from_node": 4878990038, "to_node": 4878990037, "key": 0, "length": 6.28, "travel_time": 0.702, "access_score": 0.016822023995636867}}, {"type": "Feature", "geometry": {"type": "LineString", "coordinates": [[-2.579424, 51.457143], [-2.579637, 51.457388]]}, "properties": {"edge_id": 1105, "from_node": 4878990043, "to_node": 5156816332, "key": 0, "length": 31.05, "travel_time": 3.472, "access_score": 0.046244323529002665}}, {"type": "Feature", "geometry": {"type": "LineString", "coordinates": [[-2.582673, 51.459674], [-2.582787, 51.459781], [-2.582804, 51.459804], [-2.582814, 51.459824], [-2.582817, 51.459843]]}, "properties": {"edge_id": 1106, "from_node": 5061066670, "to_node": 1242132603, "key": 0, "length": 21.55, "travel_time": 2.41, "access_score": 0.007742716229686298}}, {"type": "Feature", "geometry": {"type": "LineString", "coordinates": [[-2.582673, 51.459674], [-2.581972, 51.459959], [-2.581933, 51.459985], [-2.581842, 51.460044]]}, "properties": {"edge_id": 1107, "from_node": 5061066670, "to_node": 262442011, "key": 0, "length": 71.08, "travel_time": 7.95, "access_score": 0.00832814351956967}}, {"type": "Feature", "geometry": {"type": "LineString", "coordinates": [[-2.582673, 51.459674], [-2.582563, 51.459568], [-2.582532, 51.459542], [-2.582512, 51.459529], [-2.582489, 51.459517], [-2.582462, 51.459507], [-2.582441, 51.459502], [-2.582417, 51.459498], [-2.582392, 51.459497], [-2.582368, 51.459499]]}, "properties": {"edge_id": 1108, "from_node": 5061066670, "to_node": 1280674367, "key": 0, "length": 30.61, "travel_time": 3.424, "access_score": 0.008549855997352319}}, {"type": "Feature", "geometry": {"type": "LineString", "coordinates": [[-2.58224, 51.458666], [-2.582603, 51.458441]]}, "properties": {"edge_id": 1109, "from_node": 5061066696, "to_node": 5061067470, "key": 0, "length": 35.51, "travel_time": 3.972, "access_score": 0.03448578547393992}}, {"type": "Feature", "geometry": {"type": "LineString", "coordinates": [[-2.58224, 51.458666], [-2.581864, 51.458874]]}, "properties": {"edge_id": 1110, "from_node": 5061066696, "to_node": 5834930880, "key": 0, "length": 34.81, "travel_time": 3.894, "access_score": 0.016468070997086207}}, {"type": "Feature", "geometry": {"type": "LineString", "coordinates": [[-2.58224, 51.458666], [-2.582047, 51.458532]]}, "properties": {"edge_id": 1111, "from_node": 5061066696, "to_node": 5061067239, "key": 0, "length": 20.07, "travel_time": 2.244, "access_score": 0.016468070997086207}}, {"type": "Feature", "geometry": {"type": "LineString", "coordinates": [[-2.582047, 51.458532], [-2.581993, 51.458564]]}, "properties": {"edge_id": 1112, "from_node": 5061067239, "to_node": 6258642284, "key": 0, "length": 5.13, "travel_time": 0.571, "access_score": 0.014562623321765429}}, {"type": "Feature", "geometry": {"type": "LineString", "coordinates": [[-2.582047, 51.458532], [-2.58224, 51.458666]]}, "properties": {"edge_id": 1113, "from_node": 5061067239, "to_node": 5061066696, "key": 0, "length": 20.07, "travel_time": 2.244, "access_score": 0.016468070997086207}}, {"type": "Feature", "geometry": {"type": "LineString", "coordinates": [[-2.582047, 51.458532], [-2.582083, 51.458517], [-2.582405, 51.458372], [-2.582429, 51.458358]]}, "properties": {"edge_id": 1114, "from_node": 5061067239, "to_node": 5061067317, "key": 0, "length": 32.77, "travel_time": 3.649, "access_score": 0.024072348849216767}}, {"type": "Feature", "geometry": {"type": "LineString", "coordinates": [[-2.582429, 51.458358], [-2.582405, 51.458372], [-2.582083, 51.458517], [-2.582047, 51.458532]]}, "properties": {"edge_id": 1115, "from_node": 5061067317, "to_node": 5061067239, "key": 0, "length": 32.77, "travel_time": 3.649, "access_score": 0.024072348849216767}}, {"type": "Feature", "geometry": {"type": "LineString", "coordinates": [[-2.582429, 51.458358], [-2.582511, 51.458394], [-2.582603, 51.458441]]}, "properties": {"edge_id": 1116, "from_node": 5061067317, "to_node": 5061067470, "key": 0, "length": 15.23, "travel_time": 1.703, "access_score": 0.03448578547393992}}, {"type": "Feature", "geometry": {"type": "LineString", "coordinates": [[-2.582429, 51.458358], [-2.582264, 51.458291], [-2.582224, 51.458273]]}, "properties": {"edge_id": 1117, "from_node": 5061067317, "to_node": 12960802960, "key": 0, "length": 17.08, "travel_time": 1.91, "access_score": 0.024072348849216767}}, {"type": "Feature", "geometry": {"type": "LineString", "coordinates": [[-2.582603, 51.458441], [-2.58224, 51.458666]]}, "properties": {"edge_id": 1118, "from_node": 5061067470, "to_node": 5061066696, "key": 0, "length": 35.51, "travel_time": 3.972, "access_score": 0.03448578547393992}}, {"type": "Feature", "geometry": {"type": "LineString", "coordinates": [[-2.582603, 51.458441], [-2.582697, 51.45849], [-2.582777, 51.458449], [-2.582941, 51.458374]]}, "properties": {"edge_id": 1119, "from_node": 5061067470, "to_node": 5919438954, "key": 0, "length": 29.81, "travel_time": 3.334, "access_score": 0.14118662107669044}}, {"type": "Feature", "geometry": {"type": "LineString", "coordinates": [[-2.582603, 51.458441], [-2.582511, 51.458394], [-2.582429, 51.458358]]}, "properties": {"edge_id": 1120, "from_node": 5061067470, "to_node": 5061067317, "key": 0, "length": 15.23, "travel_time": 1.703, "access_score": 0.03448578547393992}}, {"type": "Feature", "geometry": {"type": "LineString", "coordinates": [[-2.584811, 51.459259], [-2.5847, 51.459297]]}, "properties": {"edge_id": 1121, "from_node": 5064786728, "to_node": 492212322, "key": 0, "length": 8.82, "travel_time": 0.987, "access_score": 0.007591170169262338}}, {"type": "Feature", "geometry": {"type": "LineString", "coordinates": [[-2.584811, 51.459259], [-2.584979, 51.459211], [-2.585351, 51.459141], [-2.585604, 51.45912], [-2.585921, 51.459115], [-2.586257, 51.459137], [-2.586543, 51.459167], [-2.586825, 51.459204]]}, "properties": {"edge_id": 1122, "from_node": 5064786728, "to_node": 300025247, "key": 0, "length": 142.83, "travel_time": 15.975, "access_score": 0.007389698354037406}}, {"type": "Feature", "geometry": {"type": "LineString", "coordinates": [[-2.584811, 51.459259], [-2.584827, 51.45928], [-2.584863, 51.459328], [-2.584883, 51.459357], [-2.584897, 51.459376], [-2.585062, 51.459332], [-2.585073, 51.459347], [-2.585102, 51.45939], [-2.585134, 51.459436], [-2.585151, 51.459459]]}, "properties": {"edge_id": 1123, "from_node": 5064786728, "to_node": 3860890366, "key": 0, "length": 42.25, "travel_time": 4.725, "access_score": 0.007389698354037406}}, {"type": "Feature", "geometry": {"type": "LineString", "coordinates": [[-2.589579, 51.459317], [-2.589934, 51.459314], [-2.58997, 51.459314], [-2.59002, 51.459313], [-2.59021, 51.459306], [-2.590138, 51.459396], [-2.590113, 51.459479], [-2.590128, 51.459557], [-2.590149, 51.459603], [-2.590168, 51.459684]]}, "properties": {"edge_id": 1124, "from_node": 5065034057, "to_node": 17660703, "key": 0, "length": 87.54, "travel_time": 9.791, "access_score": 0.016230940711348823}}, {"type": "Feature", "geometry": {"type": "LineString", "coordinates": [[-2.587247, 51.459696], [-2.586875, 51.459759]]}, "properties": {"edge_id": 1125, "from_node": 5111590153, "to_node": 2179077577, "key": 0, "length": 26.73, "travel_time": 2.989, "access_score": 0.012511941757446878}}, {"type": "Feature", "geometry": {"type": "LineString", "coordinates": [[-2.587247, 51.459696], [-2.587384, 51.459999]]}, "properties": {"edge_id": 1126, "from_node": 5111590153, "to_node": 25280229, "key": 0, "length": 34.94, "travel_time": 3.908, "access_score": 0.017730254895107305}}, {"type": "Feature", "geometry": {"type": "LineString", "coordinates": [[-2.587247, 51.459696], [-2.587224, 51.459644], [-2.587178, 51.459525]]}, "properties": {"edge_id": 1127, "from_node": 5111590153, "to_node": 2179076283, "key": 0, "length": 19.64, "travel_time": 2.197, "access_score": 0.011558575973349377}}, {"type": "Feature", "geometry": {"type": "LineString", "coordinates": [[-2.579626, 51.456536], [-2.579744, 51.456511], [-2.579796, 51.456496], [-2.579856, 51.456479]]}, "properties": {"edge_id": 1128, "from_node": 5146144539, "to_node": 3893231913, "key": 0, "length": 17.12, "travel_time": 1.277, "access_score": 0.0987346808772371}}, {"type": "Feature", "geometry": {"type": "LineString", "coordinates": [[-2.579637, 51.457388], [-2.579424, 51.457143]]}, "properties": {"edge_id": 1129, "from_node": 5156816332, "to_node": 4878990043, "key": 0, "length": 31.05, "travel_time": 3.472, "access_score": 0.046244323529002665}}, {"type": "Feature", "geometry": {"type": "LineString", "coordinates": [[-2.579637, 51.457388], [-2.579496, 51.457419], [-2.579264, 51.457465]]}, "properties": {"edge_id": 1130, "from_node": 5156816332, "to_node": 4878990036, "key": 0, "length": 27.18, "travel_time": 3.04, "access_score": 0.02026727397720111}}, {"type": "Feature", "geometry": {"type": "LineString", "coordinates": [[-2.579637, 51.457388], [-2.579734, 51.457361], [-2.580021, 51.45726], [-2.580132, 51.457224], [-2.580191, 51.457206], [-2.580291, 51.457181], [-2.580373, 51.457159]]}, "properties": {"edge_id": 1131, "from_node": 5156816332, "to_node": 366664563, "key": 0, "length": 57.09, "travel_time": 6.386, "access_score": 0.01905971567026422}}, {"type": "Feature", "geometry": {"type": "LineString", "coordinates": [[-2.580365, 51.457295], [-2.580425, 51.457288], [-2.580521, 51.457262]]}, "properties": {"edge_id": 1132, "from_node": 5157651754, "to_node": 12461273917, "key": 0, "length": 11.51, "travel_time": 1.287, "access_score": 0.011615291325398435}}, {"type": "Feature", "geometry": {"type": "LineString", "coordinates": [[-2.588332, 51.460852], [-2.588486, 51.460826], [-2.588612, 51.460804]]}, "properties": {"edge_id": 1133, "from_node": 5240224447, "to_node": 5240224448, "key": 0, "length": 20.12, "travel_time": 2.251, "access_score": 0.010759888781083889}}, {"type": "Feature", "geometry": {"type": "LineString", "coordinates": [[-2.588612, 51.460804], [-2.58842, 51.460375]]}, "properties": {"edge_id": 1134, "from_node": 5240224448, "to_node": 25280227, "key": 0, "length": 49.59, "travel_time": 5.546, "access_score": 0.010633431510856868}}, {"type": "Feature", "geometry": {"type": "LineString", "coordinates": [[-2.588612, 51.460804], [-2.588728, 51.461062]]}, "properties": {"edge_id": 1135, "from_node": 5240224448, "to_node": 104838, "key": 0, "length": 29.74, "travel_time": 3.326, "access_score": 0.011561253787809716}}, {"type": "Feature", "geometry": {"type": "LineString", "coordinates": [[-2.588612, 51.460804], [-2.588486, 51.460826], [-2.588332, 51.460852]]}, "properties": {"edge_id": 1136, "from_node": 5240224448, "to_node": 5240224447, "key": 0, "length": 20.12, "travel_time": 2.251, "access_score": 0.010759888781083889}}, {"type": "Feature", "geometry": {"type": "LineString", "coordinates": [[-2.588968, 51.461266], [-2.588728, 51.461062]]}, "properties": {"edge_id": 1137, "from_node": 5240224464, "to_node": 104838, "key": 0, "length": 28.12, "travel_time": 3.145, "access_score": 0.01704723870218172}}, {"type": "Feature", "geometry": {"type": "LineString", "coordinates": [[-2.588968, 51.461266], [-2.58915, 51.461422]]}, "properties": {"edge_id": 1138, "from_node": 5240224464, "to_node": 364165254, "key": 0, "length": 21.4, "travel_time": 2.394, "access_score": 0.026458446222838564}}, {"type": "Feature", "geometry": {"type": "LineString", "coordinates": [[-2.588968, 51.461266], [-2.589082, 51.461211]]}, "properties": {"edge_id": 1139, "from_node": 5240224464, "to_node": 5240224465, "key": 0, "length": 10.01, "travel_time": 1.12, "access_score": 0.017255620658168352}}, {"type": "Feature", "geometry": {"type": "LineString", "coordinates": [[-2.589082, 51.461211], [-2.588968, 51.461266]]}, "properties": {"edge_id": 1140, "from_node": 5240224465, "to_node": 5240224464, "key": 0, "length": 10.01, "travel_time": 1.12, "access_score": 0.017255620658168352}}, {"type": "Feature", "geometry": {"type": "LineString", "coordinates": [[-2.588643, 51.461662], [-2.58915, 51.461422]]}, "properties": {"edge_id": 1141, "from_node": 5240224479, "to_node": 364165254, "key": 0, "length": 44.13, "travel_time": 4.936, "access_score": 0.026458446222838564}}, {"type": "Feature", "geometry": {"type": "LineString", "coordinates": [[-2.588643, 51.461662], [-2.588517, 51.461722]]}, "properties": {"edge_id": 1142, "from_node": 5240224479, "to_node": 859323162, "key": 0, "length": 10.97, "travel_time": 1.227, "access_score": 0.015231697549449792}}, {"type": "Feature", "geometry": {"type": "LineString", "coordinates": [[-2.588643, 51.461662], [-2.588703, 51.461716]]}, "properties": {"edge_id": 1143, "from_node": 5240224479, "to_node": 5240224480, "key": 0, "length": 7.37, "travel_time": 0.825, "access_score": 0.016073854948224803}}, {"type": "Feature", "geometry": {"type": "LineString", "coordinates": [[-2.588703, 51.461716], [-2.588643, 51.461662]]}, "properties": {"edge_id": 1144, "from_node": 5240224480, "to_node": 5240224479, "key": 0, "length": 7.37, "travel_time": 0.825, "access_score": 0.016073854948224803}}, {"type": "Feature", "geometry": {"type": "LineString", "coordinates": [[-2.589422, 51.461522], [-2.589321, 51.461572]]}, "properties": {"edge_id": 1145, "from_node": 5240224497, "to_node": 5240224498, "key": 0, "length": 8.93, "travel_time": 0.999, "access_score": 0.06165384929650462}}, {"type": "Feature", "geometry": {"type": "LineString", "coordinates": [[-2.589321, 51.461572], [-2.58915, 51.461422]]}, "properties": {"edge_id": 1146, "from_node": 5240224498, "to_node": 364165254, "key": 0, "length": 20.52, "travel_time": 2.295, "access_score": 0.05201857358217238}}, {"type": "Feature", "geometry": {"type": "LineString", "coordinates": [[-2.589321, 51.461572], [-2.589509, 51.461744]]}, "properties": {"edge_id": 1147, "from_node": 5240224498, "to_node": 859323071, "key": 0, "length": 23.09, "travel_time": 2.583, "access_score": 0.0818728744145804}}, {"type": "Feature", "geometry": {"type": "LineString", "coordinates": [[-2.589321, 51.461572], [-2.589422, 51.461522]]}, "properties": {"edge_id": 1148, "from_node": 5240224498, "to_node": 5240224497, "key": 0, "length": 8.93, "travel_time": 0.999, "access_score": 0.06165384929650462}}, {"type": "Feature", "geometry": {"type": "LineString", "coordinates": [[-2.591384, 51.461629], [-2.591436, 51.461658], [-2.591558, 51.461726], [-2.591643, 51.461773]]}, "properties": {"edge_id": 1149, "from_node": 5359925880, "to_node": 5359925883, "key": 0, "length": 24.11, "travel_time": 2.697, "access_score": 0.01284298920775106}}, {"type": "Feature", "geometry": {"type": "LineString", "coordinates": [[-2.591643, 51.461773], [-2.59145, 51.461916]]}, "properties": {"edge_id": 1150, "from_node": 5359925883, "to_node": 1227136503, "key": 0, "length": 20.69, "travel_time": 2.315, "access_score": 0.01720317698151166}}, {"type": "Feature", "geometry": {"type": "LineString", "coordinates": [[-2.591643, 51.461773], [-2.591941, 51.461554]]}, "properties": {"edge_id": 1151, "from_node": 5359925883, "to_node": 30239264, "key": 0, "length": 31.94, "travel_time": 3.573, "access_score": 0.01284298920775106}}, {"type": "Feature", "geometry": {"type": "LineString", "coordinates": [[-2.591643, 51.461773], [-2.591558, 51.461726], [-2.591436, 51.461658], [-2.591384, 51.461629]]}, "properties": {"edge_id": 1152, "from_node": 5359925883, "to_node": 5359925880, "key": 0, "length": 24.11, "travel_time": 2.697, "access_score": 0.01284298920775106}}, {"type": "Feature", "geometry": {"type": "LineString", "coordinates": [[-2.586177, 51.460567], [-2.586266, 51.460686], [-2.586313, 51.460745]]}, "properties": {"edge_id": 1153, "from_node": 5423487737, "to_node": 1247839597, "key": 0, "length": 21.98, "travel_time": 2.458, "access_score": 0.10752823433137429}}, {"type": "Feature", "geometry": {"type": "LineString", "coordinates": [[-2.580408, 51.460123], [-2.580313, 51.460158], [-2.579965, 51.460272]]}, "properties": {"edge_id": 1154, "from_node": 5425642850, "to_node": 117678074, "key": 0, "length": 34.86, "travel_time": 3.882, "access_score": 0.01721546847869211}}, {"type": "Feature", "geometry": {"type": "LineString", "coordinates": [[-2.580408, 51.460123], [-2.580541, 51.46007], [-2.580609, 51.46004]]}, "properties": {"edge_id": 1155, "from_node": 5425642850, "to_node": 5832845874, "key": 0, "length": 16.69, "travel_time": 1.859, "access_score": 0.014835937056432127}}, {"type": "Feature", "geometry": {"type": "LineString", "coordinates": [[-2.580408, 51.460123], [-2.580465, 51.460174], [-2.58051, 51.460215], [-2.580538, 51.46023]]}, "properties": {"edge_id": 1156, "from_node": 5425642850, "to_node": 6403206657, "key": 0, "length": 15.01, "travel_time": 1.679, "access_score": 0.01763030784772599}}, {"type": "Feature", "geometry": {"type": "LineString", "coordinates": [[-2.581009, 51.459969], [-2.58089, 51.459891]]}, "properties": {"edge_id": 1157, "from_node": 5425642851, "to_node": 5425642852, "key": 0, "length": 11.95, "travel_time": 1.336, "access_score": 0.010449155424939275}}, {"type": "Feature", "geometry": {"type": "LineString", "coordinates": [[-2.58089, 51.459891], [-2.581009, 51.459969]]}, "properties": {"edge_id": 1158, "from_node": 5425642852, "to_node": 5425642851, "key": 0, "length": 11.95, "travel_time": 1.336, "access_score": 0.010449155424939275}}, {"type": "Feature", "geometry": {"type": "LineString", "coordinates": [[-2.58089, 51.459891], [-2.580772, 51.459955], [-2.580609, 51.46004]]}, "properties": {"edge_id": 1159, "from_node": 5425642852, "to_node": 5832845874, "key": 0, "length": 25.61, "travel_time": 2.851, "access_score": 0.012754581783324165}}, {"type": "Feature", "geometry": {"type": "LineString", "coordinates": [[-2.58089, 51.459891], [-2.581036, 51.459807], [-2.581238, 51.459688]]}, "properties": {"edge_id": 1160, "from_node": 5425642852, "to_node": 117677944, "key": 0, "length": 32.95, "travel_time": 3.669, "access_score": 0.00999272841404615}}, {"type": "Feature", "geometry": {"type": "LineString", "coordinates": [[-2.58374, 51.460496], [-2.58397, 51.460813]]}, "properties": {"edge_id": 1161, "from_node": 5435157624, "to_node": 262442292, "key": 0, "length": 38.74, "travel_time": 4.332, "access_score": 0.006639297803527525}}, {"type": "Feature", "geometry": {"type": "LineString", "coordinates": [[-2.58374, 51.460496], [-2.58366, 51.460387]]}, "properties": {"edge_id": 1162, "from_node": 5435157624, "to_node": 262442266, "key": 0, "length": 13.35, "travel_time": 1.493, "access_score": 0.0058305685762119605}}, {"type": "Feature", "geometry": {"type": "LineString", "coordinates": [[-2.58374, 51.460496], [-2.583797, 51.46048]]}, "properties": {"edge_id": 1163, "from_node": 5435157624, "to_node": 5435157625, "key": 0, "length": 4.36, "travel_time": 0.488, "access_score": 0.005948399326012764}}, {"type": "Feature", "geometry": {"type": "LineString", "coordinates": [[-2.583797, 51.46048], [-2.58374, 51.460496]]}, "properties": {"edge_id": 1164, "from_node": 5435157625, "to_node": 5435157624, "key": 0, "length": 4.36, "travel_time": 0.488, "access_score": 0.005948399326012764}}, {"type": "Feature", "geometry": {"type": "LineString", "coordinates": [[-2.583604, 51.462516], [-2.583678, 51.462563]]}, "properties": {"edge_id": 1165, "from_node": 5438534268, "to_node": 2433764756, "key": 0, "length": 7.29, "travel_time": 0.816, "access_score": 0.003968787686964601}}, {"type": "Feature", "geometry": {"type": "LineString", "coordinates": [[-2.583604, 51.462516], [-2.583308, 51.462327], [-2.583242, 51.4623]]}, "properties": {"edge_id": 1166, "from_node": 5438534268, "to_node": 2433744240, "key": 0, "length": 34.82, "travel_time": 3.895, "access_score": 0.004247779735610528}}, {"type": "Feature", "geometry": {"type": "LineString", "coordinates": [[-2.583604, 51.462516], [-2.583707, 51.462443], [-2.583702, 51.462412], [-2.583427, 51.462222]]}, "properties": {"edge_id": 1167, "from_node": 5438534268, "to_node": 8230223567, "key": 0, "length": 42.63, "travel_time": 4.768, "access_score": 0.004185761841565785}}, {"type": "Feature", "geometry": {"type": "LineString", "coordinates": [[-2.583554, 51.457901], [-2.583634, 51.457838], [-2.583659, 51.457792]]}, "properties": {"edge_id": 1168, "from_node": 5448085792, "to_node": 5448085793, "key": 0, "length": 14.31, "travel_time": 1.6, "access_score": 0.03601627750039747}}, {"type": "Feature", "geometry": {"type": "LineString", "coordinates": [[-2.583659, 51.457792], [-2.583365, 51.457707]]}, "properties": {"edge_id": 1169, "from_node": 5448085793, "to_node": 2045184012, "key": 0, "length": 22.52, "travel_time": 2.518, "access_score": 0.02620619867265015}}, {"type": "Feature", "geometry": {"type": "LineString", "coordinates": [[-2.583659, 51.457792], [-2.583721, 51.45781]]}, "properties": {"edge_id": 1170, "from_node": 5448085793, "to_node": 12992899143, "key": 0, "length": 4.7, "travel_time": 0.526, "access_score": 0.027638158775542192}}, {"type": "Feature", "geometry": {"type": "LineString", "coordinates": [[-2.583659, 51.457792], [-2.583634, 51.457838], [-2.583554, 51.457901]]}, "properties": {"edge_id": 1171, "from_node": 5448085793, "to_node": 5448085792, "key": 0, "length": 14.31, "travel_time": 1.6, "access_score": 0.03601627750039747}}, {"type": "Feature", "geometry": {"type": "LineString", "coordinates": [[-2.589704, 51.460116], [-2.589619, 51.460099], [-2.589598, 51.460095]]}, "properties": {"edge_id": 1172, "from_node": 5750157402, "to_node": 287226447, "key": 0, "length": 7.64, "travel_time": 0.855, "access_score": 0.03409878238333079}}, {"type": "Feature", "geometry": {"type": "LineString", "coordinates": [[-2.590016, 51.459762], [-2.589794, 51.459628], [-2.589754, 51.459584]]}, "properties": {"edge_id": 1173, "from_node": 5750157404, "to_node": 3860908599, "key": 0, "length": 26.96, "travel_time": 3.016, "access_score": 0.017375427185929437}}, {"type": "Feature", "geometry": {"type": "LineString", "coordinates": [[-2.590016, 51.459762], [-2.590205, 51.459871], [-2.590284, 51.459898]]}, "properties": {"edge_id": 1174, "from_node": 5750157404, "to_node": 1280853191, "key": 0, "length": 24.18, "travel_time": 2.704, "access_score": 0.027408335640588442}}, {"type": "Feature", "geometry": {"type": "LineString", "coordinates": [[-2.590016, 51.459762], [-2.589914, 51.459921], [-2.589817, 51.460073], [-2.589808, 51.46009], [-2.589632, 51.460049], [-2.589598, 51.460095]]}, "properties": {"edge_id": 1175, "from_node": 5750157404, "to_node": 287226447, "key": 0, "length": 58.0, "travel_time": 6.488, "access_score": 0.034507282202123124}}, {"type": "Feature", "geometry": {"type": "LineString", "coordinates": [[-2.582576, 51.460767], [-2.582866, 51.461147]]}, "properties": {"edge_id": 1176, "from_node": 5753086713, "to_node": 19871274, "key": 0, "length": 46.82, "travel_time": 5.237, "access_score": 0.007633738522555663}}, {"type": "Feature", "geometry": {"type": "LineString", "coordinates": [[-2.582576, 51.460767], [-2.582568, 51.46077]]}, "properties": {"edge_id": 1177, "from_node": 5753086713, "to_node": 10901402907, "key": 0, "length": 0.57, "travel_time": 0.063, "access_score": 0.007663632443665173}}, {"type": "Feature", "geometry": {"type": "LineString", "coordinates": [[-2.582576, 51.460767], [-2.58272, 51.460716]]}, "properties": {"edge_id": 1178, "from_node": 5753086713, "to_node": 10901402911, "key": 0, "length": 11.55, "travel_time": 1.291, "access_score": 0.007633738522555663}}, {"type": "Feature", "geometry": {"type": "LineString", "coordinates": [[-2.588656, 51.458817], [-2.588508, 51.458809], [-2.588152, 51.458818], [-2.587638, 51.458834], [-2.587425, 51.458824], [-2.58721, 51.458799], [-2.587123, 51.458764]]}, "properties": {"edge_id": 1179, "from_node": 5794635161, "to_node": 2043096366, "key": 0, "length": 107.74, "travel_time": 12.05, "access_score": 0.009284623222728891}}, {"type": "Feature", "geometry": {"type": "LineString", "coordinates": [[-2.588656, 51.458817], [-2.58872, 51.45882], [-2.588872, 51.458814], [-2.588985, 51.45881]]}, "properties": {"edge_id": 1180, "from_node": 5794635161, "to_node": 993186001, "key": 0, "length": 22.85, "travel_time": 2.556, "access_score": 0.01173312173486426}}, {"type": "Feature", "geometry": {"type": "LineString", "coordinates": [[-2.588656, 51.458817], [-2.58844, 51.458483], [-2.587872, 51.45855], [-2.587837, 51.458476]]}, "properties": {"edge_id": 1181, "from_node": 5794635161, "to_node": 5794635164, "key": 0, "length": 88.68, "travel_time": 9.919, "access_score": 0.009284623222728891}}, {"type": "Feature", "geometry": {"type": "LineString", "coordinates": [[-2.587411, 51.458525], [-2.587837, 51.458476]]}, "properties": {"edge_id": 1182, "from_node": 5794635163, "to_node": 5794635164, "key": 0, "length": 30.02, "travel_time": 3.358, "access_score": 0.006129304295836113}}, {"type": "Feature", "geometry": {"type": "LineString", "coordinates": [[-2.587837, 51.458476], [-2.587411, 51.458525]]}, "properties": {"edge_id": 1183, "from_node": 5794635164, "to_node": 5794635163, "key": 0, "length": 30.02, "travel_time": 3.358, "access_score": 0.006129304295836113}}, {"type": "Feature", "geometry": {"type": "LineString", "coordinates": [[-2.587837, 51.458476], [-2.587872, 51.45855], [-2.58844, 51.458483], [-2.588656, 51.458817]]}, "properties": {"edge_id": 1184, "from_node": 5794635164, "to_node": 5794635161, "key": 0, "length": 88.68, "travel_time": 9.919, "access_score": 0.009284623222728891}}, {"type": "Feature", "geometry": {"type": "LineString", "coordinates": [[-2.587837, 51.458476], [-2.587781, 51.4583], [-2.587741, 51.458177], [-2.587732, 51.458154]]}, "properties": {"edge_id": 1185, "from_node": 5794635164, "to_node": 6106912892, "key": 0, "length": 36.54, "travel_time": 4.087, "access_score": 0.006129304295836113}}, {"type": "Feature", "geometry": {"type": "LineString", "coordinates": [[-2.586134, 51.456766], [-2.586131, 51.45669], [-2.586125, 51.456664], [-2.586109, 51.456635]]}, "properties": {"edge_id": 1186, "from_node": 5822644345, "to_node": 826648042, "key": 0, "length": 14.85, "travel_time": 1.661, "access_score": 0.004407464161903905}}, {"type": "Feature", "geometry": {"type": "LineString", "coordinates": [[-2.58618, 51.456821], [-2.586314, 51.456915]]}, "properties": {"edge_id": 1187, "from_node": 5822644348, "to_node": 5822644363, "key": 0, "length": 13.95, "travel_time": 1.56, "access_score": 0.004440183983065518}}, {"type": "Feature", "geometry": {"type": "LineString", "coordinates": [[-2.586189, 51.456796], [-2.586265, 51.456789], [-2.586307, 51.456781], [-2.586351, 51.456761], [-2.586396, 51.456729], [-2.586432, 51.456687]]}, "properties": {"edge_id": 1188, "from_node": 5822644358, "to_node": 5822644367, "key": 0, "length": 22.17, "travel_time": 2.48, "access_score": 0.004394759136187054}}, {"type": "Feature", "geometry": {"type": "LineString", "coordinates": [[-2.586124, 51.456836], [-2.586021, 51.456942], [-2.586005, 51.456962]]}, "properties": {"edge_id": 1189, "from_node": 5822644360, "to_node": 12595689528, "key": 0, "length": 16.22, "travel_time": 1.814, "access_score": 0.004858742664229559}}, {"type": "Feature", "geometry": {"type": "LineString", "coordinates": [[-2.586314, 51.456915], [-2.586604, 51.4568]]}, "properties": {"edge_id": 1190, "from_node": 5822644363, "to_node": 826648048, "key": 0, "length": 23.84, "travel_time": 2.666, "access_score": 0.004428221118411506}}, {"type": "Feature", "geometry": {"type": "LineString", "coordinates": [[-2.586314, 51.456915], [-2.58618, 51.456821]]}, "properties": {"edge_id": 1191, "from_node": 5822644363, "to_node": 5822644348, "key": 0, "length": 13.95, "travel_time": 1.56, "access_score": 0.004440183983065518}}, {"type": "Feature", "geometry": {"type": "LineString", "coordinates": [[-2.586314, 51.456915], [-2.586169, 51.456979], [-2.586109, 51.457006], [-2.586051, 51.457022]]}, "properties": {"edge_id": 1192, "from_node": 5822644363, "to_node": 12595689538, "key": 0, "length": 21.82, "travel_time": 2.441, "access_score": 0.004899850105127304}}, {"type": "Feature", "geometry": {"type": "LineString", "coordinates": [[-2.586314, 51.456915], [-2.586366, 51.456983], [-2.586731, 51.457216], [-2.586783, 51.457249]]}, "properties": {"edge_id": 1193, "from_node": 5822644363, "to_node": 5919449209, "key": 0, "length": 49.77, "travel_time": 5.566, "access_score": 0.004459439358553608}}, {"type": "Feature", "geometry": {"type": "LineString", "coordinates": [[-2.586432, 51.456687], [-2.586533, 51.456727], [-2.586604, 51.4568]]}, "properties": {"edge_id": 1194, "from_node": 5822644367, "to_node": 826648048, "key": 0, "length": 17.79, "travel_time": 1.99, "access_score": 0.004028622618708114}}, {"type": "Feature", "geometry": {"type": "LineString", "coordinates": [[-2.586432, 51.456687], [-2.586403, 51.456688], [-2.586249, 51.45667], [-2.586109, 51.456635]]}, "properties": {"edge_id": 1195, "from_node": 5822644367, "to_node": 826648042, "key": 0, "length": 23.37, "travel_time": 2.614, "access_score": 0.0042399398935359005}}, {"type": "Feature", "geometry": {"type": "LineString", "coordinates": [[-2.586432, 51.456687], [-2.586396, 51.456729], [-2.586351, 51.456761], [-2.586307, 51.456781], [-2.586265, 51.456789], [-2.586189, 51.456796]]}, "properties": {"edge_id": 1196, "from_node": 5822644367, "to_node": 5822644358, "key": 0, "length": 22.17, "travel_time": 2.48, "access_score": 0.004394759136187054}}, {"type": "Feature", "geometry": {"type": "LineString", "coordinates": [[-2.586077, 51.4568], [-2.586002, 51.456794], [-2.585925, 51.456779], [-2.585835, 51.456754], [-2.58576, 51.456722], [-2.58573, 51.456712]]}, "properties": {"edge_id": 1197, "from_node": 5822644369, "to_node": 12595689521, "key": 0, "length": 26.32, "travel_time": 2.944, "access_score": 0.00472394463587194}}, {"type": "Feature", "geometry": {"type": "LineString", "coordinates": [[-2.585645, 51.45673], [-2.585463, 51.456465]]}, "properties": {"edge_id": 1198, "from_node": 5822644372, "to_node": 17405115, "key": 0, "length": 32.06, "travel_time": 3.586, "access_score": 0.004847825540982319}}, {"type": "Feature", "geometry": {"type": "LineString", "coordinates": [[-2.585645, 51.45673], [-2.58573, 51.456712]]}, "properties": {"edge_id": 1199, "from_node": 5822644372, "to_node": 12595689521, "key": 0, "length": 6.26, "travel_time": 0.7, "access_score": 0.004847825540982319}}, {"type": "Feature", "geometry": {"type": "LineString", "coordinates": [[-2.585645, 51.45673], [-2.585655, 51.456744], [-2.585746, 51.456886], [-2.585775, 51.45693], [-2.585816, 51.456986]]}, "properties": {"edge_id": 1200, "from_node": 5822644372, "to_node": 4661094415, "key": 0, "length": 30.8, "travel_time": 3.445, "access_score": 0.005150819986598801}}, {"type": "Feature", "geometry": {"type": "LineString", "coordinates": [[-2.591194, 51.459404], [-2.591171, 51.459389], [-2.591123, 51.459346]]}, "properties": {"edge_id": 1201, "from_node": 5823455446, "to_node": 3329881928, "key": 0, "length": 8.2, "travel_time": 0.917, "access_score": 0.009863834564371282}}, {"type": "Feature", "geometry": {"type": "LineString", "coordinates": [[-2.59067, 51.459772], [-2.590733, 51.45976], [-2.591182, 51.45961], [-2.591277, 51.459535], [-2.591314, 51.459462], [-2.591306, 51.459345], [-2.591271, 51.459291], [-2.591228, 51.459237], [-2.591164, 51.459196], [-2.591081, 51.459164], [-2.591056, 51.459196], [-2.591016, 51.459181], [-2.590974, 51.459179], [-2.590933, 51.459181], [-2.590903, 51.459188], [-2.59088, 51.459205], [-2.590869, 51.459234], [-2.590859, 51.459302], [-2.590726, 51.45945]]}, "properties": {"edge_id": 1202, "from_node": 5823455892, "to_node": 3329881929, "key": 0, "length": 145.65, "travel_time": 16.291, "access_score": 0.020263822626321138}}, {"type": "Feature", "geometry": {"type": "LineString", "coordinates": [[-2.59067, 51.459772], [-2.590655, 51.459736], [-2.590753, 51.459722], [-2.590766, 51.4597], [-2.590777, 51.459665], [-2.590775, 51.45965], [-2.590759, 51.459628], [-2.590753, 51.459606], [-2.590755, 51.459565], [-2.590726, 51.45945]]}, "properties": {"edge_id": 1203, "from_node": 5823455892, "to_node": 3329881929, "key": 1, "length": 42.01, "travel_time": 4.699, "access_score": 0.020263822626321138}}, {"type": "Feature", "geometry": {"type": "LineString", "coordinates": [[-2.59067, 51.459772], [-2.590681, 51.459789], [-2.590704, 51.459827]]}, "properties": {"edge_id": 1204, "from_node": 5823455892, "to_node": 644926923, "key": 0, "length": 6.51, "travel_time": 0.728, "access_score": 0.02258808112415102}}, {"type": "Feature", "geometry": {"type": "LineString", "coordinates": [[-2.579373, 51.461921], [-2.579522, 51.461992], [-2.579965, 51.461635], [-2.580043, 51.461537], [-2.580046, 51.461508], [-2.579938, 51.461419]]}, "properties": {"edge_id": 1205, "from_node": 5832538474, "to_node": 1282009243, "key": 0, "length": 90.95, "travel_time": 10.173, "access_score": 0.013683185956384056}}, {"type": "Feature", "geometry": {"type": "LineString", "coordinates": [[-2.581189, 51.460578], [-2.580989, 51.460472]]}, "properties": {"edge_id": 1206, "from_node": 5832845865, "to_node": 5832845867, "key": 0, "length": 18.16, "travel_time": 2.031, "access_score": 0.021997767984696746}}, {"type": "Feature", "geometry": {"type": "LineString", "coordinates": [[-2.581189, 51.460578], [-2.58144, 51.460469], [-2.581205, 51.46033], [-2.580989, 51.460472]]}, "properties": {"edge_id": 1207, "from_node": 5832845865, "to_node": 5832845867, "key": 1, "length": 65.43, "travel_time": 7.319, "access_score": 0.02180253915927397}}, {"type": "Feature", "geometry": {"type": "LineString", "coordinates": [[-2.581189, 51.460578], [-2.581252, 51.460615], [-2.581157, 51.460676], [-2.58116, 51.460713]]}, "properties": {"edge_id": 1208, "from_node": 5832845865, "to_node": 117678115, "key": 0, "length": 19.5, "travel_time": 2.181, "access_score": 0.027995775615605154}}, {"type": "Feature", "geometry": {"type": "LineString", "coordinates": [[-2.580989, 51.460472], [-2.580791, 51.460366]]}, "properties": {"edge_id": 1209, "from_node": 5832845867, "to_node": 6403206658, "key": 0, "length": 18.12, "travel_time": 2.026, "access_score": 0.021234713063243676}}, {"type": "Feature", "geometry": {"type": "LineString", "coordinates": [[-2.580989, 51.460472], [-2.581189, 51.460578]]}, "properties": {"edge_id": 1210, "from_node": 5832845867, "to_node": 5832845865, "key": 0, "length": 18.16, "travel_time": 2.031, "access_score": 0.021997767984696746}}, {"type": "Feature", "geometry": {"type": "LineString", "coordinates": [[-2.580989, 51.460472], [-2.581205, 51.46033], [-2.58144, 51.460469], [-2.581189, 51.460578]]}, "properties": {"edge_id": 1211, "from_node": 5832845867, "to_node": 5832845865, "key": 1, "length": 65.43, "travel_time": 7.319, "access_score": 0.02180253915927397}}, {"type": "Feature", "geometry": {"type": "LineString", "coordinates": [[-2.580609, 51.46004], [-2.580541, 51.46007], [-2.580408, 51.460123]]}, "properties": {"edge_id": 1212, "from_node": 5832845874, "to_node": 5425642850, "key": 0, "length": 16.69, "travel_time": 1.859, "access_score": 0.014835937056432127}}, {"type": "Feature", "geometry": {"type": "LineString", "coordinates": [[-2.580609, 51.46004], [-2.580772, 51.459955], [-2.58089, 51.459891]]}, "properties": {"edge_id": 1213, "from_node": 5832845874, "to_node": 5425642852, "key": 0, "length": 25.61, "travel_time": 2.851, "access_score": 0.012754581783324165}}, {"type": "Feature", "geometry": {"type": "LineString", "coordinates": [[-2.580609, 51.46004], [-2.580577, 51.460157], [-2.580868, 51.46033], [-2.580919, 51.46036], [-2.580991, 51.460402], [-2.581225, 51.460249], [-2.58152, 51.460423], [-2.581601, 51.46047], [-2.581616, 51.46048]]}, "properties": {"edge_id": 1214, "from_node": 5832845874, "to_node": 5832845881, "key": 0, "length": 113.65, "travel_time": 12.711, "access_score": 0.0184447339052113}}, {"type": "Feature", "geometry": {"type": "LineString", "coordinates": [[-2.581616, 51.46048], [-2.581201, 51.460721], [-2.58116, 51.460713]]}, "properties": {"edge_id": 1215, "from_node": 5832845881, "to_node": 117678115, "key": 0, "length": 42.3, "travel_time": 4.731, "access_score": 0.027995775615605154}}, {"type": "Feature", "geometry": {"type": "LineString", "coordinates": [[-2.581616, 51.46048], [-2.582001, 51.460289], [-2.582037, 51.460256], [-2.582061, 51.460256], [-2.582092, 51.460258]]}, "properties": {"edge_id": 1216, "from_node": 5832845881, "to_node": 1242132572, "key": 0, "length": 42.43, "travel_time": 4.745, "access_score": 0.013148239415590648}}, {"type": "Feature", "geometry": {"type": "LineString", "coordinates": [[-2.581616, 51.46048], [-2.581601, 51.46047], [-2.58152, 51.460423], [-2.581225, 51.460249], [-2.580991, 51.460402], [-2.580919, 51.46036], [-2.580868, 51.46033], [-2.580577, 51.460157], [-2.580609, 51.46004]]}, "properties": {"edge_id": 1217, "from_node": 5832845881, "to_node": 5832845874, "key": 0, "length": 113.65, "travel_time": 12.711, "access_score": 0.0184447339052113}}, {"type": "Feature", "geometry": {"type": "LineString", "coordinates": [[-2.583649, 51.459493], [-2.583353, 51.459458]]}, "properties": {"edge_id": 1218, "from_node": 5834330053, "to_node": 5834330054, "key": 0, "length": 20.86, "travel_time": 2.334, "access_score": 0.00997503058787475}}, {"type": "Feature", "geometry": {"type": "LineString", "coordinates": [[-2.583649, 51.459493], [-2.583628, 51.459518], [-2.583559, 51.459563], [-2.583064, 51.459764], [-2.583003, 51.459775], [-2.582954, 51.459806]]}, "properties": {"edge_id": 1219, "from_node": 5834330053, "to_node": 11159894542, "key": 0, "length": 60.25, "travel_time": 6.739, "access_score": 0.009246303018829035}}, {"type": "Feature", "geometry": {"type": "LineString", "coordinates": [[-2.583649, 51.459493], [-2.583682, 51.459451], [-2.583704, 51.459378], [-2.583701, 51.459302], [-2.583619, 51.45919], [-2.583563, 51.459049], [-2.583524, 51.458926], [-2.583498, 51.458695], [-2.58352, 51.458608], [-2.583542, 51.458561]]}, "properties": {"edge_id": 1220, "from_node": 5834330053, "to_node": 1280656209, "key": 0, "length": 106.62, "travel_time": 11.926, "access_score": 0.04659316143351806}}, {"type": "Feature", "geometry": {"type": "LineString", "coordinates": [[-2.583353, 51.459458], [-2.583649, 51.459493]]}, "properties": {"edge_id": 1221, "from_node": 5834330054, "to_node": 5834330053, "key": 0, "length": 20.86, "travel_time": 2.334, "access_score": 0.00997503058787475}}, {"type": "Feature", "geometry": {"type": "LineString", "coordinates": [[-2.583353, 51.459458], [-2.583373, 51.459478], [-2.583038, 51.459609], [-2.582895, 51.459476]]}, "properties": {"edge_id": 1222, "from_node": 5834330054, "to_node": 5834330058, "key": 0, "length": 47.82, "travel_time": 5.349, "access_score": 0.00997503058787475}}, {"type": "Feature", "geometry": {"type": "LineString", "coordinates": [[-2.583353, 51.459458], [-2.583245, 51.459351], [-2.583102, 51.459402]]}, "properties": {"edge_id": 1223, "from_node": 5834330054, "to_node": 5834330057, "key": 0, "length": 25.46, "travel_time": 2.847, "access_score": 0.01137807767746984}}, {"type": "Feature", "geometry": {"type": "LineString", "coordinates": [[-2.583024, 51.459151], [-2.582914, 51.459219], [-2.583102, 51.459402]]}, "properties": {"edge_id": 1224, "from_node": 5834330055, "to_node": 5834330057, "key": 0, "length": 34.9, "travel_time": 3.904, "access_score": 0.01497207863840019}}, {"type": "Feature", "geometry": {"type": "LineString", "coordinates": [[-2.583102, 51.459402], [-2.582895, 51.459476]]}, "properties": {"edge_id": 1225, "from_node": 5834330057, "to_node": 5834330058, "key": 0, "length": 16.5, "travel_time": 1.846, "access_score": 0.01066324232735325}}, {"type": "Feature", "geometry": {"type": "LineString", "coordinates": [[-2.583102, 51.459402], [-2.582914, 51.459219], [-2.583024, 51.459151]]}, "properties": {"edge_id": 1226, "from_node": 5834330057, "to_node": 5834330055, "key": 0, "length": 34.9, "travel_time": 3.904, "access_score": 0.01497207863840019}}, {"type": "Feature", "geometry": {"type": "LineString", "coordinates": [[-2.583102, 51.459402], [-2.583245, 51.459351], [-2.583353, 51.459458]]}, "properties": {"edge_id": 1227, "from_node": 5834330057, "to_node": 5834330054, "key": 0, "length": 25.46, "travel_time": 2.847, "access_score": 0.01137807767746984}}, {"type": "Feature", "geometry": {"type": "LineString", "coordinates": [[-2.582895, 51.459476], [-2.583102, 51.459402]]}, "properties": {"edge_id": 1228, "from_node": 5834330058, "to_node": 5834330057, "key": 0, "length": 16.5, "travel_time": 1.846, "access_score": 0.01066324232735325}}, {"type": "Feature", "geometry": {"type": "LineString", "coordinates": [[-2.582895, 51.459476], [-2.582678, 51.45955]]}, "properties": {"edge_id": 1229, "from_node": 5834330058, "to_node": 5834330062, "key": 0, "length": 17.14, "travel_time": 1.917, "access_score": 0.009620760591523971}}, {"type": "Feature", "geometry": {"type": "LineString", "coordinates": [[-2.582895, 51.459476], [-2.583038, 51.459609], [-2.583373, 51.459478], [-2.583353, 51.459458]]}, "properties": {"edge_id": 1230, "from_node": 5834330058, "to_node": 5834330054, "key": 0, "length": 47.82, "travel_time": 5.349, "access_score": 0.00997503058787475}}, {"type": "Feature", "geometry": {"type": "LineString", "coordinates": [[-2.582678, 51.45955], [-2.582895, 51.459476]]}, "properties": {"edge_id": 1231, "from_node": 5834330062, "to_node": 5834330058, "key": 0, "length": 17.14, "travel_time": 1.917, "access_score": 0.009620760591523971}}, {"type": "Feature", "geometry": {"type": "LineString", "coordinates": [[-2.582678, 51.45955], [-2.582924, 51.459783], [-2.582954, 51.459806]]}, "properties": {"edge_id": 1232, "from_node": 5834330062, "to_node": 11159894542, "key": 0, "length": 34.39, "travel_time": 3.847, "access_score": 0.008629550061655233}}, {"type": "Feature", "geometry": {"type": "LineString", "coordinates": [[-2.582678, 51.45955], [-2.582637, 51.4595], [-2.582618, 51.459475], [-2.582602, 51.459449], [-2.582583, 51.459412], [-2.582556, 51.459357]]}, "properties": {"edge_id": 1233, "from_node": 5834330062, "to_node": 1280674386, "key": 0, "length": 23.15, "travel_time": 2.589, "access_score": 0.010092062602089552}}, {"type": "Feature", "geometry": {"type": "LineString", "coordinates": [[-2.580923, 51.458037], [-2.581352, 51.458272]]}, "properties": {"edge_id": 1234, "from_node": 5834330502, "to_node": 1280813726, "key": 0, "length": 39.56, "travel_time": 4.424, "access_score": 0.012579168529094183}}, {"type": "Feature", "geometry": {"type": "LineString", "coordinates": [[-2.580923, 51.458037], [-2.580866, 51.458006], [-2.580805, 51.457983], [-2.580739, 51.457977]]}, "properties": {"edge_id": 1235, "from_node": 5834330502, "to_node": 117677976, "key": 0, "length": 14.83, "travel_time": 1.659, "access_score": 0.01185717972407166}}, {"type": "Feature", "geometry": {"type": "LineString", "coordinates": [[-2.580923, 51.458037], [-2.581045, 51.45795], [-2.581074, 51.457929], [-2.581084, 51.457922], [-2.581149, 51.457909], [-2.581269, 51.457825], [-2.581336, 51.45782], [-2.581388, 51.457782], [-2.581402, 51.457773], [-2.58142, 51.457765], [-2.581439, 51.457761], [-2.581459, 51.45776], [-2.581476, 51.457761], [-2.581492, 51.457764], [-2.581504, 51.457769], [-2.581764, 51.45791]]}, "properties": {"edge_id": 1236, "from_node": 5834330502, "to_node": 6281096660, "key": 0, "length": 77.34, "travel_time": 8.651, "access_score": 0.03297694566753879}}, {"type": "Feature", "geometry": {"type": "LineString", "coordinates": [[-2.581852, 51.457958], [-2.581764, 51.45791]]}, "properties": {"edge_id": 1237, "from_node": 5834330512, "to_node": 6281096660, "key": 0, "length": 8.05, "travel_time": 0.901, "access_score": 0.032593186632353485}}, {"type": "Feature", "geometry": {"type": "LineString", "coordinates": [[-2.581852, 51.457958], [-2.582018, 51.457837], [-2.582119, 51.457762]]}, "properties": {"edge_id": 1238, "from_node": 5834330512, "to_node": 117677996, "key": 0, "length": 28.53, "travel_time": 3.191, "access_score": 0.1808833506938096}}, {"type": "Feature", "geometry": {"type": "LineString", "coordinates": [[-2.581852, 51.457958], [-2.581459, 51.458245], [-2.581392, 51.458295]]}, "properties": {"edge_id": 1239, "from_node": 5834330512, "to_node": 117677989, "key": 0, "length": 49.19, "travel_time": 5.502, "access_score": 0.030569591298929177}}, {"type": "Feature", "geometry": {"type": "LineString", "coordinates": [[-2.580604, 51.458617], [-2.580773, 51.458715]]}, "properties": {"edge_id": 1240, "from_node": 5834330513, "to_node": 5834330514, "key": 0, "length": 15.93, "travel_time": 1.781, "access_score": 0.010024676477596346}}, {"type": "Feature", "geometry": {"type": "LineString", "coordinates": [[-2.580773, 51.458715], [-2.580604, 51.458617]]}, "properties": {"edge_id": 1241, "from_node": 5834330514, "to_node": 5834330513, "key": 0, "length": 15.93, "travel_time": 1.781, "access_score": 0.010024676477596346}}, {"type": "Feature", "geometry": {"type": "LineString", "coordinates": [[-2.580773, 51.458715], [-2.580968, 51.458577], [-2.581213, 51.458417]]}, "properties": {"edge_id": 1242, "from_node": 5834330514, "to_node": 12750591314, "key": 0, "length": 45.0, "travel_time": 5.034, "access_score": 0.010116751941556895}}, {"type": "Feature", "geometry": {"type": "LineString", "coordinates": [[-2.580773, 51.458715], [-2.580651, 51.4588], [-2.580326, 51.459024], [-2.580192, 51.459121]]}, "properties": {"edge_id": 1243, "from_node": 5834330514, "to_node": 117677950, "key": 0, "length": 60.52, "travel_time": 6.769, "access_score": 0.01943641774051114}}, {"type": "Feature", "geometry": {"type": "LineString", "coordinates": [[-2.580322, 51.458236], [-2.579767, 51.458623]]}, "properties": {"edge_id": 1244, "from_node": 5834330523, "to_node": 6281096610, "key": 0, "length": 57.65, "travel_time": 6.448, "access_score": 0.01867642967490362}}, {"type": "Feature", "geometry": {"type": "LineString", "coordinates": [[-2.580322, 51.458236], [-2.58039, 51.458187]]}, "properties": {"edge_id": 1245, "from_node": 5834330523, "to_node": 1280813728, "key": 0, "length": 7.3, "travel_time": 0.817, "access_score": 0.008999593805001961}}, {"type": "Feature", "geometry": {"type": "LineString", "coordinates": [[-2.580322, 51.458236], [-2.580253, 51.458233], [-2.580071, 51.458164], [-2.579942, 51.458114]]}, "properties": {"edge_id": 1246, "from_node": 5834330523, "to_node": 5834330531, "key": 0, "length": 30.06, "travel_time": 3.362, "access_score": 0.009257605743381319}}, {"type": "Feature", "geometry": {"type": "LineString", "coordinates": [[-2.579942, 51.458114], [-2.580071, 51.458164], [-2.580253, 51.458233], [-2.580322, 51.458236]]}, "properties": {"edge_id": 1247, "from_node": 5834330531, "to_node": 5834330523, "key": 0, "length": 30.06, "travel_time": 3.362, "access_score": 0.009257605743381319}}, {"type": "Feature", "geometry": {"type": "LineString", "coordinates": [[-2.579942, 51.458114], [-2.579934, 51.458114], [-2.579925, 51.458116], [-2.579917, 51.458119], [-2.579909, 51.458124], [-2.579266, 51.458553]]}, "properties": {"edge_id": 1248, "from_node": 5834330531, "to_node": 12989585399, "key": 0, "length": 67.94, "travel_time": 7.599, "access_score": 0.019394490730379684}}, {"type": "Feature", "geometry": {"type": "LineString", "coordinates": [[-2.579942, 51.458114], [-2.579969, 51.45811], [-2.579979, 51.458108], [-2.579988, 51.458104], [-2.579999, 51.458097], [-2.580411, 51.457802], [-2.580419, 51.457796], [-2.58043, 51.457792], [-2.580444, 51.457789], [-2.580457, 51.457789], [-2.580472, 51.457791], [-2.580485, 51.457796], [-2.580496, 51.457801], [-2.580693, 51.457908], [-2.58071, 51.457919], [-2.58072, 51.457929], [-2.580727, 51.457937], [-2.580732, 51.457947], [-2.580739, 51.457977]]}, "properties": {"edge_id": 1249, "from_node": 5834330531, "to_node": 117677976, "key": 0, "length": 81.37, "travel_time": 9.101, "access_score": 0.010850080031865853}}, {"type": "Feature", "geometry": {"type": "LineString", "coordinates": [[-2.582672, 51.456915], [-2.582655, 51.456903], [-2.582602, 51.456872], [-2.582564, 51.45685], [-2.582524, 51.456831]]}, "properties": {"edge_id": 1250, "from_node": 5834930803, "to_node": 5834930818, "key": 0, "length": 13.92, "travel_time": 1.557, "access_score": 0.011569022178915417}}, {"type": "Feature", "geometry": {"type": "LineString", "coordinates": [[-2.582672, 51.456915], [-2.582686, 51.456926], [-2.582716, 51.45696], [-2.582736, 51.456993], [-2.582754, 51.457024], [-2.582762, 51.457053], [-2.58277, 51.457082], [-2.58277, 51.457121], [-2.582769, 51.457144], [-2.582766, 51.457164], [-2.582767, 51.457186], [-2.582768, 51.457212], [-2.582779, 51.457234], [-2.582801, 51.457263], [-2.582812, 51.457286], [-2.582835, 51.457306], [-2.582892, 51.457332]]}, "properties": {"edge_id": 1251, "from_node": 5834930803, "to_node": 1280267492, "key": 0, "length": 50.86, "travel_time": 5.689, "access_score": 0.016597706797765337}}, {"type": "Feature", "geometry": {"type": "LineString", "coordinates": [[-2.582672, 51.456915], [-2.582626, 51.456943], [-2.582578, 51.456958], [-2.582496, 51.456971], [-2.582438, 51.456977]]}, "properties": {"edge_id": 1252, "from_node": 5834930803, "to_node": 1280267505, "key": 0, "length": 18.09, "travel_time": 2.024, "access_score": 0.013691629464222125}}, {"type": "Feature", "geometry": {"type": "LineString", "coordinates": [[-2.582524, 51.456831], [-2.583165, 51.456702]]}, "properties": {"edge_id": 1253, "from_node": 5834930818, "to_node": 537141811, "key": 0, "length": 46.67, "travel_time": 5.196, "access_score": 0.011065091254751629}}, {"type": "Feature", "geometry": {"type": "LineString", "coordinates": [[-2.582524, 51.456831], [-2.582466, 51.456845], [-2.582409, 51.456859], [-2.582151, 51.456928], [-2.582116, 51.456938]]}, "properties": {"edge_id": 1254, "from_node": 5834930818, "to_node": 537157945, "key": 0, "length": 30.67, "travel_time": 3.415, "access_score": 0.01384675954132594}}, {"type": "Feature", "geometry": {"type": "LineString", "coordinates": [[-2.582524, 51.456831], [-2.582564, 51.45685], [-2.582602, 51.456872], [-2.582655, 51.456903], [-2.582672, 51.456915]]}, "properties": {"edge_id": 1255, "from_node": 5834930818, "to_node": 5834930803, "key": 0, "length": 13.92, "travel_time": 1.557, "access_score": 0.011569022178915417}}, {"type": "Feature", "geometry": {"type": "LineString", "coordinates": [[-2.583014, 51.457731], [-2.583114, 51.457635]]}, "properties": {"edge_id": 1256, "from_node": 5834930843, "to_node": 13176630418, "key": 0, "length": 12.74, "travel_time": 1.425, "access_score": 0.01670124671917651}}, {"type": "Feature", "geometry": {"type": "LineString", "coordinates": [[-2.583014, 51.457731], [-2.582798, 51.457698], [-2.582696, 51.457693], [-2.58268, 51.457692]]}, "properties": {"edge_id": 1257, "from_node": 5834930843, "to_node": 1280813702, "key": 0, "length": 23.61, "travel_time": 2.641, "access_score": 0.027479084726914006}}, {"type": "Feature", "geometry": {"type": "LineString", "coordinates": [[-2.583014, 51.457731], [-2.583116, 51.457823], [-2.583061, 51.45795], [-2.583234, 51.457914]]}, "properties": {"edge_id": 1258, "from_node": 5834930843, "to_node": 5919438953, "key": 0, "length": 39.78, "travel_time": 4.449, "access_score": 0.02473143293464929}}, {"type": "Feature", "geometry": {"type": "LineString", "coordinates": [[-2.583201, 51.457954], [-2.582947, 51.458248]]}, "properties": {"edge_id": 1259, "from_node": 5834930877, "to_node": 2533775206, "key": 0, "length": 37.13, "travel_time": 4.153, "access_score": 0.055013162988144515}}, {"type": "Feature", "geometry": {"type": "LineString", "coordinates": [[-2.583201, 51.457954], [-2.583234, 51.457914]]}, "properties": {"edge_id": 1260, "from_node": 5834930877, "to_node": 5919438953, "key": 0, "length": 5.05, "travel_time": 0.564, "access_score": 0.02505429497760756}}, {"type": "Feature", "geometry": {"type": "LineString", "coordinates": [[-2.583201, 51.457954], [-2.583317, 51.457986]]}, "properties": {"edge_id": 1261, "from_node": 5834930877, "to_node": 5834930878, "key": 0, "length": 8.76, "travel_time": 0.979, "access_score": 0.03205415683865679}}, {"type": "Feature", "geometry": {"type": "LineString", "coordinates": [[-2.583317, 51.457986], [-2.583201, 51.457954]]}, "properties": {"edge_id": 1262, "from_node": 5834930878, "to_node": 5834930877, "key": 0, "length": 8.76, "travel_time": 0.979, "access_score": 0.03205415683865679}}, {"type": "Feature", "geometry": {"type": "LineString", "coordinates": [[-2.581864, 51.458874], [-2.58224, 51.458666]]}, "properties": {"edge_id": 1263, "from_node": 5834930880, "to_node": 5061066696, "key": 0, "length": 34.81, "travel_time": 3.894, "access_score": 0.016468070997086207}}, {"type": "Feature", "geometry": {"type": "LineString", "coordinates": [[-2.581864, 51.458874], [-2.581636, 51.459031]]}, "properties": {"edge_id": 1264, "from_node": 5834930880, "to_node": 1280821715, "key": 0, "length": 23.55, "travel_time": 2.634, "access_score": 0.010535968256702458}}, {"type": "Feature", "geometry": {"type": "LineString", "coordinates": [[-2.581864, 51.458874], [-2.581683, 51.458753]]}, "properties": {"edge_id": 1265, "from_node": 5834930880, "to_node": 5834930881, "key": 0, "length": 18.42, "travel_time": 2.061, "access_score": 0.010535968256702458}}, {"type": "Feature", "geometry": {"type": "LineString", "coordinates": [[-2.581683, 51.458753], [-2.581674, 51.458761]]}, "properties": {"edge_id": 1266, "from_node": 5834930881, "to_node": 11776527150, "key": 0, "length": 1.11, "travel_time": 0.123, "access_score": 0.010001525823644808}}, {"type": "Feature", "geometry": {"type": "LineString", "coordinates": [[-2.581683, 51.458753], [-2.581703, 51.458736]]}, "properties": {"edge_id": 1267, "from_node": 5834930881, "to_node": 117678038, "key": 0, "length": 2.33, "travel_time": 0.259, "access_score": 0.010201569620015715}}, {"type": "Feature", "geometry": {"type": "LineString", "coordinates": [[-2.581683, 51.458753], [-2.581864, 51.458874]]}, "properties": {"edge_id": 1268, "from_node": 5834930881, "to_node": 5834930880, "key": 0, "length": 18.42, "travel_time": 2.061, "access_score": 0.010535968256702458}}, {"type": "Feature", "geometry": {"type": "LineString", "coordinates": [[-2.581317, 51.45909], [-2.581465, 51.458942]]}, "properties": {"edge_id": 1269, "from_node": 5834930882, "to_node": 117678043, "key": 0, "length": 19.4, "travel_time": 2.16, "access_score": 0.008153851756152797}}, {"type": "Feature", "geometry": {"type": "LineString", "coordinates": [[-2.581317, 51.45909], [-2.581487, 51.459154]]}, "properties": {"edge_id": 1270, "from_node": 5834930882, "to_node": 1280821716, "key": 0, "length": 13.77, "travel_time": 1.54, "access_score": 0.0077271769390465225}}, {"type": "Feature", "geometry": {"type": "LineString", "coordinates": [[-2.581317, 51.45909], [-2.581306, 51.459104], [-2.581173, 51.45928], [-2.581167, 51.45929]]}, "properties": {"edge_id": 1271, "from_node": 5834930882, "to_node": 117678047, "key": 0, "length": 24.59, "travel_time": 2.737, "access_score": 0.008418703236695803}}, {"type": "Feature", "geometry": {"type": "LineString", "coordinates": [[-2.581317, 51.45909], [-2.581271, 51.459072], [-2.581174, 51.459035], [-2.581151, 51.459024]]}, "properties": {"edge_id": 1272, "from_node": 5834930882, "to_node": 6281096613, "key": 0, "length": 13.6, "travel_time": 1.521, "access_score": 0.008408460831260964}}, {"type": "Feature", "geometry": {"type": "LineString", "coordinates": [[-2.581335, 51.459343], [-2.581487, 51.459154]]}, "properties": {"edge_id": 1273, "from_node": 5834930883, "to_node": 1280821716, "key": 0, "length": 23.55, "travel_time": 2.634, "access_score": 0.007632932166599043}}, {"type": "Feature", "geometry": {"type": "LineString", "coordinates": [[-2.581335, 51.459343], [-2.581167, 51.45929]]}, "properties": {"edge_id": 1274, "from_node": 5834930883, "to_node": 117678047, "key": 0, "length": 13.07, "travel_time": 1.462, "access_score": 0.008418703236695803}}, {"type": "Feature", "geometry": {"type": "LineString", "coordinates": [[-2.581335, 51.459343], [-2.581327, 51.459353], [-2.581165, 51.459562], [-2.58118, 51.459576], [-2.581112, 51.459619]]}, "properties": {"edge_id": 1275, "from_node": 5834930883, "to_node": 1280821682, "key": 0, "length": 35.6, "travel_time": 3.982, "access_score": 0.008081963842588986}}, {"type": "Feature", "geometry": {"type": "LineString", "coordinates": [[-2.58812, 51.46442], [-2.587594, 51.463911]]}, "properties": {"edge_id": 1276, "from_node": 5900430623, "to_node": 19875368, "key": 0, "length": 67.28, "travel_time": 7.525, "access_score": 0.01543252261037414}}, {"type": "Feature", "geometry": {"type": "LineString", "coordinates": [[-2.58812, 51.46442], [-2.588218, 51.464389], [-2.58838, 51.464338], [-2.588432, 51.464322]]}, "properties": {"edge_id": 1277, "from_node": 5900430623, "to_node": 5900430626, "key": 0, "length": 24.16, "travel_time": 2.702, "access_score": 0.020649537266609296}}, {"type": "Feature", "geometry": {"type": "LineString", "coordinates": [[-2.588432, 51.464322], [-2.58838, 51.464338], [-2.588218, 51.464389], [-2.58812, 51.46442]]}, "properties": {"edge_id": 1278, "from_node": 5900430626, "to_node": 5900430623, "key": 0, "length": 24.16, "travel_time": 2.702, "access_score": 0.020649537266609296}}, {"type": "Feature", "geometry": {"type": "LineString", "coordinates": [[-2.589938, 51.462687], [-2.589965, 51.462691], [-2.58999, 51.462693], [-2.59, 51.462694]]}, "properties": {"edge_id": 1279, "from_node": 5905199213, "to_node": 4610359742, "key": 0, "length": 4.34, "travel_time": 0.486, "access_score": 0.02008645500901046}}, {"type": "Feature", "geometry": {"type": "LineString", "coordinates": [[-2.589938, 51.462687], [-2.58994, 51.462653], [-2.58995, 51.462611], [-2.590022, 51.462449], [-2.590066, 51.46237], [-2.590107, 51.462293], [-2.590145, 51.462239], [-2.590186, 51.462178]]}, "properties": {"edge_id": 1280, "from_node": 5905199213, "to_node": 3860964491, "key": 0, "length": 59.38, "travel_time": 6.642, "access_score": 0.07141412638170172}}, {"type": "Feature", "geometry": {"type": "LineString", "coordinates": [[-2.589938, 51.462687], [-2.589937, 51.462718], [-2.589956, 51.462746]]}, "properties": {"edge_id": 1281, "from_node": 5905199213, "to_node": 5905199219, "key": 0, "length": 6.88, "travel_time": 0.77, "access_score": 0.022882289211055038}}, {"type": "Feature", "geometry": {"type": "LineString", "coordinates": [[-2.589956, 51.462746], [-2.589954, 51.462855]]}, "properties": {"edge_id": 1282, "from_node": 5905199219, "to_node": 21309820, "key": 0, "length": 12.12, "travel_time": 1.356, "access_score": 0.030980268791126336}}, {"type": "Feature", "geometry": {"type": "LineString", "coordinates": [[-2.589956, 51.462746], [-2.589989, 51.462723], [-2.59, 51.462694]]}, "properties": {"edge_id": 1283, "from_node": 5905199219, "to_node": 4610359742, "key": 0, "length": 6.79, "travel_time": 0.76, "access_score": 0.022882289211055038}}, {"type": "Feature", "geometry": {"type": "LineString", "coordinates": [[-2.589956, 51.462746], [-2.589937, 51.462718], [-2.589938, 51.462687]]}, "properties": {"edge_id": 1284, "from_node": 5905199219, "to_node": 5905199213, "key": 0, "length": 6.88, "travel_time": 0.77, "access_score": 0.022882289211055038}}, {"type": "Feature", "geometry": {"type": "LineString", "coordinates": [[-2.587452, 51.461678], [-2.588183, 51.461322]]}, "properties": {"edge_id": 1285, "from_node": 5906030287, "to_node": 262442708, "key": 0, "length": 64.24, "travel_time": 7.185, "access_score": 0.009704411535261486}}, {"type": "Feature", "geometry": {"type": "LineString", "coordinates": [[-2.587452, 51.461678], [-2.587394, 51.461706], [-2.587217, 51.461798]]}, "properties": {"edge_id": 1286, "from_node": 5906030287, "to_node": 104837, "key": 0, "length": 21.08, "travel_time": 2.357, "access_score": 0.00846323623633458}}, {"type": "Feature", "geometry": {"type": "LineString", "coordinates": [[-2.587452, 51.461678], [-2.587402, 51.461638], [-2.587327, 51.461578], [-2.587303, 51.461558]]}, "properties": {"edge_id": 1287, "from_node": 5906030287, "to_node": 5906030290, "key": 0, "length": 16.8, "travel_time": 1.879, "access_score": 0.009860937418446621}}, {"type": "Feature", "geometry": {"type": "LineString", "coordinates": [[-2.587303, 51.461558], [-2.587327, 51.461578], [-2.587402, 51.461638], [-2.587452, 51.461678]]}, "properties": {"edge_id": 1288, "from_node": 5906030290, "to_node": 5906030287, "key": 0, "length": 16.8, "travel_time": 1.879, "access_score": 0.009860937418446621}}, {"type": "Feature", "geometry": {"type": "LineString", "coordinates": [[-2.586585, 51.462106], [-2.586876, 51.461962]]}, "properties": {"edge_id": 1289, "from_node": 5906108608, "to_node": 19875366, "key": 0, "length": 25.8, "travel_time": 2.885, "access_score": 0.007934122826701995}}, {"type": "Feature", "geometry": {"type": "LineString", "coordinates": [[-2.586585, 51.462106], [-2.586094, 51.462351], [-2.586046, 51.462375]]}, "properties": {"edge_id": 1290, "from_node": 5906108608, "to_node": 19875363, "key": 0, "length": 47.84, "travel_time": 5.351, "access_score": 0.007393329802039374}}, {"type": "Feature", "geometry": {"type": "LineString", "coordinates": [[-2.586585, 51.462106], [-2.586534, 51.462054], [-2.586483, 51.462006], [-2.586433, 51.461957]]}, "properties": {"edge_id": 1291, "from_node": 5906108608, "to_node": 5906108611, "key": 0, "length": 19.65, "travel_time": 2.198, "access_score": 0.008549056427729284}}, {"type": "Feature", "geometry": {"type": "LineString", "coordinates": [[-2.586433, 51.461957], [-2.586483, 51.462006], [-2.586534, 51.462054], [-2.586585, 51.462106]]}, "properties": {"edge_id": 1292, "from_node": 5906108611, "to_node": 5906108608, "key": 0, "length": 19.65, "travel_time": 2.198, "access_score": 0.008549056427729284}}, {"type": "Feature", "geometry": {"type": "LineString", "coordinates": [[-2.583234, 51.457914], [-2.583201, 51.457954]]}, "properties": {"edge_id": 1293, "from_node": 5919438953, "to_node": 5834930877, "key": 0, "length": 5.05, "travel_time": 0.564, "access_score": 0.02505429497760756}}, {"type": "Feature", "geometry": {"type": "LineString", "coordinates": [[-2.583234, 51.457914], [-2.583365, 51.457707]]}, "properties": {"edge_id": 1294, "from_node": 5919438953, "to_node": 2045184012, "key": 0, "length": 24.72, "travel_time": 2.765, "access_score": 0.02473143293464929}}, {"type": "Feature", "geometry": {"type": "LineString", "coordinates": [[-2.583234, 51.457914], [-2.583061, 51.45795], [-2.583116, 51.457823], [-2.583014, 51.457731]]}, "properties": {"edge_id": 1295, "from_node": 5919438953, "to_node": 5834930843, "key": 0, "length": 39.78, "travel_time": 4.449, "access_score": 0.02473143293464929}}, {"type": "Feature", "geometry": {"type": "LineString", "coordinates": [[-2.582941, 51.458374], [-2.582947, 51.458248]]}, "properties": {"edge_id": 1296, "from_node": 5919438954, "to_node": 2533775206, "key": 0, "length": 13.98, "travel_time": 1.564, "access_score": 0.14118662107669044}}, {"type": "Feature", "geometry": {"type": "LineString", "coordinates": [[-2.582941, 51.458374], [-2.582777, 51.458449], [-2.582697, 51.45849], [-2.582603, 51.458441]]}, "properties": {"edge_id": 1297, "from_node": 5919438954, "to_node": 5061067470, "key": 0, "length": 29.81, "travel_time": 3.334, "access_score": 0.14118662107669044}}, {"type": "Feature", "geometry": {"type": "LineString", "coordinates": [[-2.582941, 51.458374], [-2.58297, 51.458407], [-2.583169, 51.458614]]}, "properties": {"edge_id": 1298, "from_node": 5919438954, "to_node": 1280821651, "key": 0, "length": 31.0, "travel_time": 3.451, "access_score": 0.43821276157279193}}, {"type": "Feature", "geometry": {"type": "LineString", "coordinates": [[-2.584857, 51.458566], [-2.584791, 51.458688]]}, "properties": {"edge_id": 1299, "from_node": 5919449192, "to_node": 5919449201, "key": 0, "length": 14.37, "travel_time": 1.608, "access_score": 0.010960465579925418}}, {"type": "Feature", "geometry": {"type": "LineString", "coordinates": [[-2.584857, 51.458566], [-2.584974, 51.458528], [-2.585149, 51.458505]]}, "properties": {"edge_id": 1300, "from_node": 5919449192, "to_node": 6481238337, "key": 0, "length": 21.56, "travel_time": 2.228, "access_score": 0.010960465579925418}}, {"type": "Feature", "geometry": {"type": "LineString", "coordinates": [[-2.584857, 51.458566], [-2.584892, 51.458409], [-2.585139, 51.458169], [-2.585414, 51.457929]]}, "properties": {"edge_id": 1301, "from_node": 5919449192, "to_node": 5919449198, "key": 0, "length": 82.13, "travel_time": 9.186, "access_score": 0.011614805474883883}}, {"type": "Feature", "geometry": {"type": "LineString", "coordinates": [[-2.585414, 51.457929], [-2.585282, 51.457937], [-2.584708, 51.45775], [-2.584674, 51.457739]]}, "properties": {"edge_id": 1302, "from_node": 5919449198, "to_node": 2027862783, "key": 0, "length": 56.74, "travel_time": 6.346, "access_score": 0.012543172896302806}}, {"type": "Feature", "geometry": {"type": "LineString", "coordinates": [[-2.585414, 51.457929], [-2.585778, 51.457693], [-2.586007, 51.457575], [-2.586188, 51.457498]]}, "properties": {"edge_id": 1303, "from_node": 5919449198, "to_node": 5919449207, "key": 0, "length": 72.17, "travel_time": 8.072, "access_score": 0.008366489848346039}}, {"type": "Feature", "geometry": {"type": "LineString", "coordinates": [[-2.585414, 51.457929], [-2.585139, 51.458169], [-2.584892, 51.458409], [-2.584857, 51.458566]]}, "properties": {"edge_id": 1304, "from_node": 5919449198, "to_node": 5919449192, "key": 0, "length": 82.13, "travel_time": 9.186, "access_score": 0.011614805474883883}}, {"type": "Feature", "geometry": {"type": "LineString", "coordinates": [[-2.584791, 51.458688], [-2.584857, 51.458566]]}, "properties": {"edge_id": 1305, "from_node": 5919449201, "to_node": 5919449192, "key": 0, "length": 14.37, "travel_time": 1.608, "access_score": 0.010960465579925418}}, {"type": "Feature", "geometry": {"type": "LineString", "coordinates": [[-2.584791, 51.458688], [-2.58511, 51.458678], [-2.585121, 51.458678], [-2.585219, 51.458664], [-2.58578, 51.458672], [-2.586339, 51.458714], [-2.586846, 51.458798], [-2.587076, 51.458808]]}, "properties": {"edge_id": 1306, "from_node": 5919449201, "to_node": 5919449206, "key": 0, "length": 160.07, "travel_time": 16.539, "access_score": 0.010713864227263507}}, {"type": "Feature", "geometry": {"type": "LineString", "coordinates": [[-2.584791, 51.458688], [-2.584773, 51.458754], [-2.584766, 51.458785], [-2.584758, 51.458829], [-2.58475, 51.458873]]}, "properties": {"edge_id": 1307, "from_node": 5919449201, "to_node": 3842753611, "key": 0, "length": 20.7, "travel_time": 2.139, "access_score": 0.010713864227263507}}, {"type": "Feature", "geometry": {"type": "LineString", "coordinates": [[-2.587076, 51.458808], [-2.587123, 51.458764]]}, "properties": {"edge_id": 1308, "from_node": 5919449206, "to_node": 2043096366, "key": 0, "length": 5.9, "travel_time": 0.66, "access_score": 0.005421393876246592}}, {"type": "Feature", "geometry": {"type": "LineString", "coordinates": [[-2.587076, 51.458808], [-2.587046, 51.458866], [-2.586958, 51.459003], [-2.586843, 51.459178], [-2.586825, 51.459204]]}, "properties": {"edge_id": 1309, "from_node": 5919449206, "to_node": 300025247, "key": 0, "length": 47.35, "travel_time": 5.296, "access_score": 0.007068166121106215}}, {"type": "Feature", "geometry": {"type": "LineString", "coordinates": [[-2.587076, 51.458808], [-2.586846, 51.458798], [-2.586339, 51.458714], [-2.58578, 51.458672], [-2.585219, 51.458664], [-2.585121, 51.458678], [-2.58511, 51.458678], [-2.584791, 51.458688]]}, "properties": {"edge_id": 1310, "from_node": 5919449206, "to_node": 5919449201, "key": 0, "length": 160.07, "travel_time": 16.539, "access_score": 0.010713864227263507}}, {"type": "Feature", "geometry": {"type": "LineString", "coordinates": [[-2.586188, 51.457498], [-2.586166, 51.457466], [-2.58614, 51.457434], [-2.586002, 51.457239], [-2.58598, 51.457201], [-2.585966, 51.457176]]}, "properties": {"edge_id": 1311, "from_node": 5919449207, "to_node": 4661094416, "key": 0, "length": 39.01, "travel_time": 4.363, "access_score": 0.005399174299171604}}, {"type": "Feature", "geometry": {"type": "LineString", "coordinates": [[-2.586188, 51.457498], [-2.586215, 51.457535], [-2.586251, 51.457589], [-2.586445, 51.457881], [-2.586697, 51.458246]]}, "properties": {"edge_id": 1312, "from_node": 5919449207, "to_node": 5919449224, "key": 0, "length": 90.34, "travel_time": 10.104, "access_score": 0.005393366535874654}}, {"type": "Feature", "geometry": {"type": "LineString", "coordinates": [[-2.586188, 51.457498], [-2.586241, 51.457476], [-2.586783, 51.457249]]}, "properties": {"edge_id": 1313, "from_node": 5919449207, "to_node": 5919449209, "key": 0, "length": 49.62, "travel_time": 5.55, "access_score": 0.005393366535874654}}, {"type": "Feature", "geometry": {"type": "LineString", "coordinates": [[-2.586188, 51.457498], [-2.586007, 51.457575], [-2.585778, 51.457693], [-2.585414, 51.457929]]}, "properties": {"edge_id": 1314, "from_node": 5919449207, "to_node": 5919449198, "key": 0, "length": 72.17, "travel_time": 8.072, "access_score": 0.008366489848346039}}, {"type": "Feature", "geometry": {"type": "LineString", "coordinates": [[-2.586783, 51.457249], [-2.58707, 51.457151]]}, "properties": {"edge_id": 1315, "from_node": 5919449209, "to_node": 5919449215, "key": 0, "length": 22.69, "travel_time": 2.538, "access_score": 0.00438411374699651}}, {"type": "Feature", "geometry": {"type": "LineString", "coordinates": [[-2.586783, 51.457249], [-2.586731, 51.457216], [-2.586366, 51.456983], [-2.586314, 51.456915]]}, "properties": {"edge_id": 1316, "from_node": 5919449209, "to_node": 5822644363, "key": 0, "length": 49.77, "travel_time": 5.566, "access_score": 0.004459439358553608}}, {"type": "Feature", "geometry": {"type": "LineString", "coordinates": [[-2.586783, 51.457249], [-2.586241, 51.457476], [-2.586188, 51.457498]]}, "properties": {"edge_id": 1317, "from_node": 5919449209, "to_node": 5919449207, "key": 0, "length": 49.62, "travel_time": 5.55, "access_score": 0.005393366535874654}}, {"type": "Feature", "geometry": {"type": "LineString", "coordinates": [[-2.58707, 51.457151], [-2.586783, 51.457249]]}, "properties": {"edge_id": 1318, "from_node": 5919449215, "to_node": 5919449209, "key": 0, "length": 22.69, "travel_time": 2.538, "access_score": 0.00438411374699651}}, {"type": "Feature", "geometry": {"type": "LineString", "coordinates": [[-2.58707, 51.457151], [-2.587222, 51.457111], [-2.587554, 51.457044], [-2.587912, 51.457004]]}, "properties": {"edge_id": 1319, "from_node": 5919449215, "to_node": 2941119309, "key": 0, "length": 60.77, "travel_time": 6.797, "access_score": 0.00591497419021033}}, {"type": "Feature", "geometry": {"type": "LineString", "coordinates": [[-2.58707, 51.457151], [-2.587069, 51.457204], [-2.58727, 51.457614], [-2.587795, 51.457527]]}, "properties": {"edge_id": 1320, "from_node": 5919449215, "to_node": 5919449220, "key": 0, "length": 91.29, "travel_time": 10.211, "access_score": 0.0053646584645163165}}, {"type": "Feature", "geometry": {"type": "LineString", "coordinates": [[-2.587795, 51.457527], [-2.587804, 51.457541], [-2.588053, 51.457919], [-2.588081, 51.457956]]}, "properties": {"edge_id": 1321, "from_node": 5919449220, "to_node": 5919449221, "key": 0, "length": 51.68, "travel_time": 5.78, "access_score": 0.006126584755805034}}, {"type": "Feature", "geometry": {"type": "LineString", "coordinates": [[-2.587795, 51.457527], [-2.588113, 51.45744], [-2.587925, 51.45704], [-2.587912, 51.457004]]}, "properties": {"edge_id": 1322, "from_node": 5919449220, "to_node": 2941119309, "key": 0, "length": 74.55, "travel_time": 8.338, "access_score": 0.006156655873000027}}, {"type": "Feature", "geometry": {"type": "LineString", "coordinates": [[-2.587795, 51.457527], [-2.58727, 51.457614], [-2.587069, 51.457204], [-2.58707, 51.457151]]}, "properties": {"edge_id": 1323, "from_node": 5919449220, "to_node": 5919449215, "key": 0, "length": 91.29, "travel_time": 10.211, "access_score": 0.0053646584645163165}}, {"type": "Feature", "geometry": {"type": "LineString", "coordinates": [[-2.588081, 51.457956], [-2.587573, 51.458082], [-2.586993, 51.458184], [-2.586719, 51.458242], [-2.586697, 51.458246]]}, "properties": {"edge_id": 1324, "from_node": 5919449221, "to_node": 5919449224, "key": 0, "length": 101.26, "travel_time": 11.326, "access_score": 0.006126584755805034}}, {"type": "Feature", "geometry": {"type": "LineString", "coordinates": [[-2.588081, 51.457956], [-2.58822, 51.457922], [-2.58843, 51.457871], [-2.588715, 51.457815], [-2.589083, 51.457696]]}, "properties": {"edge_id": 1325, "from_node": 5919449221, "to_node": 11786838687, "key": 0, "length": 75.42, "travel_time": 8.435, "access_score": 0.008984443262449675}}, {"type": "Feature", "geometry": {"type": "LineString", "coordinates": [[-2.588081, 51.457956], [-2.588053, 51.457919], [-2.587804, 51.457541], [-2.587795, 51.457527]]}, "properties": {"edge_id": 1326, "from_node": 5919449221, "to_node": 5919449220, "key": 0, "length": 51.68, "travel_time": 5.78, "access_score": 0.006126584755805034}}, {"type": "Feature", "geometry": {"type": "LineString", "coordinates": [[-2.589748, 51.458564], [-2.589133, 51.458775], [-2.589061, 51.4588], [-2.588985, 51.45881]]}, "properties": {"edge_id": 1327, "from_node": 5919449223, "to_node": 993186001, "key": 0, "length": 59.76, "travel_time": 6.684, "access_score": 0.03305821455097533}}, {"type": "Feature", "geometry": {"type": "LineString", "coordinates": [[-2.589748, 51.458564], [-2.58995, 51.458493], [-2.590024, 51.458465], [-2.590134, 51.458427], [-2.590475, 51.458308]]}, "properties": {"edge_id": 1328, "from_node": 5919449223, "to_node": 9809981557, "key": 0, "length": 57.8, "travel_time": 6.464, "access_score": 0.04833641069299789}}, {"type": "Feature", "geometry": {"type": "LineString", "coordinates": [[-2.589748, 51.458564], [-2.589685, 51.458497], [-2.58953, 51.458326], [-2.589204, 51.45795], [-2.589083, 51.457696]]}, "properties": {"edge_id": 1329, "from_node": 5919449223, "to_node": 11786838687, "key": 0, "length": 107.41, "travel_time": 12.013, "access_score": 0.03305821455097533}}, {"type": "Feature", "geometry": {"type": "LineString", "coordinates": [[-2.586697, 51.458246], [-2.586726, 51.458295]]}, "properties": {"edge_id": 1330, "from_node": 5919449224, "to_node": 104855, "key": 0, "length": 5.81, "travel_time": 0.65, "access_score": 0.004842452949177527}}, {"type": "Feature", "geometry": {"type": "LineString", "coordinates": [[-2.586697, 51.458246], [-2.586445, 51.457881], [-2.586251, 51.457589], [-2.586215, 51.457535], [-2.586188, 51.457498]]}, "properties": {"edge_id": 1331, "from_node": 5919449224, "to_node": 5919449207, "key": 0, "length": 90.34, "travel_time": 10.104, "access_score": 0.005393366535874654}}, {"type": "Feature", "geometry": {"type": "LineString", "coordinates": [[-2.586697, 51.458246], [-2.586719, 51.458242], [-2.586993, 51.458184], [-2.587573, 51.458082], [-2.588081, 51.457956]]}, "properties": {"edge_id": 1332, "from_node": 5919449224, "to_node": 5919449221, "key": 0, "length": 101.26, "travel_time": 11.326, "access_score": 0.006126584755805034}}, {"type": "Feature", "geometry": {"type": "LineString", "coordinates": [[-2.585998, 51.457039], [-2.586051, 51.457022]]}, "properties": {"edge_id": 1333, "from_node": 6018494689, "to_node": 12595689538, "key": 0, "length": 4.11, "travel_time": 0.459, "access_score": 0.004998568408853635}}, {"type": "Feature", "geometry": {"type": "LineString", "coordinates": [[-2.587999, 51.461014], [-2.58799, 51.461008], [-2.587989, 51.460999], [-2.587998, 51.460993], [-2.588012, 51.460993], [-2.588022, 51.460998], [-2.588022, 51.461007], [-2.588013, 51.461013], [-2.587999, 51.461014]]}, "properties": {"edge_id": 1334, "from_node": 6047257804, "to_node": 6047257804, "key": 0, "length": 7.55, "travel_time": 0.844, "access_score": 0.012375400718852708}}, {"type": "Feature", "geometry": {"type": "LineString", "coordinates": [[-2.587999, 51.461014], [-2.588013, 51.461013], [-2.588022, 51.461007], [-2.588022, 51.460998], [-2.588012, 51.460993], [-2.587998, 51.460993], [-2.587989, 51.460999], [-2.58799, 51.461008], [-2.587999, 51.461014]]}, "properties": {"edge_id": 1335, "from_node": 6047257804, "to_node": 6047257804, "key": 1, "length": 7.55, "travel_time": 0.844, "access_score": 0.012375400718852708}}, {"type": "Feature", "geometry": {"type": "LineString", "coordinates": [[-2.587999, 51.461014], [-2.587998, 51.461016], [-2.587997, 51.46102], [-2.587997, 51.461025], [-2.588, 51.461029], [-2.588005, 51.461031], [-2.588012, 51.461033], [-2.588018, 51.461033], [-2.588026, 51.461033], [-2.588045, 51.46103], [-2.588056, 51.461025], [-2.588062, 51.46102], [-2.588067, 51.461013], [-2.588069, 51.461004], [-2.588069, 51.460991], [-2.588068, 51.460984], [-2.58806, 51.460974], [-2.588051, 51.460966], [-2.588041, 51.46096], [-2.588025, 51.460954], [-2.588005, 51.460953], [-2.587989, 51.460953], [-2.587972, 51.460956], [-2.587954, 51.460962], [-2.587934, 51.460972], [-2.587918, 51.460983], [-2.587912, 51.460993], [-2.587909, 51.461007], [-2.587909, 51.461018], [-2.587913, 51.46103], [-2.58792, 51.461041], [-2.587931, 51.461051], [-2.587954, 51.461063], [-2.587974, 51.461071], [-2.587995, 51.461075], [-2.58802, 51.461076], [-2.58804, 51.461074], [-2.588057, 51.46107], [-2.58808, 51.461064], [-2.588097, 51.461056], [-2.588114, 51.461045], [-2.588126, 51.461034], [-2.588133, 51.461023], [-2.588136, 51.461014], [-2.588136, 51.461004], [-2.588134, 51.460969], [-2.588134, 51.460962], [-2.588135, 51.460958], [-2.588137, 51.460956], [-2.588144, 51.460953], [-2.588147, 51.460952], [-2.588148, 51.460949], [-2.588148, 51.460945], [-2.588145, 51.46094], [-2.588117, 51.460913], [-2.588106, 51.460904], [-2.588094, 51.460896], [-2.588079, 51.46089], [-2.588051, 51.460882], [-2.588012, 51.460874], [-2.587961, 51.460867], [-2.587939, 51.460866], [-2.587921, 51.460866], [-2.587894, 51.460868], [-2.587873, 51.46087], [-2.587857, 51.460873], [-2.587848, 51.460876], [-2.58784, 51.460879], [-2.587834, 51.460882], [-2.587828, 51.460888], [-2.587822, 51.460896], [-2.58781, 51.460917]]}, "properties": {"edge_id": 1336, "from_node": 6047257804, "to_node": 2515293881, "key": 0, "length": 88.34, "travel_time": 9.881, "access_score": 0.015555195769072324}}, {"type": "Feature", "geometry": {"type": "LineString", "coordinates": [[-2.584324, 51.457176], [-2.584338, 51.457217], [-2.584349, 51.457308]]}, "properties": {"edge_id": 1337, "from_node": 6056055380, "to_node": 262441802, "key": 0, "length": 14.79, "travel_time": 1.654, "access_score": 0.00972229010454117}}, {"type": "Feature", "geometry": {"type": "LineString", "coordinates": [[-2.587732, 51.458154], [-2.587741, 51.458177], [-2.587781, 51.4583], [-2.587837, 51.458476]]}, "properties": {"edge_id": 1338, "from_node": 6106912892, "to_node": 5794635164, "key": 0, "length": 36.54, "travel_time": 4.087, "access_score": 0.006129304295836113}}, {"type": "Feature", "geometry": {"type": "LineString", "coordinates": [[-2.590176, 51.462026], [-2.590171, 51.462045], [-2.590165, 51.462062], [-2.590157, 51.462086]]}, "properties": {"edge_id": 1339, "from_node": 6111856710, "to_node": 6111856716, "key": 0, "length": 6.73, "travel_time": 0.753, "access_score": 0.05452729352379576}}, {"type": "Feature", "geometry": {"type": "LineString", "coordinates": [[-2.590176, 51.462026], [-2.590215, 51.462012], [-2.590262, 51.462024]]}, "properties": {"edge_id": 1340, "from_node": 6111856710, "to_node": 6111856719, "key": 0, "length": 6.6, "travel_time": 0.735, "access_score": 0.06686990316187183}}, {"type": "Feature", "geometry": {"type": "LineString", "coordinates": [[-2.590176, 51.462026], [-2.590119, 51.46205], [-2.590117, 51.46208]]}, "properties": {"edge_id": 1341, "from_node": 6111856710, "to_node": 6111856718, "key": 0, "length": 8.07, "travel_time": 0.899, "access_score": 0.05144399456592524}}, {"type": "Feature", "geometry": {"type": "LineString", "coordinates": [[-2.590157, 51.462086], [-2.590117, 51.46208]]}, "properties": {"edge_id": 1342, "from_node": 6111856716, "to_node": 6111856718, "key": 0, "length": 2.87, "travel_time": 0.319, "access_score": 0.05452729352379576}}, {"type": "Feature", "geometry": {"type": "LineString", "coordinates": [[-2.590157, 51.462086], [-2.590199, 51.46207], [-2.59025, 51.462051], [-2.590262, 51.462024]]}, "properties": {"edge_id": 1343, "from_node": 6111856716, "to_node": 6111856719, "key": 0, "length": 10.66, "travel_time": 1.187, "access_score": 0.07312766711071667}}, {"type": "Feature", "geometry": {"type": "LineString", "coordinates": [[-2.590157, 51.462086], [-2.590165, 51.462062], [-2.590171, 51.462045], [-2.590176, 51.462026]]}, "properties": {"edge_id": 1344, "from_node": 6111856716, "to_node": 6111856710, "key": 0, "length": 6.73, "travel_time": 0.753, "access_score": 0.05452729352379576}}, {"type": "Feature", "geometry": {"type": "LineString", "coordinates": [[-2.590157, 51.462086], [-2.590134, 51.462169], [-2.590186, 51.462178]]}, "properties": {"edge_id": 1345, "from_node": 6111856716, "to_node": 3860964491, "key": 0, "length": 13.13, "travel_time": 1.469, "access_score": 0.07141412638170172}}, {"type": "Feature", "geometry": {"type": "LineString", "coordinates": [[-2.590117, 51.46208], [-2.590157, 51.462086]]}, "properties": {"edge_id": 1346, "from_node": 6111856718, "to_node": 6111856716, "key": 0, "length": 2.87, "travel_time": 0.319, "access_score": 0.05452729352379576}}, {"type": "Feature", "geometry": {"type": "LineString", "coordinates": [[-2.590117, 51.46208], [-2.590101, 51.462084]]}, "properties": {"edge_id": 1347, "from_node": 6111856718, "to_node": 1079986909, "key": 0, "length": 1.2, "travel_time": 0.134, "access_score": 0.047133940879358696}}, {"type": "Feature", "geometry": {"type": "LineString", "coordinates": [[-2.590117, 51.46208], [-2.590119, 51.46205], [-2.590176, 51.462026]]}, "properties": {"edge_id": 1348, "from_node": 6111856718, "to_node": 6111856710, "key": 0, "length": 8.07, "travel_time": 0.899, "access_score": 0.05144399456592524}}, {"type": "Feature", "geometry": {"type": "LineString", "coordinates": [[-2.590262, 51.462024], [-2.590338, 51.462004]]}, "properties": {"edge_id": 1349, "from_node": 6111856719, "to_node": 21309749, "key": 0, "length": 5.75, "travel_time": 0.644, "access_score": 0.07221891076659687}}, {"type": "Feature", "geometry": {"type": "LineString", "coordinates": [[-2.590262, 51.462024], [-2.59025, 51.462051], [-2.590199, 51.46207], [-2.590157, 51.462086]]}, "properties": {"edge_id": 1350, "from_node": 6111856719, "to_node": 6111856716, "key": 0, "length": 10.66, "travel_time": 1.187, "access_score": 0.07312766711071667}}, {"type": "Feature", "geometry": {"type": "LineString", "coordinates": [[-2.590262, 51.462024], [-2.590215, 51.462012], [-2.590176, 51.462026]]}, "properties": {"edge_id": 1351, "from_node": 6111856719, "to_node": 6111856710, "key": 0, "length": 6.6, "travel_time": 0.735, "access_score": 0.06686990316187183}}, {"type": "Feature", "geometry": {"type": "LineString", "coordinates": [[-2.582534, 51.461639], [-2.582362, 51.461422], [-2.58229, 51.461332]]}, "properties": {"edge_id": 1352, "from_node": 6211450986, "to_node": 19871273, "key": 0, "length": 38.13, "travel_time": 4.264, "access_score": 0.008271444594535021}}, {"type": "Feature", "geometry": {"type": "LineString", "coordinates": [[-2.58187, 51.460715], [-2.581574, 51.460852]]}, "properties": {"edge_id": 1353, "from_node": 6211451020, "to_node": 17476836, "key": 0, "length": 25.59, "travel_time": 1.908, "access_score": 0.016359442125488538}}, {"type": "Feature", "geometry": {"type": "LineString", "coordinates": [[-2.58187, 51.460715], [-2.5819, 51.460701], [-2.582293, 51.460537], [-2.582404, 51.460491]]}, "properties": {"edge_id": 1354, "from_node": 6211451020, "to_node": 1242132577, "key": 0, "length": 44.56, "travel_time": 3.323, "access_score": 0.012042764373363305}}, {"type": "Feature", "geometry": {"type": "LineString", "coordinates": [[-2.58187, 51.460715], [-2.582063, 51.460824], [-2.582109, 51.460861], [-2.582134, 51.4609], [-2.582138, 51.460952], [-2.582128, 51.460994], [-2.582094, 51.46102], [-2.582035, 51.46104], [-2.581971, 51.461062], [-2.581876, 51.461096], [-2.581628, 51.461213], [-2.581583, 51.461226], [-2.581547, 51.461221], [-2.58145, 51.461184], [-2.581266, 51.46108]]}, "properties": {"edge_id": 1355, "from_node": 6211451020, "to_node": 1242132583, "key": 0, "length": 112.13, "travel_time": 12.541, "access_score": 0.022455830744810373}}, {"type": "Feature", "geometry": {"type": "LineString", "coordinates": [[-2.590298, 51.463178], [-2.590703, 51.463306]]}, "properties": {"edge_id": 1356, "from_node": 6211575728, "to_node": 1080015181, "key": 0, "length": 31.49, "travel_time": 3.522, "access_score": 0.026335383213161933}}, {"type": "Feature", "geometry": {"type": "LineString", "coordinates": [[-2.590635, 51.46144], [-2.590657, 51.461401], [-2.590726, 51.461362]]}, "properties": {"edge_id": 1357, "from_node": 6225987531, "to_node": 6225987538, "key": 0, "length": 11.06, "travel_time": 1.237, "access_score": 0.012914771125685964}}, {"type": "Feature", "geometry": {"type": "LineString", "coordinates": [[-2.590635, 51.46144], [-2.590616, 51.461475], [-2.590624, 51.461525]]}, "properties": {"edge_id": 1358, "from_node": 6225987531, "to_node": 6225987537, "key": 0, "length": 9.67, "travel_time": 1.081, "access_score": 0.014689641212940785}}, {"type": "Feature", "geometry": {"type": "LineString", "coordinates": [[-2.590635, 51.46144], [-2.590661, 51.461447], [-2.590685, 51.461452], [-2.590709, 51.461458]]}, "properties": {"edge_id": 1359, "from_node": 6225987531, "to_node": 6225987532, "key": 0, "length": 5.49, "travel_time": 0.614, "access_score": 0.013019492149660496}}, {"type": "Feature", "geometry": {"type": "LineString", "coordinates": [[-2.590709, 51.461458], [-2.590689, 51.46149], [-2.590624, 51.461525]]}, "properties": {"edge_id": 1360, "from_node": 6225987532, "to_node": 6225987537, "key": 0, "length": 9.81, "travel_time": 1.098, "access_score": 0.014689641212940785}}, {"type": "Feature", "geometry": {"type": "LineString", "coordinates": [[-2.590709, 51.461458], [-2.590735, 51.461416], [-2.590726, 51.461362]]}, "properties": {"edge_id": 1361, "from_node": 6225987532, "to_node": 6225987538, "key": 0, "length": 11.03, "travel_time": 1.234, "access_score": 0.013019492149660496}}, {"type": "Feature", "geometry": {"type": "LineString", "coordinates": [[-2.590709, 51.461458], [-2.590685, 51.461452], [-2.590661, 51.461447], [-2.590635, 51.46144]]}, "properties": {"edge_id": 1362, "from_node": 6225987532, "to_node": 6225987531, "key": 0, "length": 5.49, "travel_time": 0.614, "access_score": 0.013019492149660496}}, {"type": "Feature", "geometry": {"type": "LineString", "coordinates": [[-2.590624, 51.461525], [-2.590616, 51.461475], [-2.590635, 51.46144]]}, "properties": {"edge_id": 1363, "from_node": 6225987537, "to_node": 6225987531, "key": 0, "length": 9.67, "travel_time": 1.081, "access_score": 0.014689641212940785}}, {"type": "Feature", "geometry": {"type": "LineString", "coordinates": [[-2.590624, 51.461525], [-2.590689, 51.46149], [-2.590709, 51.461458]]}, "properties": {"edge_id": 1364, "from_node": 6225987537, "to_node": 6225987532, "key": 0, "length": 9.81, "travel_time": 1.098, "access_score": 0.014689641212940785}}, {"type": "Feature", "geometry": {"type": "LineString", "coordinates": [[-2.590624, 51.461525], [-2.590556, 51.461631], [-2.590459, 51.461791], [-2.590398, 51.461896]]}, "properties": {"edge_id": 1365, "from_node": 6225987537, "to_node": 365559388, "key": 0, "length": 44.16, "travel_time": 4.939, "access_score": 0.03997558562320938}}, {"type": "Feature", "geometry": {"type": "LineString", "coordinates": [[-2.590726, 51.461362], [-2.590856, 51.461138]]}, "properties": {"edge_id": 1366, "from_node": 6225987538, "to_node": 1281318363, "key": 0, "length": 26.45, "travel_time": 2.958, "access_score": 0.013691097158370618}}, {"type": "Feature", "geometry": {"type": "LineString", "coordinates": [[-2.590726, 51.461362], [-2.590657, 51.461401], [-2.590635, 51.46144]]}, "properties": {"edge_id": 1367, "from_node": 6225987538, "to_node": 6225987531, "key": 0, "length": 11.06, "travel_time": 1.237, "access_score": 0.012914771125685964}}, {"type": "Feature", "geometry": {"type": "LineString", "coordinates": [[-2.590726, 51.461362], [-2.590735, 51.461416], [-2.590709, 51.461458]]}, "properties": {"edge_id": 1368, "from_node": 6225987538, "to_node": 6225987532, "key": 0, "length": 11.03, "travel_time": 1.234, "access_score": 0.013019492149660496}}, {"type": "Feature", "geometry": {"type": "LineString", "coordinates": [[-2.589539, 51.464456], [-2.589528, 51.464429], [-2.589492, 51.464337], [-2.589472, 51.464288]]}, "properties": {"edge_id": 1369, "from_node": 6226112846, "to_node": 6226112849, "key": 0, "length": 19.3, "travel_time": 2.158, "access_score": 0.05613867515761942}}, {"type": "Feature", "geometry": {"type": "LineString", "coordinates": [[-2.589472, 51.464288], [-2.589233, 51.46435]]}, "properties": {"edge_id": 1370, "from_node": 6226112849, "to_node": 21257368, "key": 0, "length": 17.95, "travel_time": 2.008, "access_score": 0.059460211731087835}}, {"type": "Feature", "geometry": {"type": "LineString", "coordinates": [[-2.589472, 51.464288], [-2.589486, 51.464284], [-2.589729, 51.464229]]}, "properties": {"edge_id": 1371, "from_node": 6226112849, "to_node": 21309452, "key": 0, "length": 18.95, "travel_time": 2.119, "access_score": 0.05613867515761942}}, {"type": "Feature", "geometry": {"type": "LineString", "coordinates": [[-2.589472, 51.464288], [-2.589492, 51.464337], [-2.589528, 51.464429], [-2.589539, 51.464456]]}, "properties": {"edge_id": 1372, "from_node": 6226112849, "to_node": 6226112846, "key": 0, "length": 19.3, "travel_time": 2.158, "access_score": 0.05613867515761942}}, {"type": "Feature", "geometry": {"type": "LineString", "coordinates": [[-2.581788, 51.458469], [-2.581536, 51.458646]]}, "properties": {"edge_id": 1373, "from_node": 6258642278, "to_node": 6258646185, "key": 0, "length": 26.22, "travel_time": 2.933, "access_score": 0.01166591375442615}}, {"type": "Feature", "geometry": {"type": "LineString", "coordinates": [[-2.581788, 51.458469], [-2.581854, 51.458506], [-2.581869, 51.458495]]}, "properties": {"edge_id": 1374, "from_node": 6258642278, "to_node": 6258642280, "key": 0, "length": 7.72, "travel_time": 0.863, "access_score": 0.012448309836139726}}, {"type": "Feature", "geometry": {"type": "LineString", "coordinates": [[-2.581788, 51.458469], [-2.581804, 51.458458], [-2.581853, 51.458486], [-2.581863, 51.458491], [-2.581869, 51.458495]]}, "properties": {"edge_id": 1375, "from_node": 6258642278, "to_node": 6258642280, "key": 1, "length": 7.7, "travel_time": 0.862, "access_score": 0.012448309836139726}}, {"type": "Feature", "geometry": {"type": "LineString", "coordinates": [[-2.581869, 51.458495], [-2.581863, 51.458491], [-2.581853, 51.458486], [-2.581804, 51.458458], [-2.581788, 51.458469]]}, "properties": {"edge_id": 1376, "from_node": 6258642280, "to_node": 6258642278, "key": 0, "length": 7.7, "travel_time": 0.862, "access_score": 0.012448309836139726}}, {"type": "Feature", "geometry": {"type": "LineString", "coordinates": [[-2.581869, 51.458495], [-2.581854, 51.458506], [-2.581788, 51.458469]]}, "properties": {"edge_id": 1377, "from_node": 6258642280, "to_node": 6258642278, "key": 1, "length": 7.72, "travel_time": 0.863, "access_score": 0.012448309836139726}}, {"type": "Feature", "geometry": {"type": "LineString", "coordinates": [[-2.581869, 51.458495], [-2.58191, 51.458518], [-2.581993, 51.458564]]}, "properties": {"edge_id": 1378, "from_node": 6258642280, "to_node": 6258642284, "key": 0, "length": 11.52, "travel_time": 1.289, "access_score": 0.013690091435414681}}, {"type": "Feature", "geometry": {"type": "LineString", "coordinates": [[-2.581993, 51.458564], [-2.581703, 51.458736]]}, "properties": {"edge_id": 1379, "from_node": 6258642284, "to_node": 117678038, "key": 0, "length": 27.8, "travel_time": 3.095, "access_score": 0.013690091435414681}}, {"type": "Feature", "geometry": {"type": "LineString", "coordinates": [[-2.581993, 51.458564], [-2.582047, 51.458532]]}, "properties": {"edge_id": 1380, "from_node": 6258642284, "to_node": 5061067239, "key": 0, "length": 5.13, "travel_time": 0.571, "access_score": 0.014562623321765429}}, {"type": "Feature", "geometry": {"type": "LineString", "coordinates": [[-2.581993, 51.458564], [-2.58191, 51.458518], [-2.581869, 51.458495]]}, "properties": {"edge_id": 1381, "from_node": 6258642284, "to_node": 6258642280, "key": 0, "length": 11.52, "travel_time": 1.289, "access_score": 0.013690091435414681}}, {"type": "Feature", "geometry": {"type": "LineString", "coordinates": [[-2.581536, 51.458646], [-2.581788, 51.458469]]}, "properties": {"edge_id": 1382, "from_node": 6258646185, "to_node": 6258642278, "key": 0, "length": 26.22, "travel_time": 2.933, "access_score": 0.01166591375442615}}, {"type": "Feature", "geometry": {"type": "LineString", "coordinates": [[-2.581536, 51.458646], [-2.581703, 51.458736]]}, "properties": {"edge_id": 1383, "from_node": 6258646185, "to_node": 117678038, "key": 0, "length": 15.28, "travel_time": 1.701, "access_score": 0.010201569620015715}}, {"type": "Feature", "geometry": {"type": "LineString", "coordinates": [[-2.581536, 51.458646], [-2.581393, 51.458567], [-2.581274, 51.458652]]}, "properties": {"edge_id": 1384, "from_node": 6258646185, "to_node": 6258646186, "key": 0, "length": 25.74, "travel_time": 2.866, "access_score": 0.009430932087780135}}, {"type": "Feature", "geometry": {"type": "LineString", "coordinates": [[-2.581274, 51.458652], [-2.581393, 51.458567], [-2.581536, 51.458646]]}, "properties": {"edge_id": 1385, "from_node": 6258646186, "to_node": 6258646185, "key": 0, "length": 25.74, "travel_time": 2.866, "access_score": 0.009430932087780135}}, {"type": "Feature", "geometry": {"type": "LineString", "coordinates": [[-2.5793, 51.458572], [-2.579767, 51.458623]]}, "properties": {"edge_id": 1386, "from_node": 6281096609, "to_node": 6281096610, "key": 0, "length": 32.89, "travel_time": 3.679, "access_score": 0.020720479876761323}}, {"type": "Feature", "geometry": {"type": "LineString", "coordinates": [[-2.5793, 51.458572], [-2.579266, 51.458553]]}, "properties": {"edge_id": 1387, "from_node": 6281096609, "to_node": 12989585399, "key": 0, "length": 3.15, "travel_time": 0.352, "access_score": 0.02027883532167331}}, {"type": "Feature", "geometry": {"type": "LineString", "coordinates": [[-2.5793, 51.458572], [-2.579519, 51.458699], [-2.579584, 51.458715], [-2.579618, 51.458736]]}, "properties": {"edge_id": 1388, "from_node": 6281096609, "to_node": 6407359799, "key": 0, "length": 28.89, "travel_time": 3.231, "access_score": 0.02677860271922172}}, {"type": "Feature", "geometry": {"type": "LineString", "coordinates": [[-2.579767, 51.458623], [-2.579618, 51.458736]]}, "properties": {"edge_id": 1389, "from_node": 6281096610, "to_node": 6407359799, "key": 0, "length": 16.23, "travel_time": 1.815, "access_score": 0.02677860271922172}}, {"type": "Feature", "geometry": {"type": "LineString", "coordinates": [[-2.579767, 51.458623], [-2.580322, 51.458236]]}, "properties": {"edge_id": 1390, "from_node": 6281096610, "to_node": 5834330523, "key": 0, "length": 57.65, "travel_time": 6.448, "access_score": 0.01867642967490362}}, {"type": "Feature", "geometry": {"type": "LineString", "coordinates": [[-2.579767, 51.458623], [-2.5793, 51.458572]]}, "properties": {"edge_id": 1391, "from_node": 6281096610, "to_node": 6281096609, "key": 0, "length": 32.89, "travel_time": 3.679, "access_score": 0.020720479876761323}}, {"type": "Feature", "geometry": {"type": "LineString", "coordinates": [[-2.581151, 51.459024], [-2.581174, 51.459035], [-2.581271, 51.459072], [-2.581317, 51.45909]]}, "properties": {"edge_id": 1392, "from_node": 6281096613, "to_node": 5834930882, "key": 0, "length": 13.6, "travel_time": 1.521, "access_score": 0.008408460831260964}}, {"type": "Feature", "geometry": {"type": "LineString", "coordinates": [[-2.579825, 51.458018], [-2.579864, 51.45799]]}, "properties": {"edge_id": 1393, "from_node": 6281096639, "to_node": 6281096640, "key": 0, "length": 4.14, "travel_time": 0.463, "access_score": 0.008601328016362257}}, {"type": "Feature", "geometry": {"type": "LineString", "coordinates": [[-2.579864, 51.45799], [-2.579825, 51.458018]]}, "properties": {"edge_id": 1394, "from_node": 6281096640, "to_node": 6281096639, "key": 0, "length": 4.14, "travel_time": 0.463, "access_score": 0.008601328016362257}}, {"type": "Feature", "geometry": {"type": "LineString", "coordinates": [[-2.579864, 51.45799], [-2.579873, 51.457995]]}, "properties": {"edge_id": 1395, "from_node": 6281096640, "to_node": 6281096649, "key": 0, "length": 0.84, "travel_time": 0.094, "access_score": 0.008389738539827257}}, {"type": "Feature", "geometry": {"type": "LineString", "coordinates": [[-2.579864, 51.45799], [-2.5797, 51.457884]]}, "properties": {"edge_id": 1396, "from_node": 6281096640, "to_node": 6281096650, "key": 0, "length": 16.41, "travel_time": 1.835, "access_score": 0.009652516244821835}}, {"type": "Feature", "geometry": {"type": "LineString", "coordinates": [[-2.579873, 51.457995], [-2.579864, 51.45799]]}, "properties": {"edge_id": 1397, "from_node": 6281096649, "to_node": 6281096640, "key": 0, "length": 0.84, "travel_time": 0.094, "access_score": 0.008389738539827257}}, {"type": "Feature", "geometry": {"type": "LineString", "coordinates": [[-2.5797, 51.457884], [-2.579864, 51.45799]]}, "properties": {"edge_id": 1398, "from_node": 6281096650, "to_node": 6281096640, "key": 0, "length": 16.41, "travel_time": 1.835, "access_score": 0.009652516244821835}}, {"type": "Feature", "geometry": {"type": "LineString", "coordinates": [[-2.5797, 51.457884], [-2.579839, 51.457788], [-2.579928, 51.45772]]}, "properties": {"edge_id": 1399, "from_node": 6281096650, "to_node": 12023837911, "key": 0, "length": 24.12, "travel_time": 1.799, "access_score": 0.010591569230172144}}, {"type": "Feature", "geometry": {"type": "LineString", "coordinates": [[-2.581813, 51.457824], [-2.581823, 51.457829], [-2.581833, 51.457837], [-2.581835, 51.457842], [-2.581834, 51.457854], [-2.581829, 51.457863], [-2.581824, 51.457868], [-2.581764, 51.45791]]}, "properties": {"edge_id": 1400, "from_node": 6281096653, "to_node": 6281096660, "key": 0, "length": 11.9, "travel_time": 1.331, "access_score": 0.047972288324107465}}, {"type": "Feature", "geometry": {"type": "LineString", "coordinates": [[-2.581764, 51.45791], [-2.581852, 51.457958]]}, "properties": {"edge_id": 1401, "from_node": 6281096660, "to_node": 5834330512, "key": 0, "length": 8.05, "travel_time": 0.901, "access_score": 0.032593186632353485}}, {"type": "Feature", "geometry": {"type": "LineString", "coordinates": [[-2.581764, 51.45791], [-2.581504, 51.457769], [-2.581492, 51.457764], [-2.581476, 51.457761], [-2.581459, 51.45776], [-2.581439, 51.457761], [-2.58142, 51.457765], [-2.581402, 51.457773], [-2.581388, 51.457782], [-2.581336, 51.45782], [-2.581269, 51.457825], [-2.581149, 51.457909], [-2.581084, 51.457922], [-2.581074, 51.457929], [-2.581045, 51.45795], [-2.580923, 51.458037]]}, "properties": {"edge_id": 1402, "from_node": 6281096660, "to_node": 5834330502, "key": 0, "length": 77.34, "travel_time": 8.651, "access_score": 0.03297694566753879}}, {"type": "Feature", "geometry": {"type": "LineString", "coordinates": [[-2.581764, 51.45791], [-2.581824, 51.457868], [-2.581829, 51.457863], [-2.581834, 51.457854], [-2.581835, 51.457842], [-2.581833, 51.457837], [-2.581823, 51.457829], [-2.581813, 51.457824]]}, "properties": {"edge_id": 1403, "from_node": 6281096660, "to_node": 6281096653, "key": 0, "length": 11.9, "travel_time": 1.331, "access_score": 0.047972288324107465}}, {"type": "Feature", "geometry": {"type": "LineString", "coordinates": [[-2.580561, 51.457605], [-2.580539, 51.45762]]}, "properties": {"edge_id": 1404, "from_node": 6281096703, "to_node": 6281096705, "key": 0, "length": 2.3, "travel_time": 0.258, "access_score": 0.010120417847937869}}, {"type": "Feature", "geometry": {"type": "LineString", "coordinates": [[-2.58052, 51.457634], [-2.580539, 51.45762]]}, "properties": {"edge_id": 1405, "from_node": 6281096704, "to_node": 6281096705, "key": 0, "length": 2.04, "travel_time": 0.229, "access_score": 0.009977658348388173}}, {"type": "Feature", "geometry": {"type": "LineString", "coordinates": [[-2.580539, 51.45762], [-2.580561, 51.457605]]}, "properties": {"edge_id": 1406, "from_node": 6281096705, "to_node": 6281096703, "key": 0, "length": 2.3, "travel_time": 0.258, "access_score": 0.010120417847937869}}, {"type": "Feature", "geometry": {"type": "LineString", "coordinates": [[-2.580539, 51.45762], [-2.58052, 51.457634]]}, "properties": {"edge_id": 1407, "from_node": 6281096705, "to_node": 6281096704, "key": 0, "length": 2.04, "travel_time": 0.229, "access_score": 0.009977658348388173}}, {"type": "Feature", "geometry": {"type": "LineString", "coordinates": [[-2.580539, 51.45762], [-2.580218, 51.457445]]}, "properties": {"edge_id": 1408, "from_node": 6281096705, "to_node": 6281096706, "key": 0, "length": 29.62, "travel_time": 3.313, "access_score": 0.01172184363965488}}, {"type": "Feature", "geometry": {"type": "LineString", "coordinates": [[-2.580218, 51.457445], [-2.580242, 51.45741]]}, "properties": {"edge_id": 1409, "from_node": 6281096706, "to_node": 17396682, "key": 0, "length": 4.28, "travel_time": 0.319, "access_score": 0.01183792396279245}}, {"type": "Feature", "geometry": {"type": "LineString", "coordinates": [[-2.580218, 51.457445], [-2.580539, 51.45762]]}, "properties": {"edge_id": 1410, "from_node": 6281096706, "to_node": 6281096705, "key": 0, "length": 29.62, "travel_time": 3.313, "access_score": 0.01172184363965488}}, {"type": "Feature", "geometry": {"type": "LineString", "coordinates": [[-2.580218, 51.457445], [-2.580078, 51.457582], [-2.579928, 51.45772]]}, "properties": {"edge_id": 1411, "from_node": 6281096706, "to_node": 12023837911, "key": 0, "length": 36.58, "travel_time": 2.728, "access_score": 0.01172184363965488}}, {"type": "Feature", "geometry": {"type": "LineString", "coordinates": [[-2.579346, 51.459021], [-2.579278, 51.458984]]}, "properties": {"edge_id": 1412, "from_node": 6283115512, "to_node": 6283115514, "key": 0, "length": 6.28, "travel_time": 0.702, "access_score": 1.0}}, {"type": "Feature", "geometry": {"type": "LineString", "coordinates": [[-2.579278, 51.458984], [-2.579346, 51.459021]]}, "properties": {"edge_id": 1413, "from_node": 6283115514, "to_node": 6283115512, "key": 0, "length": 6.28, "travel_time": 0.702, "access_score": 1.0}}, {"type": "Feature", "geometry": {"type": "LineString", "coordinates": [[-2.579278, 51.458984], [-2.579526, 51.458807], [-2.579569, 51.458774]]}, "properties": {"edge_id": 1414, "from_node": 6283115514, "to_node": 117677951, "key": 0, "length": 30.88, "travel_time": 3.438, "access_score": 0.19671603280786204}}, {"type": "Feature", "geometry": {"type": "LineString", "coordinates": [[-2.584841, 51.460203], [-2.584872, 51.460245]]}, "properties": {"edge_id": 1415, "from_node": 6284334867, "to_node": 2204308507, "key": 0, "length": 5.14, "travel_time": 0.575, "access_score": 0.008942562231089534}}, {"type": "Feature", "geometry": {"type": "LineString", "coordinates": [[-2.585034, 51.460159], [-2.585058, 51.460193]]}, "properties": {"edge_id": 1416, "from_node": 6284334868, "to_node": 2204308509, "key": 0, "length": 4.08, "travel_time": 0.456, "access_score": 0.009427861966388581}}, {"type": "Feature", "geometry": {"type": "LineString", "coordinates": [[-2.585855, 51.459972], [-2.585924, 51.459952]]}, "properties": {"edge_id": 1417, "from_node": 6284335747, "to_node": 6284335748, "key": 0, "length": 5.21, "travel_time": 0.583, "access_score": 0.01089763671347835}}, {"type": "Feature", "geometry": {"type": "LineString", "coordinates": [[-2.585855, 51.459972], [-2.585863, 51.459965], [-2.585869, 51.459958], [-2.585874, 51.459946], [-2.585874, 51.459933], [-2.585872, 51.459921], [-2.585866, 51.459906], [-2.585855, 51.459894], [-2.585841, 51.459883], [-2.585822, 51.459875], [-2.585797, 51.459868], [-2.585778, 51.459866], [-2.585754, 51.459867], [-2.585733, 51.459869], [-2.585714, 51.459873], [-2.585681, 51.459882]]}, "properties": {"edge_id": 1418, "from_node": 6284335747, "to_node": 6284335749, "key": 0, "length": 22.64, "travel_time": 2.532, "access_score": 0.010628056378667627}}, {"type": "Feature", "geometry": {"type": "LineString", "coordinates": [[-2.585855, 51.459972], [-2.585718, 51.46001], [-2.585467, 51.460077]]}, "properties": {"edge_id": 1419, "from_node": 6284335747, "to_node": 2179076476, "key": 0, "length": 29.36, "travel_time": 3.284, "access_score": 0.010627306039335083}}, {"type": "Feature", "geometry": {"type": "LineString", "coordinates": [[-2.585924, 51.459952], [-2.585855, 51.459972]]}, "properties": {"edge_id": 1420, "from_node": 6284335748, "to_node": 6284335747, "key": 0, "length": 5.21, "travel_time": 0.583, "access_score": 0.01089763671347835}}, {"type": "Feature", "geometry": {"type": "LineString", "coordinates": [[-2.585681, 51.459882], [-2.585714, 51.459873], [-2.585733, 51.459869], [-2.585754, 51.459867], [-2.585778, 51.459866], [-2.585797, 51.459868], [-2.585822, 51.459875], [-2.585841, 51.459883], [-2.585855, 51.459894], [-2.585866, 51.459906], [-2.585872, 51.459921], [-2.585874, 51.459933], [-2.585874, 51.459946], [-2.585869, 51.459958], [-2.585863, 51.459965], [-2.585855, 51.459972]]}, "properties": {"edge_id": 1421, "from_node": 6284335749, "to_node": 6284335747, "key": 0, "length": 22.64, "travel_time": 2.532, "access_score": 0.010628056378667627}}, {"type": "Feature", "geometry": {"type": "LineString", "coordinates": [[-2.581395, 51.459597], [-2.581238, 51.459688]]}, "properties": {"edge_id": 1422, "from_node": 6327222249, "to_node": 117677944, "key": 0, "length": 14.9, "travel_time": 1.666, "access_score": 0.007653601846866945}}, {"type": "Feature", "geometry": {"type": "LineString", "coordinates": [[-2.581489, 51.45963], [-2.581373, 51.45977]]}, "properties": {"edge_id": 1423, "from_node": 6327222250, "to_node": 1280821711, "key": 0, "length": 17.58, "travel_time": 1.966, "access_score": 0.007835993264274853}}, {"type": "Feature", "geometry": {"type": "LineString", "coordinates": [[-2.583322, 51.464414], [-2.583332, 51.464408], [-2.583307, 51.464391], [-2.583406, 51.464338]]}, "properties": {"edge_id": 1424, "from_node": 6327865036, "to_node": 6327865039, "key": 0, "length": 12.51, "travel_time": 1.399, "access_score": 0.002565340414033849}}, {"type": "Feature", "geometry": {"type": "LineString", "coordinates": [[-2.583406, 51.464338], [-2.583059, 51.464087]]}, "properties": {"edge_id": 1425, "from_node": 6327865039, "to_node": 283348168, "key": 0, "length": 36.84, "travel_time": 4.121, "access_score": 0.0025743343690923268}}, {"type": "Feature", "geometry": {"type": "LineString", "coordinates": [[-2.583406, 51.464338], [-2.583587, 51.46447]]}, "properties": {"edge_id": 1426, "from_node": 6327865039, "to_node": 6327865047, "key": 0, "length": 19.3, "travel_time": 2.158, "access_score": 0.002657167002335213}}, {"type": "Feature", "geometry": {"type": "LineString", "coordinates": [[-2.583406, 51.464338], [-2.583307, 51.464391], [-2.583332, 51.464408], [-2.583322, 51.464414]]}, "properties": {"edge_id": 1427, "from_node": 6327865039, "to_node": 6327865036, "key": 0, "length": 12.51, "travel_time": 1.399, "access_score": 0.002565340414033849}}, {"type": "Feature", "geometry": {"type": "LineString", "coordinates": [[-2.583478, 51.464528], [-2.583508, 51.464512], [-2.583529, 51.464501], [-2.583587, 51.46447]]}, "properties": {"edge_id": 1428, "from_node": 6327865044, "to_node": 6327865047, "key": 0, "length": 9.9, "travel_time": 1.107, "access_score": 0.002657167002335213}}, {"type": "Feature", "geometry": {"type": "LineString", "coordinates": [[-2.583587, 51.46447], [-2.583406, 51.464338]]}, "properties": {"edge_id": 1429, "from_node": 6327865047, "to_node": 6327865039, "key": 0, "length": 19.3, "travel_time": 2.158, "access_score": 0.002657167002335213}}, {"type": "Feature", "geometry": {"type": "LineString", "coordinates": [[-2.583587, 51.46447], [-2.583529, 51.464501], [-2.583508, 51.464512], [-2.583478, 51.464528]]}, "properties": {"edge_id": 1430, "from_node": 6327865047, "to_node": 6327865044, "key": 0, "length": 9.9, "travel_time": 1.107, "access_score": 0.002657167002335213}}, {"type": "Feature", "geometry": {"type": "LineString", "coordinates": [[-2.581586, 51.463299], [-2.581474, 51.463233]]}, "properties": {"edge_id": 1431, "from_node": 6327939491, "to_node": 6327939492, "key": 0, "length": 10.65, "travel_time": 1.191, "access_score": 0.003820211009299341}}, {"type": "Feature", "geometry": {"type": "LineString", "coordinates": [[-2.581474, 51.463233], [-2.581586, 51.463299]]}, "properties": {"edge_id": 1432, "from_node": 6327939492, "to_node": 6327939491, "key": 0, "length": 10.65, "travel_time": 1.191, "access_score": 0.003820211009299341}}, {"type": "Feature", "geometry": {"type": "LineString", "coordinates": [[-2.581474, 51.463233], [-2.581505, 51.463202], [-2.58157, 51.463149], [-2.5817, 51.463051]]}, "properties": {"edge_id": 1433, "from_node": 6327939492, "to_node": 859323083, "key": 0, "length": 25.59, "travel_time": 2.862, "access_score": 0.00405989572697724}}, {"type": "Feature", "geometry": {"type": "LineString", "coordinates": [[-2.581474, 51.463233], [-2.581219, 51.46349], [-2.581162, 51.463549]]}, "properties": {"edge_id": 1434, "from_node": 6327939492, "to_node": 6327939494, "key": 0, "length": 41.25, "travel_time": 4.614, "access_score": 0.003820211009299341}}, {"type": "Feature", "geometry": {"type": "LineString", "coordinates": [[-2.581257, 51.463607], [-2.581162, 51.463549]]}, "properties": {"edge_id": 1435, "from_node": 6327939493, "to_node": 6327939494, "key": 0, "length": 9.3, "travel_time": 1.04, "access_score": 0.003416726753590189}}, {"type": "Feature", "geometry": {"type": "LineString", "coordinates": [[-2.581162, 51.463549], [-2.581257, 51.463607]]}, "properties": {"edge_id": 1436, "from_node": 6327939494, "to_node": 6327939493, "key": 0, "length": 9.3, "travel_time": 1.04, "access_score": 0.003416726753590189}}, {"type": "Feature", "geometry": {"type": "LineString", "coordinates": [[-2.581162, 51.463549], [-2.581219, 51.46349], [-2.581474, 51.463233]]}, "properties": {"edge_id": 1437, "from_node": 6327939494, "to_node": 6327939492, "key": 0, "length": 41.25, "travel_time": 4.614, "access_score": 0.003820211009299341}}, {"type": "Feature", "geometry": {"type": "LineString", "coordinates": [[-2.581162, 51.463549], [-2.580997, 51.463715], [-2.580869, 51.463835], [-2.580726, 51.463967]]}, "properties": {"edge_id": 1438, "from_node": 6327939494, "to_node": 104812, "key": 0, "length": 55.49, "travel_time": 6.206, "access_score": 0.003416726753590189}}, {"type": "Feature", "geometry": {"type": "LineString", "coordinates": [[-2.58187, 51.464041], [-2.581879, 51.464036]]}, "properties": {"edge_id": 1439, "from_node": 6327939552, "to_node": 6327939553, "key": 0, "length": 0.81, "travel_time": 0.091, "access_score": 0.0028154853842499504}}, {"type": "Feature", "geometry": {"type": "LineString", "coordinates": [[-2.58187, 51.464041], [-2.581844, 51.464025], [-2.58184, 51.464022], [-2.581824, 51.464013], [-2.581801, 51.464017]]}, "properties": {"edge_id": 1440, "from_node": 6327939552, "to_node": 6327939693, "key": 0, "length": 6.19, "travel_time": 0.693, "access_score": 0.0028425395874452845}}, {"type": "Feature", "geometry": {"type": "LineString", "coordinates": [[-2.58187, 51.464041], [-2.581866, 51.464044], [-2.58186, 51.464048], [-2.581855, 51.464051]]}, "properties": {"edge_id": 1441, "from_node": 6327939552, "to_node": 6327939555, "key": 0, "length": 1.5, "travel_time": 0.168, "access_score": 0.0028121264555784568}}, {"type": "Feature", "geometry": {"type": "LineString", "coordinates": [[-2.581879, 51.464036], [-2.58187, 51.464041]]}, "properties": {"edge_id": 1442, "from_node": 6327939553, "to_node": 6327939552, "key": 0, "length": 0.81, "travel_time": 0.091, "access_score": 0.0028154853842499504}}, {"type": "Feature", "geometry": {"type": "LineString", "coordinates": [[-2.581855, 51.464051], [-2.581801, 51.464017]]}, "properties": {"edge_id": 1443, "from_node": 6327939555, "to_node": 6327939693, "key": 0, "length": 5.31, "travel_time": 0.594, "access_score": 0.0028418632935503334}}, {"type": "Feature", "geometry": {"type": "LineString", "coordinates": [[-2.581855, 51.464051], [-2.582013, 51.464148]]}, "properties": {"edge_id": 1444, "from_node": 6327939555, "to_node": 6327939694, "key": 0, "length": 15.34, "travel_time": 1.716, "access_score": 0.002805939354917562}}, {"type": "Feature", "geometry": {"type": "LineString", "coordinates": [[-2.581855, 51.464051], [-2.58186, 51.464048], [-2.581866, 51.464044], [-2.58187, 51.464041]]}, "properties": {"edge_id": 1445, "from_node": 6327939555, "to_node": 6327939552, "key": 0, "length": 1.5, "travel_time": 0.168, "access_score": 0.0028121264555784568}}, {"type": "Feature", "geometry": {"type": "LineString", "coordinates": [[-2.581801, 51.464017], [-2.581712, 51.464073]]}, "properties": {"edge_id": 1446, "from_node": 6327939693, "to_node": 6327939700, "key": 0, "length": 8.75, "travel_time": 0.979, "access_score": 0.0028418632935503334}}, {"type": "Feature", "geometry": {"type": "LineString", "coordinates": [[-2.581801, 51.464017], [-2.581855, 51.464051]]}, "properties": {"edge_id": 1447, "from_node": 6327939693, "to_node": 6327939555, "key": 0, "length": 5.31, "travel_time": 0.594, "access_score": 0.0028418632935503334}}, {"type": "Feature", "geometry": {"type": "LineString", "coordinates": [[-2.581801, 51.464017], [-2.581824, 51.464013], [-2.58184, 51.464022], [-2.581844, 51.464025], [-2.58187, 51.464041]]}, "properties": {"edge_id": 1448, "from_node": 6327939693, "to_node": 6327939552, "key": 0, "length": 6.19, "travel_time": 0.693, "access_score": 0.0028425395874452845}}, {"type": "Feature", "geometry": {"type": "LineString", "coordinates": [[-2.582013, 51.464148], [-2.581946, 51.464187]]}, "properties": {"edge_id": 1449, "from_node": 6327939694, "to_node": 835468061, "key": 0, "length": 6.34, "travel_time": 0.709, "access_score": 0.0027060462145310584}}, {"type": "Feature", "geometry": {"type": "LineString", "coordinates": [[-2.582013, 51.464148], [-2.582061, 51.46412]]}, "properties": {"edge_id": 1450, "from_node": 6327939694, "to_node": 3980721920, "key": 0, "length": 4.57, "travel_time": 0.511, "access_score": 0.0027219750310337205}}, {"type": "Feature", "geometry": {"type": "LineString", "coordinates": [[-2.582013, 51.464148], [-2.581855, 51.464051]]}, "properties": {"edge_id": 1451, "from_node": 6327939694, "to_node": 6327939555, "key": 0, "length": 15.34, "travel_time": 1.716, "access_score": 0.002805939354917562}}, {"type": "Feature", "geometry": {"type": "LineString", "coordinates": [[-2.581566, 51.463898], [-2.58149, 51.463948]]}, "properties": {"edge_id": 1452, "from_node": 6327939695, "to_node": 6327939696, "key": 0, "length": 7.68, "travel_time": 0.859, "access_score": 0.0029811706767757036}}, {"type": "Feature", "geometry": {"type": "LineString", "coordinates": [[-2.58149, 51.463948], [-2.581392, 51.46389]]}, "properties": {"edge_id": 1453, "from_node": 6327939696, "to_node": 6327939698, "key": 0, "length": 9.41, "travel_time": 1.052, "access_score": 0.0030078325117160448}}, {"type": "Feature", "geometry": {"type": "LineString", "coordinates": [[-2.58149, 51.463948], [-2.581566, 51.463898]]}, "properties": {"edge_id": 1454, "from_node": 6327939696, "to_node": 6327939695, "key": 0, "length": 7.68, "travel_time": 0.859, "access_score": 0.0029811706767757036}}, {"type": "Feature", "geometry": {"type": "LineString", "coordinates": [[-2.58149, 51.463948], [-2.581621, 51.464025], [-2.581667, 51.46405], [-2.581712, 51.464073]]}, "properties": {"edge_id": 1455, "from_node": 6327939696, "to_node": 6327939700, "key": 0, "length": 20.75, "travel_time": 2.321, "access_score": 0.0029414614096016133}}, {"type": "Feature", "geometry": {"type": "LineString", "coordinates": [[-2.581392, 51.46389], [-2.58149, 51.463948]]}, "properties": {"edge_id": 1456, "from_node": 6327939698, "to_node": 6327939696, "key": 0, "length": 9.41, "travel_time": 1.052, "access_score": 0.0030078325117160448}}, {"type": "Feature", "geometry": {"type": "LineString", "coordinates": [[-2.581712, 51.464073], [-2.581946, 51.464187]]}, "properties": {"edge_id": 1457, "from_node": 6327939700, "to_node": 835468061, "key": 0, "length": 20.6, "travel_time": 2.304, "access_score": 0.0028041533491290757}}, {"type": "Feature", "geometry": {"type": "LineString", "coordinates": [[-2.581712, 51.464073], [-2.581801, 51.464017]]}, "properties": {"edge_id": 1458, "from_node": 6327939700, "to_node": 6327939693, "key": 0, "length": 8.75, "travel_time": 0.979, "access_score": 0.0028418632935503334}}, {"type": "Feature", "geometry": {"type": "LineString", "coordinates": [[-2.581712, 51.464073], [-2.581667, 51.46405], [-2.581621, 51.464025], [-2.58149, 51.463948]]}, "properties": {"edge_id": 1459, "from_node": 6327939700, "to_node": 6327939696, "key": 0, "length": 20.75, "travel_time": 2.321, "access_score": 0.0029414614096016133}}, {"type": "Feature", "geometry": {"type": "LineString", "coordinates": [[-2.580538, 51.46023], [-2.580791, 51.460366]]}, "properties": {"edge_id": 1460, "from_node": 6403206657, "to_node": 6403206658, "key": 0, "length": 23.11, "travel_time": 2.584, "access_score": 0.019921631917638898}}, {"type": "Feature", "geometry": {"type": "LineString", "coordinates": [[-2.580538, 51.46023], [-2.58032, 51.460311], [-2.580632, 51.46048], [-2.580791, 51.460366]]}, "properties": {"edge_id": 1461, "from_node": 6403206657, "to_node": 6403206658, "key": 1, "length": 62.99, "travel_time": 7.045, "access_score": 0.029877915179344294}}, {"type": "Feature", "geometry": {"type": "LineString", "coordinates": [[-2.580538, 51.46023], [-2.58051, 51.460215], [-2.580465, 51.460174], [-2.580408, 51.460123]]}, "properties": {"edge_id": 1462, "from_node": 6403206657, "to_node": 5425642850, "key": 0, "length": 15.01, "travel_time": 1.679, "access_score": 0.01763030784772599}}, {"type": "Feature", "geometry": {"type": "LineString", "coordinates": [[-2.580791, 51.460366], [-2.580989, 51.460472]]}, "properties": {"edge_id": 1463, "from_node": 6403206658, "to_node": 5832845867, "key": 0, "length": 18.12, "travel_time": 2.026, "access_score": 0.021234713063243676}}, {"type": "Feature", "geometry": {"type": "LineString", "coordinates": [[-2.580791, 51.460366], [-2.580538, 51.46023]]}, "properties": {"edge_id": 1464, "from_node": 6403206658, "to_node": 6403206657, "key": 0, "length": 23.11, "travel_time": 2.584, "access_score": 0.019921631917638898}}, {"type": "Feature", "geometry": {"type": "LineString", "coordinates": [[-2.580791, 51.460366], [-2.580632, 51.46048], [-2.58032, 51.460311], [-2.580538, 51.46023]]}, "properties": {"edge_id": 1465, "from_node": 6403206658, "to_node": 6403206657, "key": 1, "length": 62.99, "travel_time": 7.045, "access_score": 0.029877915179344294}}, {"type": "Feature", "geometry": {"type": "LineString", "coordinates": [[-2.579618, 51.458736], [-2.579569, 51.458774]]}, "properties": {"edge_id": 1466, "from_node": 6407359799, "to_node": 117677951, "key": 0, "length": 5.43, "travel_time": 0.607, "access_score": 0.031319252741694725}}, {"type": "Feature", "geometry": {"type": "LineString", "coordinates": [[-2.579618, 51.458736], [-2.579767, 51.458623]]}, "properties": {"edge_id": 1467, "from_node": 6407359799, "to_node": 6281096610, "key": 0, "length": 16.23, "travel_time": 1.815, "access_score": 0.02677860271922172}}, {"type": "Feature", "geometry": {"type": "LineString", "coordinates": [[-2.579618, 51.458736], [-2.579584, 51.458715], [-2.579519, 51.458699], [-2.5793, 51.458572]]}, "properties": {"edge_id": 1468, "from_node": 6407359799, "to_node": 6281096609, "key": 0, "length": 28.89, "travel_time": 3.231, "access_score": 0.02677860271922172}}, {"type": "Feature", "geometry": {"type": "LineString", "coordinates": [[-2.590956, 51.460996], [-2.59094, 51.460975], [-2.590967, 51.460832], [-2.590974, 51.460756], [-2.590966, 51.460661], [-2.590955, 51.46062], [-2.590894, 51.460517]]}, "properties": {"edge_id": 1469, "from_node": 6471108988, "to_node": 3332266271, "key": 0, "length": 54.47, "travel_time": 6.092, "access_score": 0.06482978184738401}}, {"type": "Feature", "geometry": {"type": "LineString", "coordinates": [[-2.590956, 51.460996], [-2.590999, 51.460984], [-2.591101, 51.460835]]}, "properties": {"edge_id": 1470, "from_node": 6471108988, "to_node": 21309750, "key": 0, "length": 21.32, "travel_time": 2.385, "access_score": 0.019570242513936572}}, {"type": "Feature", "geometry": {"type": "LineString", "coordinates": [[-2.590956, 51.460996], [-2.590949, 51.461007], [-2.590856, 51.461138]]}, "properties": {"edge_id": 1471, "from_node": 6471108988, "to_node": 1281318363, "key": 0, "length": 17.28, "travel_time": 1.933, "access_score": 0.016077721915044002}}, {"type": "Feature", "geometry": {"type": "LineString", "coordinates": [[-2.58473, 51.458794], [-2.584722, 51.458871], [-2.58475, 51.458873]]}, "properties": {"edge_id": 1472, "from_node": 6481238325, "to_node": 3842753611, "key": 0, "length": 10.57, "travel_time": 1.182, "access_score": 0.010407329307724722}}, {"type": "Feature", "geometry": {"type": "LineString", "coordinates": [[-2.58473, 51.458794], [-2.584669, 51.458788], [-2.584469, 51.458631], [-2.584491, 51.458604]]}, "properties": {"edge_id": 1473, "from_node": 6481238325, "to_node": 6481238332, "key": 0, "length": 30.0, "travel_time": 3.355, "access_score": 0.014168632364646347}}, {"type": "Feature", "geometry": {"type": "LineString", "coordinates": [[-2.58473, 51.458794], [-2.58517, 51.458813], [-2.585201, 51.458712], [-2.585152, 51.458636], [-2.585149, 51.458505]]}, "properties": {"edge_id": 1474, "from_node": 6481238325, "to_node": 6481238337, "key": 0, "length": 65.68, "travel_time": 7.347, "access_score": 0.010407329307724722}}, {"type": "Feature", "geometry": {"type": "LineString", "coordinates": [[-2.584491, 51.458604], [-2.584509, 51.458576], [-2.584766, 51.458288], [-2.584875, 51.458318], [-2.584995, 51.458357], [-2.58518, 51.458434], [-2.585149, 51.458505]]}, "properties": {"edge_id": 1475, "from_node": 6481238332, "to_node": 6481238337, "key": 0, "length": 81.17, "travel_time": 9.079, "access_score": 0.014245373656922576}}, {"type": "Feature", "geometry": {"type": "LineString", "coordinates": [[-2.584491, 51.458604], [-2.584469, 51.458631], [-2.584669, 51.458788], [-2.58473, 51.458794]]}, "properties": {"edge_id": 1476, "from_node": 6481238332, "to_node": 6481238325, "key": 0, "length": 30.0, "travel_time": 3.355, "access_score": 0.014168632364646347}}, {"type": "Feature", "geometry": {"type": "LineString", "coordinates": [[-2.584491, 51.458604], [-2.584115, 51.458486], [-2.58408, 51.458476]]}, "properties": {"edge_id": 1477, "from_node": 6481238332, "to_node": 826736676, "key": 0, "length": 31.83, "travel_time": 3.56, "access_score": 0.02576463708018274}}, {"type": "Feature", "geometry": {"type": "LineString", "coordinates": [[-2.585149, 51.458505], [-2.584974, 51.458528], [-2.584857, 51.458566]]}, "properties": {"edge_id": 1478, "from_node": 6481238337, "to_node": 5919449192, "key": 0, "length": 21.56, "travel_time": 2.411, "access_score": 0.010960465579925418}}, {"type": "Feature", "geometry": {"type": "LineString", "coordinates": [[-2.585149, 51.458505], [-2.585412, 51.458444], [-2.585886, 51.458354], [-2.586176, 51.458329], [-2.586464, 51.458312], [-2.586726, 51.458295]]}, "properties": {"edge_id": 1479, "from_node": 6481238337, "to_node": 104855, "key": 0, "length": 112.31, "travel_time": 12.561, "access_score": 0.009374517619584792}}, {"type": "Feature", "geometry": {"type": "LineString", "coordinates": [[-2.585149, 51.458505], [-2.585152, 51.458636], [-2.585201, 51.458712], [-2.58517, 51.458813], [-2.58473, 51.458794]]}, "properties": {"edge_id": 1480, "from_node": 6481238337, "to_node": 6481238325, "key": 0, "length": 65.68, "travel_time": 7.347, "access_score": 0.010407329307724722}}, {"type": "Feature", "geometry": {"type": "LineString", "coordinates": [[-2.585149, 51.458505], [-2.58518, 51.458434], [-2.584995, 51.458357], [-2.584875, 51.458318], [-2.584766, 51.458288], [-2.584509, 51.458576], [-2.584491, 51.458604]]}, "properties": {"edge_id": 1481, "from_node": 6481238337, "to_node": 6481238332, "key": 0, "length": 81.17, "travel_time": 9.079, "access_score": 0.014245373656922576}}, {"type": "Feature", "geometry": {"type": "LineString", "coordinates": [[-2.58535, 51.456502], [-2.585463, 51.456465]]}, "properties": {"edge_id": 1482, "from_node": 6824060862, "to_node": 17405115, "key": 0, "length": 8.87, "travel_time": 0.992, "access_score": 0.004652588716081838}}, {"type": "Feature", "geometry": {"type": "LineString", "coordinates": [[-2.585549, 51.457021], [-2.585623, 51.457002]]}, "properties": {"edge_id": 1483, "from_node": 6824060866, "to_node": 8910794149, "key": 0, "length": 5.53, "travel_time": 0.619, "access_score": 0.005620155365627535}}, {"type": "Feature", "geometry": {"type": "LineString", "coordinates": [[-2.585791, 51.457114], [-2.585704, 51.457084], [-2.585676, 51.457077], [-2.585651, 51.457071]]}, "properties": {"edge_id": 1484, "from_node": 6824060867, "to_node": 8910794148, "key": 0, "length": 10.84, "travel_time": 1.212, "access_score": 0.005578007272949799}}, {"type": "Feature", "geometry": {"type": "LineString", "coordinates": [[-2.585791, 51.457114], [-2.585741, 51.457022], [-2.585765, 51.457014], [-2.585816, 51.456986]]}, "properties": {"edge_id": 1485, "from_node": 6824060867, "to_node": 4661094415, "key": 0, "length": 17.47, "travel_time": 1.954, "access_score": 0.005446816125260109}}, {"type": "Feature", "geometry": {"type": "LineString", "coordinates": [[-2.585791, 51.457114], [-2.585802, 51.457134], [-2.585843, 51.457207], [-2.585876, 51.457198], [-2.585888, 51.457195], [-2.585966, 51.457176]]}, "properties": {"edge_id": 1486, "from_node": 6824060867, "to_node": 4661094416, "key": 0, "length": 20.1, "travel_time": 2.248, "access_score": 0.005548369154579742}}, {"type": "Feature", "geometry": {"type": "LineString", "coordinates": [[-2.590339, 51.459174], [-2.590326, 51.459179], [-2.590232, 51.459209], [-2.590189, 51.459208], [-2.590085, 51.459194]]}, "properties": {"edge_id": 1487, "from_node": 6937982874, "to_node": 645089864, "key": 0, "length": 18.71, "travel_time": 2.092, "access_score": 0.015675565480251005}}, {"type": "Feature", "geometry": {"type": "LineString", "coordinates": [[-2.590339, 51.459174], [-2.590783, 51.459018], [-2.590796, 51.45899]]}, "properties": {"edge_id": 1488, "from_node": 6937982874, "to_node": 1280853173, "key": 0, "length": 38.59, "travel_time": 4.316, "access_score": 0.016459628815777744}}, {"type": "Feature", "geometry": {"type": "LineString", "coordinates": [[-2.590339, 51.459174], [-2.590345, 51.459181], [-2.590436, 51.459288], [-2.590532, 51.459351], [-2.590726, 51.45945]]}, "properties": {"edge_id": 1489, "from_node": 6937982874, "to_node": 3329881929, "key": 0, "length": 41.37, "travel_time": 4.627, "access_score": 0.015675565480251005}}, {"type": "Feature", "geometry": {"type": "LineString", "coordinates": [[-2.583427, 51.462222], [-2.583702, 51.462412], [-2.583707, 51.462443], [-2.583604, 51.462516]]}, "properties": {"edge_id": 1490, "from_node": 8230223567, "to_node": 5438534268, "key": 0, "length": 42.63, "travel_time": 4.768, "access_score": 0.004185761841565785}}, {"type": "Feature", "geometry": {"type": "LineString", "coordinates": [[-2.585583, 51.456908], [-2.585562, 51.456941]]}, "properties": {"edge_id": 1491, "from_node": 8910794146, "to_node": 8910794147, "key": 0, "length": 3.97, "travel_time": 0.444, "access_score": 0.005407516894370392}}, {"type": "Feature", "geometry": {"type": "LineString", "coordinates": [[-2.585562, 51.456941], [-2.585583, 51.456908]]}, "properties": {"edge_id": 1492, "from_node": 8910794147, "to_node": 8910794146, "key": 0, "length": 3.97, "travel_time": 0.444, "access_score": 0.005407516894370392}}, {"type": "Feature", "geometry": {"type": "LineString", "coordinates": [[-2.585562, 51.456941], [-2.585585, 51.456947], [-2.585623, 51.457002]]}, "properties": {"edge_id": 1493, "from_node": 8910794147, "to_node": 8910794149, "key": 0, "length": 8.36, "travel_time": 0.935, "access_score": 0.0054615281670530955}}, {"type": "Feature", "geometry": {"type": "LineString", "coordinates": [[-2.585562, 51.456941], [-2.585538, 51.456935], [-2.585474, 51.456952], [-2.585446, 51.456911]]}, "properties": {"edge_id": 1494, "from_node": 8910794147, "to_node": 8910794150, "key": 0, "length": 11.54, "travel_time": 1.291, "access_score": 0.005558656724325738}}, {"type": "Feature", "geometry": {"type": "LineString", "coordinates": [[-2.585651, 51.457071], [-2.585642, 51.457086], [-2.585578, 51.457103], [-2.585596, 51.457129], [-2.585606, 51.457144]]}, "properties": {"edge_id": 1495, "from_node": 8910794148, "to_node": 8910794156, "key": 0, "length": 11.52, "travel_time": 1.289, "access_score": 0.005829125570821708}}, {"type": "Feature", "geometry": {"type": "LineString", "coordinates": [[-2.585651, 51.457071], [-2.58566, 51.457057], [-2.585623, 51.457002]]}, "properties": {"edge_id": 1496, "from_node": 8910794148, "to_node": 8910794149, "key": 0, "length": 8.38, "travel_time": 0.938, "access_score": 0.005578007272949799}}, {"type": "Feature", "geometry": {"type": "LineString", "coordinates": [[-2.585651, 51.457071], [-2.585676, 51.457077], [-2.585704, 51.457084], [-2.585791, 51.457114]]}, "properties": {"edge_id": 1497, "from_node": 8910794148, "to_node": 6824060867, "key": 0, "length": 10.84, "travel_time": 1.212, "access_score": 0.005578007272949799}}, {"type": "Feature", "geometry": {"type": "LineString", "coordinates": [[-2.585623, 51.457002], [-2.585549, 51.457021]]}, "properties": {"edge_id": 1498, "from_node": 8910794149, "to_node": 6824060866, "key": 0, "length": 5.53, "travel_time": 0.619, "access_score": 0.005620155365627535}}, {"type": "Feature", "geometry": {"type": "LineString", "coordinates": [[-2.585623, 51.457002], [-2.58566, 51.457057], [-2.585651, 51.457071]]}, "properties": {"edge_id": 1499, "from_node": 8910794149, "to_node": 8910794148, "key": 0, "length": 8.38, "travel_time": 0.938, "access_score": 0.005578007272949799}}, {"type": "Feature", "geometry": {"type": "LineString", "coordinates": [[-2.585623, 51.457002], [-2.585585, 51.456947], [-2.585562, 51.456941]]}, "properties": {"edge_id": 1500, "from_node": 8910794149, "to_node": 8910794147, "key": 0, "length": 8.36, "travel_time": 0.935, "access_score": 0.0054615281670530955}}, {"type": "Feature", "geometry": {"type": "LineString", "coordinates": [[-2.585623, 51.457002], [-2.585661, 51.456991], [-2.585689, 51.456984]]}, "properties": {"edge_id": 1501, "from_node": 8910794149, "to_node": 8910794161, "key": 0, "length": 5.0, "travel_time": 0.559, "access_score": 0.0054615281670530955}}, {"type": "Feature", "geometry": {"type": "LineString", "coordinates": [[-2.585446, 51.456911], [-2.585474, 51.456952], [-2.585538, 51.456935], [-2.585562, 51.456941]]}, "properties": {"edge_id": 1502, "from_node": 8910794150, "to_node": 8910794147, "key": 0, "length": 11.54, "travel_time": 1.291, "access_score": 0.005558656724325738}}, {"type": "Feature", "geometry": {"type": "LineString", "coordinates": [[-2.585606, 51.457144], [-2.585596, 51.457129], [-2.585578, 51.457103], [-2.585642, 51.457086], [-2.585651, 51.457071]]}, "properties": {"edge_id": 1503, "from_node": 8910794156, "to_node": 8910794148, "key": 0, "length": 11.52, "travel_time": 1.289, "access_score": 0.005829125570821708}}, {"type": "Feature", "geometry": {"type": "LineString", "coordinates": [[-2.585689, 51.456984], [-2.585661, 51.456991], [-2.585623, 51.457002]]}, "properties": {"edge_id": 1504, "from_node": 8910794161, "to_node": 8910794149, "key": 0, "length": 5.0, "travel_time": 0.559, "access_score": 0.0054615281670530955}}, {"type": "Feature", "geometry": {"type": "LineString", "coordinates": [[-2.580142, 51.456555], [-2.580143, 51.45657], [-2.580152, 51.45658], [-2.580446, 51.456909], [-2.580462, 51.456938]]}, "properties": {"edge_id": 1505, "from_node": 8939668299, "to_node": 8942202643, "key": 0, "length": 48.29, "travel_time": 5.401, "access_score": 0.02841907346867641}}, {"type": "Feature", "geometry": {"type": "LineString", "coordinates": [[-2.580142, 51.456555], [-2.580118, 51.456555], [-2.580044, 51.456575], [-2.579996, 51.456588], [-2.579963, 51.456599]]}, "properties": {"edge_id": 1506, "from_node": 8939668299, "to_node": 12461273925, "key": 0, "length": 13.48, "travel_time": 1.508, "access_score": 0.03622755708482157}}, {"type": "Feature", "geometry": {"type": "LineString", "coordinates": [[-2.580462, 51.456938], [-2.580634, 51.457096]]}, "properties": {"edge_id": 1507, "from_node": 8942202643, "to_node": 12461273922, "key": 0, "length": 21.22, "travel_time": 2.373, "access_score": 0.0126845259698985}}, {"type": "Feature", "geometry": {"type": "LineString", "coordinates": [[-2.580462, 51.456938], [-2.580446, 51.456909], [-2.580152, 51.45658], [-2.580143, 51.45657], [-2.580142, 51.456555]]}, "properties": {"edge_id": 1508, "from_node": 8942202643, "to_node": 8939668299, "key": 0, "length": 48.29, "travel_time": 5.401, "access_score": 0.02841907346867641}}, {"type": "Feature", "geometry": {"type": "LineString", "coordinates": [[-2.580462, 51.456938], [-2.580624, 51.456864], [-2.58064, 51.456856], [-2.580655, 51.456844], [-2.580672, 51.456806], [-2.581013, 51.456664]]}, "properties": {"edge_id": 1509, "from_node": 8942202643, "to_node": 8942202648, "key": 0, "length": 49.86, "travel_time": 5.576, "access_score": 0.0126845259698985}}, {"type": "Feature", "geometry": {"type": "LineString", "coordinates": [[-2.581013, 51.456664], [-2.580672, 51.456806], [-2.580655, 51.456844], [-2.58064, 51.456856], [-2.580624, 51.456864], [-2.580462, 51.456938]]}, "properties": {"edge_id": 1510, "from_node": 8942202648, "to_node": 8942202643, "key": 0, "length": 49.86, "travel_time": 5.576, "access_score": 0.0126845259698985}}, {"type": "Feature", "geometry": {"type": "LineString", "coordinates": [[-2.588792, 51.456492], [-2.588758, 51.456508]]}, "properties": {"edge_id": 1511, "from_node": 9402506775, "to_node": 9402506784, "key": 0, "length": 2.97, "travel_time": 0.333, "access_score": 0.008173892684376481}}, {"type": "Feature", "geometry": {"type": "LineString", "coordinates": [[-2.588673, 51.456547], [-2.588581, 51.456585], [-2.588465, 51.456623], [-2.588401, 51.456625], [-2.588341, 51.456613], [-2.588294, 51.456594]]}, "properties": {"edge_id": 1512, "from_node": 9402506778, "to_node": 17406822, "key": 0, "length": 29.43, "travel_time": 3.292, "access_score": 0.007871538260637306}}, {"type": "Feature", "geometry": {"type": "LineString", "coordinates": [[-2.588673, 51.456547], [-2.588673, 51.456515], [-2.588625, 51.456506]]}, "properties": {"edge_id": 1513, "from_node": 9402506778, "to_node": 1382239390, "key": 0, "length": 6.96, "travel_time": 0.778, "access_score": 0.007871538260637306}}, {"type": "Feature", "geometry": {"type": "LineString", "coordinates": [[-2.588673, 51.456547], [-2.58871, 51.456531], [-2.588758, 51.456508]]}, "properties": {"edge_id": 1514, "from_node": 9402506778, "to_node": 9402506784, "key": 0, "length": 7.28, "travel_time": 0.814, "access_score": 0.008088341402937155}}, {"type": "Feature", "geometry": {"type": "LineString", "coordinates": [[-2.588758, 51.456508], [-2.588792, 51.456492]]}, "properties": {"edge_id": 1515, "from_node": 9402506784, "to_node": 9402506775, "key": 0, "length": 2.97, "travel_time": 0.333, "access_score": 0.008173892684376481}}, {"type": "Feature", "geometry": {"type": "LineString", "coordinates": [[-2.588758, 51.456508], [-2.58871, 51.456531], [-2.588673, 51.456547]]}, "properties": {"edge_id": 1516, "from_node": 9402506784, "to_node": 9402506778, "key": 0, "length": 7.28, "travel_time": 0.814, "access_score": 0.008088341402937155}}, {"type": "Feature", "geometry": {"type": "LineString", "coordinates": [[-2.590746, 51.459907], [-2.590653, 51.45993], [-2.590614, 51.459939]]}, "properties": {"edge_id": 1517, "from_node": 9464338656, "to_node": 3696173720, "key": 0, "length": 9.81, "travel_time": 1.098, "access_score": 0.032899454937934274}}, {"type": "Feature", "geometry": {"type": "LineString", "coordinates": [[-2.590746, 51.459907], [-2.5908, 51.459912], [-2.590845, 51.459913]]}, "properties": {"edge_id": 1518, "from_node": 9464338656, "to_node": 644926968, "key": 0, "length": 6.9, "travel_time": 0.772, "access_score": 0.026757465247101174}}, {"type": "Feature", "geometry": {"type": "LineString", "coordinates": [[-2.590746, 51.459907], [-2.590732, 51.459873], [-2.590704, 51.459827]]}, "properties": {"edge_id": 1519, "from_node": 9464338656, "to_node": 644926923, "key": 0, "length": 9.42, "travel_time": 1.054, "access_score": 0.026757465247101174}}, {"type": "Feature", "geometry": {"type": "LineString", "coordinates": [[-2.590475, 51.458308], [-2.590491, 51.458303]]}, "properties": {"edge_id": 1520, "from_node": 9809981557, "to_node": 247834447, "key": 0, "length": 1.27, "travel_time": 0.142, "access_score": 0.023735840848860146}}, {"type": "Feature", "geometry": {"type": "LineString", "coordinates": [[-2.590475, 51.458308], [-2.590788, 51.458706]]}, "properties": {"edge_id": 1521, "from_node": 9809981557, "to_node": 9809981574, "key": 0, "length": 49.23, "travel_time": 5.506, "access_score": 0.027740030938143718}}, {"type": "Feature", "geometry": {"type": "LineString", "coordinates": [[-2.590475, 51.458308], [-2.590134, 51.458427], [-2.590024, 51.458465], [-2.58995, 51.458493], [-2.589748, 51.458564]]}, "properties": {"edge_id": 1522, "from_node": 9809981557, "to_node": 5919449223, "key": 0, "length": 57.8, "travel_time": 6.464, "access_score": 0.048336410692997905}}, {"type": "Feature", "geometry": {"type": "LineString", "coordinates": [[-2.59055, 51.458282], [-2.590491, 51.458303]]}, "properties": {"edge_id": 1523, "from_node": 9809981567, "to_node": 247834447, "key": 0, "length": 4.69, "travel_time": 0.525, "access_score": 0.023118935213140675}}, {"type": "Feature", "geometry": {"type": "LineString", "coordinates": [[-2.59055, 51.458282], [-2.590624, 51.458257]]}, "properties": {"edge_id": 1524, "from_node": 9809981567, "to_node": 1382113262, "key": 0, "length": 5.86, "travel_time": 0.655, "access_score": 0.021069633438806534}}, {"type": "Feature", "geometry": {"type": "LineString", "coordinates": [[-2.59055, 51.458282], [-2.590603, 51.458357], [-2.590645, 51.458419], [-2.590623, 51.458425], [-2.590613, 51.458429], [-2.590757, 51.458612], [-2.590877, 51.458668], [-2.590852, 51.458696], [-2.591134, 51.45882]]}, "properties": {"edge_id": 1525, "from_node": 9809981567, "to_node": 1382252976, "key": 0, "length": 79.51, "travel_time": 8.892, "access_score": 0.025813814297522625}}, {"type": "Feature", "geometry": {"type": "LineString", "coordinates": [[-2.590788, 51.458706], [-2.590475, 51.458308]]}, "properties": {"edge_id": 1526, "from_node": 9809981574, "to_node": 9809981557, "key": 0, "length": 49.23, "travel_time": 5.506, "access_score": 0.02774003093814372}}, {"type": "Feature", "geometry": {"type": "LineString", "coordinates": [[-2.584794, 51.462088], [-2.584711, 51.462005], [-2.584648, 51.461932], [-2.584636, 51.461907], [-2.584608, 51.46186]]}, "properties": {"edge_id": 1527, "from_node": 10681863994, "to_node": 10681863998, "key": 0, "length": 28.59, "travel_time": 3.198, "access_score": 0.0066187714738420445}}, {"type": "Feature", "geometry": {"type": "LineString", "coordinates": [[-2.584608, 51.46186], [-2.585457, 51.461614]]}, "properties": {"edge_id": 1528, "from_node": 10681863998, "to_node": 364165239, "key": 0, "length": 64.8, "travel_time": 7.247, "access_score": 0.010859473937642559}}, {"type": "Feature", "geometry": {"type": "LineString", "coordinates": [[-2.584608, 51.46186], [-2.58458, 51.461868], [-2.584302, 51.461948], [-2.584274, 51.461984]]}, "properties": {"edge_id": 1529, "from_node": 10681863998, "to_node": 282238482, "key": 0, "length": 27.86, "travel_time": 3.116, "access_score": 0.0066187714738420445}}, {"type": "Feature", "geometry": {"type": "LineString", "coordinates": [[-2.584608, 51.46186], [-2.584636, 51.461907], [-2.584648, 51.461932], [-2.584711, 51.462005], [-2.584794, 51.462088]]}, "properties": {"edge_id": 1530, "from_node": 10681863998, "to_node": 10681863994, "key": 0, "length": 28.59, "travel_time": 3.198, "access_score": 0.0066187714738420445}}, {"type": "Feature", "geometry": {"type": "LineString", "coordinates": [[-2.590612, 51.463433], [-2.590681, 51.463506]]}, "properties": {"edge_id": 1531, "from_node": 10816632963, "to_node": 10816643038, "key": 0, "length": 9.52, "travel_time": 1.065, "access_score": 0.02366505393285574}}, {"type": "Feature", "geometry": {"type": "LineString", "coordinates": [[-2.590612, 51.463433], [-2.590569, 51.463508], [-2.590545, 51.463564], [-2.590465, 51.463807], [-2.590419, 51.463945], [-2.590418, 51.463972], [-2.590424, 51.463989]]}, "properties": {"edge_id": 1532, "from_node": 10816632963, "to_node": 1080015188, "key": 0, "length": 63.51, "travel_time": 7.103, "access_score": 0.07568375202111544}}, {"type": "Feature", "geometry": {"type": "LineString", "coordinates": [[-2.590612, 51.463433], [-2.590651, 51.463374], [-2.590703, 51.463306]]}, "properties": {"edge_id": 1533, "from_node": 10816632963, "to_node": 1080015181, "key": 0, "length": 15.49, "travel_time": 1.733, "access_score": 0.021775134272400236}}, {"type": "Feature", "geometry": {"type": "LineString", "coordinates": [[-2.590681, 51.463506], [-2.590718, 51.463495]]}, "properties": {"edge_id": 1534, "from_node": 10816643038, "to_node": 10816643831, "key": 0, "length": 2.85, "travel_time": 0.319, "access_score": 0.02366505393285574}}, {"type": "Feature", "geometry": {"type": "LineString", "coordinates": [[-2.590681, 51.463506], [-2.590612, 51.463433]]}, "properties": {"edge_id": 1535, "from_node": 10816643038, "to_node": 10816632963, "key": 0, "length": 9.52, "travel_time": 1.065, "access_score": 0.02366505393285574}}, {"type": "Feature", "geometry": {"type": "LineString", "coordinates": [[-2.590681, 51.463506], [-2.590633, 51.463521], [-2.590614, 51.463557], [-2.590532, 51.46379], [-2.590524, 51.463814], [-2.590482, 51.463945], [-2.590482, 51.463961], [-2.590488, 51.463981], [-2.590499, 51.463996], [-2.590515, 51.464011], [-2.590534, 51.464021], [-2.590558, 51.464027], [-2.590675, 51.464041]]}, "properties": {"edge_id": 1536, "from_node": 10816643038, "to_node": 10816643793, "key": 0, "length": 71.7, "travel_time": 8.02, "access_score": 0.05732896273420041}}, {"type": "Feature", "geometry": {"type": "LineString", "coordinates": [[-2.590681, 51.463506], [-2.590692, 51.463518], [-2.590703, 51.463527], [-2.590716, 51.463536], [-2.590724, 51.46354], [-2.590795, 51.46358]]}, "properties": {"edge_id": 1537, "from_node": 10816643038, "to_node": 10816643042, "key": 0, "length": 11.47, "travel_time": 1.282, "access_score": 0.02397223999428652}}, {"type": "Feature", "geometry": {"type": "LineString", "coordinates": [[-2.590795, 51.46358], [-2.590724, 51.46354], [-2.590716, 51.463536], [-2.590703, 51.463527], [-2.590692, 51.463518], [-2.590681, 51.463506]]}, "properties": {"edge_id": 1538, "from_node": 10816643042, "to_node": 10816643038, "key": 0, "length": 11.47, "travel_time": 1.282, "access_score": 0.02397223999428652}}, {"type": "Feature", "geometry": {"type": "LineString", "coordinates": [[-2.59085, 51.464056], [-2.590858, 51.464025]]}, "properties": {"edge_id": 1539, "from_node": 10816643047, "to_node": 10816643813, "key": 0, "length": 3.51, "travel_time": 0.393, "access_score": 0.021460338253901902}}, {"type": "Feature", "geometry": {"type": "LineString", "coordinates": [[-2.59085, 51.464056], [-2.590841, 51.464089]]}, "properties": {"edge_id": 1540, "from_node": 10816643047, "to_node": 1081318805, "key": 0, "length": 3.66, "travel_time": 0.409, "access_score": 0.02090951314855504}}, {"type": "Feature", "geometry": {"type": "LineString", "coordinates": [[-2.59085, 51.464056], [-2.590742, 51.464047], [-2.590675, 51.464041]]}, "properties": {"edge_id": 1541, "from_node": 10816643047, "to_node": 10816643793, "key": 0, "length": 12.19, "travel_time": 1.364, "access_score": 0.02704321194204887}}, {"type": "Feature", "geometry": {"type": "LineString", "coordinates": [[-2.59085, 51.464056], [-2.590941, 51.464064], [-2.590984, 51.464068]]}, "properties": {"edge_id": 1542, "from_node": 10816643047, "to_node": 10816643706, "key": 0, "length": 9.38, "travel_time": 1.049, "access_score": 0.02090951314855504}}, {"type": "Feature", "geometry": {"type": "LineString", "coordinates": [[-2.590984, 51.464068], [-2.590961, 51.464063], [-2.590943, 51.464056], [-2.590928, 51.464043], [-2.590919, 51.46403], [-2.590919, 51.464016], [-2.590924, 51.464], [-2.590964, 51.463952], [-2.590984, 51.463923], [-2.591002, 51.463892], [-2.591019, 51.463841], [-2.591024, 51.463812], [-2.591022, 51.463794], [-2.591016, 51.46378], [-2.591006, 51.463758], [-2.590966, 51.463679], [-2.590966, 51.463673], [-2.59097, 51.463667], [-2.590998, 51.463648], [-2.591136, 51.463553], [-2.591143, 51.463527]]}, "properties": {"edge_id": 1543, "from_node": 10816643706, "to_node": 10848175178, "key": 0, "length": 68.88, "travel_time": 7.704, "access_score": 0.021048863753983498}}, {"type": "Feature", "geometry": {"type": "LineString", "coordinates": [[-2.590984, 51.464068], [-2.590941, 51.464064], [-2.59085, 51.464056]]}, "properties": {"edge_id": 1544, "from_node": 10816643706, "to_node": 10816643047, "key": 0, "length": 9.38, "travel_time": 1.049, "access_score": 0.02090951314855504}}, {"type": "Feature", "geometry": {"type": "LineString", "coordinates": [[-2.590675, 51.464041], [-2.590558, 51.464027], [-2.590534, 51.464021], [-2.590515, 51.464011], [-2.590499, 51.463996], [-2.590488, 51.463981], [-2.590482, 51.463961], [-2.590482, 51.463945], [-2.590524, 51.463814], [-2.590532, 51.46379], [-2.590614, 51.463557], [-2.590633, 51.463521], [-2.590681, 51.463506]]}, "properties": {"edge_id": 1545, "from_node": 10816643793, "to_node": 10816643038, "key": 0, "length": 71.7, "travel_time": 8.02, "access_score": 0.05732896273420041}}, {"type": "Feature", "geometry": {"type": "LineString", "coordinates": [[-2.590675, 51.464041], [-2.590705, 51.464043], [-2.590731, 51.464042], [-2.590759, 51.464035], [-2.590778, 51.464025], [-2.590793, 51.46401], [-2.590799, 51.463995], [-2.590801, 51.463976], [-2.590785, 51.46392], [-2.590781, 51.463884], [-2.590782, 51.463848], [-2.590788, 51.463817], [-2.590803, 51.463782], [-2.590818, 51.463756], [-2.590832, 51.46374], [-2.590855, 51.463722], [-2.59091, 51.463677], [-2.590901, 51.463659], [-2.590953, 51.463623], [-2.591092, 51.463528], [-2.59114, 51.463526]]}, "properties": {"edge_id": 1546, "from_node": 10816643793, "to_node": 10816643900, "key": 0, "length": 74.41, "travel_time": 8.323, "access_score": 0.027659190784588616}}, {"type": "Feature", "geometry": {"type": "LineString", "coordinates": [[-2.590675, 51.464041], [-2.590742, 51.464047], [-2.59085, 51.464056]]}, "properties": {"edge_id": 1547, "from_node": 10816643793, "to_node": 10816643047, "key": 0, "length": 12.19, "travel_time": 1.364, "access_score": 0.02704321194204887}}, {"type": "Feature", "geometry": {"type": "LineString", "coordinates": [[-2.590858, 51.464025], [-2.59085, 51.464056]]}, "properties": {"edge_id": 1548, "from_node": 10816643813, "to_node": 10816643047, "key": 0, "length": 3.51, "travel_time": 0.393, "access_score": 0.021460338253901902}}, {"type": "Feature", "geometry": {"type": "LineString", "coordinates": [[-2.590858, 51.464025], [-2.590832, 51.463946], [-2.590823, 51.463899], [-2.59082, 51.463871], [-2.590822, 51.463841], [-2.59083, 51.463813], [-2.59085, 51.463774], [-2.590864, 51.463754], [-2.590882, 51.463734], [-2.590967, 51.463663], [-2.590992, 51.463645], [-2.591132, 51.46355], [-2.59114, 51.463526]]}, "properties": {"edge_id": 1549, "from_node": 10816643813, "to_node": 10816643900, "key": 0, "length": 62.92, "travel_time": 7.038, "access_score": 0.025681548318099164}}, {"type": "Feature", "geometry": {"type": "LineString", "coordinates": [[-2.590858, 51.464025], [-2.590894, 51.46399], [-2.590934, 51.463942], [-2.590948, 51.46392], [-2.590964, 51.463886], [-2.590977, 51.463839], [-2.59098, 51.463816], [-2.590981, 51.463799], [-2.590979, 51.463788], [-2.590968, 51.463765], [-2.590932, 51.463693], [-2.590927, 51.46368], [-2.590927, 51.463668], [-2.590933, 51.463658], [-2.590938, 51.463649], [-2.590946, 51.463642], [-2.590964, 51.46363], [-2.591103, 51.463534], [-2.591143, 51.463527]]}, "properties": {"edge_id": 1550, "from_node": 10816643813, "to_node": 10848175178, "key": 0, "length": 64.4, "travel_time": 7.203, "access_score": 0.021460338253901902}}, {"type": "Feature", "geometry": {"type": "LineString", "coordinates": [[-2.590718, 51.463495], [-2.590681, 51.463506]]}, "properties": {"edge_id": 1551, "from_node": 10816643831, "to_node": 10816643038, "key": 0, "length": 2.85, "travel_time": 0.319, "access_score": 0.02366505393285574}}, {"type": "Feature", "geometry": {"type": "LineString", "coordinates": [[-2.590718, 51.463495], [-2.590834, 51.463375], [-2.590842, 51.463363]]}, "properties": {"edge_id": 1552, "from_node": 10816643831, "to_node": 10816643839, "key": 0, "length": 17.08, "travel_time": 1.91, "access_score": 0.022258481308176287}}, {"type": "Feature", "geometry": {"type": "LineString", "coordinates": [[-2.590718, 51.463495], [-2.590733, 51.463503], [-2.590744, 51.46351], [-2.590891, 51.463409], [-2.590901, 51.463402]]}, "properties": {"edge_id": 1553, "from_node": 10816643831, "to_node": 10816643835, "key": 0, "length": 18.58, "travel_time": 2.078, "access_score": 0.022258481308176287}}, {"type": "Feature", "geometry": {"type": "LineString", "coordinates": [[-2.590901, 51.463402], [-2.590842, 51.463363]]}, "properties": {"edge_id": 1554, "from_node": 10816643835, "to_node": 10816643839, "key": 0, "length": 5.97, "travel_time": 0.668, "access_score": 0.01633087093951671}}, {"type": "Feature", "geometry": {"type": "LineString", "coordinates": [[-2.590901, 51.463402], [-2.590891, 51.463409], [-2.590744, 51.46351], [-2.590733, 51.463503], [-2.590718, 51.463495]]}, "properties": {"edge_id": 1555, "from_node": 10816643835, "to_node": 10816643831, "key": 0, "length": 18.58, "travel_time": 2.078, "access_score": 0.022258481308176287}}, {"type": "Feature", "geometry": {"type": "LineString", "coordinates": [[-2.590901, 51.463402], [-2.590905, 51.463405], [-2.590989, 51.46346]]}, "properties": {"edge_id": 1556, "from_node": 10816643835, "to_node": 10816643836, "key": 0, "length": 8.93, "travel_time": 0.999, "access_score": 0.016769737812909212}}, {"type": "Feature", "geometry": {"type": "LineString", "coordinates": [[-2.590989, 51.46346], [-2.590905, 51.463405], [-2.590901, 51.463402]]}, "properties": {"edge_id": 1557, "from_node": 10816643836, "to_node": 10816643835, "key": 0, "length": 8.93, "travel_time": 0.999, "access_score": 0.016769737812909212}}, {"type": "Feature", "geometry": {"type": "LineString", "coordinates": [[-2.590842, 51.463363], [-2.590901, 51.463402]]}, "properties": {"edge_id": 1558, "from_node": 10816643839, "to_node": 10816643835, "key": 0, "length": 5.97, "travel_time": 0.668, "access_score": 0.01633087093951671}}, {"type": "Feature", "geometry": {"type": "LineString", "coordinates": [[-2.590842, 51.463363], [-2.590847, 51.463345], [-2.590868, 51.463225], [-2.59087, 51.46322], [-2.590875, 51.463214], [-2.590933, 51.463166], [-2.591007, 51.463115], [-2.591155, 51.463018], [-2.591214, 51.46298]]}, "properties": {"edge_id": 1559, "from_node": 10816643839, "to_node": 10816643847, "key": 0, "length": 51.83, "travel_time": 5.797, "access_score": 0.023007202706643085}}, {"type": "Feature", "geometry": {"type": "LineString", "coordinates": [[-2.590842, 51.463363], [-2.590834, 51.463375], [-2.590718, 51.463495]]}, "properties": {"edge_id": 1560, "from_node": 10816643839, "to_node": 10816643831, "key": 0, "length": 17.08, "travel_time": 1.91, "access_score": 0.022258481308176287}}, {"type": "Feature", "geometry": {"type": "LineString", "coordinates": [[-2.591214, 51.46298], [-2.591171, 51.462953]]}, "properties": {"edge_id": 1561, "from_node": 10816643847, "to_node": 1079382178, "key": 0, "length": 4.22, "travel_time": 0.472, "access_score": 0.024965212198855242}}, {"type": "Feature", "geometry": {"type": "LineString", "coordinates": [[-2.591214, 51.46298], [-2.591295, 51.463031], [-2.591305, 51.463035]]}, "properties": {"edge_id": 1562, "from_node": 10816643847, "to_node": 10816643907, "key": 0, "length": 8.81, "travel_time": 0.985, "access_score": 0.023007202706643085}}, {"type": "Feature", "geometry": {"type": "LineString", "coordinates": [[-2.591214, 51.46298], [-2.591272, 51.462941], [-2.591301, 51.462922]]}, "properties": {"edge_id": 1563, "from_node": 10816643847, "to_node": 10816643874, "key": 0, "length": 8.82, "travel_time": 0.987, "access_score": 0.0256769512840633}}, {"type": "Feature", "geometry": {"type": "LineString", "coordinates": [[-2.591214, 51.46298], [-2.591155, 51.463018], [-2.591007, 51.463115], [-2.590933, 51.463166], [-2.590875, 51.463214], [-2.59087, 51.46322], [-2.590868, 51.463225], [-2.590847, 51.463345], [-2.590842, 51.463363]]}, "properties": {"edge_id": 1564, "from_node": 10816643847, "to_node": 10816643839, "key": 0, "length": 51.83, "travel_time": 5.797, "access_score": 0.023007202706643085}}, {"type": "Feature", "geometry": {"type": "LineString", "coordinates": [[-2.591464, 51.463022], [-2.591407, 51.46305], [-2.591397, 51.463053], [-2.591385, 51.463054], [-2.591368, 51.463051], [-2.591305, 51.463035]]}, "properties": {"edge_id": 1565, "from_node": 10816643851, "to_node": 10816643907, "key": 0, "length": 12.64, "travel_time": 1.414, "access_score": 0.01964619530574584}}, {"type": "Feature", "geometry": {"type": "LineString", "coordinates": [[-2.591541, 51.463008], [-2.591452, 51.46307]]}, "properties": {"edge_id": 1566, "from_node": 10816643852, "to_node": 10816974035, "key": 0, "length": 9.2, "travel_time": 1.029, "access_score": 0.018095504093018175}}, {"type": "Feature", "geometry": {"type": "LineString", "coordinates": [[-2.591541, 51.463008], [-2.591528, 51.462999], [-2.591519, 51.462991], [-2.591512, 51.462981], [-2.591505, 51.462966]]}, "properties": {"edge_id": 1567, "from_node": 10816643852, "to_node": 10816643854, "key": 0, "length": 5.39, "travel_time": 0.603, "access_score": 0.020003972654639834}}, {"type": "Feature", "geometry": {"type": "LineString", "coordinates": [[-2.591541, 51.463008], [-2.591776, 51.462846], [-2.591716, 51.462786]]}, "properties": {"edge_id": 1568, "from_node": 10816643852, "to_node": 10816643893, "key": 0, "length": 32.15, "travel_time": 3.595, "access_score": 0.02138060970615756}}, {"type": "Feature", "geometry": {"type": "LineString", "coordinates": [[-2.591505, 51.462966], [-2.591512, 51.462981], [-2.591519, 51.462991], [-2.591528, 51.462999], [-2.591541, 51.463008]]}, "properties": {"edge_id": 1569, "from_node": 10816643854, "to_node": 10816643852, "key": 0, "length": 5.39, "travel_time": 0.603, "access_score": 0.020003972654639834}}, {"type": "Feature", "geometry": {"type": "LineString", "coordinates": [[-2.591505, 51.462966], [-2.591512, 51.46296], [-2.591535, 51.462941], [-2.591603, 51.462866], [-2.591616, 51.462848], [-2.591658, 51.462781]]}, "properties": {"edge_id": 1570, "from_node": 10816643854, "to_node": 10816643890, "key": 0, "length": 23.24, "travel_time": 2.599, "access_score": 0.023105730293568518}}, {"type": "Feature", "geometry": {"type": "LineString", "coordinates": [[-2.591505, 51.462966], [-2.591489, 51.462976], [-2.591464, 51.462989], [-2.591386, 51.463016], [-2.591372, 51.463018], [-2.591361, 51.463016], [-2.591299, 51.462981], [-2.59129, 51.462974], [-2.591285, 51.462966], [-2.591282, 51.462954], [-2.591284, 51.462943], [-2.591289, 51.462934], [-2.591301, 51.462922]]}, "properties": {"edge_id": 1571, "from_node": 10816643854, "to_node": 10816643874, "key": 0, "length": 24.74, "travel_time": 2.767, "access_score": 0.0256769512840633}}, {"type": "Feature", "geometry": {"type": "LineString", "coordinates": [[-2.591739, 51.462634], [-2.591301, 51.462922]]}, "properties": {"edge_id": 1572, "from_node": 10816643857, "to_node": 10816643874, "key": 0, "length": 44.15, "travel_time": 4.938, "access_score": 0.02830069623227661}}, {"type": "Feature", "geometry": {"type": "LineString", "coordinates": [[-2.591739, 51.462634], [-2.591752, 51.462641], [-2.591757, 51.462649], [-2.591759, 51.462656], [-2.591757, 51.462664], [-2.591683, 51.462746], [-2.591672, 51.462758], [-2.591658, 51.462781]]}, "properties": {"edge_id": 1573, "from_node": 10816643857, "to_node": 10816643890, "key": 0, "length": 18.58, "travel_time": 2.079, "access_score": 0.026613136455003572}}, {"type": "Feature", "geometry": {"type": "LineString", "coordinates": [[-2.591739, 51.462634], [-2.591762, 51.462619], [-2.591791, 51.462602], [-2.591811, 51.462596], [-2.591829, 51.462596], [-2.591847, 51.462599], [-2.591862, 51.462605], [-2.591891, 51.462631], [-2.591913, 51.462657], [-2.591932, 51.462682], [-2.591944, 51.462696], [-2.59196, 51.462717], [-2.591974, 51.462735]]}, "properties": {"edge_id": 1574, "from_node": 10816643857, "to_node": 10816643864, "key": 0, "length": 26.81, "travel_time": 2.999, "access_score": 0.026613136455003572}}, {"type": "Feature", "geometry": {"type": "LineString", "coordinates": [[-2.591974, 51.462735], [-2.59206, 51.462784]]}, "properties": {"edge_id": 1575, "from_node": 10816643864, "to_node": 10816974040, "key": 0, "length": 7.99, "travel_time": 0.893, "access_score": 0.01742436126589437}}, {"type": "Feature", "geometry": {"type": "LineString", "coordinates": [[-2.591974, 51.462735], [-2.591969, 51.462737]]}, "properties": {"edge_id": 1576, "from_node": 10816643864, "to_node": 10816974038, "key": 0, "length": 0.36, "travel_time": 0.04, "access_score": 0.017478845693177248}}, {"type": "Feature", "geometry": {"type": "LineString", "coordinates": [[-2.591974, 51.462735], [-2.59196, 51.462717], [-2.591944, 51.462696], [-2.591932, 51.462682], [-2.591913, 51.462657], [-2.591891, 51.462631], [-2.591862, 51.462605], [-2.591847, 51.462599], [-2.591829, 51.462596], [-2.591811, 51.462596], [-2.591791, 51.462602], [-2.591762, 51.462619], [-2.591739, 51.462634]]}, "properties": {"edge_id": 1577, "from_node": 10816643864, "to_node": 10816643857, "key": 0, "length": 26.81, "travel_time": 2.999, "access_score": 0.026613136455003572}}, {"type": "Feature", "geometry": {"type": "LineString", "coordinates": [[-2.591301, 51.462922], [-2.591739, 51.462634]]}, "properties": {"edge_id": 1578, "from_node": 10816643874, "to_node": 10816643857, "key": 0, "length": 44.15, "travel_time": 4.938, "access_score": 0.02830069623227661}}, {"type": "Feature", "geometry": {"type": "LineString", "coordinates": [[-2.591301, 51.462922], [-2.591272, 51.462941], [-2.591214, 51.46298]]}, "properties": {"edge_id": 1579, "from_node": 10816643874, "to_node": 10816643847, "key": 0, "length": 8.82, "travel_time": 0.987, "access_score": 0.0256769512840633}}, {"type": "Feature", "geometry": {"type": "LineString", "coordinates": [[-2.591301, 51.462922], [-2.591289, 51.462934], [-2.591284, 51.462943], [-2.591282, 51.462954], [-2.591285, 51.462966], [-2.59129, 51.462974], [-2.591299, 51.462981], [-2.591361, 51.463016], [-2.591372, 51.463018], [-2.591386, 51.463016], [-2.591464, 51.462989], [-2.591489, 51.462976], [-2.591505, 51.462966]]}, "properties": {"edge_id": 1580, "from_node": 10816643874, "to_node": 10816643854, "key": 0, "length": 24.74, "travel_time": 2.767, "access_score": 0.0256769512840633}}, {"type": "Feature", "geometry": {"type": "LineString", "coordinates": [[-2.591658, 51.462781], [-2.591616, 51.462848], [-2.591603, 51.462866], [-2.591535, 51.462941], [-2.591512, 51.46296], [-2.591505, 51.462966]]}, "properties": {"edge_id": 1581, "from_node": 10816643890, "to_node": 10816643854, "key": 0, "length": 23.24, "travel_time": 2.599, "access_score": 0.023105730293568518}}, {"type": "Feature", "geometry": {"type": "LineString", "coordinates": [[-2.591658, 51.462781], [-2.591676, 51.462787], [-2.591687, 51.462789], [-2.591702, 51.462788], [-2.591716, 51.462786]]}, "properties": {"edge_id": 1582, "from_node": 10816643890, "to_node": 10816643893, "key": 0, "length": 4.24, "travel_time": 0.474, "access_score": 0.023105730293568518}}, {"type": "Feature", "geometry": {"type": "LineString", "coordinates": [[-2.591658, 51.462781], [-2.591672, 51.462758], [-2.591683, 51.462746], [-2.591757, 51.462664], [-2.591759, 51.462656], [-2.591757, 51.462649], [-2.591752, 51.462641], [-2.591739, 51.462634]]}, "properties": {"edge_id": 1583, "from_node": 10816643890, "to_node": 10816643857, "key": 0, "length": 18.58, "travel_time": 2.079, "access_score": 0.026613136455003572}}, {"type": "Feature", "geometry": {"type": "LineString", "coordinates": [[-2.591716, 51.462786], [-2.591702, 51.462788], [-2.591687, 51.462789], [-2.591676, 51.462787], [-2.591658, 51.462781]]}, "properties": {"edge_id": 1584, "from_node": 10816643893, "to_node": 10816643890, "key": 0, "length": 4.24, "travel_time": 0.474, "access_score": 0.023105730293568518}}, {"type": "Feature", "geometry": {"type": "LineString", "coordinates": [[-2.591716, 51.462786], [-2.591959, 51.46274], [-2.591969, 51.462737]]}, "properties": {"edge_id": 1585, "from_node": 10816643893, "to_node": 10816974038, "key": 0, "length": 18.39, "travel_time": 2.057, "access_score": 0.02138060970615756}}, {"type": "Feature", "geometry": {"type": "LineString", "coordinates": [[-2.591716, 51.462786], [-2.591776, 51.462846], [-2.591541, 51.463008]]}, "properties": {"edge_id": 1586, "from_node": 10816643893, "to_node": 10816643852, "key": 0, "length": 32.15, "travel_time": 3.595, "access_score": 0.02138060970615756}}, {"type": "Feature", "geometry": {"type": "LineString", "coordinates": [[-2.59114, 51.463526], [-2.591092, 51.463528], [-2.590953, 51.463623], [-2.590901, 51.463659], [-2.59091, 51.463677], [-2.590855, 51.463722], [-2.590832, 51.46374], [-2.590818, 51.463756], [-2.590803, 51.463782], [-2.590788, 51.463817], [-2.590782, 51.463848], [-2.590781, 51.463884], [-2.590785, 51.46392], [-2.590801, 51.463976], [-2.590799, 51.463995], [-2.590793, 51.46401], [-2.590778, 51.464025], [-2.590759, 51.464035], [-2.590731, 51.464042], [-2.590705, 51.464043], [-2.590675, 51.464041]]}, "properties": {"edge_id": 1587, "from_node": 10816643900, "to_node": 10816643793, "key": 0, "length": 74.41, "travel_time": 8.323, "access_score": 0.027659190784588616}}, {"type": "Feature", "geometry": {"type": "LineString", "coordinates": [[-2.59114, 51.463526], [-2.591583, 51.463221], [-2.591486, 51.463166], [-2.591479, 51.463163], [-2.591466, 51.463157], [-2.591451, 51.463155], [-2.591437, 51.463154], [-2.591421, 51.463156], [-2.591409, 51.46316], [-2.591396, 51.463166], [-2.591387, 51.463171], [-2.591216, 51.463289], [-2.59116, 51.463328], [-2.591145, 51.463334], [-2.591122, 51.46334], [-2.5911, 51.463341], [-2.591078, 51.463339], [-2.591056, 51.463334], [-2.591038, 51.463327], [-2.591023, 51.463316], [-2.591014, 51.463306], [-2.591009, 51.463293], [-2.591007, 51.463278], [-2.591011, 51.463265], [-2.591021, 51.463253], [-2.591034, 51.463242], [-2.591231, 51.46311], [-2.591244, 51.463105], [-2.591269, 51.463101]]}, "properties": {"edge_id": 1588, "from_node": 10816643900, "to_node": 10816643908, "key": 0, "length": 128.6, "travel_time": 14.383, "access_score": 0.024751381464468453}}, {"type": "Feature", "geometry": {"type": "LineString", "coordinates": [[-2.59114, 51.463526], [-2.591132, 51.46355], [-2.590992, 51.463645], [-2.590967, 51.463663], [-2.590882, 51.463734], [-2.590864, 51.463754], [-2.59085, 51.463774], [-2.59083, 51.463813], [-2.590822, 51.463841], [-2.59082, 51.463871], [-2.590823, 51.463899], [-2.590832, 51.463946], [-2.590858, 51.464025]]}, "properties": {"edge_id": 1589, "from_node": 10816643900, "to_node": 10816643813, "key": 0, "length": 62.92, "travel_time": 7.038, "access_score": 0.025681548318099164}}, {"type": "Feature", "geometry": {"type": "LineString", "coordinates": [[-2.591305, 51.463035], [-2.591269, 51.463101]]}, "properties": {"edge_id": 1590, "from_node": 10816643907, "to_node": 10816643908, "key": 0, "length": 7.78, "travel_time": 0.87, "access_score": 0.01964619530574584}}, {"type": "Feature", "geometry": {"type": "LineString", "coordinates": [[-2.591305, 51.463035], [-2.591295, 51.463031], [-2.591214, 51.46298]]}, "properties": {"edge_id": 1591, "from_node": 10816643907, "to_node": 10816643847, "key": 0, "length": 8.81, "travel_time": 0.985, "access_score": 0.023007202706643085}}, {"type": "Feature", "geometry": {"type": "LineString", "coordinates": [[-2.591305, 51.463035], [-2.591368, 51.463051], [-2.591385, 51.463054], [-2.591397, 51.463053], [-2.591407, 51.46305], [-2.591464, 51.463022]]}, "properties": {"edge_id": 1592, "from_node": 10816643907, "to_node": 10816643851, "key": 0, "length": 12.64, "travel_time": 1.414, "access_score": 0.01964619530574584}}, {"type": "Feature", "geometry": {"type": "LineString", "coordinates": [[-2.591269, 51.463101], [-2.591305, 51.463035]]}, "properties": {"edge_id": 1593, "from_node": 10816643908, "to_node": 10816643907, "key": 0, "length": 7.78, "travel_time": 0.87, "access_score": 0.01964619530574584}}, {"type": "Feature", "geometry": {"type": "LineString", "coordinates": [[-2.591269, 51.463101], [-2.591244, 51.463105], [-2.591231, 51.46311], [-2.591034, 51.463242], [-2.591021, 51.463253], [-2.591011, 51.463265], [-2.591007, 51.463278], [-2.591009, 51.463293], [-2.591014, 51.463306], [-2.591023, 51.463316], [-2.591038, 51.463327], [-2.591056, 51.463334], [-2.591078, 51.463339], [-2.5911, 51.463341], [-2.591122, 51.46334], [-2.591145, 51.463334], [-2.59116, 51.463328], [-2.591216, 51.463289], [-2.591387, 51.463171], [-2.591396, 51.463166], [-2.591409, 51.46316], [-2.591421, 51.463156], [-2.591437, 51.463154], [-2.591451, 51.463155], [-2.591466, 51.463157], [-2.591479, 51.463163], [-2.591486, 51.463166], [-2.591583, 51.463221], [-2.59114, 51.463526]]}, "properties": {"edge_id": 1594, "from_node": 10816643908, "to_node": 10816643900, "key": 0, "length": 128.6, "travel_time": 14.383, "access_score": 0.02475138146446845}}, {"type": "Feature", "geometry": {"type": "LineString", "coordinates": [[-2.591269, 51.463101], [-2.591286, 51.463118], [-2.591304, 51.463132], [-2.59132, 51.463142], [-2.591336, 51.46315], [-2.591355, 51.463155], [-2.591375, 51.463157], [-2.591389, 51.463157], [-2.591417, 51.463155], [-2.591437, 51.463152], [-2.591452, 51.463153], [-2.591467, 51.463155], [-2.591482, 51.463161], [-2.591489, 51.463166], [-2.591536, 51.463192], [-2.591585, 51.463221], [-2.591565, 51.463236], [-2.591415, 51.463338], [-2.591366, 51.463372], [-2.591216, 51.463476], [-2.591167, 51.46351], [-2.591143, 51.463527]]}, "properties": {"edge_id": 1595, "from_node": 10816643908, "to_node": 10848175178, "key": 0, "length": 73.26, "travel_time": 8.193, "access_score": 0.024830205361009855}}, {"type": "Feature", "geometry": {"type": "LineString", "coordinates": [[-2.591452, 51.46307], [-2.591541, 51.463008]]}, "properties": {"edge_id": 1596, "from_node": 10816974035, "to_node": 10816643852, "key": 0, "length": 9.2, "travel_time": 1.029, "access_score": 0.018095504093018175}}, {"type": "Feature", "geometry": {"type": "LineString", "coordinates": [[-2.591452, 51.46307], [-2.591414, 51.463096], [-2.59142, 51.463099], [-2.591441, 51.463111], [-2.59151, 51.46315], [-2.59152, 51.463155], [-2.591527, 51.46315], [-2.592046, 51.462793], [-2.59206, 51.462784]]}, "properties": {"edge_id": 1597, "from_node": 10816974035, "to_node": 10816974040, "key": 0, "length": 69.53, "travel_time": 7.777, "access_score": 0.019814326427280093}}, {"type": "Feature", "geometry": {"type": "LineString", "coordinates": [[-2.591452, 51.46307], [-2.591461, 51.463075], [-2.591473, 51.463082], [-2.591938, 51.462759], [-2.591969, 51.462737]]}, "properties": {"edge_id": 1598, "from_node": 10816974035, "to_node": 10816974038, "key": 0, "length": 53.49, "travel_time": 5.983, "access_score": 0.01797014279783332}}, {"type": "Feature", "geometry": {"type": "LineString", "coordinates": [[-2.591969, 51.462737], [-2.591974, 51.462735]]}, "properties": {"edge_id": 1599, "from_node": 10816974038, "to_node": 10816643864, "key": 0, "length": 0.36, "travel_time": 0.04, "access_score": 0.017478845693177248}}, {"type": "Feature", "geometry": {"type": "LineString", "coordinates": [[-2.591969, 51.462737], [-2.591959, 51.46274], [-2.591716, 51.462786]]}, "properties": {"edge_id": 1600, "from_node": 10816974038, "to_node": 10816643893, "key": 0, "length": 18.39, "travel_time": 2.057, "access_score": 0.02138060970615756}}, {"type": "Feature", "geometry": {"type": "LineString", "coordinates": [[-2.591969, 51.462737], [-2.591938, 51.462759], [-2.591473, 51.463082], [-2.591461, 51.463075], [-2.591452, 51.46307]]}, "properties": {"edge_id": 1601, "from_node": 10816974038, "to_node": 10816974035, "key": 0, "length": 53.49, "travel_time": 5.983, "access_score": 0.017970142797833325}}, {"type": "Feature", "geometry": {"type": "LineString", "coordinates": [[-2.59206, 51.462784], [-2.59215, 51.462834]]}, "properties": {"edge_id": 1602, "from_node": 10816974040, "to_node": 1079382229, "key": 0, "length": 8.45, "travel_time": 0.946, "access_score": 0.015315080079202594}}, {"type": "Feature", "geometry": {"type": "LineString", "coordinates": [[-2.59206, 51.462784], [-2.591974, 51.462735]]}, "properties": {"edge_id": 1603, "from_node": 10816974040, "to_node": 10816643864, "key": 0, "length": 7.99, "travel_time": 0.893, "access_score": 0.01742436126589437}}, {"type": "Feature", "geometry": {"type": "LineString", "coordinates": [[-2.59206, 51.462784], [-2.592046, 51.462793], [-2.591527, 51.46315], [-2.59152, 51.463155], [-2.59151, 51.46315], [-2.591441, 51.463111], [-2.59142, 51.463099], [-2.591414, 51.463096], [-2.591452, 51.46307]]}, "properties": {"edge_id": 1604, "from_node": 10816974040, "to_node": 10816974035, "key": 0, "length": 69.53, "travel_time": 7.777, "access_score": 0.019814326427280093}}, {"type": "Feature", "geometry": {"type": "LineString", "coordinates": [[-2.591143, 51.463527], [-2.591136, 51.463553], [-2.590998, 51.463648], [-2.59097, 51.463667], [-2.590966, 51.463673], [-2.590966, 51.463679], [-2.591006, 51.463758], [-2.591016, 51.46378], [-2.591022, 51.463794], [-2.591024, 51.463812], [-2.591019, 51.463841], [-2.591002, 51.463892], [-2.590984, 51.463923], [-2.590964, 51.463952], [-2.590924, 51.464], [-2.590919, 51.464016], [-2.590919, 51.46403], [-2.590928, 51.464043], [-2.590943, 51.464056], [-2.590961, 51.464063], [-2.590984, 51.464068]]}, "properties": {"edge_id": 1605, "from_node": 10848175178, "to_node": 10816643706, "key": 0, "length": 68.88, "travel_time": 7.704, "access_score": 0.021048863753983505}}, {"type": "Feature", "geometry": {"type": "LineString", "coordinates": [[-2.591143, 51.463527], [-2.591167, 51.46351], [-2.591216, 51.463476], [-2.591366, 51.463372], [-2.591415, 51.463338], [-2.591565, 51.463236], [-2.591585, 51.463221], [-2.591536, 51.463192], [-2.591489, 51.463166], [-2.591482, 51.463161], [-2.591467, 51.463155], [-2.591452, 51.463153], [-2.591437, 51.463152], [-2.591417, 51.463155], [-2.591389, 51.463157], [-2.591375, 51.463157], [-2.591355, 51.463155], [-2.591336, 51.46315], [-2.59132, 51.463142], [-2.591304, 51.463132], [-2.591286, 51.463118], [-2.591269, 51.463101]]}, "properties": {"edge_id": 1606, "from_node": 10848175178, "to_node": 10816643908, "key": 0, "length": 73.26, "travel_time": 8.193, "access_score": 0.024830205361009862}}, {"type": "Feature", "geometry": {"type": "LineString", "coordinates": [[-2.591143, 51.463527], [-2.591103, 51.463534], [-2.590964, 51.46363], [-2.590946, 51.463642], [-2.590938, 51.463649], [-2.590933, 51.463658], [-2.590927, 51.463668], [-2.590927, 51.46368], [-2.590932, 51.463693], [-2.590968, 51.463765], [-2.590979, 51.463788], [-2.590981, 51.463799], [-2.59098, 51.463816], [-2.590977, 51.463839], [-2.590964, 51.463886], [-2.590948, 51.46392], [-2.590934, 51.463942], [-2.590894, 51.46399], [-2.590858, 51.464025]]}, "properties": {"edge_id": 1607, "from_node": 10848175178, "to_node": 10816643813, "key": 0, "length": 64.4, "travel_time": 7.203, "access_score": 0.021460338253901902}}, {"type": "Feature", "geometry": {"type": "LineString", "coordinates": [[-2.582343, 51.460879], [-2.582521, 51.460786], [-2.582568, 51.46077]]}, "properties": {"edge_id": 1608, "from_node": 10901402906, "to_node": 10901402907, "key": 0, "length": 19.83, "travel_time": 2.217, "access_score": 0.008725070579952759}}, {"type": "Feature", "geometry": {"type": "LineString", "coordinates": [[-2.582568, 51.46077], [-2.582576, 51.460767]]}, "properties": {"edge_id": 1609, "from_node": 10901402907, "to_node": 5753086713, "key": 0, "length": 0.57, "travel_time": 0.063, "access_score": 0.007663632443665173}}, {"type": "Feature", "geometry": {"type": "LineString", "coordinates": [[-2.582568, 51.46077], [-2.582533, 51.460727]]}, "properties": {"edge_id": 1610, "from_node": 10901402907, "to_node": 10901402908, "key": 0, "length": 5.33, "travel_time": 0.596, "access_score": 0.007784713687387944}}, {"type": "Feature", "geometry": {"type": "LineString", "coordinates": [[-2.582568, 51.46077], [-2.582521, 51.460786], [-2.582343, 51.460879]]}, "properties": {"edge_id": 1611, "from_node": 10901402907, "to_node": 10901402906, "key": 0, "length": 19.83, "travel_time": 2.217, "access_score": 0.008725070579952759}}, {"type": "Feature", "geometry": {"type": "LineString", "coordinates": [[-2.582533, 51.460727], [-2.582568, 51.46077]]}, "properties": {"edge_id": 1612, "from_node": 10901402908, "to_node": 10901402907, "key": 0, "length": 5.33, "travel_time": 0.596, "access_score": 0.007784713687387944}}, {"type": "Feature", "geometry": {"type": "LineString", "coordinates": [[-2.582858, 51.460909], [-2.58272, 51.460716]]}, "properties": {"edge_id": 1613, "from_node": 10901402910, "to_node": 10901402911, "key": 0, "length": 23.51, "travel_time": 2.63, "access_score": 0.007066628506260863}}, {"type": "Feature", "geometry": {"type": "LineString", "coordinates": [[-2.58272, 51.460716], [-2.582576, 51.460767]]}, "properties": {"edge_id": 1614, "from_node": 10901402911, "to_node": 5753086713, "key": 0, "length": 11.55, "travel_time": 1.291, "access_score": 0.007633738522555663}}, {"type": "Feature", "geometry": {"type": "LineString", "coordinates": [[-2.58272, 51.460716], [-2.582947, 51.460635]]}, "properties": {"edge_id": 1615, "from_node": 10901402911, "to_node": 262442261, "key": 0, "length": 18.12, "travel_time": 2.026, "access_score": 0.007066628506260863}}, {"type": "Feature", "geometry": {"type": "LineString", "coordinates": [[-2.58272, 51.460716], [-2.582858, 51.460909]]}, "properties": {"edge_id": 1616, "from_node": 10901402911, "to_node": 10901402910, "key": 0, "length": 23.51, "travel_time": 2.63, "access_score": 0.007066628506260863}}, {"type": "Feature", "geometry": {"type": "LineString", "coordinates": [[-2.58244, 51.460614], [-2.582397, 51.460566], [-2.582456, 51.460542]]}, "properties": {"edge_id": 1617, "from_node": 10901402914, "to_node": 3860786634, "key": 0, "length": 11.05, "travel_time": 1.236, "access_score": 0.008171820987998577}}, {"type": "Feature", "geometry": {"type": "LineString", "coordinates": [[-2.584783, 51.457305], [-2.584762, 51.45736], [-2.584731, 51.457414], [-2.584612, 51.457543]]}, "properties": {"edge_id": 1618, "from_node": 11124020086, "to_node": 17476842, "key": 0, "length": 29.22, "travel_time": 2.179, "access_score": 0.01099891798971596}}, {"type": "Feature", "geometry": {"type": "LineString", "coordinates": [[-2.584783, 51.457305], [-2.584804, 51.457254], [-2.584805, 51.457237], [-2.584808, 51.457206], [-2.584809, 51.457195], [-2.584806, 51.457153], [-2.5848, 51.457118], [-2.584788, 51.457085], [-2.584744, 51.457001]]}, "properties": {"edge_id": 1619, "from_node": 11124020086, "to_node": 1280281136, "key": 0, "length": 34.65, "travel_time": 2.584, "access_score": 0.00841161479350949}}, {"type": "Feature", "geometry": {"type": "LineString", "coordinates": [[-2.584783, 51.457305], [-2.584707, 51.457296], [-2.584686, 51.457293], [-2.584684, 51.457231], [-2.584645, 51.457231], [-2.58461, 51.45723]]}, "properties": {"edge_id": 1620, "from_node": 11124020086, "to_node": 260697232, "key": 0, "length": 18.93, "travel_time": 2.118, "access_score": 0.008621784721038838}}, {"type": "Feature", "geometry": {"type": "LineString", "coordinates": [[-2.584783, 51.457305], [-2.584858, 51.457315], [-2.584964, 51.457329]]}, "properties": {"edge_id": 1621, "from_node": 11124020086, "to_node": 492221099, "key": 0, "length": 12.77, "travel_time": 1.428, "access_score": 0.00841161479350949}}, {"type": "Feature", "geometry": {"type": "LineString", "coordinates": [[-2.582954, 51.459806], [-2.582962, 51.459811], [-2.582987, 51.459821], [-2.583016, 51.459827], [-2.583056, 51.459829], [-2.583095, 51.459826], [-2.583176, 51.459813]]}, "properties": {"edge_id": 1622, "from_node": 11159894542, "to_node": 835468169, "key": 0, "length": 16.22, "travel_time": 1.815, "access_score": 0.007183283281520106}}, {"type": "Feature", "geometry": {"type": "LineString", "coordinates": [[-2.582954, 51.459806], [-2.582924, 51.459783], [-2.582678, 51.45955]]}, "properties": {"edge_id": 1623, "from_node": 11159894542, "to_node": 5834330062, "key": 0, "length": 34.39, "travel_time": 3.847, "access_score": 0.008629550061655233}}, {"type": "Feature", "geometry": {"type": "LineString", "coordinates": [[-2.582954, 51.459806], [-2.582915, 51.459832], [-2.582895, 51.459845], [-2.582871, 51.459844], [-2.582817, 51.459843]]}, "properties": {"edge_id": 1624, "from_node": 11159894542, "to_node": 1242132603, "key": 0, "length": 11.34, "travel_time": 1.268, "access_score": 0.00716542027515956}}, {"type": "Feature", "geometry": {"type": "LineString", "coordinates": [[-2.582954, 51.459806], [-2.583003, 51.459775], [-2.583064, 51.459764], [-2.583559, 51.459563], [-2.583628, 51.459518], [-2.583649, 51.459493]]}, "properties": {"edge_id": 1625, "from_node": 11159894542, "to_node": 5834330053, "key": 0, "length": 60.25, "travel_time": 6.739, "access_score": 0.009246303018829035}}, {"type": "Feature", "geometry": {"type": "LineString", "coordinates": [[-2.581674, 51.458761], [-2.581683, 51.458753]]}, "properties": {"edge_id": 1626, "from_node": 11776527150, "to_node": 5834930881, "key": 0, "length": 1.11, "travel_time": 0.123, "access_score": 0.010001525823644808}}, {"type": "Feature", "geometry": {"type": "LineString", "coordinates": [[-2.581674, 51.458761], [-2.581662, 51.458771], [-2.581478, 51.45893], [-2.581465, 51.458942]]}, "properties": {"edge_id": 1627, "from_node": 11776527150, "to_node": 117678043, "key": 0, "length": 24.73, "travel_time": 2.754, "access_score": 0.009908642151907749}}, {"type": "Feature", "geometry": {"type": "LineString", "coordinates": [[-2.581674, 51.458761], [-2.58154, 51.458692], [-2.581439, 51.458641]]}, "properties": {"edge_id": 1628, "from_node": 11776527150, "to_node": 11776527151, "key": 0, "length": 21.01, "travel_time": 2.35, "access_score": 0.009908642151907749}}, {"type": "Feature", "geometry": {"type": "LineString", "coordinates": [[-2.581439, 51.458641], [-2.58154, 51.458692], [-2.581674, 51.458761]]}, "properties": {"edge_id": 1629, "from_node": 11776527151, "to_node": 11776527150, "key": 0, "length": 21.01, "travel_time": 2.35, "access_score": 0.009908642151907749}}, {"type": "Feature", "geometry": {"type": "LineString", "coordinates": [[-2.58857, 51.457001], [-2.588587, 51.457023]]}, "properties": {"edge_id": 1630, "from_node": 11786838677, "to_node": 12806924704, "key": 0, "length": 2.71, "travel_time": 0.303, "access_score": 0.008184153032886863}}, {"type": "Feature", "geometry": {"type": "LineString", "coordinates": [[-2.58857, 51.457001], [-2.588402, 51.45701], [-2.588077, 51.457019], [-2.588063, 51.456991], [-2.587912, 51.457004]]}, "properties": {"edge_id": 1631, "from_node": 11786838677, "to_node": 2941119309, "key": 0, "length": 48.0, "travel_time": 5.369, "access_score": 0.008108677812534451}}, {"type": "Feature", "geometry": {"type": "LineString", "coordinates": [[-2.58857, 51.457001], [-2.588473, 51.456871], [-2.588287, 51.456655], [-2.588277, 51.456617], [-2.588294, 51.456594]]}, "properties": {"edge_id": 1632, "from_node": 11786838677, "to_node": 17406822, "key": 0, "length": 50.31, "travel_time": 5.627, "access_score": 0.008108677812534451}}, {"type": "Feature", "geometry": {"type": "LineString", "coordinates": [[-2.588764, 51.457297], [-2.588913, 51.457488], [-2.589083, 51.457696]]}, "properties": {"edge_id": 1633, "from_node": 11786838680, "to_node": 11786838687, "key": 0, "length": 49.61, "travel_time": 5.549, "access_score": 0.008993186340398132}}, {"type": "Feature", "geometry": {"type": "LineString", "coordinates": [[-2.588764, 51.457297], [-2.588816, 51.457282], [-2.588753, 51.457194], [-2.58871, 51.457206]]}, "properties": {"edge_id": 1634, "from_node": 11786838680, "to_node": 12272098112, "key": 0, "length": 17.99, "travel_time": 2.012, "access_score": 0.0090452139715187}}, {"type": "Feature", "geometry": {"type": "LineString", "coordinates": [[-2.588764, 51.457297], [-2.588703, 51.457313], [-2.58864, 51.457225], [-2.58871, 51.457206]]}, "properties": {"edge_id": 1635, "from_node": 11786838680, "to_node": 12272098112, "key": 1, "length": 20.6, "travel_time": 2.304, "access_score": 0.008731404098640073}}, {"type": "Feature", "geometry": {"type": "LineString", "coordinates": [[-2.589083, 51.457696], [-2.588715, 51.457815], [-2.58843, 51.457871], [-2.58822, 51.457922], [-2.588081, 51.457956]]}, "properties": {"edge_id": 1636, "from_node": 11786838687, "to_node": 5919449221, "key": 0, "length": 75.42, "travel_time": 8.435, "access_score": 0.008984443262449675}}, {"type": "Feature", "geometry": {"type": "LineString", "coordinates": [[-2.589083, 51.457696], [-2.589421, 51.457588], [-2.589542, 51.457553]]}, "properties": {"edge_id": 1637, "from_node": 11786838687, "to_node": 12248299110, "key": 0, "length": 35.6, "travel_time": 3.982, "access_score": 0.013210662078280568}}, {"type": "Feature", "geometry": {"type": "LineString", "coordinates": [[-2.589083, 51.457696], [-2.588913, 51.457488], [-2.588764, 51.457297]]}, "properties": {"edge_id": 1638, "from_node": 11786838687, "to_node": 11786838680, "key": 0, "length": 49.61, "travel_time": 5.549, "access_score": 0.008993186340398132}}, {"type": "Feature", "geometry": {"type": "LineString", "coordinates": [[-2.589083, 51.457696], [-2.589204, 51.45795], [-2.58953, 51.458326], [-2.589685, 51.458497], [-2.589748, 51.458564]]}, "properties": {"edge_id": 1639, "from_node": 11786838687, "to_node": 5919449223, "key": 0, "length": 107.41, "travel_time": 12.013, "access_score": 0.03305821455097533}}, {"type": "Feature", "geometry": {"type": "LineString", "coordinates": [[-2.579928, 51.45772], [-2.579839, 51.457788], [-2.5797, 51.457884]]}, "properties": {"edge_id": 1640, "from_node": 12023837911, "to_node": 6281096650, "key": 0, "length": 24.12, "travel_time": 1.799, "access_score": 0.010591569230172144}}, {"type": "Feature", "geometry": {"type": "LineString", "coordinates": [[-2.579928, 51.45772], [-2.580078, 51.457582], [-2.580218, 51.457445]]}, "properties": {"edge_id": 1641, "from_node": 12023837911, "to_node": 6281096706, "key": 0, "length": 36.58, "travel_time": 2.728, "access_score": 0.01172184363965488}}, {"type": "Feature", "geometry": {"type": "LineString", "coordinates": [[-2.579928, 51.45772], [-2.579862, 51.457684], [-2.579657, 51.45757], [-2.579518, 51.457609]]}, "properties": {"edge_id": 1642, "from_node": 12023837911, "to_node": 12023837913, "key": 0, "length": 35.57, "travel_time": 3.978, "access_score": 0.014177625809895103}}, {"type": "Feature", "geometry": {"type": "LineString", "coordinates": [[-2.579518, 51.457609], [-2.579657, 51.45757], [-2.579862, 51.457684], [-2.579928, 51.45772]]}, "properties": {"edge_id": 1643, "from_node": 12023837913, "to_node": 12023837911, "key": 0, "length": 35.57, "travel_time": 3.978, "access_score": 0.014177625809895103}}, {"type": "Feature", "geometry": {"type": "LineString", "coordinates": [[-2.589592, 51.463722], [-2.589659, 51.463725], [-2.589773, 51.463732]]}, "properties": {"edge_id": 1644, "from_node": 12248092926, "to_node": 12248092928, "key": 0, "length": 12.54, "travel_time": 1.403, "access_score": 0.08279844655905134}}, {"type": "Feature", "geometry": {"type": "LineString", "coordinates": [[-2.589773, 51.463732], [-2.58987, 51.463239]]}, "properties": {"edge_id": 1645, "from_node": 12248092928, "to_node": 21309748, "key": 0, "length": 55.25, "travel_time": 6.179, "access_score": 0.10365532617822948}}, {"type": "Feature", "geometry": {"type": "LineString", "coordinates": [[-2.589773, 51.463732], [-2.58976, 51.463797], [-2.589744, 51.463992]]}, "properties": {"edge_id": 1646, "from_node": 12248092928, "to_node": 26466665, "key": 0, "length": 29.06, "travel_time": 3.25, "access_score": 0.09290074506836617}}, {"type": "Feature", "geometry": {"type": "LineString", "coordinates": [[-2.589773, 51.463732], [-2.589659, 51.463725], [-2.589592, 51.463722]]}, "properties": {"edge_id": 1647, "from_node": 12248092928, "to_node": 12248092926, "key": 0, "length": 12.54, "travel_time": 1.403, "access_score": 0.08279844655905134}}, {"type": "Feature", "geometry": {"type": "LineString", "coordinates": [[-2.589542, 51.457553], [-2.589421, 51.457588], [-2.589083, 51.457696]]}, "properties": {"edge_id": 1648, "from_node": 12248299110, "to_node": 11786838687, "key": 0, "length": 35.6, "travel_time": 3.982, "access_score": 0.013210662078280568}}, {"type": "Feature", "geometry": {"type": "LineString", "coordinates": [[-2.589542, 51.457553], [-2.589514, 51.457515], [-2.5897, 51.457462], [-2.589729, 51.457502]]}, "properties": {"edge_id": 1649, "from_node": 12248299110, "to_node": 12248299111, "key": 0, "length": 23.64, "travel_time": 2.644, "access_score": 0.016340919596495532}}, {"type": "Feature", "geometry": {"type": "LineString", "coordinates": [[-2.589542, 51.457553], [-2.589572, 51.457593], [-2.589757, 51.45754], [-2.589729, 51.457502]]}, "properties": {"edge_id": 1650, "from_node": 12248299110, "to_node": 12248299111, "key": 1, "length": 23.66, "travel_time": 2.646, "access_score": 0.016217103853803108}}, {"type": "Feature", "geometry": {"type": "LineString", "coordinates": [[-2.589729, 51.457502], [-2.589757, 51.45754], [-2.589572, 51.457593], [-2.589542, 51.457553]]}, "properties": {"edge_id": 1651, "from_node": 12248299111, "to_node": 12248299110, "key": 0, "length": 23.66, "travel_time": 2.646, "access_score": 0.016217103853803108}}, {"type": "Feature", "geometry": {"type": "LineString", "coordinates": [[-2.589729, 51.457502], [-2.5897, 51.457462], [-2.589514, 51.457515], [-2.589542, 51.457553]]}, "properties": {"edge_id": 1652, "from_node": 12248299111, "to_node": 12248299110, "key": 1, "length": 23.64, "travel_time": 2.644, "access_score": 0.016340919596495532}}, {"type": "Feature", "geometry": {"type": "LineString", "coordinates": [[-2.589729, 51.457502], [-2.589902, 51.457452], [-2.590057, 51.457402]]}, "properties": {"edge_id": 1653, "from_node": 12248299111, "to_node": 12806902199, "key": 0, "length": 25.33, "travel_time": 2.833, "access_score": 0.027344796685697583}}, {"type": "Feature", "geometry": {"type": "LineString", "coordinates": [[-2.590152, 51.457371], [-2.590057, 51.457402]]}, "properties": {"edge_id": 1654, "from_node": 12272057948, "to_node": 12806902199, "key": 0, "length": 7.38, "travel_time": 0.825, "access_score": 0.03411290275859105}}, {"type": "Feature", "geometry": {"type": "LineString", "coordinates": [[-2.590152, 51.457371], [-2.590124, 51.457334], [-2.59031, 51.45728], [-2.590339, 51.45732]]}, "properties": {"edge_id": 1655, "from_node": 12272057948, "to_node": 12272057949, "key": 0, "length": 23.53, "travel_time": 2.632, "access_score": 0.06919710038202584}}, {"type": "Feature", "geometry": {"type": "LineString", "coordinates": [[-2.590152, 51.457371], [-2.590182, 51.457411], [-2.590367, 51.457358], [-2.590339, 51.45732]]}, "properties": {"edge_id": 1656, "from_node": 12272057948, "to_node": 12272057949, "key": 1, "length": 23.81, "travel_time": 2.663, "access_score": 0.06167381578072142}}, {"type": "Feature", "geometry": {"type": "LineString", "coordinates": [[-2.590339, 51.45732], [-2.590956, 51.457138]]}, "properties": {"edge_id": 1657, "from_node": 12272057949, "to_node": 12806902198, "key": 0, "length": 47.28, "travel_time": 5.288, "access_score": 0.11674319681577064}}, {"type": "Feature", "geometry": {"type": "LineString", "coordinates": [[-2.590339, 51.45732], [-2.590367, 51.457358], [-2.590182, 51.457411], [-2.590152, 51.457371]]}, "properties": {"edge_id": 1658, "from_node": 12272057949, "to_node": 12272057948, "key": 0, "length": 23.81, "travel_time": 2.663, "access_score": 0.06167381578072142}}, {"type": "Feature", "geometry": {"type": "LineString", "coordinates": [[-2.590339, 51.45732], [-2.59031, 51.45728], [-2.590124, 51.457334], [-2.590152, 51.457371]]}, "properties": {"edge_id": 1659, "from_node": 12272057949, "to_node": 12272057948, "key": 1, "length": 23.53, "travel_time": 2.632, "access_score": 0.06919710038202584}}, {"type": "Feature", "geometry": {"type": "LineString", "coordinates": [[-2.58871, 51.457206], [-2.588689, 51.457178]]}, "properties": {"edge_id": 1660, "from_node": 12272098112, "to_node": 12806924703, "key": 0, "length": 3.43, "travel_time": 0.384, "access_score": 0.008639472258510627}}, {"type": "Feature", "geometry": {"type": "LineString", "coordinates": [[-2.58871, 51.457206], [-2.58864, 51.457225], [-2.588703, 51.457313], [-2.588764, 51.457297]]}, "properties": {"edge_id": 1661, "from_node": 12272098112, "to_node": 11786838680, "key": 0, "length": 20.6, "travel_time": 2.304, "access_score": 0.008731404098640073}}, {"type": "Feature", "geometry": {"type": "LineString", "coordinates": [[-2.58871, 51.457206], [-2.588753, 51.457194], [-2.588816, 51.457282], [-2.588764, 51.457297]]}, "properties": {"edge_id": 1662, "from_node": 12272098112, "to_node": 11786838680, "key": 1, "length": 17.99, "travel_time": 2.012, "access_score": 0.0090452139715187}}, {"type": "Feature", "geometry": {"type": "LineString", "coordinates": [[-2.580521, 51.457262], [-2.580425, 51.457288], [-2.580365, 51.457295]]}, "properties": {"edge_id": 1663, "from_node": 12461273917, "to_node": 5157651754, "key": 0, "length": 11.51, "travel_time": 1.287, "access_score": 0.011615291325398435}}, {"type": "Feature", "geometry": {"type": "LineString", "coordinates": [[-2.580521, 51.457262], [-2.580527, 51.457269], [-2.580537, 51.457283]]}, "properties": {"edge_id": 1664, "from_node": 12461273917, "to_node": 12461273918, "key": 0, "length": 2.58, "travel_time": 0.289, "access_score": 0.01054502053075736}}, {"type": "Feature", "geometry": {"type": "LineString", "coordinates": [[-2.580521, 51.457262], [-2.580507, 51.457243], [-2.580502, 51.457236], [-2.580494, 51.457224], [-2.580561, 51.457135], [-2.580582, 51.457116], [-2.580634, 51.457096]]}, "properties": {"edge_id": 1665, "from_node": 12461273917, "to_node": 12461273922, "key": 0, "length": 22.31, "travel_time": 2.496, "access_score": 0.010918270360658159}}, {"type": "Feature", "geometry": {"type": "LineString", "coordinates": [[-2.580537, 51.457283], [-2.580506, 51.457291], [-2.580242, 51.45741]]}, "properties": {"edge_id": 1666, "from_node": 12461273918, "to_node": 17396682, "key": 0, "length": 24.91, "travel_time": 2.773, "access_score": 0.01183792396279245}}, {"type": "Feature", "geometry": {"type": "LineString", "coordinates": [[-2.580537, 51.457283], [-2.580599, 51.457266], [-2.580717, 51.457243]]}, "properties": {"edge_id": 1667, "from_node": 12461273918, "to_node": 1500366483, "key": 0, "length": 13.24, "travel_time": 1.474, "access_score": 0.010336673579148036}}, {"type": "Feature", "geometry": {"type": "LineString", "coordinates": [[-2.580537, 51.457283], [-2.580527, 51.457269], [-2.580521, 51.457262]]}, "properties": {"edge_id": 1668, "from_node": 12461273918, "to_node": 12461273917, "key": 0, "length": 2.58, "travel_time": 0.289, "access_score": 0.01054502053075736}}, {"type": "Feature", "geometry": {"type": "LineString", "coordinates": [[-2.580634, 51.457096], [-2.580462, 51.456938]]}, "properties": {"edge_id": 1669, "from_node": 12461273922, "to_node": 8942202643, "key": 0, "length": 21.22, "travel_time": 2.373, "access_score": 0.0126845259698985}}, {"type": "Feature", "geometry": {"type": "LineString", "coordinates": [[-2.580634, 51.457096], [-2.580666, 51.457124], [-2.580695, 51.457145], [-2.580721, 51.457156], [-2.580752, 51.457163], [-2.580792, 51.457168], [-2.580829, 51.457168], [-2.580868, 51.457164], [-2.580955, 51.457146], [-2.581066, 51.457172]]}, "properties": {"edge_id": 1670, "from_node": 12461273922, "to_node": 1280267501, "key": 0, "length": 34.04, "travel_time": 3.807, "access_score": 0.012118714433909984}}, {"type": "Feature", "geometry": {"type": "LineString", "coordinates": [[-2.580634, 51.457096], [-2.580582, 51.457116], [-2.580561, 51.457135], [-2.580494, 51.457224], [-2.580502, 51.457236], [-2.580507, 51.457243], [-2.580521, 51.457262]]}, "properties": {"edge_id": 1671, "from_node": 12461273922, "to_node": 12461273917, "key": 0, "length": 22.31, "travel_time": 2.496, "access_score": 0.010918270360658159}}, {"type": "Feature", "geometry": {"type": "LineString", "coordinates": [[-2.579963, 51.456599], [-2.580002, 51.456627]]}, "properties": {"edge_id": 1672, "from_node": 12461273925, "to_node": 3893231912, "key": 0, "length": 4.14, "travel_time": 0.463, "access_score": 0.03622755708482157}}, {"type": "Feature", "geometry": {"type": "LineString", "coordinates": [[-2.579963, 51.456599], [-2.579926, 51.456556], [-2.579878, 51.456506], [-2.579856, 51.456479]]}, "properties": {"edge_id": 1673, "from_node": 12461273925, "to_node": 3893231913, "key": 0, "length": 15.28, "travel_time": 1.709, "access_score": 0.07338691918101041}}, {"type": "Feature", "geometry": {"type": "LineString", "coordinates": [[-2.579963, 51.456599], [-2.579996, 51.456588], [-2.580044, 51.456575], [-2.580118, 51.456555], [-2.580142, 51.456555]]}, "properties": {"edge_id": 1674, "from_node": 12461273925, "to_node": 8939668299, "key": 0, "length": 13.48, "travel_time": 1.508, "access_score": 0.03622755708482157}}, {"type": "Feature", "geometry": {"type": "LineString", "coordinates": [[-2.58573, 51.456712], [-2.585645, 51.45673]]}, "properties": {"edge_id": 1675, "from_node": 12595689521, "to_node": 5822644372, "key": 0, "length": 6.26, "travel_time": 0.7, "access_score": 0.004847825540982319}}, {"type": "Feature", "geometry": {"type": "LineString", "coordinates": [[-2.58573, 51.456712], [-2.58576, 51.456722], [-2.585835, 51.456754], [-2.585925, 51.456779], [-2.586002, 51.456794], [-2.586077, 51.4568]]}, "properties": {"edge_id": 1676, "from_node": 12595689521, "to_node": 5822644369, "key": 0, "length": 26.32, "travel_time": 2.944, "access_score": 0.00472394463587194}}, {"type": "Feature", "geometry": {"type": "LineString", "coordinates": [[-2.58573, 51.456712], [-2.585866, 51.456913], [-2.585904, 51.45694]]}, "properties": {"edge_id": 1677, "from_node": 12595689521, "to_node": 12595689526, "key": 0, "length": 28.33, "travel_time": 3.169, "access_score": 0.004948815846049142}}, {"type": "Feature", "geometry": {"type": "LineString", "coordinates": [[-2.585904, 51.45694], [-2.585879, 51.456951], [-2.585816, 51.456986]]}, "properties": {"edge_id": 1678, "from_node": 12595689526, "to_node": 4661094415, "key": 0, "length": 7.93, "travel_time": 0.887, "access_score": 0.005150819986598801}}, {"type": "Feature", "geometry": {"type": "LineString", "coordinates": [[-2.585904, 51.45694], [-2.585866, 51.456913], [-2.58573, 51.456712]]}, "properties": {"edge_id": 1679, "from_node": 12595689526, "to_node": 12595689521, "key": 0, "length": 28.33, "travel_time": 3.169, "access_score": 0.004948815846049142}}, {"type": "Feature", "geometry": {"type": "LineString", "coordinates": [[-2.585904, 51.45694], [-2.585957, 51.456957], [-2.586005, 51.456962]]}, "properties": {"edge_id": 1680, "from_node": 12595689526, "to_node": 12595689528, "key": 0, "length": 7.44, "travel_time": 0.833, "access_score": 0.004948815846049142}}, {"type": "Feature", "geometry": {"type": "LineString", "coordinates": [[-2.586005, 51.456962], [-2.586017, 51.45698], [-2.586051, 51.457022]]}, "properties": {"edge_id": 1681, "from_node": 12595689528, "to_node": 12595689538, "key": 0, "length": 7.47, "travel_time": 0.835, "access_score": 0.004899850105127304}}, {"type": "Feature", "geometry": {"type": "LineString", "coordinates": [[-2.586005, 51.456962], [-2.586021, 51.456942], [-2.586124, 51.456836]]}, "properties": {"edge_id": 1682, "from_node": 12595689528, "to_node": 5822644360, "key": 0, "length": 16.22, "travel_time": 1.814, "access_score": 0.004858742664229559}}, {"type": "Feature", "geometry": {"type": "LineString", "coordinates": [[-2.586005, 51.456962], [-2.585957, 51.456957], [-2.585904, 51.45694]]}, "properties": {"edge_id": 1683, "from_node": 12595689528, "to_node": 12595689526, "key": 0, "length": 7.44, "travel_time": 0.833, "access_score": 0.004948815846049142}}, {"type": "Feature", "geometry": {"type": "LineString", "coordinates": [[-2.586051, 51.457022], [-2.585998, 51.457039]]}, "properties": {"edge_id": 1684, "from_node": 12595689538, "to_node": 6018494689, "key": 0, "length": 4.11, "travel_time": 0.459, "access_score": 0.004998568408853635}}, {"type": "Feature", "geometry": {"type": "LineString", "coordinates": [[-2.586051, 51.457022], [-2.586109, 51.457006], [-2.586169, 51.456979], [-2.586314, 51.456915]]}, "properties": {"edge_id": 1685, "from_node": 12595689538, "to_node": 5822644363, "key": 0, "length": 21.82, "travel_time": 2.441, "access_score": 0.004899850105127304}}, {"type": "Feature", "geometry": {"type": "LineString", "coordinates": [[-2.586051, 51.457022], [-2.586076, 51.457053], [-2.58609, 51.45707], [-2.586063, 51.457082], [-2.586031, 51.457105], [-2.586011, 51.457134], [-2.586007, 51.457166], [-2.585995, 51.457169], [-2.585966, 51.457176]]}, "properties": {"edge_id": 1686, "from_node": 12595689538, "to_node": 4661094416, "key": 0, "length": 21.74, "travel_time": 2.432, "access_score": 0.005285420683980173}}, {"type": "Feature", "geometry": {"type": "LineString", "coordinates": [[-2.586051, 51.457022], [-2.586017, 51.45698], [-2.586005, 51.456962]]}, "properties": {"edge_id": 1687, "from_node": 12595689538, "to_node": 12595689528, "key": 0, "length": 7.47, "travel_time": 0.835, "access_score": 0.004899850105127304}}, {"type": "Feature", "geometry": {"type": "LineString", "coordinates": [[-2.583712, 51.459453], [-2.583786, 51.459468]]}, "properties": {"edge_id": 1688, "from_node": 12613167913, "to_node": 436181749, "key": 0, "length": 5.38, "travel_time": 0.601, "access_score": 0.009489767341433622}}, {"type": "Feature", "geometry": {"type": "LineString", "coordinates": [[-2.592211, 51.457796], [-2.592223, 51.457762]]}, "properties": {"edge_id": 1689, "from_node": 12620942896, "to_node": 12620942897, "key": 0, "length": 3.95, "travel_time": 0.441, "access_score": 0.009064605628517769}}, {"type": "Feature", "geometry": {"type": "LineString", "coordinates": [[-2.592223, 51.457762], [-2.592211, 51.457796]]}, "properties": {"edge_id": 1690, "from_node": 12620942897, "to_node": 12620942896, "key": 0, "length": 3.95, "travel_time": 0.441, "access_score": 0.009064605628517769}}, {"type": "Feature", "geometry": {"type": "LineString", "coordinates": [[-2.592223, 51.457762], [-2.59216, 51.457751], [-2.59215, 51.45775], [-2.592031, 51.457723], [-2.591918, 51.457694]]}, "properties": {"edge_id": 1691, "from_node": 12620942897, "to_node": 17406787, "key": 0, "length": 22.46, "travel_time": 2.512, "access_score": 0.009627006751317186}}, {"type": "Feature", "geometry": {"type": "LineString", "coordinates": [[-2.584829, 51.456974], [-2.584744, 51.457001]]}, "properties": {"edge_id": 1692, "from_node": 12649817254, "to_node": 1280281136, "key": 0, "length": 6.61, "travel_time": 0.739, "access_score": 0.006858559376553618}}, {"type": "Feature", "geometry": {"type": "LineString", "coordinates": [[-2.584829, 51.456974], [-2.584894, 51.457066], [-2.58497, 51.457236], [-2.584964, 51.457329]]}, "properties": {"edge_id": 1693, "from_node": 12649817254, "to_node": 492221099, "key": 0, "length": 41.13, "travel_time": 4.601, "access_score": 0.007996396233637343}}, {"type": "Feature", "geometry": {"type": "LineString", "coordinates": [[-2.581213, 51.458417], [-2.581262, 51.458443]]}, "properties": {"edge_id": 1694, "from_node": 12750591314, "to_node": 12750591315, "key": 0, "length": 4.4, "travel_time": 0.492, "access_score": 0.010116751941556895}}, {"type": "Feature", "geometry": {"type": "LineString", "coordinates": [[-2.581213, 51.458417], [-2.581298, 51.458362], [-2.581392, 51.458295]]}, "properties": {"edge_id": 1695, "from_node": 12750591314, "to_node": 117677989, "key": 0, "length": 18.42, "travel_time": 2.061, "access_score": 0.012397086414823934}}, {"type": "Feature", "geometry": {"type": "LineString", "coordinates": [[-2.581213, 51.458417], [-2.580968, 51.458577], [-2.580773, 51.458715]]}, "properties": {"edge_id": 1696, "from_node": 12750591314, "to_node": 5834330514, "key": 0, "length": 45.0, "travel_time": 5.034, "access_score": 0.010116751941556895}}, {"type": "Feature", "geometry": {"type": "LineString", "coordinates": [[-2.581262, 51.458443], [-2.581213, 51.458417]]}, "properties": {"edge_id": 1697, "from_node": 12750591315, "to_node": 12750591314, "key": 0, "length": 4.4, "travel_time": 0.492, "access_score": 0.010116751941556895}}, {"type": "Feature", "geometry": {"type": "LineString", "coordinates": [[-2.590956, 51.457138], [-2.590339, 51.45732]]}, "properties": {"edge_id": 1698, "from_node": 12806902198, "to_node": 12272057949, "key": 0, "length": 47.28, "travel_time": 5.288, "access_score": 0.1167431968157707}}, {"type": "Feature", "geometry": {"type": "LineString", "coordinates": [[-2.590956, 51.457138], [-2.591003, 51.457126], [-2.591209, 51.45705], [-2.591262, 51.457026]]}, "properties": {"edge_id": 1699, "from_node": 12806902198, "to_node": 13288882109, "key": 0, "length": 24.64, "travel_time": 2.756, "access_score": 0.03320598712652159}}, {"type": "Feature", "geometry": {"type": "LineString", "coordinates": [[-2.590956, 51.457138], [-2.590932, 51.457105], [-2.590565, 51.456585], [-2.590453, 51.456561], [-2.590307, 51.456602]]}, "properties": {"edge_id": 1700, "from_node": 12806902198, "to_node": 12806924710, "key": 0, "length": 86.48, "travel_time": 9.673, "access_score": 0.1671879709967254}}, {"type": "Feature", "geometry": {"type": "LineString", "coordinates": [[-2.590057, 51.457402], [-2.590152, 51.457371]]}, "properties": {"edge_id": 1701, "from_node": 12806902199, "to_node": 12272057948, "key": 0, "length": 7.38, "travel_time": 0.825, "access_score": 0.03411290275859105}}, {"type": "Feature", "geometry": {"type": "LineString", "coordinates": [[-2.590057, 51.457402], [-2.589902, 51.457452], [-2.589729, 51.457502]]}, "properties": {"edge_id": 1702, "from_node": 12806902199, "to_node": 12248299111, "key": 0, "length": 25.33, "travel_time": 2.833, "access_score": 0.027344796685697583}}, {"type": "Feature", "geometry": {"type": "LineString", "coordinates": [[-2.590057, 51.457402], [-2.590011, 51.457344], [-2.589742, 51.456974], [-2.589613, 51.456797]]}, "properties": {"edge_id": 1703, "from_node": 12806902199, "to_node": 3307418825, "key": 0, "length": 73.97, "travel_time": 8.273, "access_score": 0.027816161391090322}}, {"type": "Feature", "geometry": {"type": "LineString", "coordinates": [[-2.589147, 51.456926], [-2.589613, 51.456797]]}, "properties": {"edge_id": 1704, "from_node": 12806924702, "to_node": 3307418825, "key": 0, "length": 35.38, "travel_time": 3.957, "access_score": 0.017832750294350688}}, {"type": "Feature", "geometry": {"type": "LineString", "coordinates": [[-2.589147, 51.456926], [-2.588976, 51.456906], [-2.588587, 51.457023]]}, "properties": {"edge_id": 1705, "from_node": 12806924702, "to_node": 12806924704, "key": 0, "length": 42.04, "travel_time": 4.702, "access_score": 0.011944901805513835}}, {"type": "Feature", "geometry": {"type": "LineString", "coordinates": [[-2.589147, 51.456926], [-2.589062, 51.457076], [-2.588689, 51.457178]]}, "properties": {"edge_id": 1706, "from_node": 12806924702, "to_node": 12806924703, "key": 0, "length": 45.87, "travel_time": 5.13, "access_score": 0.011944901805513835}}, {"type": "Feature", "geometry": {"type": "LineString", "coordinates": [[-2.588689, 51.457178], [-2.588587, 51.457023]]}, "properties": {"edge_id": 1707, "from_node": 12806924703, "to_node": 12806924704, "key": 0, "length": 18.66, "travel_time": 2.088, "access_score": 0.008573532161841762}}, {"type": "Feature", "geometry": {"type": "LineString", "coordinates": [[-2.588689, 51.457178], [-2.58871, 51.457206]]}, "properties": {"edge_id": 1708, "from_node": 12806924703, "to_node": 12272098112, "key": 0, "length": 3.43, "travel_time": 0.384, "access_score": 0.008639472258510627}}, {"type": "Feature", "geometry": {"type": "LineString", "coordinates": [[-2.588689, 51.457178], [-2.589062, 51.457076], [-2.589147, 51.456926]]}, "properties": {"edge_id": 1709, "from_node": 12806924703, "to_node": 12806924702, "key": 0, "length": 45.87, "travel_time": 5.13, "access_score": 0.011944901805513835}}, {"type": "Feature", "geometry": {"type": "LineString", "coordinates": [[-2.588587, 51.457023], [-2.58857, 51.457001]]}, "properties": {"edge_id": 1710, "from_node": 12806924704, "to_node": 11786838677, "key": 0, "length": 2.71, "travel_time": 0.303, "access_score": 0.008184153032886863}}, {"type": "Feature", "geometry": {"type": "LineString", "coordinates": [[-2.588587, 51.457023], [-2.588689, 51.457178]]}, "properties": {"edge_id": 1711, "from_node": 12806924704, "to_node": 12806924703, "key": 0, "length": 18.66, "travel_time": 2.088, "access_score": 0.008573532161841762}}, {"type": "Feature", "geometry": {"type": "LineString", "coordinates": [[-2.588587, 51.457023], [-2.588976, 51.456906], [-2.589147, 51.456926]]}, "properties": {"edge_id": 1712, "from_node": 12806924704, "to_node": 12806924702, "key": 0, "length": 42.04, "travel_time": 4.702, "access_score": 0.011944901805513835}}, {"type": "Feature", "geometry": {"type": "LineString", "coordinates": [[-2.590112, 51.456561], [-2.590307, 51.456602]]}, "properties": {"edge_id": 1713, "from_node": 12806924705, "to_node": 12806924710, "key": 0, "length": 14.29, "travel_time": 1.476, "access_score": 0.036369587989251315}}, {"type": "Feature", "geometry": {"type": "LineString", "coordinates": [[-2.590307, 51.456602], [-2.589613, 51.456797]]}, "properties": {"edge_id": 1714, "from_node": 12806924710, "to_node": 3307418825, "key": 0, "length": 52.75, "travel_time": 5.899, "access_score": 0.036369587989251315}}, {"type": "Feature", "geometry": {"type": "LineString", "coordinates": [[-2.590307, 51.456602], [-2.590112, 51.456561]]}, "properties": {"edge_id": 1715, "from_node": 12806924710, "to_node": 12806924705, "key": 0, "length": 14.29, "travel_time": 1.476, "access_score": 0.036369587989251315}}, {"type": "Feature", "geometry": {"type": "LineString", "coordinates": [[-2.590307, 51.456602], [-2.590453, 51.456561], [-2.590565, 51.456585], [-2.590932, 51.457105], [-2.590956, 51.457138]]}, "properties": {"edge_id": 1716, "from_node": 12806924710, "to_node": 12806902198, "key": 0, "length": 86.48, "travel_time": 9.673, "access_score": 0.16718797099672536}}, {"type": "Feature", "geometry": {"type": "LineString", "coordinates": [[-2.582224, 51.458273], [-2.582264, 51.458291], [-2.582429, 51.458358]]}, "properties": {"edge_id": 1717, "from_node": 12960802960, "to_node": 5061067317, "key": 0, "length": 17.08, "travel_time": 1.91, "access_score": 0.024072348849216767}}, {"type": "Feature", "geometry": {"type": "LineString", "coordinates": [[-2.579266, 51.458553], [-2.5793, 51.458572]]}, "properties": {"edge_id": 1718, "from_node": 12989585399, "to_node": 6281096609, "key": 0, "length": 3.15, "travel_time": 0.352, "access_score": 0.02027883532167331}}, {"type": "Feature", "geometry": {"type": "LineString", "coordinates": [[-2.579266, 51.458553], [-2.579909, 51.458124], [-2.579917, 51.458119], [-2.579925, 51.458116], [-2.579934, 51.458114], [-2.579942, 51.458114]]}, "properties": {"edge_id": 1719, "from_node": 12989585399, "to_node": 5834330531, "key": 0, "length": 67.94, "travel_time": 7.599, "access_score": 0.019394490730379684}}, {"type": "Feature", "geometry": {"type": "LineString", "coordinates": [[-2.583721, 51.45781], [-2.583659, 51.457792]]}, "properties": {"edge_id": 1720, "from_node": 12992899143, "to_node": 5448085793, "key": 0, "length": 4.7, "travel_time": 0.526, "access_score": 0.027638158775542192}}, {"type": "Feature", "geometry": {"type": "LineString", "coordinates": [[-2.583721, 51.45781], [-2.584068, 51.457911]]}, "properties": {"edge_id": 1721, "from_node": 12992899143, "to_node": 3860810901, "key": 0, "length": 26.52, "travel_time": 2.966, "access_score": 0.029603180074134948}}, {"type": "Feature", "geometry": {"type": "LineString", "coordinates": [[-2.583721, 51.45781], [-2.5838, 51.457786], [-2.583893, 51.457766], [-2.584004, 51.457736], [-2.58414, 51.457684], [-2.584292, 51.457584]]}, "properties": {"edge_id": 1722, "from_node": 12992899143, "to_node": 262440061, "key": 0, "length": 47.7, "travel_time": 5.335, "access_score": 0.027638158775542192}}, {"type": "Feature", "geometry": {"type": "LineString", "coordinates": [[-2.590892, 51.459913], [-2.590845, 51.459913]]}, "properties": {"edge_id": 1723, "from_node": 13002072656, "to_node": 644926968, "key": 0, "length": 3.29, "travel_time": 0.368, "access_score": 0.024526297251259467}}, {"type": "Feature", "geometry": {"type": "LineString", "coordinates": [[-2.592083, 51.460115], [-2.591846, 51.460293]]}, "properties": {"edge_id": 1724, "from_node": 13127907918, "to_node": 287226719, "key": 0, "length": 25.7, "travel_time": 2.875, "access_score": 0.012212420204275935}}, {"type": "Feature", "geometry": {"type": "LineString", "coordinates": [[-2.583075, 51.457178], [-2.583296, 51.45714], [-2.583346, 51.457097]]}, "properties": {"edge_id": 1725, "from_node": 13136150089, "to_node": 1280269110, "key": 0, "length": 21.81, "travel_time": 2.44, "access_score": 0.012177151177119032}}, {"type": "Feature", "geometry": {"type": "LineString", "coordinates": [[-2.583114, 51.457635], [-2.583014, 51.457731]]}, "properties": {"edge_id": 1726, "from_node": 13176630418, "to_node": 5834930843, "key": 0, "length": 12.74, "travel_time": 1.425, "access_score": 0.01670124671917651}}, {"type": "Feature", "geometry": {"type": "LineString", "coordinates": [[-2.583114, 51.457635], [-2.58282, 51.45756]]}, "properties": {"edge_id": 1727, "from_node": 13176630418, "to_node": 117678000, "key": 0, "length": 21.98, "travel_time": 2.448, "access_score": 0.02133278963976998}}, {"type": "Feature", "geometry": {"type": "LineString", "coordinates": [[-2.583114, 51.457635], [-2.583147, 51.457601], [-2.583168, 51.457562], [-2.583098, 51.457479], [-2.58301, 51.457398], [-2.582948, 51.457364], [-2.582892, 51.457332]]}, "properties": {"edge_id": 1728, "from_node": 13176630418, "to_node": 1280267492, "key": 0, "length": 41.3, "travel_time": 4.62, "access_score": 0.0162130013679199}}, {"type": "Feature", "geometry": {"type": "LineString", "coordinates": [[-2.583114, 51.457635], [-2.583137, 51.45764], [-2.583365, 51.457707]]}, "properties": {"edge_id": 1729, "from_node": 13176630418, "to_node": 2045184012, "key": 0, "length": 19.15, "travel_time": 2.132, "access_score": 0.018951618034024686}}, {"type": "Feature", "geometry": {"type": "LineString", "coordinates": [[-2.58236, 51.464302], [-2.582304, 51.4643]]}, "properties": {"edge_id": 1730, "from_node": 13191500416, "to_node": 3980721933, "key": 0, "length": 3.93, "travel_time": 0.439, "access_score": 0.0025550309332633284}}, {"type": "Feature", "geometry": {"type": "LineString", "coordinates": [[-2.58236, 51.464302], [-2.582361, 51.464286]]}, "properties": {"edge_id": 1731, "from_node": 13191500416, "to_node": 13191500417, "key": 0, "length": 1.81, "travel_time": 0.203, "access_score": 0.002556946289407636}}, {"type": "Feature", "geometry": {"type": "LineString", "coordinates": [[-2.58236, 51.464302], [-2.582331, 51.46454]]}, "properties": {"edge_id": 1732, "from_node": 13191500416, "to_node": 13191500418, "key": 0, "length": 26.5, "travel_time": 2.963, "access_score": 0.0025457885680783814}}, {"type": "Feature", "geometry": {"type": "LineString", "coordinates": [[-2.58236, 51.464302], [-2.58252, 51.464305], [-2.582592, 51.464307]]}, "properties": {"edge_id": 1733, "from_node": 13191500416, "to_node": 13191500421, "key": 0, "length": 16.09, "travel_time": 1.799, "access_score": 0.0025457885680783814}}, {"type": "Feature", "geometry": {"type": "LineString", "coordinates": [[-2.582361, 51.464286], [-2.58236, 51.464302]]}, "properties": {"edge_id": 1734, "from_node": 13191500417, "to_node": 13191500416, "key": 0, "length": 1.81, "travel_time": 0.203, "access_score": 0.002556946289407636}}, {"type": "Feature", "geometry": {"type": "LineString", "coordinates": [[-2.582361, 51.464286], [-2.582522, 51.464289]]}, "properties": {"edge_id": 1735, "from_node": 13191500417, "to_node": 13191500419, "key": 0, "length": 11.14, "travel_time": 1.246, "access_score": 0.002556946289407636}}, {"type": "Feature", "geometry": {"type": "LineString", "coordinates": [[-2.582361, 51.464286], [-2.582362, 51.464263]]}, "properties": {"edge_id": 1736, "from_node": 13191500417, "to_node": 13191500424, "key": 0, "length": 2.56, "travel_time": 0.264, "access_score": 0.0025728117453503534}}, {"type": "Feature", "geometry": {"type": "LineString", "coordinates": [[-2.582331, 51.46454], [-2.58236, 51.464302]]}, "properties": {"edge_id": 1737, "from_node": 13191500418, "to_node": 13191500416, "key": 0, "length": 26.5, "travel_time": 2.963, "access_score": 0.0025457885680783814}}, {"type": "Feature", "geometry": {"type": "LineString", "coordinates": [[-2.582331, 51.46454], [-2.582567, 51.464381], [-2.582665, 51.46431]]}, "properties": {"edge_id": 1738, "from_node": 13191500418, "to_node": 3980721934, "key": 0, "length": 34.46, "travel_time": 3.855, "access_score": 0.002496309839142101}}, {"type": "Feature", "geometry": {"type": "LineString", "coordinates": [[-2.582522, 51.464289], [-2.582361, 51.464286]]}, "properties": {"edge_id": 1739, "from_node": 13191500419, "to_node": 13191500417, "key": 0, "length": 11.14, "travel_time": 1.246, "access_score": 0.002556946289407636}}, {"type": "Feature", "geometry": {"type": "LineString", "coordinates": [[-2.582592, 51.464307], [-2.582665, 51.46431]]}, "properties": {"edge_id": 1740, "from_node": 13191500421, "to_node": 3980721934, "key": 0, "length": 5.08, "travel_time": 0.568, "access_score": 0.002509523372658159}}, {"type": "Feature", "geometry": {"type": "LineString", "coordinates": [[-2.582592, 51.464307], [-2.582618, 51.464289]]}, "properties": {"edge_id": 1741, "from_node": 13191500421, "to_node": 13191500422, "key": 0, "length": 2.67, "travel_time": 0.276, "access_score": 0.0025172941195061053}}, {"type": "Feature", "geometry": {"type": "LineString", "coordinates": [[-2.582592, 51.464307], [-2.58252, 51.464305], [-2.58236, 51.464302]]}, "properties": {"edge_id": 1742, "from_node": 13191500421, "to_node": 13191500416, "key": 0, "length": 16.09, "travel_time": 1.799, "access_score": 0.0025457885680783814}}, {"type": "Feature", "geometry": {"type": "LineString", "coordinates": [[-2.582618, 51.464289], [-2.582592, 51.464307]]}, "properties": {"edge_id": 1743, "from_node": 13191500422, "to_node": 13191500421, "key": 0, "length": 2.67, "travel_time": 0.276, "access_score": 0.0025172941195061053}}, {"type": "Feature", "geometry": {"type": "LineString", "coordinates": [[-2.582362, 51.464263], [-2.582361, 51.464286]]}, "properties": {"edge_id": 1744, "from_node": 13191500424, "to_node": 13191500417, "key": 0, "length": 2.56, "travel_time": 0.264, "access_score": 0.0025728117453503534}}, {"type": "Feature", "geometry": {"type": "LineString", "coordinates": [[-2.588708, 51.463984], [-2.588896, 51.464157], [-2.588799, 51.464196], [-2.588904, 51.464312], [-2.588989, 51.464406]]}, "properties": {"edge_id": 1745, "from_node": 13275305468, "to_node": 13275305469, "key": 0, "length": 58.02, "travel_time": 6.489, "access_score": 0.06912940604997328}}, {"type": "Feature", "geometry": {"type": "LineString", "coordinates": [[-2.588989, 51.464406], [-2.589233, 51.46435]]}, "properties": {"edge_id": 1746, "from_node": 13275305469, "to_node": 21257368, "key": 0, "length": 18.01, "travel_time": 2.014, "access_score": 0.06912940604997328}}, {"type": "Feature", "geometry": {"type": "LineString", "coordinates": [[-2.588989, 51.464406], [-2.588904, 51.464312], [-2.588799, 51.464196], [-2.588896, 51.464157], [-2.588708, 51.463984]]}, "properties": {"edge_id": 1747, "from_node": 13275305469, "to_node": 13275305468, "key": 0, "length": 58.02, "travel_time": 6.489, "access_score": 0.06912940604997328}}, {"type": "Feature", "geometry": {"type": "LineString", "coordinates": [[-2.591262, 51.457026], [-2.591209, 51.45705], [-2.591003, 51.457126], [-2.590956, 51.457138]]}, "properties": {"edge_id": 1748, "from_node": 13288882109, "to_node": 12806902198, "key": 0, "length": 24.64, "travel_time": 2.756, "access_score": 0.03320598712652159}}, {"type": "Feature", "geometry": {"type": "LineString", "coordinates": [[-2.591262, 51.457026], [-2.591297, 51.45701], [-2.591349, 51.456994]]}, "properties": {"edge_id": 1749, "from_node": 13288882109, "to_node": 365559371, "key": 0, "length": 7.04, "travel_time": 0.788, "access_score": 0.02097411295135073}}, {"type": "Feature", "geometry": {"type": "LineString", "coordinates": [[-2.591406, 51.456986], [-2.59156, 51.456966]]}, "properties": {"edge_id": 1750, "from_node": 13288882110, "to_node": 242578487, "key": 0, "length": 10.97, "travel_time": 1.227, "access_score": 0.023091806581411946}}, {"type": "Feature", "geometry": {"type": "LineString", "coordinates": [[-2.591406, 51.456986], [-2.591349, 51.456994]]}, "properties": {"edge_id": 1751, "from_node": 13288882110, "to_node": 365559371, "key": 0, "length": 4.02, "travel_time": 0.449, "access_score": 0.020849090812167816}}]}