u,v,key,osmid,highway,lanes,maxspeed,name,oneway,reversed,length,speed_kph,travel_time,geometry,lit,surface,ref,width,tunnel,junction,access,service,bridge
21761594,3297556863,0,4197043,unclassified,2,20 mph,Sidwell Street,False,False,20.386327912588143,32.1868,2.280151505751343,"LINESTRING (-3.5269569 50.7255426, -3.5266948 50.7256206)",yes,asphalt,,,,,,,
21761594,497693629,0,42490982,secondary,2,20 mph,Paris Street,False,True,12.841194547715132,32.1868,1.4362502756339395,"LINESTRING (-3.5269569 50.7255426, -3.5268456 50.7254511)",yes,asphalt,B3183,,,,,,
21761594,376042422,0,596074182,unclassified,1,20 mph,High Street,False,True,8.551931363436312,32.1868,0.9565086590891522,"LINESTRING (-3.5269569 50.7255426, -3.5270691 50.7255131)",yes,asphalt,,6.6,,,,,
3297556863,21761594,0,4197043,unclassified,2,20 mph,Sidwell Street,False,True,20.386327912588143,32.1868,2.280151505751343,"LINESTRING (-3.5266948 50.7256206, -3.5269569 50.7255426)",yes,asphalt,,,,,,,
3297556863,299022771,0,4197043,unclassified,2,20 mph,Sidwell Street,False,False,36.68326141578737,32.1868,4.1029161363302515,"LINESTRING (-3.5266948 50.7256206, -3.5265693 50.7256557, -3.526328 50.72573, -3.5262263 50.7257648)",yes,asphalt,,,,,,,
3297556863,3297556862,0,697870534,footway,,,,False,False,77.73724305974046,32.1868,8.694684622735585,"LINESTRING (-3.5266948 50.7256206, -3.5267421 50.7256805, -3.5269251 50.7256686, -3.5270398 50.7257219, -3.5272712 50.7259224, -3.5273771 50.7260209, -3.5273811 50.726079)",yes,asphalt,,,,,,,
3297556863,6212403298,0,697870534,footway,,,,False,True,18.3648064163063,32.1868,2.054050203769952,"LINESTRING (-3.5266948 50.7256206, -3.5266536 50.7255676, -3.5267461 50.7255298, -3.526752 50.7254936)",yes,asphalt,,,,,,,
497693629,21761594,0,42490982,secondary,2,20 mph,Paris Street,False,False,12.841194547715132,32.1868,1.4362502756339395,"LINESTRING (-3.5268456 50.7254511, -3.5269569 50.7255426)",yes,asphalt,B3183,,,,,,
497693629,21761641,0,"[408884056, 25114997]",secondary,"['2', '1']",20 mph,Paris Street,False,True,53.5351880505618,32.1868,5.9877551350871325,"LINESTRING (-3.5268456 50.7254511, -3.5268075 50.7254146, -3.5266063 50.7252301, -3.5263396 50.7250994)",yes,paving_stones,B3183,,,,,,
497693629,6212425622,0,663718584,footway,,,,False,False,7.710813954550807,32.1868,0.8624321223726157,"LINESTRING (-3.5268456 50.7254511, -3.526901 50.72543, -3.5269405 50.7254165)",yes,asphalt,,,,,,,
497693629,6212403298,0,663718584,footway,,,,False,True,8.109324809496202,32.1868,0.9070044028665891,"LINESTRING (-3.5268456 50.7254511, -3.5267964 50.7254742, -3.526752 50.7254936)",yes,asphalt,,,,,,,
376042422,21761594,0,596074182,unclassified,1,20 mph,High Street,False,False,8.551931363436312,32.1868,0.9565086590891522,"LINESTRING (-3.5270691 50.7255131, -3.5269569 50.7255426)",yes,asphalt,,6.6,,,,,
376042422,41437657,0,596074182,unclassified,1,20 mph,High Street,False,True,30.660349082328466,32.1868,3.42927090286647,"LINESTRING (-3.5270691 50.7255131, -3.5274544 50.7253845)",yes,paving_stones,,6.6,,,,,
376042422,6212425622,0,663716085,footway,,,,False,True,14.047118232639317,32.1868,1.5711293336865282,"LINESTRING (-3.5270691 50.7255131, -3.527031 50.7254845, -3.5269513 50.7254246, -3.5269405 50.7254165)",yes,asphalt,,,,,,,
299022771,3297556863,0,4197043,unclassified,2,20 mph,Sidwell Street,False,True,36.68326141578737,32.1868,4.1029161363302515,"LINESTRING (-3.5262263 50.7257648, -3.526328 50.72573, -3.5265693 50.7256557, -3.5266948 50.7256206)",yes,asphalt,,,,,,,
299022771,1479619169,0,"[655682120, 655682119]",unclassified,2,20 mph,Sidwell Street,False,False,45.70324746154646,32.1868,5.111775350813604,"LINESTRING (-3.5262263 50.7257648, -3.526036 50.7258579, -3.5258812 50.7259466, -3.5257469 50.7260404)",yes,asphalt,,,,,,,
299022771,299022772,0,"[26645194, 1099927789, 1099927790]",footway,,,,False,True,48.72197859610482,32.1868,5.449411651545893,"LINESTRING (-3.5262263 50.7257648, -3.5261903 50.7257346, -3.5261172 50.725686, -3.5258592 50.7255159, -3.525815 50.7254825, -3.5257586 50.7254422)",yes,asphalt,,,yes,,,,
3297556862,36670781,0,42027861,unclassified,,20 mph,Longbrook Street,False,False,10.538932479426583,32.1868,1.1787489568995893,"LINESTRING (-3.5273811 50.726079, -3.5275077 50.7260284)",yes,asphalt,,,,,,,
3297556862,292262646,0,42027861,unclassified,,20 mph,Longbrook Street,False,True,68.92883253492323,32.1868,7.709489515134267,"LINESTRING (-3.5273811 50.726079, -3.5273222 50.726141, -3.5273065 50.726161, -3.5272741 50.7262023, -3.5272495 50.7262618, -3.5271847 50.7264889, -3.5271285 50.7266723)",yes,asphalt,,,,,,,
3297556862,3297556863,0,697870534,footway,,,,False,True,77.73724305974048,32.1868,8.694684622735586,"LINESTRING (-3.5273811 50.726079, -3.5273771 50.7260209, -3.5272712 50.7259224, -3.5270398 50.7257219, -3.5269251 50.7256686, -3.5267421 50.7256805, -3.5266948 50.7256206)",yes,asphalt,,,,,,,
6212403298,497693629,0,663718584,footway,,,,False,False,8.109324809496202,32.1868,0.9070044028665891,"LINESTRING (-3.526752 50.7254936, -3.5267964 50.7254742, -3.5268456 50.7254511)",yes,asphalt,,,,,,,
6212403298,3297556863,0,697870534,footway,,,,False,False,18.3648064163063,32.1868,2.054050203769952,"LINESTRING (-3.526752 50.7254936, -3.5267461 50.7255298, -3.5266536 50.7255676, -3.5266948 50.7256206)",yes,asphalt,,,,,,,
6212403298,6531967633,0,697870534,footway,,,,False,True,51.74927111779405,32.1868,5.7880055185373696,"LINESTRING (-3.526752 50.7254936, -3.5266985 50.7254079, -3.5265299 50.7252766, -3.5264012 50.7252032, -3.5262825 50.7251461)",yes,asphalt,,,,,,,
21761641,6531967633,0,8693858,pedestrian,,,Princesshay Lane,False,False,6.566605627444189,32.1868,0.7344557476605031,"LINESTRING (-3.5263396 50.7250994, -3.5262825 50.7251461)",yes,asphalt,,,,,,,
21761641,6212403293,0,8693858,pedestrian,,,Princesshay Lane,False,True,8.81154637876016,32.1868,0.9855458437476411,"LINESTRING (-3.5263396 50.7250994, -3.5264132 50.7250353)",yes,paving_stones,,,,,,,
21761641,497693629,0,"[408884056, 25114997]",secondary,"['2', '1']",20 mph,Paris Street,False,False,53.5351880505618,32.1868,5.9877551350871325,"LINESTRING (-3.5263396 50.7250994, -3.5266063 50.7252301, -3.5268075 50.7254146, -3.5268456 50.7254511)",yes,asphalt,B3183,,,,,,
21761641,6212412132,0,25114997,secondary,1,20 mph,Paris Street,False,True,50.06600183154393,32.1868,5.599736742812524,"LINESTRING (-3.5263396 50.7250994, -3.5260721 50.7250027, -3.5259386 50.7249886, -3.5257648 50.7249709, -3.525673 50.7249694)",yes,paving_stones,B3183,,,,,,
6212425622,376042422,0,663716085,footway,,,,False,False,14.047118232639319,32.1868,1.5711293336865284,"LINESTRING (-3.5269405 50.7254165, -3.5269513 50.7254246, -3.527031 50.7254845, -3.5270691 50.7255131)",yes,asphalt,,,,,,,
6212425622,6212403293,0,663716085,footway,,,,False,True,56.50751207180351,32.1868,6.3202009351191375,"LINESTRING (-3.5269405 50.7254165, -3.5267595 50.7252577, -3.5266422 50.7251868, -3.5265244 50.7251074, -3.5264132 50.7250353)",yes,asphalt,,,,,,,
6212425622,497693629,0,663718584,footway,,,,False,True,7.710813954550807,32.1868,0.8624321223726157,"LINESTRING (-3.5269405 50.7254165, -3.526901 50.72543, -3.5268456 50.7254511)",yes,asphalt,,,,,,,
41437657,376042422,0,596074182,unclassified,1,20 mph,High Street,False,False,30.660349082328466,32.1868,3.42927090286647,"LINESTRING (-3.5274544 50.7253845, -3.5270691 50.7255131)",yes,paving_stones,,6.6,,,,,
41437657,9773201158,0,5582128,footway,,,Roman Gate,False,True,56.25911037251996,32.1868,6.292417927258127,"LINESTRING (-3.5274544 50.7253845, -3.5274811 50.7254073, -3.5275561 50.7254716, -3.5279209 50.7257607, -3.5279515 50.7257804)",yes,paving_stones,,,,,,,
41437657,59817531,0,"[1126819250, 596074182]",unclassified,1,20 mph,High Street,False,True,28.277256813120946,32.1868,3.162728961165304,"LINESTRING (-3.5274544 50.7253845, -3.5275686 50.725331, -3.5277774 50.7252333)",yes,asphalt,,6.6,,,,,
21761609,174022412,0,16811323,secondary,1,30 mph,Heavitree Road,False,False,52.058838883359776,48.2802,3.881753182051756,"LINESTRING (-3.5222055 50.7252679, -3.5221898 50.7251748, -3.5221603 50.7251188, -3.5221033 50.7250647, -3.521768 50.7249317)",yes,asphalt,B3183,,,,,,
21761609,5784302000,0,655753851,secondary,2,30 mph,,False,True,15.966584098278167,48.2802,1.190544006731567,"LINESTRING (-3.5222055 50.7252679, -3.5222165 50.7253265, -3.522241 50.725386, -3.5222595 50.7254059)",yes,asphalt,B3183,,,roundabout,,,
21761609,5784256589,0,655753859,secondary,2,30 mph,,False,False,28.4298770178994,48.2802,2.1198660582275517,"LINESTRING (-3.5222055 50.7252679, -3.5222142 50.7252452, -3.5222551 50.7251691, -3.5223318 50.725105, -3.5224237 50.7250634)",yes,asphalt,B3183,,,roundabout,,,
174022412,21761609,0,16811323,secondary,1,30 mph,Heavitree Road,False,True,52.058838883359776,48.2802,3.881753182051756,"LINESTRING (-3.521768 50.7249317, -3.5221033 50.7250647, -3.5221603 50.7251188, -3.5221898 50.7251748, -3.5222055 50.7252679)",yes,asphalt,B3183,,,,,,
174022412,5784256589,0,16811334,secondary,2,30 mph,Heavitree Road,False,False,48.54440140138155,48.2802,3.61970010573638,"LINESTRING (-3.521768 50.7249317, -3.5222626 50.7250448, -3.5224237 50.7250634)",yes,asphalt,B3183,,,,,,
174022412,34917448,0,148809162,secondary,2,30 mph,Heavitree Road,False,True,71.31598893936223,48.2802,5.317657345696663,"LINESTRING (-3.521768 50.7249317, -3.5213833 50.7248194, -3.5209036 50.724705, -3.5208335 50.724685)",yes,asphalt,B3183,,,,,,
5784302000,6210838922,0,42737096,secondary,2,30 mph,Western Way,False,True,15.129127738572008,48.2802,1.128099300724919,"LINESTRING (-3.5222595 50.7254059, -3.5222445 50.7255031, -3.5222488 50.7255414)",yes,asphalt,B3212,,,,,,
5784302000,21761609,0,655753851,secondary,2,30 mph,,False,False,15.966584098278167,48.2802,1.190544006731567,"LINESTRING (-3.5222595 50.7254059, -3.522241 50.725386, -3.5222165 50.7253265, -3.5222055 50.7252679)",yes,asphalt,B3183,,,roundabout,,,
5784302000,359237293,0,655753852,secondary,2,30 mph,,False,True,19.66343150397694,48.2802,1.4661984294662613,"LINESTRING (-3.5222595 50.7254059, -3.5222913 50.7254403, -3.5223685 50.7254883, -3.5224632 50.7255214)",yes,asphalt,B3183,,,roundabout,,,
5784256589,174022412,0,16811334,secondary,2,30 mph,Heavitree Road,False,True,48.54440140138155,48.2802,3.61970010573638,"LINESTRING (-3.5224237 50.7250634, -3.5222626 50.7250448, -3.521768 50.7249317)",yes,asphalt,B3183,,,,,,
5784256589,5784256588,0,655753858,secondary,2,30 mph,,False,False,10.60005676314186,48.2802,0.7903903535468099,"LINESTRING (-3.5224237 50.7250634, -3.522525 50.7250408, -3.522568 50.7250383)",yes,asphalt,B3183,,,roundabout,,,
5784256589,21761609,0,655753859,secondary,2,30 mph,,False,True,28.4298770178994,48.2802,2.1198660582275517,"LINESTRING (-3.5224237 50.7250634, -3.5223318 50.725105, -3.5222551 50.7251691, -3.5222142 50.7252452, -3.5222055 50.7252679)",yes,asphalt,B3183,,,roundabout,,,
34917448,9797141046,0,7981300,unclassified,1,20 mph,Russell Street,False,False,5.888300640961886,32.1868,0.6585893070284338,"LINESTRING (-3.5208335 50.724685, -3.5208042 50.7247346)",yes,asphalt,,,,,,,
34917448,5666896496,0,148809163,residential,,20 mph,Denmark Road,False,True,8.386493483959871,32.1868,0.9380049132643051,"LINESTRING (-3.5208335 50.724685, -3.5208728 50.7246138)",yes,asphalt,,,,,,,
34917448,59741722,0,149551332,secondary,2,30 mph,Heavitree Road,False,True,66.27106904509864,48.2802,4.941484263991348,"LINESTRING (-3.5208335 50.724685, -3.5199663 50.724453)",yes,asphalt,B3183,,,,,,
34917448,174022412,0,148809162,secondary,2,30 mph,Heavitree Road,False,False,71.31598893936223,48.2802,5.317657345696663,"LINESTRING (-3.5208335 50.724685, -3.5209036 50.724705, -3.5213833 50.7248194, -3.521768 50.7249317)",yes,asphalt,B3183,,,,,,
6210838922,174022414,0,42737096,secondary,2,30 mph,Western Way,False,True,12.03115038234043,48.2802,0.8970994605744289,"LINESTRING (-3.5222488 50.7255414, -3.5222153 50.7256475)",yes,asphalt,B3212,,,,,,
6210838922,6210838921,0,663556671,footway,,,,False,False,9.327915546753532,32.1868,1.043300233894414,"LINESTRING (-3.5222488 50.7255414, -3.5223592 50.7255878)",yes,asphalt,,,,,,,
6210838922,9797141055,0,663556671,footway,,,,False,True,5.88720883338438,32.1868,0.6584671915252144,"LINESTRING (-3.5222488 50.7255414, -3.5221723 50.72552)",yes,asphalt,,,,,,,
6210838922,5784302000,0,42737096,secondary,2,30 mph,Western Way,False,False,15.129127738572008,48.2802,1.128099300724919,"LINESTRING (-3.5222488 50.7255414, -3.5222445 50.7255031, -3.5222595 50.7254059)",yes,asphalt,B3212,,,,,,
359237293,6210838921,0,32023547,secondary,,30 mph,Western Way,False,False,10.39736504625717,48.2802,0.7752767007287834,"LINESTRING (-3.5224632 50.7255214, -3.5223592 50.7255878)",yes,asphalt,B3212,,,,,,
359237293,5784302000,0,655753852,secondary,2,30 mph,,False,False,19.66343150397694,48.2802,1.4661984294662613,"LINESTRING (-3.5224632 50.7255214, -3.5223685 50.7254883, -3.5222913 50.7254403, -3.5222595 50.7254059)",yes,asphalt,B3183,,,roundabout,,,
359237293,563661381,0,655753853,secondary,2,30 mph,,False,True,12.997660603999552,48.2802,0.9691670327463099,"LINESTRING (-3.5224632 50.7255214, -3.5225698 50.7255371, -3.5226449 50.7255346)",yes,asphalt,B3183,,,roundabout,,,
5784256588,5784256584,0,4089082,secondary,2,30 mph,,False,False,26.790356275601294,48.2802,1.997615639375244,"LINESTRING (-3.522568 50.7250383, -3.5226179 50.7250356, -3.5226827 50.7250418, -3.5227101 50.7250444, -3.5227966 50.7250665, -3.5228725 50.7251007, -3.5229039 50.725126)",yes,asphalt,B3183,,,roundabout,,,
5784256588,359237348,0,5105144,secondary,1,30 mph,Western Way,False,False,36.18736340118901,48.2802,2.698300923448545,"LINESTRING (-3.522568 50.7250383, -3.5228282 50.7249721, -3.5230202 50.7248878)",yes,asphalt,,,,,,,
5784256588,5784256589,0,655753858,secondary,2,30 mph,,False,True,10.60005676314186,48.2802,0.7903903535468099,"LINESTRING (-3.522568 50.7250383, -3.522525 50.7250408, -3.5224237 50.7250634)",yes,asphalt,B3183,,,roundabout,,,
21761614,21761636,0,32023518,secondary,,30 mph,Paris Street,False,True,28.234159572759076,48.2802,2.1052724400879175,"LINESTRING (-3.5230025 50.7253199, -3.5231699 50.7252495, -3.5233531 50.7251985)",yes,asphalt,B3183,,,,,,
21761614,563661380,0,655753855,secondary,2,30 mph,,False,False,17.71700088900665,48.2802,1.3210633593154946,"LINESTRING (-3.5230025 50.7253199, -3.5229895 50.7253511, -3.5229518 50.72541, -3.522892 50.725461)",yes,asphalt,B3183,,,roundabout,,,
21761614,5784256586,0,655753856,secondary,2,30 mph,,False,True,20.975655348891493,48.2802,1.564044044059664,"LINESTRING (-3.5230025 50.7253199, -3.5229908 50.7252257, -3.5229548 50.7251671, -3.5229243 50.7251425)",yes,asphalt,B3183,,,roundabout,,,
21761636,5784256586,0,4089132,secondary,1,30 mph,Paris Street,False,True,30.897466037487753,48.2802,2.3038611632709873,"LINESTRING (-3.5233531 50.7251985, -3.5231794 50.7251851, -3.5230615 50.7251681, -3.5229243 50.7251425)",yes,asphalt,B3183,,,,,,
21761636,21761614,0,32023518,secondary,,30 mph,Paris Street,False,False,28.234159572759076,48.2802,2.1052724400879175,"LINESTRING (-3.5233531 50.7251985, -3.5231699 50.7252495, -3.5230025 50.7253199)",yes,asphalt,B3183,,,,,,
21761636,1786461708,0,"[1455359243, 42737095]",secondary,,20 mph,Paris Street,False,False,19.7748858568349,32.1868,2.211763489523831,"LINESTRING (-3.5233531 50.7251985, -3.5235624 50.7251749, -3.5236297 50.7251674)",no,asphalt,B3183,,,,,,
563661380,6210838910,0,174752261,unclassified,,30 mph,Cheeke Street,False,False,13.737568613716723,48.2802,1.0243380725303584,"LINESTRING (-3.522892 50.725461, -3.5228368 50.7255795)",yes,asphalt,,,,,no,,
563661380,563661381,0,655753854,secondary,2,30 mph,,False,False,19.560602927487892,48.2802,1.4585310445888047,"LINESTRING (-3.522892 50.725461, -3.5227945 50.7255079, -3.5226449 50.7255346)",yes,asphalt,B3183,,,roundabout,,,
563661380,21761614,0,655753855,secondary,2,30 mph,,False,True,17.717000889006652,48.2802,1.3210633593154948,"LINESTRING (-3.522892 50.725461, -3.5229518 50.72541, -3.5229895 50.7253511, -3.5230025 50.7253199)",yes,asphalt,B3183,,,roundabout,,,
5784256586,5784256584,0,655753857,secondary,2,30 mph,,False,True,2.329855490690129,48.2802,0.17372504186984447,"LINESTRING (-3.5229243 50.7251425, -3.5229039 50.725126)",yes,asphalt,B3183,,,roundabout,,,
5784256586,21761636,0,4089132,secondary,1,30 mph,Paris Street,False,False,30.897466037487757,48.2802,2.3038611632709873,"LINESTRING (-3.5229243 50.7251425, -3.5230615 50.7251681, -3.5231794 50.7251851, -3.5233531 50.7251985)",yes,asphalt,B3183,,,,,,
5784256586,21761614,0,655753856,secondary,2,30 mph,,False,False,20.975655348891493,48.2802,1.564044044059664,"LINESTRING (-3.5229243 50.7251425, -3.5229548 50.7251671, -3.5229908 50.7252257, -3.5230025 50.7253199)",yes,asphalt,B3183,,,roundabout,,,
1786461708,6531967635,0,42737095,secondary,,20 mph,Paris Street,False,False,20.195467259065275,32.1868,2.2588042965636532,"LINESTRING (-3.5236297 50.7251674, -3.5239122 50.7251357)",no,asphalt,B3183,,,,,,
1786461708,273442897,0,167238720,service,,,,False,True,8.304275030317939,32.1868,0.9288090182666368,"LINESTRING (-3.5236297 50.7251674, -3.523615 50.7250933)",yes,asphalt,,,,,,driveway,
1786461708,21761636,0,"[1455359243, 42737095]",secondary,,20 mph,Paris Street,False,True,19.7748858568349,32.1868,2.211763489523831,"LINESTRING (-3.5236297 50.7251674, -3.5235624 50.7251749, -3.5233531 50.7251985)",no,asphalt,B3183,,,,,,
6210838910,563661380,0,174752261,unclassified,,30 mph,Cheeke Street,False,True,13.737568613716723,48.2802,1.0243380725303584,"LINESTRING (-3.5228368 50.7255795, -3.522892 50.725461)",yes,asphalt,,,,,no,,
6210838910,6210838911,0,663556669,footway,,,,False,False,3.9611570923313,32.1868,0.4430439040971044,"LINESTRING (-3.5228368 50.7255795, -3.5228929 50.7255823)",no,asphalt,,,,,,,
6210838910,1070821560,0,174752261,unclassified,,30 mph,Cheeke Street,False,False,17.905476671982125,48.2802,1.335117004882657,"LINESTRING (-3.5228368 50.7255795, -3.5228321 50.7256228, -3.5228206 50.7257402)",no,asphalt,,,,,no,,
6210838910,6210838909,0,663556669,footway,,,,False,True,7.490053405269576,32.1868,0.837740696775401,"LINESTRING (-3.5228368 50.7255795, -3.5227803 50.7255815, -3.5227326 50.7255906)",no,asphalt,,,,,,,
563661381,6210838909,0,174752262,unclassified,,30 mph,Cheeke Street,False,True,8.76832395559779,48.2802,0.6538076942546229,"LINESTRING (-3.5226449 50.7255346, -3.5227326 50.7255906)",yes,asphalt,,,,,,,
563661381,359237293,0,655753853,secondary,2,30 mph,,False,False,12.997660603999552,48.2802,0.9691670327463099,"LINESTRING (-3.5226449 50.7255346, -3.5225698 50.7255371, -3.5224632 50.7255214)",yes,asphalt,B3183,,,roundabout,,,
563661381,563661380,0,655753854,secondary,2,30 mph,,False,True,19.560602927487892,48.2802,1.4585310445888047,"LINESTRING (-3.5226449 50.7255346, -3.5227945 50.7255079, -3.522892 50.725461)",yes,asphalt,B3183,,,roundabout,,,
5784256584,5784256586,0,655753857,secondary,2,30 mph,,False,False,2.329855490690129,48.2802,0.17372504186984447,"LINESTRING (-3.5229039 50.725126, -3.5229243 50.7251425)",yes,asphalt,B3183,,,roundabout,,,
5784256584,5784256588,0,4089082,secondary,2,30 mph,,False,True,26.790356275601297,48.2802,1.9976156393752442,"LINESTRING (-3.5229039 50.725126, -3.5228725 50.7251007, -3.5227966 50.7250665, -3.5227101 50.7250444, -3.5226827 50.7250418, -3.5226179 50.7250356, -3.522568 50.7250383)",yes,asphalt,B3183,,,roundabout,,,
5784256584,359237348,0,32023569,secondary,1,30 mph,Western Way,False,True,27.99537991812957,48.2802,2.0874678999935057,"LINESTRING (-3.5229039 50.725126, -3.5229208 50.7250628, -3.5229272 50.725026, -3.5229532 50.7249734, -3.5230202 50.7248878)",yes,asphalt,,,,,,,
6531967635,359236562,0,42737095,secondary,,20 mph,Paris Street,False,False,20.616298433047028,32.1868,2.30587303984768,"LINESTRING (-3.5239122 50.7251357, -3.5242013 50.725106)",no,asphalt,B3183,,,,,,
6531967635,1786461708,0,42737095,secondary,,20 mph,Paris Street,False,True,20.195467259065275,32.1868,2.2588042965636532,"LINESTRING (-3.5239122 50.7251357, -3.5236297 50.7251674)",no,asphalt,B3183,,,,,,
6531967635,6531967636,0,695612071,footway,,,,False,False,8.145744032942245,32.1868,0.9110777871236682,"LINESTRING (-3.5239122 50.7251357, -3.5239236 50.7252086)",no,paving_stones,,,,,,,
6531967635,6531967634,0,695612071,footway,,,,False,True,6.796677412075953,32.1868,0.7601886078601611,"LINESTRING (-3.5239122 50.7251357, -3.5239095 50.7250746)",yes,asphalt,,,,,,,
273442897,1786461708,0,167238720,service,,,,False,False,8.304275030317939,32.1868,0.9288090182666368,"LINESTRING (-3.523615 50.7250933, -3.5236297 50.7251674)",yes,asphalt,,,,,,driveway,
273442897,6531967634,0,610764858,footway,,,,False,False,20.834220751684047,32.1868,2.33024701759922,"LINESTRING (-3.523615 50.7250933, -3.5239095 50.7250746)",yes,asphalt,,,,,,,
273442897,1786461679,0,167238720,service,,,,False,True,21.923282357973815,32.1868,2.4520553919217116,"LINESTRING (-3.523615 50.7250933, -3.5235979 50.7250077, -3.5235671 50.7249664, -3.5235556 50.7249016)",yes,asphalt,,,,,,driveway,
273442897,5614580371,0,"[610764858, 587803597]",footway,,,,False,True,72.35280315904109,32.1868,8.092450674579268,"LINESTRING (-3.523615 50.7250933, -3.523309 50.7250954, -3.5232119 50.7250958, -3.52315 50.7250888, -3.5231107 50.7250661, -3.5230766 50.7250333, -3.523057 50.7249799, -3.5230552 50.7249287, -3.5232025 50.7247786)",yes,asphalt,,,,,,,
6531967633,21761641,0,8693858,pedestrian,,,Princesshay Lane,False,True,6.566605627444189,32.1868,0.7344557476605031,"LINESTRING (-3.5262825 50.7251461, -3.5263396 50.7250994)",yes,asphalt,,,,,,,
6531967633,6212403298,0,697870534,footway,,,,False,False,51.74927111779405,32.1868,5.7880055185373696,"LINESTRING (-3.5262825 50.7251461, -3.5264012 50.7252032, -3.5265299 50.7252766, -3.5266985 50.7254079, -3.526752 50.7254936)",yes,paving_stones,,,,,,,
6531967633,6212412133,0,697870534,footway,,,,False,True,45.34248314943132,32.1868,5.07142491139078,"LINESTRING (-3.5262825 50.7251461, -3.5261105 50.7250935, -3.5259019 50.7250599, -3.5257562 50.7250436, -3.5256663 50.7250422)",yes,paving_stones,,,,,,,
6212403293,21761641,0,8693858,pedestrian,,,Princesshay Lane,False,False,8.81154637876016,32.1868,0.9855458437476411,"LINESTRING (-3.5264132 50.7250353, -3.5263396 50.7250994)",yes,paving_stones,,,,,,,
6212403293,5094813864,0,8693858,pedestrian,,,Princesshay Lane,False,True,49.7386918480107,32.1868,5.563128072776373,"LINESTRING (-3.5264132 50.7250353, -3.526587 50.7249346, -3.5268338 50.7248172, -3.5268716 50.7247873, -3.5269334 50.7247361)",yes,paving_stones,,,,,,,
6212403293,6212425622,0,663716085,footway,,,,False,False,56.507512071803504,32.1868,6.320200935119137,"LINESTRING (-3.5264132 50.7250353, -3.5265244 50.7251074, -3.5266422 50.7251868, -3.5267595 50.7252577, -3.5269405 50.7254165)",yes,asphalt,,,,,,,
6212403293,6212403294,0,663716085,footway,,,,False,True,53.623657073676476,32.1868,5.997650138107402,"LINESTRING (-3.5264132 50.7250353, -3.5261465 50.7249821, -3.5259509 50.7249423, -3.5257342 50.7249121, -3.5256818 50.7249223)",yes,paving_stones,,,,,,,
6212412132,3297556876,0,25114997,secondary,1,20 mph,Paris Street,False,True,12.99471573206901,32.1868,1.4534211737559635,"LINESTRING (-3.525673 50.7249694, -3.5254884 50.7249704)",yes,paving_stones,B3183,,,,,,
6212412132,6212412133,0,663717220,footway,,,,False,False,8.10872898862497,32.1868,0.9069377620344331,"LINESTRING (-3.525673 50.7249694, -3.5256663 50.7250422)",yes,paving_stones,,,,,,,
6212412132,6212403294,0,663717220,footway,,,,False,True,5.273793811108325,32.1868,0.589858504728335,"LINESTRING (-3.525673 50.7249694, -3.5256818 50.7249223)",yes,paving_stones,,,,,,,
6212412132,21761641,0,25114997,secondary,1,20 mph,Paris Street,False,False,50.06600183154393,32.1868,5.599736742812524,"LINESTRING (-3.525673 50.7249694, -3.5257648 50.7249709, -3.5259386 50.7249886, -3.5260721 50.7250027, -3.5263396 50.7250994)",yes,paving_stones,B3183,,,,,,
6212412133,6212412132,0,663717220,footway,,,,False,True,8.10872898862497,32.1868,0.9069377620344331,"LINESTRING (-3.5256663 50.7250422, -3.525673 50.7249694)",yes,paving_stones,,,,,,,
6212412133,6531967633,0,697870534,footway,,,,False,False,45.34248314943132,32.1868,5.07142491139078,"LINESTRING (-3.5256663 50.7250422, -3.5257562 50.7250436, -3.5259019 50.7250599, -3.5261105 50.7250935, -3.5262825 50.7251461)",yes,paving_stones,,,,,,,
6212412133,3329242110,0,"[663716083, 697870534]",footway,,,,False,True,29.558997964463078,32.1868,3.306087982404809,"LINESTRING (-3.5256663 50.7250422, -3.5255465 50.7250446, -3.5254463 50.7250558, -3.5253601 50.7251002, -3.5252746 50.725111)",yes,asphalt,,,,,,,
5094813864,5781536448,0,7992487,pedestrian,,,Princesshay,False,True,5.162208702896382,32.1868,0.5773780347977113,"LINESTRING (-3.5269334 50.7247361, -3.5270062 50.7247305)",yes,paving_stones,,,,,,,
5094813864,6212403293,0,8693858,pedestrian,,,Princesshay Lane,False,False,49.73869184801071,32.1868,5.563128072776374,"LINESTRING (-3.5269334 50.7247361, -3.5268716 50.7247873, -3.5268338 50.7248172, -3.526587 50.7249346, -3.5264132 50.7250353)",yes,paving_stones,,,,,,,
5094813864,1786461667,0,134593745,footway,,,Blueboy Lane,False,False,18.635127250526878,32.1868,2.08428480314591,"LINESTRING (-3.5269334 50.7247361, -3.526888 50.7247322, -3.5268476 50.7247209, -3.5268142 50.7247076, -3.5268003 50.724686, -3.5267618 50.7246759, -3.5267557 50.7246743, -3.5267259 50.7246703, -3.5267065 50.7246681)",yes,paving_stones,,,,,,,
6212403294,6212412132,0,663717220,footway,,,,False,False,5.273793811108325,32.1868,0.589858504728335,"LINESTRING (-3.5256818 50.7249223, -3.525673 50.7249694)",yes,paving_stones,,,,,,,
6212403294,6212403293,0,663716085,footway,,,,False,False,53.62365707367648,32.1868,5.997650138107404,"LINESTRING (-3.5256818 50.7249223, -3.5257342 50.7249121, -3.5259509 50.7249423, -3.5261465 50.7249821, -3.5264132 50.7250353)",yes,paving_stones,,,,,,,
6212403294,5783907569,0,663716085,footway,,,,False,True,15.007217865894937,32.1868,1.678513686269582,"LINESTRING (-3.5256818 50.7249223, -3.5256531 50.7249079, -3.5256276 50.7248858, -3.525495 50.7248769)",yes,paving_stones,,,,,,,
3297556876,6212412132,0,25114997,secondary,1,20 mph,Paris Street,False,False,12.99471573206901,32.1868,1.4534211737559635,"LINESTRING (-3.5254884 50.7249704, -3.525673 50.7249694)",yes,asphalt,B3183,,,,,,
3297556876,5783907569,0,5215994,unclassified,2,20 mph,Dixs Field,False,False,10.408992658496745,32.1868,1.1642155657160167,"LINESTRING (-3.5254884 50.7249704, -3.5254922 50.7249358, -3.525495 50.7248769)",yes,paving_stones,,,,,,,
3297556876,292915464,0,49437478,secondary,,20 mph,Paris Street,False,True,16.895445149335245,32.1868,1.8897064180846461,"LINESTRING (-3.5254884 50.7249704, -3.5253695 50.7249788, -3.5252516 50.7249942)",yes,asphalt,B3183,,,,,,
21761693,1875951316,0,26626742,unclassified,1,20 mph,Sidwell Street,False,False,14.946379967254236,32.1868,1.6717091441869107,"LINESTRING (-3.5231077 50.7276607, -3.5232823 50.7275842)",yes,asphalt,,,,,,,
21761693,1875951317,0,167769340,unclassified,2,20 mph,Summerland Street,False,True,9.528642689670683,32.1868,1.0657509812349926,"LINESTRING (-3.5231077 50.7276607, -3.5230193 50.7275958)",yes,asphalt,,,,,,,
21761693,1875951315,0,408884062,unclassified,3,20 mph,Sidwell Street,False,True,12.425623889299434,32.1868,1.3897699057215371,"LINESTRING (-3.5231077 50.7276607, -3.5229946 50.7277465)",yes,asphalt,,,,,,,
21761693,1875951314,0,408884070,residential,2,20 mph,York Road,False,True,14.076482287120257,32.1868,1.5744136178070804,"LINESTRING (-3.5231077 50.7276607, -3.5232546 50.7277466)",yes,asphalt,,,,,,,
1875951316,21761693,0,26626742,unclassified,1,20 mph,Sidwell Street,False,True,14.946379967254236,32.1868,1.6717091441869107,"LINESTRING (-3.5232823 50.7275842, -3.5231077 50.7276607)",yes,asphalt,,,,,,,
1875951316,7644003313,0,818514812,footway,,,,False,False,8.858056627090734,32.1868,0.990747879799379,"LINESTRING (-3.5232823 50.7275842, -3.5231962 50.7275261)",no,asphalt,,,,,,,
1875951316,8196788438,0,818514812,footway,,,,False,True,9.17133500524562,32.1868,1.0257871555694953,"LINESTRING (-3.5232823 50.7275842, -3.5233712 50.7276445)",no,asphalt,,,,,,,
1875951316,34700215,0,26626742,unclassified,1,20 mph,Sidwell Street,False,False,121.1863752377644,32.1868,13.554343732708809,"LINESTRING (-3.5232823 50.7275842, -3.523376 50.727532, -3.5237751 50.7272756, -3.5241659 50.7270212, -3.5243217 50.7269232, -3.524434 50.726855, -3.5244741 50.7268023)",yes,asphalt,,,,,,,
1875951317,21761693,0,167769340,unclassified,2,20 mph,Summerland Street,False,False,9.528642689670683,32.1868,1.0657509812349926,"LINESTRING (-3.5230193 50.7275958, -3.5231077 50.7276607)",yes,asphalt,,,,,,,
1875951317,497694168,0,167769340,unclassified,2,20 mph,Summerland Street,False,True,24.48196628923792,32.1868,2.738236750508175,"LINESTRING (-3.5230193 50.7275958, -3.5228418 50.7274775, -3.5227784 50.727437)",no,asphalt,,,,,,,
1875951317,7644003310,0,818514812,footway,,,,False,False,13.989946736827761,32.1868,1.5647348681005862,"LINESTRING (-3.5230193 50.7275958, -3.5229562 50.727636, -3.5229612 50.7276432, -3.5229635 50.7276507, -3.5229649 50.7276589, -3.5229622 50.727666, -3.5229196 50.7276929)",no,asphalt,,,,,,,
1875951317,7644003313,0,818514812,footway,,,,False,True,15.125517351299097,32.1868,1.6917451397677543,"LINESTRING (-3.5230193 50.7275958, -3.5231151 50.7275397, -3.523156 50.7275358, -3.5231962 50.7275261)",no,asphalt,,,,,,,
1875951315,21761693,0,408884062,unclassified,3,20 mph,Sidwell Street,False,False,12.425623889299434,32.1868,1.3897699057215371,"LINESTRING (-3.5229946 50.7277465, -3.5231077 50.7276607)",yes,asphalt,,,,,,,
1875951315,1479577755,0,408884062,unclassified,3,20 mph,Sidwell Street,False,True,35.91378775157925,32.1868,4.016852744158641,"LINESTRING (-3.5229946 50.7277465, -3.5226123 50.7279604)",no,asphalt,,,,,,,
1875951315,10176063876,0,818514812,footway,,,,False,False,7.45125324782653,32.1868,0.8334010119730919,"LINESTRING (-3.5229946 50.7277465, -3.5230663 50.7277958)",no,paving_stones,,,,,,,
1875951315,7644003310,0,818514812,footway,,,,False,True,7.96181748483021,32.1868,0.8905061374659413,"LINESTRING (-3.5229946 50.7277465, -3.5229196 50.7276929)",no,asphalt,,,,,,,
1875951314,21761693,0,408884070,residential,2,20 mph,York Road,False,False,14.076482287120257,32.1868,1.5744136178070804,"LINESTRING (-3.5232546 50.7277466, -3.5231077 50.7276607)",yes,asphalt,,,,,,,
1875951314,36670551,0,408884070,residential,2,20 mph,York Road,False,True,26.991895791473137,32.1868,3.018965067956532,"LINESTRING (-3.5232546 50.7277466, -3.5234617 50.7279509)",yes,asphalt,,,,,,,
1875951314,7644003309,0,818514812,footway,,,,False,True,10.321844717717855,32.1868,1.1544683219140854,"LINESTRING (-3.5232546 50.7277466, -3.5231327 50.7277982)",yes,paving_stones,,,,,,,
1875951314,8196788438,0,818514812,footway,,,,False,False,14.512009773086241,32.1868,1.6231261008584412,"LINESTRING (-3.5232546 50.7277466, -3.5233182 50.7277179, -3.5233397 50.7276789, -3.5233712 50.7276445)",yes,asphalt,,,,,,,
7644003313,1875951316,0,818514812,footway,,,,False,True,8.858056627090734,32.1868,0.990747879799379,"LINESTRING (-3.5231962 50.7275261, -3.5232823 50.7275842)",no,asphalt,,,,,,,
7644003313,7644003302,0,818514808,footway,,,,False,True,121.1065604405603,32.1868,13.545416679695315,"LINESTRING (-3.5231962 50.7275261, -3.5233873 50.7273962, -3.5236791 50.7272265, -3.5240669 50.7269946, -3.5243324 50.7268305, -3.5243335 50.7268075, -3.524272 50.7267552)",no,asphalt,,,,,,,
7644003313,1875951317,0,818514812,footway,,,,False,False,15.125517351299097,32.1868,1.6917451397677543,"LINESTRING (-3.5231962 50.7275261, -3.523156 50.7275358, -3.5231151 50.7275397, -3.5230193 50.7275958)",no,asphalt,,,,,,,
8196788438,1875951316,0,818514812,footway,,,,False,False,9.17133500524562,32.1868,1.0257871555694953,"LINESTRING (-3.5233712 50.7276445, -3.5232823 50.7275842)",no,asphalt,,,,,,,
8196788438,7644003298,0,818514807,footway,,,,False,False,144.45770574913064,32.1868,16.15717439126817,"LINESTRING (-3.5233712 50.7276445, -3.5245893 50.7268616, -3.5248233 50.7267268)",no,asphalt,,,,,,,
8196788438,1875951314,0,818514812,footway,,,,False,True,14.512009773086241,32.1868,1.6231261008584412,"LINESTRING (-3.5233712 50.7276445, -3.5233397 50.7276789, -3.5233182 50.7277179, -3.5232546 50.7277466)",yes,asphalt,,,,,,,
34700215,7644003303,0,5089602,unclassified,,20 mph,Cheeke Street,False,False,13.449887734319466,32.1868,1.504330838839216,"LINESTRING (-3.5244741 50.7268023, -3.5244367 50.7267888, -3.5243337 50.7267215)",yes,asphalt,,,,,,,
34700215,1875951316,0,26626742,unclassified,1,20 mph,Sidwell Street,False,True,121.18637523776441,32.1868,13.55434373270881,"LINESTRING (-3.5244741 50.7268023, -3.524434 50.726855, -3.5243217 50.7269232, -3.5241659 50.7270212, -3.5237751 50.7272756, -3.523376 50.727532, -3.5232823 50.7275842)",yes,asphalt,,,,,,,
34700215,315875802,0,"[655682116, 655682117]",unclassified,2,20 mph,Sidwell Street,False,True,39.14170279752115,32.1868,4.377885657197241,"LINESTRING (-3.5244741 50.7268023, -3.5245399 50.7268042, -3.5245919 50.7267821, -3.5246305 50.7267555, -3.5247622 50.7266752, -3.5248933 50.7265902)",yes,asphalt,,,,,,,
497694168,34699806,0,167769340,unclassified,2,20 mph,Summerland Street,False,True,29.72311967654598,32.1868,3.324444518733318,"LINESTRING (-3.5227784 50.727437, -3.5224977 50.7272373)",no,asphalt,,,,,,,
497694168,1479577715,0,5105226,residential,,20 mph,Red Lion Lane,False,False,54.22794625652863,32.1868,6.065238126297212,"LINESTRING (-3.5227784 50.727437, -3.5224294 50.7276268, -3.5222031 50.7277612)",no,asphalt,,,,,,,
497694168,1875951317,0,167769340,unclassified,2,20 mph,Summerland Street,False,False,24.48196628923792,32.1868,2.738236750508175,"LINESTRING (-3.5227784 50.727437, -3.5228418 50.7274775, -3.5230193 50.7275958)",no,asphalt,,,,,,,
7644003310,7644003308,0,818514811,footway,,,,False,False,36.1700657829618,32.1868,4.045516696865252,"LINESTRING (-3.5229196 50.7276929, -3.5225337 50.7279077)",no,asphalt,,,,,,,
7644003310,1875951315,0,818514812,footway,,,,False,False,7.96181748483021,32.1868,0.8905061374659413,"LINESTRING (-3.5229196 50.7276929, -3.5229946 50.7277465)",no,asphalt,,,,,,,
7644003310,1875951317,0,818514812,footway,,,,False,True,13.989946736827765,32.1868,1.5647348681005866,"LINESTRING (-3.5229196 50.7276929, -3.5229622 50.727666, -3.5229649 50.7276589, -3.5229635 50.7276507, -3.5229612 50.7276432, -3.5229562 50.727636, -3.5230193 50.7275958)",no,asphalt,,,,,,,
1479577755,1875951315,0,408884062,unclassified,3,20 mph,Sidwell Street,False,False,35.91378775157925,32.1868,4.016852744158641,"LINESTRING (-3.5226123 50.7279604, -3.5229946 50.7277465)",no,asphalt,,,,,,,
1479577755,7644003308,0,818514810,footway,,,,False,False,8.058965342859159,32.1868,0.901371842938502,"LINESTRING (-3.5226123 50.7279604, -3.5225337 50.7279077)",no,asphalt,,,,,,,
1479577755,288334082,0,41914685,unclassified,2,20 mph,Sidwell Street,False,True,76.1754247496046,32.1868,8.519999785582183,"LINESTRING (-3.5226123 50.7279604, -3.5223965 50.7280806, -3.521801 50.7284138)",no,asphalt,,,,,,,
10176063876,1875951315,0,818514812,footway,,,,False,True,7.45125324782653,32.1868,0.8334010119730919,"LINESTRING (-3.5230663 50.7277958, -3.5229946 50.7277465)",no,paving_stones,,,,,,,
10176063876,7644003309,0,1112304935,footway,,,,False,False,5.20474056311848,32.1868,0.5821350997062936,"LINESTRING (-3.5230663 50.7277958, -3.5230802 50.7277909, -3.5231027 50.727789, -3.5231134 50.7277892, -3.5231228 50.7277914, -3.5231327 50.7277982)",no,paving_stones,,,,,,,
10176063876,7644003325,0,1112304935,footway,,,,False,True,141.06900245622367,32.1868,15.778157780282765,"LINESTRING (-3.5230663 50.7277958, -3.5228809 50.7279065, -3.522697 50.7280128, -3.5222458 50.7282656, -3.5215439 50.7286199)",yes,paving_stones,,,,,,,
36670551,1875951314,0,408884070,residential,2,20 mph,York Road,False,False,26.991895791473137,32.1868,3.018965067956532,"LINESTRING (-3.5234617 50.7279509, -3.5232546 50.7277466)",yes,asphalt,,,,,,,
36670551,10068852034,0,5215976,residential,,20 mph,Acland Road,False,False,102.18391921048875,32.1868,11.42897427385635,"LINESTRING (-3.5234617 50.7279509, -3.5235286 50.7279216, -3.5237093 50.7278194, -3.5239158 50.7276813, -3.5239802 50.7276384, -3.5244398 50.7273577, -3.5245334 50.7273456)",yes,asphalt,,6.1,,,,,
36670551,84914575,0,"[5215963, 408884070]",residential,2,20 mph,York Road,False,True,34.27424090550821,32.1868,3.8334741962490697,"LINESTRING (-3.5234617 50.7279509, -3.5236177 50.7280607, -3.5237939 50.7281762)",yes,asphalt,,,,,,,
7644003309,1875951314,0,818514812,footway,,,,False,False,10.321844717717855,32.1868,1.1544683219140854,"LINESTRING (-3.5231327 50.7277982, -3.5232546 50.7277466)",yes,paving_stones,,,,,,,
7644003309,7644003306,0,818514809,footway,,,,False,True,62.99132163724346,32.1868,7.045396183965988,"LINESTRING (-3.5231327 50.7277982, -3.523164 50.7278207, -3.5233819 50.7279582, -3.5237459 50.7282106)",no,paving_stones,,,,,,,
7644003309,10176063876,0,1112304935,footway,,,,False,True,5.204740563118479,32.1868,0.5821350997062935,"LINESTRING (-3.5231327 50.7277982, -3.5231228 50.7277914, -3.5231134 50.7277892, -3.5231027 50.727789, -3.5230802 50.7277909, -3.5230663 50.7277958)",no,paving_stones,,,,,,,
30792310,40931643,0,405981264,unclassified,,20 mph,High Street,False,True,48.96289030635261,32.1868,5.476356925909672,"LINESTRING (-3.5307977 50.7237405, -3.5312637 50.7234686, -3.531311 50.7234434)",yes,asphalt,,3.5,,,,,
30792310,2020242481,0,822211854,unclassified,1,20 mph,High Street,False,False,6.214666620461515,32.1868,0.695092392958028,"LINESTRING (-3.5307977 50.7237405, -3.5307587 50.7237604, -3.5307267 50.7237736)",yes,asphalt,,6,,,,,
30792310,54212216,0,971166120,unclassified,2,20 mph,Queen Street,False,True,65.58222481152325,32.1868,7.335181171209431,"LINESTRING (-3.5307977 50.7237405, -3.5308682 50.7237886, -3.5314107 50.7241846)",yes,asphalt,,,,,,,
40931643,10693280265,0,"[5550096, 5550117]",footway,,,"['Goldsmith Street', 'Waterbeer Street']",False,False,53.56512427803137,32.1868,5.991103415092924,"LINESTRING (-3.531311 50.7234434, -3.5313501 50.7234688, -3.5313732 50.7234854, -3.5317811 50.7237725, -3.531824 50.7237496, -3.5318254 50.7237473)",yes,paving_stones,,,,,,,
40931643,30792310,0,405981264,unclassified,,20 mph,High Street,False,False,48.96289030635261,32.1868,5.476356925909672,"LINESTRING (-3.531311 50.7234434, -3.5312637 50.7234686, -3.5307977 50.7237405)",yes,asphalt,,3.5,,,,,
40931643,40930365,0,"[405981264, 4197042]",unclassified,,20 mph,High Street,False,True,70.05080976335331,32.1868,7.834979406094174,"LINESTRING (-3.531311 50.7234434, -3.5313969 50.723389, -3.5316586 50.7232477, -3.5319903 50.7230462, -3.5320366 50.723013)",yes,asphalt,,3.5,,,,,
2020242481,40929610,0,5550033,footway,,,Martins Lane,False,False,60.1840179253234,32.1868,6.731407425751062,"LINESTRING (-3.5307267 50.7237736, -3.530701 50.7237529, -3.5306445 50.7237131, -3.5305952 50.7236796, -3.530314 50.7235141, -3.5301654 50.7234244, -3.5301057 50.7234048)",yes,asphalt,,,,,,,
2020242481,30792310,0,822211854,unclassified,1,20 mph,High Street,False,True,6.214666620461515,32.1868,0.695092392958028,"LINESTRING (-3.5307267 50.7237736, -3.5307587 50.7237604, -3.5307977 50.7237405)",yes,asphalt,,6,,,,,
2020242481,54212504,0,971166118,unclassified,1,20 mph,High Street,False,False,36.05013457816551,32.1868,4.032102740297137,"LINESTRING (-3.5307267 50.7237736, -3.5306361 50.7238108, -3.5303246 50.7239738)",yes,asphalt,,3,,,,,
54212216,59743605,0,7972917,unclassified,2,20 mph,Queen Street,False,True,33.37768283825211,32.1868,3.7331967830821213,"LINESTRING (-3.5314107 50.7241846, -3.5317204 50.7244119)",yes,asphalt,,,,,,,
54212216,54212215,0,7036442,unclassified,2,20 mph,Little Queen Street,False,True,41.69774807025307,32.1868,4.663771889498523,"LINESTRING (-3.5314107 50.7241846, -3.5309743 50.7244118, -3.5309546 50.7244238)",yes,paving_stones,,,,,,,
54212216,30792310,0,971166120,unclassified,2,20 mph,Queen Street,False,False,65.58222481152325,32.1868,7.335181171209431,"LINESTRING (-3.5314107 50.7241846, -3.5308682 50.7237886, -3.5307977 50.7237405)",yes,asphalt,,,,,,,
10693280265,40932208,0,5550117,footway,,,Waterbeer Street,False,False,17.91464943179543,32.1868,2.003701453840194,"LINESTRING (-3.5318254 50.7237473, -3.5320322 50.7236534)",no,concrete,,,,,,,
10693280265,40931643,0,"[5550096, 5550117]",footway,,,"['Goldsmith Street', 'Waterbeer Street']",False,True,53.56512427803137,32.1868,5.991103415092924,"LINESTRING (-3.5318254 50.7237473, -3.531824 50.7237496, -3.5317811 50.7237725, -3.5313732 50.7234854, -3.5313501 50.7234688, -3.531311 50.7234434)",yes,concrete,,,,,,,
10693280265,10075493350,0,1149448291,footway,,,,False,True,34.148917473856955,32.1868,3.819457134784603,"LINESTRING (-3.5318254 50.7237473, -3.5319867 50.7238572, -3.5321742 50.7237543)",no,paving_stones,,,,,,,
40930365,40931643,0,"[405981264, 4197042]",unclassified,,20 mph,High Street,False,False,70.05080976335333,32.1868,7.834979406094176,"LINESTRING (-3.5320366 50.723013, -3.5319903 50.7230462, -3.5316586 50.7232477, -3.5313969 50.723389, -3.531311 50.7234434)",yes,asphalt,,3.5,,,,,
40930365,75266375,0,4197042,unclassified,,20 mph,High Street,False,True,11.26352060357787,32.1868,1.2597920319161997,"LINESTRING (-3.5320366 50.723013, -3.5320708 50.722988, -3.5321551 50.7229455)",yes,concrete,,,,,,,
40930365,5218476452,0,5550061,pedestrian,,,Broadgate,False,False,34.35059535378853,32.1868,3.8420142192960696,"LINESTRING (-3.5320366 50.723013, -3.5319876 50.7229853, -3.5319644 50.7229715, -3.5317307 50.7228512, -3.5316544 50.7228219)",yes,paving_stones,,,,,,,
40930365,106201174,0,40755027,footway,,,Market Walk,False,False,51.496365170209835,32.1868,5.759718723599595,"LINESTRING (-3.5320366 50.723013, -3.5321214 50.7230593, -3.5325088 50.7232791, -3.5325505 50.7233013, -3.5325852 50.7233193)",yes,paving_stones,,,,,,,
40929610,10159677997,0,5549991,footway,,,Catherine Street,False,True,26.90199878179222,32.1868,3.00891034879056,"LINESTRING (-3.5301057 50.7234048, -3.5301162 50.7234418, -3.530106 50.7234682, -3.5300987 50.7234749, -3.5299817 50.72355, -3.5299138 50.7235968)",yes,paving_stones,,,,,,,
40929610,2020242481,0,5550033,footway,,,Martins Lane,False,True,60.184017925323396,32.1868,6.731407425751061,"LINESTRING (-3.5301057 50.7234048, -3.5301654 50.7234244, -3.530314 50.7235141, -3.5305952 50.7236796, -3.5306445 50.7237131, -3.530701 50.7237529, -3.5307267 50.7237736)",yes,asphalt,,,,,,,
40929610,5218483197,0,822211855,pedestrian,,,Cathedral Close,False,True,9.492657124615658,32.1868,1.061726100408129,"LINESTRING (-3.5301057 50.7234048, -3.5300788 50.7233581, -3.5300801 50.7233419, -3.5300928 50.7233242)",yes,paving_stones,,,,,,,
54212504,106201139,0,971166118,unclassified,1,20 mph,High Street,False,False,20.60488853363285,32.1868,2.3045968757713804,"LINESTRING (-3.5303246 50.7239738, -3.530203 50.7240477, -3.5301599 50.7240723, -3.5301299 50.7241096)",yes,paving_stones,,3,,,,,
54212504,2020242481,0,971166118,unclassified,1,20 mph,High Street,False,True,36.05013457816551,32.1868,4.032102740297137,"LINESTRING (-3.5303246 50.7239738, -3.5306361 50.7238108, -3.5307267 50.7237736)",yes,paving_stones,,3,,,,,
54212504,54212215,0,971166119,footway,,,Gandy Street,False,True,66.9204689784142,32.1868,7.484859890461033,"LINESTRING (-3.5303246 50.7239738, -3.5303402 50.7239849, -3.5303848 50.7240165, -3.5306284 50.7241805, -3.5308157 50.7243098, -3.530907 50.7243844, -3.5309097 50.7243878, -3.5309546 50.7244238)",yes,paving_stones,,,,,,,
59743605,54212216,0,7972917,unclassified,2,20 mph,Queen Street,False,False,33.37768283825211,32.1868,3.7331967830821213,"LINESTRING (-3.5317204 50.7244119, -3.5314107 50.7241846)",yes,asphalt,,,,,,,
59743605,62142577,0,7972917,unclassified,2,20 mph,Queen Street,False,True,17.519788891386124,32.1868,1.9595374504141465,"LINESTRING (-3.5317204 50.7244119, -3.53188 50.7245328)",yes,paving_stones,,,,,,,
59743605,3805308258,0,"[8763673, 7981631]","['pedestrian', 'footway']",,,Market Arcade,False,"[False, True]",49.13070762134576,32.1868,5.495126804679085,"LINESTRING (-3.5317204 50.7244119, -3.5317766 50.7243854, -3.5322348 50.7241357, -3.5322421 50.7241217)",yes,paving_stones,,,,,,,
54212215,62142185,0,27921190,unclassified,,20 mph,Musgrave Row,False,True,41.227991637065834,32.1868,4.611230998217811,"LINESTRING (-3.5309546 50.7244238, -3.5304892 50.7246489)",yes,asphalt,,6.1,,,,,
54212215,54212216,0,7036442,unclassified,2,20 mph,Little Queen Street,False,False,41.69774807025307,32.1868,4.663771889498523,"LINESTRING (-3.5309546 50.7244238, -3.5309743 50.7244118, -3.5314107 50.7241846)",yes,asphalt,,,,,,,
54212215,62143010,0,7036615,pedestrian,,,Gandy Street,False,True,40.71361599972016,32.1868,4.553699578677986,"LINESTRING (-3.5309546 50.7244238, -3.5310028 50.724459, -3.531199 50.724594, -3.5313403 50.7246966)",yes,paving_stones,,,,,,,
54212215,54212504,0,971166119,footway,,,Gandy Street,False,False,66.9204689784142,32.1868,7.484859890461033,"LINESTRING (-3.5309546 50.7244238, -3.5309097 50.7243878, -3.530907 50.7243844, -3.5308157 50.7243098, -3.5306284 50.7241805, -3.5303848 50.7240165, -3.5303402 50.7239849, -3.5303246 50.7239738)",yes,paving_stones,,,,,,,
34699806,34918740,0,4197074,unclassified,2,20 mph,Summerland Street,False,False,26.630414695317825,32.1868,2.9785344583227964,"LINESTRING (-3.5224977 50.7272373, -3.5222374 50.7270635)",yes,asphalt,,,,,,,
34699806,324160573,0,5089259,unclassified,,20 mph,Bampfylde Street,False,True,42.99618426013552,32.1868,4.8089982022595565,"LINESTRING (-3.5224977 50.7272373, -3.5229107 50.7269524)",no,asphalt,,,,,,,
34699806,497694168,0,167769340,unclassified,2,20 mph,Summerland Street,False,False,29.72311967654598,32.1868,3.324444518733318,"LINESTRING (-3.5224977 50.7272373, -3.5227784 50.727437)",no,asphalt,,,,,,,
34918740,34918675,0,4197074,unclassified,2,20 mph,Summerland Street,False,False,40.026765543720764,32.1868,4.476877352125554,"LINESTRING (-3.5222374 50.7270635, -3.5218224 50.7268174)",yes,asphalt,,,,,,,
34918740,34699806,0,4197074,unclassified,2,20 mph,Summerland Street,False,True,26.630414695317825,32.1868,2.9785344583227964,"LINESTRING (-3.5222374 50.7270635, -3.5224977 50.7272373)",yes,asphalt,,,,,,,
34918740,2483683621,0,5105209,residential,,20 mph,Verney Street,False,True,114.95239730618108,32.1868,12.857091425747571,"LINESTRING (-3.5222374 50.7270635, -3.5216997 50.727392, -3.5212877 50.7276418, -3.5212374 50.7276955, -3.5212056 50.7277439, -3.5211915 50.7278282)",yes,asphalt,,,,,,,
324160573,34699806,0,5089259,unclassified,,20 mph,Bampfylde Street,False,False,42.99618426013552,32.1868,4.8089982022595565,"LINESTRING (-3.5229107 50.7269524, -3.5224977 50.7272373)",no,asphalt,,,,,,,
324160573,324160576,0,5089259,unclassified,,20 mph,Bampfylde Street,False,True,33.98099599429698,32.1868,3.8006756055112394,"LINESTRING (-3.5229107 50.7269524, -3.5232657 50.7267453)",no,asphalt,,,,,,,
324160573,10251460968,0,29411931,service,,20 mph,Stover Court,False,True,41.46760409580192,32.1868,4.638030955077452,"LINESTRING (-3.5229107 50.7269524, -3.5229706 50.7269917, -3.523153 50.7271071, -3.523335 50.7270033)",no,asphalt,,,,,,,
34918675,34918740,0,4197074,unclassified,2,20 mph,Summerland Street,False,True,40.026765543720764,32.1868,4.476877352125554,"LINESTRING (-3.5218224 50.7268174, -3.5222374 50.7270635)",yes,asphalt,,,,,,,
34918675,4164010935,0,922431928,unclassified,,20 mph,Belgrave Road,False,True,92.53924155592969,32.1868,10.350245119159,"LINESTRING (-3.5218224 50.7268174, -3.5227008 50.7261982)",yes,asphalt,,9.3,,,,,
34918675,62154868,0,4197074,unclassified,2,20 mph,Summerland Street,False,False,55.91347665413707,32.1868,6.253759800753522,"LINESTRING (-3.5218224 50.7268174, -3.521373 50.726597, -3.5211945 50.7265094)",yes,asphalt,,,,,,,
2483683621,2879601386,0,240650670,footway,,,,False,False,50.490503903185655,32.1868,5.647216065327041,"LINESTRING (-3.5211915 50.7278282, -3.5204747 50.7278456)",yes,asphalt,,,,,,,
2483683621,34918740,0,5105209,residential,,20 mph,Verney Street,False,False,114.95239730618108,32.1868,12.857091425747571,"LINESTRING (-3.5211915 50.7278282, -3.5212056 50.7277439, -3.5212374 50.7276955, -3.5212877 50.7276418, -3.5216997 50.727392, -3.5222374 50.7270635)",yes,asphalt,,,,,,,
2483683621,5838986709,0,5105209,residential,,20 mph,Verney Street,False,True,45.69159245156411,32.1868,5.11047177183289,"LINESTRING (-3.5211915 50.7278282, -3.5212064 50.7280159, -3.5212303 50.7280618, -3.5213413 50.7281504, -3.5213789 50.7281802, -3.5214123 50.7281903)",yes,asphalt,,,,,,,
324160576,324160573,0,5089259,unclassified,,20 mph,Bampfylde Street,False,False,33.98099599429698,32.1868,3.8006756055112394,"LINESTRING (-3.5232657 50.7267453, -3.5229107 50.7269524)",no,asphalt,,,,,,,
324160576,324160575,0,29411931,service,,20 mph,Stover Court,False,False,24.59641980847138,32.1868,2.751038043871928,"LINESTRING (-3.5232657 50.7267453, -3.5232998 50.7267664, -3.5235104 50.7269032)",no,asphalt,,,,,,,
324160576,8984079217,0,"[922431930, 968571726]",unclassified,,20 mph,Bampfylde Street,False,True,42.46737940548313,32.1868,4.7498529167155255,"LINESTRING (-3.5232657 50.7267453, -3.5234502 50.7266368, -3.5236956 50.7264775)",no,asphalt,,,,,,,
10251460968,324160575,0,29411931,service,,20 mph,Stover Court,False,True,16.62280012231895,32.1868,1.8592118645018525,"LINESTRING (-3.523335 50.7270033, -3.5235104 50.7269032)",no,asphalt,,,,,,,
10251460968,10251460969,0,1120850169,service,,,,False,False,15.210029455894992,32.1868,1.7011975729560558,"LINESTRING (-3.523335 50.7270033, -3.5231891 50.7269024)",no,asphalt,,,,,,parking_aisle,
10251460968,324160573,0,29411931,service,,20 mph,Stover Court,False,False,41.46760409580191,32.1868,4.6380309550774514,"LINESTRING (-3.523335 50.7270033, -3.523153 50.7271071, -3.5229706 50.7269917, -3.5229107 50.7269524)",no,asphalt,,,,,,,
1479577715,34918823,0,5105226,residential,,20 mph,Red Lion Lane,False,False,69.32017823508953,32.1868,7.753260393898192,"LINESTRING (-3.5222031 50.7277612, -3.5220217 50.7278509, -3.5214621 50.7281714)",yes,asphalt,,,,,,,
1479577715,497694168,0,5105226,residential,,20 mph,Red Lion Lane,False,True,54.22794625652863,32.1868,6.065238126297212,"LINESTRING (-3.5222031 50.7277612, -3.5224294 50.7276268, -3.5227784 50.727437)",no,asphalt,,,,,,,
1479577715,10226133767,0,"[134592280, 1118124313, 1118124314]",footway,,,Townsend Court,False,False,27.579427700684583,32.1868,3.0846788038097763,"LINESTRING (-3.5222031 50.7277612, -3.5223509 50.7278614, -3.5223903 50.7278835, -3.5224554 50.7279272, -3.5224742 50.7279401)",no,asphalt,,,building_passage,,,,
34699810,8984062212,0,5089602,unclassified,,20 mph,Cheeke Street,False,True,10.698042877284582,32.1868,1.1965449923019529,"LINESTRING (-3.523808 50.7264095, -3.5239219 50.7264732)",yes,asphalt,,,,,,,
34699810,628029353,0,42490979,unclassified,2,20 mph,Cheeke Street,False,False,9.634576677564514,32.1868,1.0775993897881198,"LINESTRING (-3.523808 50.7264095, -3.5237085 50.72635)",yes,asphalt,,,,,,,
34699810,8984079217,0,922431930,unclassified,,20 mph,Bampfylde Street,False,False,10.943871352330603,32.1868,1.2240401925133961,"LINESTRING (-3.523808 50.7264095, -3.5236956 50.7264775)",yes,asphalt,,,,,,,
34699810,6873422367,0,1058007434,service,,,,False,True,8.125919304388411,32.1868,0.9088604488733979,"LINESTRING (-3.523808 50.7264095, -3.523846 50.7263902, -3.5238951 50.7263616)",yes,asphalt,,,,,,,
8984062212,34699810,0,5089602,unclassified,,20 mph,Cheeke Street,False,False,10.698042877284582,32.1868,1.1965449923019529,"LINESTRING (-3.5239219 50.7264732, -3.523808 50.7264095)",yes,asphalt,,,,,,,
8984062212,8984062206,0,733909714,footway,,,,False,False,6.147386863390633,32.1868,0.6875673477390197,"LINESTRING (-3.5239219 50.7264732, -3.5239838 50.7264342)",no,asphalt,,,,,,,
8984062212,8984062213,0,733909714,footway,,,,False,True,4.528415548672952,32.1868,0.5064901131899608,"LINESTRING (-3.5239219 50.7264732, -3.5238761 50.7265018)",no,asphalt,,,,,,,
8984062212,7644003303,0,5089602,unclassified,,20 mph,Cheeke Street,False,True,40.03272381631014,32.1868,4.477543767591575,"LINESTRING (-3.5239219 50.7264732, -3.5239512 50.7264898, -3.5241749 50.7266259, -3.5243337 50.7267215)",no,asphalt,,,,,,,
628029353,34699810,0,42490979,unclassified,2,20 mph,Cheeke Street,False,True,9.634576677564514,32.1868,1.0775993897881198,"LINESTRING (-3.5237085 50.72635, -3.523808 50.7264095)",yes,asphalt,,,,,,,
628029353,8984079223,0,1135092462,service,,,,False,True,6.507390711767851,32.1868,0.7278327315037303,"LINESTRING (-3.5237085 50.72635, -3.523732 50.7262934)",yes,asphalt,,,,,no,,
628029353,8984062207,0,49437483,unclassified,2,20 mph,Cheeke Street,False,False,50.41084237583246,32.1868,5.638306155100752,"LINESTRING (-3.5237085 50.72635, -3.5236001 50.7262892, -3.5234617 50.7262176, -3.5231571 50.7260608)",yes,asphalt,,,,,,,
8984079217,34699810,0,922431930,unclassified,,20 mph,Bampfylde Street,False,True,10.943871352330603,32.1868,1.2240401925133961,"LINESTRING (-3.5236956 50.7264775, -3.523808 50.7264095)",yes,asphalt,,,,,,,
8984079217,8984062213,0,733909714,footway,,,,False,False,14.202852298399101,32.1868,1.5885477361600646,"LINESTRING (-3.5236956 50.7264775, -3.5237461 50.7265031, -3.523795 50.7264899, -3.5238493 50.7264946, -3.5238761 50.7265018)",no,asphalt,,,,,,,
8984079217,8984062211,0,733909714,footway,,,,False,True,65.8508036014749,32.1868,7.365220927998735,"LINESTRING (-3.5236956 50.7264775, -3.5236408 50.7264433, -3.5236374 50.7263987, -3.5236106 50.7263664, -3.5230346 50.7260821)",yes,asphalt,,,,,,,
8984079217,324160576,0,"[922431930, 968571726]",unclassified,,20 mph,Bampfylde Street,False,False,42.46737940548313,32.1868,4.7498529167155255,"LINESTRING (-3.5236956 50.7264775, -3.5234502 50.7266368, -3.5232657 50.7267453)",no,asphalt,,,,,,,
6873422367,8984079223,0,1018879229,footway,,,,False,False,13.759043520747321,32.1868,1.5389090147107,"LINESTRING (-3.5238951 50.7263616, -3.523732 50.7262934)",no,asphalt,,,,,,,
6873422367,8984062206,0,1018879229,footway,,,,False,True,10.468490902925552,32.1868,1.1708702713700023,"LINESTRING (-3.5238951 50.7263616, -3.5239368 50.7263819, -3.5239519 50.7264078, -3.5239838 50.7264342)",no,paving_stones,,,,,,,
6873422367,34699810,0,1058007434,service,,,,False,False,8.125919304388411,32.1868,0.9088604488733979,"LINESTRING (-3.5238951 50.7263616, -3.523846 50.7263902, -3.523808 50.7264095)",yes,asphalt,,,,,,,
6873422367,9721565994,0,1058007434,service,,,,False,True,7.249014755287012,32.1868,0.8107812245713537,"LINESTRING (-3.5238951 50.7263616, -3.5239159 50.7263483, -3.5239676 50.7263153)",no,asphalt,,,,,,,
8984062206,8984062212,0,733909714,footway,,,,False,True,6.147386863390633,32.1868,0.6875673477390197,"LINESTRING (-3.5239838 50.7264342, -3.5239219 50.7264732)",no,asphalt,,,,,,,
8984062206,7644003303,0,733909714,footway,,,,False,False,45.533359278601424,32.1868,5.092773851484619,"LINESTRING (-3.5239838 50.7264342, -3.5243892 50.7266888, -3.5243337 50.7267215)",yes,asphalt,,,,,,,
8984062206,6873422367,0,1018879229,footway,,,,False,False,10.468490902925552,32.1868,1.1708702713700023,"LINESTRING (-3.5239838 50.7264342, -3.5239519 50.7264078, -3.5239368 50.7263819, -3.5238951 50.7263616)",no,paving_stones,,,,,,,
8984062213,8984062212,0,733909714,footway,,,,False,False,4.528415548672952,32.1868,0.5064901131899608,"LINESTRING (-3.5238761 50.7265018, -3.5239219 50.7264732)",no,asphalt,,,,,,,
8984062213,8984079217,0,733909714,footway,,,,False,True,14.202852298399101,32.1868,1.5885477361600646,"LINESTRING (-3.5238761 50.7265018, -3.5238493 50.7264946, -3.523795 50.7264899, -3.5237461 50.7265031, -3.5236956 50.7264775)",no,asphalt,,,,,,,
8984062213,7644003302,0,970716108,footway,,,,False,True,39.62975627033582,32.1868,4.432473019163414,"LINESTRING (-3.5238761 50.7265018, -3.5241209 50.7266593, -3.524272 50.7267552)",no,paving_stones,,,,,,,
7644003303,7644003302,0,818514808,footway,,,,False,False,5.736161722006751,32.1868,0.6415730112724566,"LINESTRING (-3.5243337 50.7267215, -3.524272 50.7267552)",no,asphalt,,,,,,,
7644003303,8984062212,0,5089602,unclassified,,20 mph,Cheeke Street,False,False,40.03272381631014,32.1868,4.477543767591575,"LINESTRING (-3.5243337 50.7267215, -3.5241749 50.7266259, -3.5239512 50.7264898, -3.5239219 50.7264732)",no,asphalt,,,,,,,
7644003303,34700215,0,5089602,unclassified,,20 mph,Cheeke Street,False,True,13.449887734319466,32.1868,1.504330838839216,"LINESTRING (-3.5243337 50.7267215, -3.5244367 50.7267888, -3.5244741 50.7268023)",yes,asphalt,,,,,,,
7644003303,8984062206,0,733909714,footway,,,,False,True,45.533359278601424,32.1868,5.092773851484619,"LINESTRING (-3.5243337 50.7267215, -3.5243892 50.7266888, -3.5239838 50.7264342)",yes,paving_stones,,,,,,,
8984079223,6873422367,0,1018879229,footway,,,,False,True,13.759043520747321,32.1868,1.5389090147107,"LINESTRING (-3.523732 50.7262934, -3.5238951 50.7263616)",no,asphalt,,,,,,,
8984079223,628029353,0,1135092462,service,,,,False,False,6.507390711767851,32.1868,0.7278327315037303,"LINESTRING (-3.523732 50.7262934, -3.5237085 50.72635)",yes,asphalt,,,,,no,,
8984079223,8984062208,0,1018879229,footway,,,,False,False,48.38252212212419,32.1868,5.411444431867943,"LINESTRING (-3.523732 50.7262934, -3.5236636 50.7262573, -3.5232005 50.7260175)",no,asphalt,,,,,,,
8984079223,8443783643,0,1135092462,service,,,,False,True,17.028232012580375,32.1868,1.904558242673685,"LINESTRING (-3.523732 50.7262934, -3.5237719 50.7262593, -3.5238826 50.7261736)",no,asphalt,,,,,no,,
8984062207,8984062208,0,909413010,service,,,,False,False,5.7021303143118125,32.1868,0.6377666972647957,"LINESTRING (-3.5231571 50.7260608, -3.5232005 50.7260175)",yes,asphalt,,,,,no,,
8984062207,8984062210,0,1135679607,unclassified,2,20 mph,Cheeke Street,False,False,5.293011930977776,32.1868,0.592007995560913,"LINESTRING (-3.5231571 50.7260608, -3.5230955 50.7260335)",yes,paving_stones,,,,,,,
8984062207,628029353,0,49437483,unclassified,2,20 mph,Cheeke Street,False,True,50.41084237583246,32.1868,5.638306155100752,"LINESTRING (-3.5231571 50.7260608, -3.5234617 50.7262176, -3.5236001 50.7262892, -3.5237085 50.72635)",yes,asphalt,,,,,,,
8984062211,8984062210,0,733909714,footway,,,,False,True,6.897837972547269,32.1868,0.7715031224343574,"LINESTRING (-3.5230346 50.7260821, -3.5230955 50.7260335)",yes,paving_stones,,,,,,,
8984062211,9721565956,0,610765451,footway,,,,False,True,10.10443418321962,32.1868,1.1301515857305056,"LINESTRING (-3.5230346 50.7260821, -3.522987 50.726068, -3.5229653 50.7260583, -3.5229481 50.7260447, -3.5229182 50.726031)",yes,paving_stones,,,,,,,
8984062211,8984079217,0,733909714,footway,,,,False,False,65.8508036014749,32.1868,7.365220927998735,"LINESTRING (-3.5230346 50.7260821, -3.5236106 50.7263664, -3.5236374 50.7263987, -3.5236408 50.7264433, -3.5236956 50.7264775)",yes,paving_stones,,,,,,,
9721565994,9721565993,0,1058007433,service,,,,False,False,2.623593295057172,32.1868,0.29344128220903665,"LINESTRING (-3.5239676 50.7263153, -3.5239426 50.7262978)",no,paving_stones,,,,,,,
9721565994,6873422367,0,1058007434,service,,,,False,False,7.249014755287012,32.1868,0.8107812245713537,"LINESTRING (-3.5239676 50.7263153, -3.5239159 50.7263483, -3.5238951 50.7263616)",no,asphalt,,,,,,,
9721565994,9721565987,0,"[1058007434, 1018879228]","['service', 'footway']",,,,False,True,28.11166921925749,32.1868,3.1442084702215496,"LINESTRING (-3.5239676 50.7263153, -3.5240404 50.7262699, -3.5242093 50.7261635, -3.5242268 50.7261279)",no,paving_stones,,,,,,,
315875802,7644003297,0,26625281,footway,,,,False,True,8.211854638124688,32.1868,0.9184720661031504,"LINESTRING (-3.5248933 50.7265902, -3.5249669 50.7266475)",no,asphalt,,,,,,,
315875802,34700215,0,"[655682116, 655682117]",unclassified,2,20 mph,Sidwell Street,False,False,39.141702797521155,32.1868,4.3778856571972415,"LINESTRING (-3.5248933 50.7265902, -3.5247622 50.7266752, -3.5246305 50.7267555, -3.5245919 50.7267821, -3.5245399 50.7268042, -3.5244741 50.7268023)",yes,asphalt,,,,,,,
315875802,1479619169,0,"[655682118, 655682119]",unclassified,2,20 mph,Sidwell Street,False,True,85.74839090591524,32.1868,9.590708217694672,"LINESTRING (-3.5248933 50.7265902, -3.52523 50.7263875, -3.5257469 50.7260404)",no,asphalt,,,,,,,
7644003302,7644003303,0,818514808,footway,,,,False,True,5.736161722006751,32.1868,0.6415730112724566,"LINESTRING (-3.524272 50.7267552, -3.5243337 50.7267215)",no,asphalt,,,,,,,
7644003302,7644003313,0,818514808,footway,,,,False,False,121.1065604405603,32.1868,13.545416679695315,"LINESTRING (-3.524272 50.7267552, -3.5243335 50.7268075, -3.5243324 50.7268305, -3.5240669 50.7269946, -3.5236791 50.7272265, -3.5233873 50.7273962, -3.5231962 50.7275261)",no,asphalt,,,,,,,
7644003302,8984062213,0,970716108,footway,,,,False,False,39.62975627033582,32.1868,4.432473019163414,"LINESTRING (-3.524272 50.7267552, -3.5241209 50.7266593, -3.5238761 50.7265018)",no,paving_stones,,,,,,,
7644003297,315875802,0,26625281,footway,,,,False,False,8.211854638124688,32.1868,0.9184720661031504,"LINESTRING (-3.5249669 50.7266475, -3.5248933 50.7265902)",no,asphalt,,,,,,,
7644003297,7644003298,0,818514807,footway,,,,False,True,13.413470609565254,32.1868,1.5002576893147166,"LINESTRING (-3.5249669 50.7266475, -3.5248233 50.7267268)",no,asphalt,,,,,,,
7644003297,3597229443,0,26625281,footway,,,,False,True,86.58362003027165,32.1868,9.684126166906246,"LINESTRING (-3.5249669 50.7266475, -3.525181 50.7268134, -3.5252039 50.7268506, -3.5253354 50.7269708, -3.5254193 50.7270547, -3.5254768 50.7271203, -3.5254942 50.72717, -3.5254821 50.7272349, -3.5254573 50.7272591, -3.5255233 50.7273006)",no,asphalt,,,,,,,
1479619169,315875802,0,"[655682118, 655682119]",unclassified,2,20 mph,Sidwell Street,False,False,85.74839090591524,32.1868,9.590708217694672,"LINESTRING (-3.5257469 50.7260404, -3.52523 50.7263875, -3.5248933 50.7265902)",no,asphalt,,,,,,,
1479619169,299022771,0,"[655682120, 655682119]",unclassified,2,20 mph,Sidwell Street,False,True,45.70324746154646,32.1868,5.111775350813604,"LINESTRING (-3.5257469 50.7260404, -3.5258812 50.7259466, -3.526036 50.7258579, -3.5262263 50.7257648)",yes,asphalt,,,,,,,
1479619169,1479619163,0,"[134593748, 1051867748, 134593743]",footway,,,,False,True,64.12210004825128,32.1868,7.17187046160863,"LINESTRING (-3.5257469 50.7260404, -3.5258363 50.7260958, -3.5261219 50.7262779, -3.5261822 50.7263291, -3.5262383 50.7265025)",no,asphalt,,,building_passage,,,,yes
34702928,299022772,0,5583385,unclassified,,20 mph,Bude Street,False,False,41.992334047283066,32.1868,4.696720474549164,"LINESTRING (-3.5253186 50.7252734, -3.5253691 50.7252896, -3.5254199 50.725287, -3.5255144 50.7252838, -3.5255604 50.725288, -3.5256064 50.7252963, -3.5256217 50.7253003, -3.5256957 50.7253349, -3.5257414 50.725368, -3.5257549 50.7253831, -3.5257618 50.725403, -3.5257634 50.7254157, -3.525763 50.725429, -3.5257586 50.7254422)",yes,paving_stones,,,,,,,
34702928,3329242110,0,"[167401899, 26708100]",unclassified,,20 mph,Bampfylde Street,False,False,18.32678094305355,32.1868,2.049797165142008,"LINESTRING (-3.5253186 50.7252734, -3.5253097 50.7252487, -3.5252912 50.7251746, -3.5252746 50.725111)",no,asphalt,,,,,,,
34702928,9721565962,0,697870535,unclassified,,20 mph,Bampfylde Street,False,True,22.401790892576628,32.1868,2.5055751802998705,"LINESTRING (-3.5253186 50.7252734, -3.5253324 50.7253756, -3.5253094 50.7254348, -3.5252835 50.725469)",no,asphalt,,,,,,,
299022772,4164003877,0,5583385,unclassified,,20 mph,Bude Street,False,False,130.8176960344156,32.1868,14.631578961682932,"LINESTRING (-3.5257586 50.7254422, -3.5257344 50.7254692, -3.5255129 50.7256146, -3.5254778 50.7256532, -3.5253237 50.7258476, -3.5253042 50.7258692, -3.5248164 50.7261873, -3.5247352 50.7262378, -3.5246986 50.7262477, -3.5246758 50.7262451, -3.5246567 50.7262377, -3.5245582 50.7261769)",yes,paving_stones,,,,,,,
299022772,34702928,0,5583385,unclassified,,20 mph,Bude Street,False,True,41.992334047283066,32.1868,4.696720474549164,"LINESTRING (-3.5257586 50.7254422, -3.525763 50.725429, -3.5257634 50.7254157, -3.5257618 50.725403, -3.5257549 50.7253831, -3.5257414 50.725368, -3.5256957 50.7253349, -3.5256217 50.7253003, -3.5256064 50.7252963, -3.5255604 50.725288, -3.5255144 50.7252838, -3.5254199 50.725287, -3.5253691 50.7252896, -3.5253186 50.7252734)",yes,paving_stones,,,,,,,
299022772,299022771,0,"[26645194, 1099927789, 1099927790]",footway,,,,False,False,48.721978596104826,32.1868,5.449411651545894,"LINESTRING (-3.5257586 50.7254422, -3.525815 50.7254825, -3.5258592 50.7255159, -3.5261172 50.725686, -3.5261903 50.7257346, -3.5262263 50.7257648)",yes,paving_stones,,,yes,,,,
3329242110,292915464,0,167401899,unclassified,,20 mph,Bampfylde Street,False,False,13.088106746856191,32.1868,1.4638666872345896,"LINESTRING (-3.5252746 50.725111, -3.5252516 50.7249942)",no,asphalt,,,,,,,
3329242110,34702928,0,"[167401899, 26708100]",unclassified,,20 mph,Bampfylde Street,False,True,18.32678094305355,32.1868,2.049797165142008,"LINESTRING (-3.5252746 50.725111, -3.5252912 50.7251746, -3.5253097 50.7252487, -3.5253186 50.7252734)",no,asphalt,,,,,,,
3329242110,6212412133,0,"[663716083, 697870534]",footway,,,,False,False,29.558997964463074,32.1868,3.3060879824048084,"LINESTRING (-3.5252746 50.725111, -3.5253601 50.7251002, -3.5254463 50.7250558, -3.5255465 50.7250446, -3.5256663 50.7250422)",yes,asphalt,,,,,,,
3329242110,6212410505,0,1018879230,footway,,,,False,False,14.50565292807115,32.1868,1.6224151062254137,"LINESTRING (-3.5252746 50.725111, -3.5251388 50.7251078, -3.5250728 50.7250927)",no,asphalt,,,,,,,
9721565962,34702928,0,697870535,unclassified,,20 mph,Bampfylde Street,False,False,22.401790892576628,32.1868,2.5055751802998705,"LINESTRING (-3.5252835 50.725469, -3.5253094 50.7254348, -3.5253324 50.7253756, -3.5253186 50.7252734)",no,asphalt,,,,,,,
9721565962,9397628680,0,697870535,unclassified,,20 mph,Bampfylde Street,False,True,85.5495107612197,32.1868,9.568464051735212,"LINESTRING (-3.5252835 50.725469, -3.5252505 50.7255126, -3.5247679 50.7258033, -3.5244813 50.7259788, -3.524435 50.7260154)",yes,asphalt,,,,,,,
9721565962,9721565966,0,1018879228,footway,,,,False,False,87.87264957635193,32.1868,9.828300373906913,"LINESTRING (-3.5252835 50.725469, -3.5251938 50.7254674, -3.5250892 50.7255404, -3.5244589 50.7259453, -3.5244212 50.7260073)",yes,asphalt,,,,,,,
4164003877,9397628680,0,"[5583385, 697870535]",unclassified,,20 mph,"['Bude Street', 'Bampfylde Street']",False,False,23.02534742296836,32.1868,2.575318165294037,"LINESTRING (-3.5245582 50.7261769, -3.524412 50.7260777, -3.5243991 50.726055, -3.5244085 50.7260323, -3.524435 50.7260154)",yes,asphalt,,,,,,,
4164003877,299022772,0,5583385,unclassified,,20 mph,Bude Street,False,True,130.81769603441563,32.1868,14.631578961682935,"LINESTRING (-3.5245582 50.7261769, -3.5246567 50.7262377, -3.5246758 50.7262451, -3.5246986 50.7262477, -3.5247352 50.7262378, -3.5248164 50.7261873, -3.5253042 50.7258692, -3.5253237 50.7258476, -3.5254778 50.7256532, -3.5255129 50.7256146, -3.5257344 50.7254692, -3.5257586 50.7254422)",yes,paving_stones,,,,,,,
4164003877,2081310742,0,415361106,service,,,,False,True,8.407715430888242,32.1868,0.9403785263274905,"LINESTRING (-3.5245582 50.7261769, -3.5245896 50.7261585, -3.5246501 50.7261287)",no,asphalt,,,,,,parking_aisle,
292915464,3329242110,0,167401899,unclassified,,20 mph,Bampfylde Street,False,True,13.088106746856191,32.1868,1.4638666872345896,"LINESTRING (-3.5252516 50.7249942, -3.5252746 50.725111)",no,asphalt,,,,,,,
292915464,6212410506,0,757666619,secondary,,20 mph,Paris Street,False,True,13.652736431188064,32.1868,1.527018875821052,"LINESTRING (-3.5252516 50.7249942, -3.5250612 50.7250176)",no,asphalt,B3183,,,,,,
292915464,3297556876,0,49437478,secondary,,20 mph,Paris Street,False,False,16.895445149335245,32.1868,1.8897064180846461,"LINESTRING (-3.5252516 50.7249942, -3.5253695 50.7249788, -3.5254884 50.7249704)",yes,asphalt,B3183,,,,,,
6212410505,6212410506,0,663717026,footway,,,,False,False,8.390576438362793,32.1868,0.938461579843478,"LINESTRING (-3.5250728 50.7250927, -3.5250612 50.7250176)",no,asphalt,,,,,,,
6212410505,6210838920,0,"[1018879232, 1018879230]",footway,,,,False,"[False, True]",35.31376353652981,32.1868,3.9497417802175843,"LINESTRING (-3.5250728 50.7250927, -3.5250069 50.7250979, -3.5245765 50.725139)",no,paving_stones,,,,,,,
6212410505,3329242110,0,1018879230,footway,,,,False,True,14.50565292807115,32.1868,1.6224151062254137,"LINESTRING (-3.5250728 50.7250927, -3.5251388 50.7251078, -3.5252746 50.725111)",no,asphalt,,,,,,,
9397628680,9721565966,0,1018879233,path,,,,False,False,1.3246892279126026,34.06605393721507,0.13998924645850044,"LINESTRING (-3.524435 50.7260154, -3.5244212 50.7260073)",yes,asphalt,,,,,,,
9397628680,9721565962,0,697870535,unclassified,,20 mph,Bampfylde Street,False,False,85.54951076121971,32.1868,9.568464051735214,"LINESTRING (-3.524435 50.7260154, -3.5244813 50.7259788, -3.5247679 50.7258033, -3.5252505 50.7255126, -3.5252835 50.725469)",yes,asphalt,,,,,,,
9397628680,4164003877,0,"[5583385, 697870535]",unclassified,,20 mph,"['Bude Street', 'Bampfylde Street']",False,True,23.02534742296836,32.1868,2.575318165294037,"LINESTRING (-3.524435 50.7260154, -3.5244085 50.7260323, -3.5243991 50.726055, -3.524412 50.7260777, -3.5245582 50.7261769)",yes,asphalt,,,,,,,
9721565966,9397628680,0,1018879233,path,,,,False,True,1.3246892279126026,34.06605393721507,0.13998924645850044,"LINESTRING (-3.5244212 50.7260073, -3.524435 50.7260154)",yes,asphalt,,,,,,,
9721565966,9721565987,0,1018879228,footway,,,,False,False,19.16103676247771,32.1868,2.143106253026699,"LINESTRING (-3.5244212 50.7260073, -3.5243738 50.7260353, -3.5242268 50.7261279)",yes,paving_stones,,,,,,,
9721565966,9721565962,0,1018879228,footway,,,,False,True,87.87264957635193,32.1868,9.828300373906913,"LINESTRING (-3.5244212 50.7260073, -3.5244589 50.7259453, -3.5250892 50.7255404, -3.5251938 50.7254674, -3.5252835 50.725469)",yes,asphalt,,,,,,,
9721565966,9721565940,0,1018879233,path,,,,False,False,44.09387908462983,34.06605393721507,4.6597109544071955,"LINESTRING (-3.5244212 50.7260073, -3.5243822 50.7259923, -3.5242021 50.7258598, -3.5241055 50.7257989, -3.5239527 50.7257542)",yes,asphalt,,,,,,,
9797141046,34917448,0,7981300,unclassified,1,20 mph,Russell Street,False,True,5.888300640961886,32.1868,0.6585893070284338,"LINESTRING (-3.5208042 50.7247346, -3.5208335 50.724685)",yes,asphalt,,,,,,,
9797141046,392680940,0,7981300,unclassified,1,20 mph,Russell Street,False,False,29.954627467414888,32.1868,3.350337992055551,"LINESTRING (-3.5208042 50.7247346, -3.5206859 50.72492, -3.5206359 50.7249818)",yes,asphalt,,,,,,,
9797141046,9797141055,0,1066982586,footway,,,,False,False,143.67042175172438,32.1868,16.069118965110164,"LINESTRING (-3.5208042 50.7247346, -3.520874 50.7247549, -3.5208996 50.7247598, -3.5215312 50.7249257, -3.5216305 50.7249852, -3.521829 50.7250505, -3.5220221 50.7251083, -3.5220838 50.7251562, -3.5221381 50.7253277, -3.5221723 50.72552)",yes,asphalt,,,,,,,
9797141046,9797141042,0,1066982586,footway,,,,False,True,63.28945082660135,32.1868,7.078741067013959,"LINESTRING (-3.5208042 50.7247346, -3.5207641 50.7247203, -3.5202726 50.7245764, -3.5201097 50.7245297, -3.5199877 50.7245628)",yes,asphalt,,,,,,,
5666896496,34917448,0,148809163,residential,,20 mph,Denmark Road,False,False,8.386493483959871,32.1868,0.9380049132643051,"LINESTRING (-3.5208728 50.7246138, -3.5208335 50.724685)",yes,asphalt,,,,,,,
5666896496,838036350,0,148809163,residential,,20 mph,Denmark Road,False,True,35.429882750236274,32.1868,3.9627293766652976,"LINESTRING (-3.5208728 50.7246138, -3.5210497 50.7243155)",yes,asphalt,,,,,,,
5666896496,292262198,0,"[594240515, 587803596]",footway,,,,False,False,177.16019721997205,32.1868,19.814852982958836,"LINESTRING (-3.5208728 50.7246138, -3.5208996 50.7246192, -3.5209136 50.7246473, -3.5209356 50.7246595, -3.5214461 50.724776, -3.5219122 50.7249158, -3.5222097 50.724984, -3.522297 50.7250004, -3.5223818 50.7250065, -3.5225049 50.7249988, -3.5226428 50.7249803, -3.5227223 50.7249603, -3.5228039 50.7249283, -3.5228757 50.7248814, -3.5229639 50.7248082, -3.5230717 50.7247276)",yes,asphalt,,,,,,,
5666896496,5666896493,0,594240515,footway,,,,False,True,161.5425514828136,32.1868,18.068064714048276,"LINESTRING (-3.5208728 50.7246138, -3.5208198 50.7246018, -3.5207789 50.7246146, -3.5206407 50.724582, -3.5187897 50.7240309)",yes,asphalt,,,,,,,
59741722,2767006759,0,7981293,unclassified,,20 mph,Clifton Road,False,True,9.336666654674419,32.1868,1.0442790198723673,"LINESTRING (-3.5199663 50.724453, -3.5199184 50.7245313)",yes,asphalt,,6.7,,,,,
59741722,34917448,0,149551332,secondary,2,30 mph,Heavitree Road,False,False,66.27106904509864,48.2802,4.941484263991348,"LINESTRING (-3.5199663 50.724453, -3.5208335 50.724685)",yes,asphalt,B3183,,,,,,
59741722,34918461,0,"[149551332, 408884044]",secondary,2,30 mph,Heavitree Road,False,True,93.83597847240691,48.2802,6.9968542487534195,"LINESTRING (-3.5199663 50.724453, -3.5191027 50.7241972, -3.5187537 50.7241027)",yes,asphalt,B3183,,,,,,
392680940,9797141046,0,7981300,unclassified,1,20 mph,Russell Street,False,True,29.954627467414888,32.1868,3.350337992055551,"LINESTRING (-3.5206359 50.7249818, -3.5206859 50.72492, -3.5208042 50.7247346)",yes,asphalt,,,,,,,
392680940,760486550,0,271757545,unclassified,,20 mph,Russell Street,False,False,56.62247513365018,32.1868,6.333059219342733,"LINESTRING (-3.5206359 50.7249818, -3.5205755 50.7249582, -3.5204496 50.7248918, -3.520304 50.7247853, -3.5200441 50.7246397)",yes,asphalt,,,,,,,
392680940,497695502,0,818861617,unclassified,,20 mph,Russell Street,False,True,11.95715885210572,32.1868,1.337373453328091,"LINESTRING (-3.5206359 50.7249818, -3.5207361 50.7250325, -3.5207705 50.7250473)",yes,asphalt,,,,,,,
9797141055,6210838922,0,663556671,footway,,,,False,False,5.88720883338438,32.1868,0.6584671915252144,"LINESTRING (-3.5221723 50.72552, -3.5222488 50.7255414)",yes,asphalt,,,,,,,
9797141055,62150371,0,1066982586,footway,,,,False,False,66.87400754456006,32.1868,7.479663314166561,"LINESTRING (-3.5221723 50.72552, -3.5221488 50.7256109, -3.5220677 50.7257093, -3.5219081 50.7257768, -3.5216821 50.7259322, -3.5216136 50.7259814)",yes,asphalt,,,,,,,
9797141055,9797141046,0,1066982586,footway,,,,False,True,143.67042175172438,32.1868,16.069118965110164,"LINESTRING (-3.5221723 50.72552, -3.5221381 50.7253277, -3.5220838 50.7251562, -3.5220221 50.7251083, -3.521829 50.7250505, -3.5216305 50.7249852, -3.5215312 50.7249257, -3.5208996 50.7247598, -3.520874 50.7247549, -3.5208042 50.7247346)",yes,asphalt,,,,,,,
9797141042,2767006759,0,1066982586,footway,,,,False,True,6.005414288523552,32.1868,0.6716881280116318,"LINESTRING (-3.5199877 50.7245628, -3.5199184 50.7245313)",no,asphalt,,,,,,,
9797141042,760486550,0,60776771,footway,,,,False,False,10.998882262864825,32.1868,1.2301930029177606,"LINESTRING (-3.5199877 50.7245628, -3.5200342 50.7245867, -3.5200597 50.7246028, -3.5200441 50.7246397)",no,asphalt,,,,,,,
9797141042,9797141046,0,1066982586,footway,,,,False,False,63.289450826601346,32.1868,7.078741067013958,"LINESTRING (-3.5199877 50.7245628, -3.5201097 50.7245297, -3.5202726 50.7245764, -3.5207641 50.7247203, -3.5208042 50.7247346)",yes,asphalt,,,,,,,
838036350,5666896496,0,148809163,residential,,20 mph,Denmark Road,False,False,35.429882750236274,32.1868,3.9627293766652976,"LINESTRING (-3.5210497 50.7243155, -3.5208728 50.7246138)",yes,asphalt,,,,,,,
838036350,34918245,0,331669381,residential,,30 mph,Denmark Road,False,True,34.78295423311027,48.2802,2.5935815352711247,"LINESTRING (-3.5210497 50.7243155, -3.5212145 50.7240206)",yes,asphalt,,,,,,,
838036350,838036557,0,70181400,service,,,,False,True,43.91072018587418,32.1868,4.9112863866289,"LINESTRING (-3.5210497 50.7243155, -3.5207786 50.7242479, -3.5204797 50.7241558)",yes,asphalt,,,,,,,
292262198,376947108,0,26645163,footway,,,,False,False,5.7283989203482335,32.1868,0.6407047644765445,"LINESTRING (-3.5230717 50.7247276, -3.5231425 50.724753)",yes,asphalt,,,,,,,
292262198,1513241812,0,26645163,footway,,,,False,True,36.864328254859885,32.1868,4.123167935846235,"LINESTRING (-3.5230717 50.7247276, -3.5230467 50.7246954, -3.5230299 50.7246891, -3.5231383 50.7245244, -3.5231594 50.7244707, -3.5231137 50.7244305)",yes,asphalt,,,,,,,
292262198,5666896496,0,"[594240515, 587803596]",footway,,,,False,True,177.16019721997205,32.1868,19.814852982958836,"LINESTRING (-3.5230717 50.7247276, -3.5229639 50.7248082, -3.5228757 50.7248814, -3.5228039 50.7249283, -3.5227223 50.7249603, -3.5226428 50.7249803, -3.5225049 50.7249988, -3.5223818 50.7250065, -3.522297 50.7250004, -3.5222097 50.724984, -3.5219122 50.7249158, -3.5214461 50.724776, -3.5209356 50.7246595, -3.5209136 50.7246473, -3.5208996 50.7246192, -3.5208728 50.7246138)",yes,asphalt,,,,,,,
5666896493,34918461,0,5105170,residential,,20 mph,Spicer Road,False,False,8.376337133606146,32.1868,0.936868955005845,"LINESTRING (-3.5187897 50.7240309, -3.5187537 50.7241027)",no,asphalt,,,,,,,
5666896493,838036346,0,5105170,residential,,20 mph,Spicer Road,False,True,34.921309687021555,32.1868,3.905846958171599,"LINESTRING (-3.5187897 50.7240309, -3.518995 50.723745)",no,asphalt,,,,,,,
5666896493,7644003289,0,594240515,footway,,,,False,True,21.613188078189303,32.1868,2.4173722482968643,"LINESTRING (-3.5187897 50.7240309, -3.5184972 50.7239718)",no,asphalt,,,,,,,
5666896493,5666896496,0,594240515,footway,,,,False,False,161.54255148281356,32.1868,18.068064714048273,"LINESTRING (-3.5187897 50.7240309, -3.5206407 50.724582, -3.5207789 50.7246146, -3.5208198 50.7246018, -3.5208728 50.7246138)",yes,asphalt,,,,,,,
2767006759,59741722,0,7981293,unclassified,,20 mph,Clifton Road,False,False,9.336666654674419,32.1868,1.0442790198723673,"LINESTRING (-3.5199184 50.7245313, -3.5199663 50.724453)",yes,asphalt,,6.7,,,,,
2767006759,9797141042,0,1066982586,footway,,,,False,False,6.005414288523552,32.1868,0.6716881280116318,"LINESTRING (-3.5199184 50.7245313, -3.5199877 50.7245628)",no,asphalt,,,,,,,
2767006759,2767006763,0,7981293,unclassified,,20 mph,Clifton Road,False,True,8.895368292708635,32.1868,0.9949210811186913,"LINESTRING (-3.5199184 50.7245313, -3.5198956 50.7245802, -3.5198836 50.7246082)",yes,asphalt,,6.7,,,,,
2767006759,9797141032,0,1066982586,footway,,,,False,True,17.2275440231581,32.1868,1.9268507115764586,"LINESTRING (-3.5199184 50.7245313, -3.5198609 50.7245012, -3.5197677 50.7244753, -3.5197011 50.7244656)",no,asphalt,,,,,,,
34918461,5666896493,0,5105170,residential,,20 mph,Spicer Road,False,True,8.376337133606146,32.1868,0.936868955005845,"LINESTRING (-3.5187537 50.7241027, -3.5187897 50.7240309)",no,asphalt,,,,,,,
34918461,2176102006,0,408884044,secondary,2,30 mph,Heavitree Road,False,True,21.30575789284782,48.2802,1.5886580505932482,"LINESTRING (-3.5187537 50.7241027, -3.5184762 50.7240262)",yes,asphalt,B3183,,,,,,
34918461,59741722,0,"[149551332, 408884044]",secondary,2,30 mph,Heavitree Road,False,False,93.83597847240691,48.2802,6.9968542487534195,"LINESTRING (-3.5187537 50.7241027, -3.5191027 50.7241972, -3.5199663 50.724453)",yes,asphalt,B3183,,,,,,
34917754,1513241812,0,138011580,residential,,20 mph,Archibald Road,False,True,6.673030161271889,32.1868,0.7463590223501188,"LINESTRING (-3.5231392 50.7243727, -3.5231137 50.7244305)",yes,asphalt,,,,,,,
34917754,838035987,0,"[5105049, 26645177]","['service', 'residential']",,20 mph,Archibald Road,False,"[False, True]",30.918422004793324,32.1868,3.458135608922166,"LINESTRING (-3.5231392 50.7243727, -3.5229203 50.7243264, -3.522715 50.7243036)",yes,asphalt,,,,,,,
34917754,838035719,0,138011580,residential,,20 mph,Archibald Road,False,False,142.50710496254337,32.1868,15.939005364471033,"LINESTRING (-3.5231392 50.7243727, -3.5231896 50.7242567, -3.5233441 50.7239529, -3.5235504 50.7235277, -3.5236554 50.7233139, -3.5237276 50.7231466)",yes,asphalt,,,,,,,
1513241812,34917754,0,138011580,residential,,20 mph,Archibald Road,False,False,6.673030161271889,32.1868,0.7463590223501188,"LINESTRING (-3.5231137 50.7244305, -3.5231392 50.7243727)",yes,asphalt,,,,,,,
1513241812,1513242045,0,138011580,residential,,20 mph,Archibald Road,False,True,2.4185540784170723,32.1868,0.2705082419594822,"LINESTRING (-3.5231137 50.7244305, -3.5231085 50.724452)",yes,asphalt,,,,,,,
1513241812,292262198,0,26645163,footway,,,,False,False,36.864328254859885,32.1868,4.123167935846235,"LINESTRING (-3.5231137 50.7244305, -3.5231594 50.7244707, -3.5231383 50.7245244, -3.5230299 50.7246891, -3.5230467 50.7246954, -3.5230717 50.7247276)",yes,asphalt,,,,,,,
838035987,34918242,0,26645177,service,,,,False,False,33.874379345077884,32.1868,3.7887508432736525,"LINESTRING (-3.522715 50.7243036, -3.5222511 50.7242226)",no,asphalt,,,,,,,
838035987,34917754,0,"[26645177, 5105049]","['service', 'residential']",,20 mph,Archibald Road,False,"[False, True]",30.918422004793324,32.1868,3.458135608922166,"LINESTRING (-3.522715 50.7243036, -3.5229203 50.7243264, -3.5231392 50.7243727)",yes,asphalt,,,,,,,
838035987,838035716,0,70181371,service,,,,False,True,130.48925915818427,32.1868,14.594844251974829,"LINESTRING (-3.522715 50.7243036, -3.5229363 50.7238541, -3.5232497 50.72318)",no,asphalt,,,,,,,
838035719,8993474325,0,138011580,residential,,20 mph,Archibald Road,False,False,36.61595183429831,32.1868,4.095387755336781,"LINESTRING (-3.5237276 50.7231466, -3.5236663 50.7228196)",yes,asphalt,,,,,,,
838035719,838035716,0,70181336,service,,,,False,True,33.84857636935685,32.1868,3.7858648554589047,"LINESTRING (-3.5237276 50.7231466, -3.5234973 50.7231607, -3.5232497 50.72318)",yes,asphalt,,,,,,,
838035719,34917754,0,138011580,residential,,20 mph,Archibald Road,False,True,142.50710496254337,32.1868,15.939005364471033,"LINESTRING (-3.5237276 50.7231466, -3.5236554 50.7233139, -3.5235504 50.7235277, -3.5233441 50.7239529, -3.5231896 50.7242567, -3.5231392 50.7243727)",yes,asphalt,,,,,,,
1513242045,1513241812,0,138011580,residential,,20 mph,Archibald Road,False,False,2.4185540784170723,32.1868,0.2705082419594822,"LINESTRING (-3.5231085 50.724452, -3.5231137 50.7244305)",yes,asphalt,,,,,,,
34918242,838035987,0,26645177,service,,,,False,True,33.874379345077884,32.1868,3.7887508432736525,"LINESTRING (-3.5222511 50.7242226, -3.522715 50.7243036)",no,asphalt,,,,,,,
34918242,332087879,0,5105156,residential,,20 mph,Athelstan Road,False,False,27.98968920709278,32.1868,3.130565360505985,"LINESTRING (-3.5222511 50.7242226, -3.522205 50.7242277, -3.5218719 50.724158)",no,asphalt,,,,,,,
34918242,1513241913,0,5105156,residential,,20 mph,Athelstan Road,False,True,59.6077563768724,32.1868,6.666954246981392,"LINESTRING (-3.5222511 50.7242226, -3.5223265 50.7241805, -3.5223581 50.7241466, -3.5225471 50.7237304)",no,asphalt,,,,,,,
838035716,332088467,0,70181336,service,,,,False,True,35.6109145315385,32.1868,3.9829772550716016,"LINESTRING (-3.5232497 50.72318, -3.5227473 50.7232175)",no,asphalt,,,,,,,
838035716,838035719,0,70181336,service,,,,False,False,33.84857636935685,32.1868,3.7858648554589047,"LINESTRING (-3.5232497 50.72318, -3.5234973 50.7231607, -3.5237276 50.7231466)",yes,asphalt,,,,,,,
838035716,838035987,0,70181371,service,,,,False,False,130.48925915818427,32.1868,14.594844251974829,"LINESTRING (-3.5232497 50.72318, -3.5229363 50.7238541, -3.522715 50.7243036)",no,asphalt,,,,,,,
8993474325,34917773,0,138011580,residential,,20 mph,Archibald Road,False,False,3.4843659132912994,32.1868,0.3897161969456013,"LINESTRING (-3.5236663 50.7228196, -3.5236617 50.7227884)",yes,asphalt,,,,,,,
8993474325,838035719,0,138011580,residential,,20 mph,Archibald Road,False,True,36.61595183429831,32.1868,4.095387755336781,"LINESTRING (-3.5236663 50.7228196, -3.5237276 50.7231466)",yes,asphalt,,,,,,,
8993474325,8993474328,0,25408756,footway,,,,False,False,28.151936766109735,32.1868,3.1487122782629853,"LINESTRING (-3.5236663 50.7228196, -3.5239593 50.7228062, -3.524065 50.7228124)",yes,asphalt,,,,,,,
34917773,8993474325,0,138011580,residential,,20 mph,Archibald Road,False,True,3.4843659132912994,32.1868,0.3897161969456013,"LINESTRING (-3.5236617 50.7227884, -3.5236663 50.7228196)",yes,asphalt,,,,,,,
34917773,34918237,0,331669382,residential,,20 mph,Barnfield Road,False,False,69.8263702693659,32.1868,7.8098765012277465,"LINESTRING (-3.5236617 50.7227884, -3.5233056 50.7228039, -3.5229461 50.7228195, -3.5226721 50.7228314)",yes,asphalt,,7.7,,,,,
34917773,36671688,0,331669382,residential,,20 mph,Barnfield Road,False,True,19.68522815119978,32.1868,2.2017355358196284,"LINESTRING (-3.5236617 50.7227884, -3.5237395 50.7227844, -3.5239401 50.7227718)",yes,asphalt,,7.7,,,,,
34918237,13004381059,0,5105156,residential,,20 mph,Athelstan Road,False,False,39.733006678837356,32.1868,4.44402127716376,"LINESTRING (-3.5226721 50.7228314, -3.5227417 50.723186)",yes,asphalt,,,,,,,
34918237,34918493,0,331669382,residential,,20 mph,Barnfield Road,False,False,61.44862182154882,32.1868,6.872849694830669,"LINESTRING (-3.5226721 50.7228314, -3.5220917 50.7228578, -3.5219415 50.7228536, -3.521803 50.722838)",yes,asphalt,,7.7,,,,,
34918237,34917773,0,331669382,residential,,20 mph,Barnfield Road,False,True,69.8263702693659,32.1868,7.8098765012277465,"LINESTRING (-3.5226721 50.7228314, -3.5229461 50.7228195, -3.5233056 50.7228039, -3.5236617 50.7227884)",yes,asphalt,,7.7,,,,,
36671688,34917773,0,331669382,residential,,20 mph,Barnfield Road,False,False,19.68522815119978,32.1868,2.2017355358196284,"LINESTRING (-3.5239401 50.7227718, -3.5237395 50.7227844, -3.5236617 50.7227884)",yes,asphalt,,7.7,,,,,
8993474328,8993474323,0,25408756,footway,,,,False,False,11.353446260899897,32.1868,1.2698499552375395,"LINESTRING (-3.524065 50.7228124, -3.5241491 50.7228217, -3.5242242 50.7228287)",no,asphalt,,,,,,,
8993474328,8993474325,0,25408756,footway,,,,False,True,28.151936766109735,32.1868,3.1487122782629853,"LINESTRING (-3.524065 50.7228124, -3.5239593 50.7228062, -3.5236663 50.7228196)",yes,asphalt,,,,,,,
8993474328,8993474329,0,1150992535,footway,,,,False,False,15.184583072625944,32.1868,1.6983514689703048,"LINESTRING (-3.524065 50.7228124, -3.5240711 50.7227787, -3.5240962 50.7226773)",yes,asphalt,,,,,,,
13004381059,332088467,0,5105156,residential,,20 mph,Athelstan Road,False,False,3.524758374309672,32.1868,0.3942339762733425,"LINESTRING (-3.5227417 50.723186, -3.5227473 50.7232175)",no,asphalt,,,,,,,
13004381059,34918237,0,5105156,residential,,20 mph,Athelstan Road,False,True,39.733006678837356,32.1868,4.44402127716376,"LINESTRING (-3.5227417 50.723186, -3.5226721 50.7228314)",yes,asphalt,,,,,,,
13004381059,13004381058,0,1415174259,footway,,,,False,False,7.305718394668659,32.1868,0.8171233617758576,"LINESTRING (-3.5227417 50.723186, -3.5226392 50.7231963)",no,asphalt,,,,,,,
34918493,8618824815,0,138011599,residential,,20 mph,Denmark Road,False,False,10.29706478608681,32.1868,1.1516967586064013,"LINESTRING (-3.521803 50.722838, -3.5217565 50.7229258)",yes,asphalt,,,,,,,
34918493,34918237,0,331669382,residential,,20 mph,Barnfield Road,False,True,61.44862182154882,32.1868,6.872849694830669,"LINESTRING (-3.521803 50.722838, -3.5219415 50.7228536, -3.5220917 50.7228578, -3.5226721 50.7228314)",yes,asphalt,,7.7,,,,,
332088467,13004381059,0,5105156,residential,,20 mph,Athelstan Road,False,True,3.524758374309672,32.1868,0.3942339762733425,"LINESTRING (-3.5227473 50.7232175, -3.5227417 50.723186)",no,asphalt,,,,,,,
332088467,838035716,0,70181336,service,,,,False,False,35.6109145315385,32.1868,3.9829772550716016,"LINESTRING (-3.5227473 50.7232175, -3.5232497 50.72318)",no,asphalt,,,,,,,
332088467,1513241913,0,5105156,residential,,20 mph,Athelstan Road,False,False,59.08086969168363,32.1868,6.608023503114976,"LINESTRING (-3.5227473 50.7232175, -3.5227524 50.7232791, -3.5225471 50.7237304)",no,asphalt,,,,,,,
332088467,2023084855,0,30136696,service,,,,False,True,46.31363065809415,32.1868,5.180044936717504,"LINESTRING (-3.5227473 50.7232175, -3.5226883 50.7232244, -3.5226491 50.7232334, -3.5225981 50.7232525, -3.5225786 50.7232902, -3.5225376 50.7233821, -3.5225157 50.7234023, -3.5224827 50.7234199, -3.5224488 50.7234317, -3.5224081 50.7234395, -3.522366 50.7234422, -3.5222881 50.7234388)",yes,asphalt,,,,,,,
13004381058,13004381059,0,1415174259,footway,,,,False,True,7.305718394668659,32.1868,0.8171233617758576,"LINESTRING (-3.5226392 50.7231963, -3.5227417 50.723186)",no,asphalt,,,,,,,
13004381058,13004381037,0,"[1415174258, 1415174260, 1415174261, 1415174262, 1415174263, 1415174264]","['steps', 'footway']",,,,False,"[False, True]",33.82336363564197,34.06605393721507,3.5743532054733023,"LINESTRING (-3.5226392 50.7231963, -3.5225572 50.7232042, -3.5225294 50.7232178, -3.5225085 50.7232588, -3.5224974 50.723286, -3.5224912 50.7232895, -3.5224834 50.7232901, -3.5224764 50.7232884, -3.5224727 50.723285, -3.5224762 50.7232561, -3.5224633 50.7231999, -3.522451 50.7232527)",yes,asphalt,,,,,,,
13004381058,13004381037,1,"[1415174265, 1415174258]",footway,,,,False,False,46.72491037182911,32.1868,5.226045376942872,"LINESTRING (-3.5226392 50.7231963, -3.5226058 50.7232055, -3.5225773 50.7232183, -3.5225516 50.7232368, -3.5225363 50.723261, -3.5225228 50.7232874, -3.5224963 50.7233573, -3.5224801 50.7233815, -3.5224573 50.7233938, -3.5224335 50.7234013, -3.5224161 50.7234026, -3.522451 50.7232527)",yes,asphalt,,,,,,,
8618824815,34918493,0,138011599,residential,,20 mph,Denmark Road,False,True,10.29706478608681,32.1868,1.1516967586064013,"LINESTRING (-3.5217565 50.7229258, -3.521803 50.722838)",yes,asphalt,,,,,,,
8618824815,34918245,0,138011599,residential,,20 mph,Denmark Road,False,False,127.58712046207435,32.1868,14.270248476501786,"LINESTRING (-3.5217565 50.7229258, -3.5215983 50.7232514, -3.5213865 50.7236887, -3.5213076 50.7238516, -3.5212145 50.7240206)",yes,asphalt,,,,,,,
332087879,34918243,0,5105156,residential,,20 mph,Athelstan Road,False,False,6.918280357031246,32.1868,0.7737895437046394,"LINESTRING (-3.5218719 50.724158, -3.5217795 50.7241368)",no,asphalt,,,,,,,
332087879,34918242,0,5105156,residential,,20 mph,Athelstan Road,False,True,27.98968920709278,32.1868,3.130565360505985,"LINESTRING (-3.5218719 50.724158, -3.522205 50.7242277, -3.5222511 50.7242226)",no,asphalt,,,,,,,
332087879,2023085095,0,30136648,residential,,,Eaton Drive,False,True,59.26830794847538,32.7417448275862,6.516632199599278,"LINESTRING (-3.5218719 50.724158, -3.5217175 50.7244445, -3.5220145 50.7245085, -3.5220407 50.7245355)",no,asphalt,,,,,,,
1513241913,1513241669,0,138011582,service,,,,False,True,22.200130410515083,32.1868,2.483020041689584,"LINESTRING (-3.5225471 50.7237304, -3.5222419 50.7236801)",no,asphalt,,,,,,,
1513241913,34918242,0,5105156,residential,,20 mph,Athelstan Road,False,False,59.6077563768724,32.1868,6.666954246981392,"LINESTRING (-3.5225471 50.7237304, -3.5223581 50.7241466, -3.5223265 50.7241805, -3.5222511 50.7242226)",no,asphalt,,,,,,,
1513241913,332088467,0,5105156,residential,,20 mph,Athelstan Road,False,True,59.08086969168363,32.1868,6.608023503114976,"LINESTRING (-3.5225471 50.7237304, -3.5227524 50.7232791, -3.5227473 50.7232175)",no,asphalt,,,,,,,
34918243,34918245,0,5105156,residential,,20 mph,Athelstan Road,False,False,41.81805403019121,32.1868,4.677227761339691,"LINESTRING (-3.5217795 50.7241368, -3.5212145 50.7240206)",yes,asphalt,,,,,,,
34918243,332087879,0,5105156,residential,,20 mph,Athelstan Road,False,True,6.918280357031246,32.1868,0.7737895437046394,"LINESTRING (-3.5217795 50.7241368, -3.5218719 50.724158)",no,asphalt,,,,,,,
34918243,838042855,0,70185474,service,,,,False,True,47.936718177063014,32.1868,5.361582556744593,"LINESTRING (-3.5217795 50.7241368, -3.5219576 50.7237207)",no,asphalt,,,,,,,
2023085095,332087876,0,30136648,residential,,,Eaton Drive,False,True,21.346899893934555,32.7417448275862,2.347121084195129,"LINESTRING (-3.5220407 50.7245355, -3.5223284 50.7245962)",no,asphalt,,,,,,,
2023085095,332087879,0,30136648,residential,,,Eaton Drive,False,False,59.26830794847538,32.7417448275862,6.516632199599278,"LINESTRING (-3.5220407 50.7245355, -3.5220145 50.7245085, -3.5217175 50.7244445, -3.5218719 50.724158)",no,asphalt,,,,,,,
2023085095,12995456035,0,191727829,residential,,,Eaton Drive,False,True,17.192171210444965,32.7417448275862,1.890302935396882,"LINESTRING (-3.5220407 50.7245355, -3.5220521 50.7245649, -3.5219865 50.7246821)",no,asphalt,,,,,,,
1513241669,1513241913,0,138011582,service,,,,False,False,22.200130410515083,32.1868,2.483020041689584,"LINESTRING (-3.5222419 50.7236801, -3.5225471 50.7237304)",no,asphalt,,,,,,,
34918245,34918243,0,5105156,residential,,20 mph,Athelstan Road,False,True,41.81805403019121,32.1868,4.677227761339691,"LINESTRING (-3.5212145 50.7240206, -3.5217795 50.7241368)",yes,asphalt,,,,,,,
34918245,838036350,0,331669381,residential,,30 mph,Denmark Road,False,False,34.78295423311027,48.2802,2.5935815352711247,"LINESTRING (-3.5212145 50.7240206, -3.5210497 50.7243155)",yes,asphalt,,,,,,,
34918245,8618824815,0,138011599,residential,,20 mph,Denmark Road,False,True,127.58712046207435,32.1868,14.270248476501786,"LINESTRING (-3.5212145 50.7240206, -3.5213076 50.7238516, -3.5213865 50.7236887, -3.5215983 50.7232514, -3.5217565 50.7229258)",yes,asphalt,,,,,,,
838042855,34918243,0,70185474,service,,,,False,False,47.936718177063014,32.1868,5.361582556744593,"LINESTRING (-3.5219576 50.7237207, -3.5217795 50.7241368)",no,asphalt,,,,,,,
838036557,838036553,0,70181429,service,,,,False,True,54.582004377980134,32.1868,6.1048384977919055,"LINESTRING (-3.5204797 50.7241558, -3.520743 50.7236941)",no,asphalt,,,,,,,
838036557,838036350,0,70181400,service,,,,False,False,43.91072018587418,32.1868,4.9112863866289,"LINESTRING (-3.5204797 50.7241558, -3.5207786 50.7242479, -3.5210497 50.7243155)",yes,asphalt,,,,,,,
838036557,838036346,0,70181400,service,,,,False,True,114.0633285908452,32.1868,12.757651674818334,"LINESTRING (-3.5204797 50.7241558, -3.5200342 50.7240279, -3.518995 50.723745)",no,asphalt,,,,,,,
2176102006,34918461,0,408884044,secondary,2,30 mph,Heavitree Road,False,False,21.30575789284782,48.2802,1.5886580505932482,"LINESTRING (-3.5184762 50.7240262, -3.5187537 50.7241027)",yes,asphalt,B3183,,,,,,
2176102006,7644003289,0,818514805,footway,,,,False,False,6.227019499055415,32.1868,0.6964740265139591,"LINESTRING (-3.5184762 50.7240262, -3.5184972 50.7239718)",yes,asphalt,,,,,,,
2176102006,4236510380,0,424188964,footway,,,,False,True,22.370487894902244,32.1868,2.5020740310204213,"LINESTRING (-3.5184762 50.7240262, -3.518448 50.7240797, -3.5186612 50.7241321)",yes,asphalt,,,,,,,
838036346,5666896493,0,5105170,residential,,20 mph,Spicer Road,False,False,34.921309687021555,32.1868,3.905846958171599,"LINESTRING (-3.518995 50.723745, -3.5187897 50.7240309)",no,asphalt,,,,,,,
838036346,838036557,0,70181400,service,,,,False,False,114.0633285908452,32.1868,12.757651674818334,"LINESTRING (-3.518995 50.723745, -3.5200342 50.7240279, -3.5204797 50.7241558)",no,asphalt,,,,,,,
7644003289,5666896493,0,594240515,footway,,,,False,False,21.613188078189303,32.1868,2.4173722482968643,"LINESTRING (-3.5184972 50.7239718, -3.5187897 50.7240309)",no,asphalt,,,,,,,
7644003289,2176102006,0,818514805,footway,,,,False,True,6.227019499055415,32.1868,0.6964740265139591,"LINESTRING (-3.5184972 50.7239718, -3.5184762 50.7240262)",yes,asphalt,,,,,,,
4236510380,2176102018,0,"[207502524, 207376972]","['steps', 'footway']",,,,False,True,10.338012974772226,34.06605393721507,1.092490688172219,"LINESTRING (-3.5186612 50.7241321, -3.5186435 50.7241669, -3.5186101 50.7242192)",no,asphalt,,,,,,,
4236510380,2176102006,0,424188964,footway,,,,False,False,22.370487894902244,32.1868,2.5020740310204213,"LINESTRING (-3.5186612 50.7241321, -3.518448 50.7240797, -3.5184762 50.7240262)",yes,asphalt,,,,,,,
4236510380,9797141032,0,1066982586,footway,,,,False,False,82.36648397850468,32.1868,9.212451760430264,"LINESTRING (-3.5186612 50.7241321, -3.5187484 50.7241549, -3.5190374 50.7242419, -3.5190731 50.7242529, -3.5191152 50.7242652, -3.5193137 50.7243259, -3.519531 50.7244146, -3.5196342 50.7244558, -3.5197011 50.7244656)",yes,asphalt,,,,,,,
4164010935,4164010936,0,415361921,service,,,,False,False,12.94746326382315,32.1868,1.4481361225646334,"LINESTRING (-3.5227008 50.7261982, -3.5225631 50.726121)",yes,asphalt,,,,,,,
4164010935,34918675,0,922431928,unclassified,,20 mph,Belgrave Road,False,False,92.53924155592969,32.1868,10.350245119159,"LINESTRING (-3.5227008 50.7261982, -3.5218224 50.7268174)",yes,asphalt,,9.3,,,,,
4164010935,9721565956,0,"[5105200, 970716107]",unclassified,,20 mph,Belgrave Road,False,False,24.221476483236806,32.1868,2.7091017230558028,"LINESTRING (-3.5227008 50.7261982, -3.5228431 50.7260939, -3.5229032 50.726054, -3.5229182 50.726031)",yes,asphalt,,,,,,,
62154868,10707052723,0,4197044,secondary,2,30 mph,Western Way,False,True,18.232689096597316,48.2802,1.359515510452532,"LINESTRING (-3.5211945 50.7265094, -3.521034 50.7266381)",yes,asphalt,B3212,,,,,,
62154868,10707052723,1,1150992534,service,,,,False,True,55.266749831325185,32.1868,6.18142528591754,"LINESTRING (-3.5211945 50.7265094, -3.5211131 50.7264706, -3.5210283 50.7264284, -3.5210038 50.7264182, -3.520973 50.7264186, -3.5209492 50.7264218, -3.5209322 50.7264292, -3.5209193 50.7264348, -3.5208784 50.7264779, -3.5208406 50.7265118, -3.5208315 50.7265398, -3.5208399 50.7265617, -3.5208781 50.7265731, -3.520968 50.7266116, -3.521034 50.7266381)",yes,asphalt,,,,,,,
62154868,34918675,0,4197074,unclassified,2,20 mph,Summerland Street,False,True,55.91347665413707,32.1868,6.253759800753522,"LINESTRING (-3.5211945 50.7265094, -3.521373 50.726597, -3.5218224 50.7268174)",yes,asphalt,,,,,,,
62154868,293210688,0,42486187,secondary,2,30 mph,Western Way,False,True,64.88414467274914,48.2802,4.838068624858574,"LINESTRING (-3.5211945 50.7265094, -3.5213346 50.7263699, -3.5217498 50.7260446)",yes,asphalt,B3212,,,,,,
4164010936,4164010935,0,415361921,service,,,,False,True,12.94746326382315,32.1868,1.4481361225646334,"LINESTRING (-3.5225631 50.726121, -3.5227008 50.7261982)",yes,asphalt,,,,,,,
9721565956,497693979,0,5105200,unclassified,,20 mph,Belgrave Road,False,False,7.5857926311037165,32.1868,0.8484488508324338,"LINESTRING (-3.5229182 50.726031, -3.5229826 50.7259763)",yes,asphalt,,,,,,,
9721565956,4164010935,0,"[5105200, 970716107]",unclassified,,20 mph,Belgrave Road,False,True,24.221476483236806,32.1868,2.7091017230558028,"LINESTRING (-3.5229182 50.726031, -3.5229032 50.726054, -3.5228431 50.7260939, -3.5227008 50.7261982)",yes,asphalt,,,,,,,
9721565956,8984062211,0,610765451,footway,,,,False,False,10.104434183219622,32.1868,1.1301515857305058,"LINESTRING (-3.5229182 50.726031, -3.5229481 50.7260447, -3.5229653 50.7260583, -3.522987 50.726068, -3.5230346 50.7260821)",yes,paving_stones,,,,,,,
9721565956,9721565944,0,610765451,footway,,,,False,True,14.350243853429163,32.1868,1.6050330530635226,"LINESTRING (-3.5229182 50.726031, -3.5228847 50.7260108, -3.5228477 50.7259685, -3.5228236 50.7259194)",yes,asphalt,,,,,,,
10707052723,62154868,0,4197044,secondary,2,30 mph,Western Way,False,False,18.232689096597316,48.2802,1.359515510452532,"LINESTRING (-3.521034 50.7266381, -3.5211945 50.7265094)",yes,asphalt,B3212,,,,,,
10707052723,62154868,1,1150992534,service,,,,False,False,55.26674983132519,32.1868,6.181425285917541,"LINESTRING (-3.521034 50.7266381, -3.520968 50.7266116, -3.5208781 50.7265731, -3.5208399 50.7265617, -3.5208315 50.7265398, -3.5208406 50.7265118, -3.5208784 50.7264779, -3.5209193 50.7264348, -3.5209322 50.7264292, -3.5209492 50.7264218, -3.520973 50.7264186, -3.5210038 50.7264182, -3.5210283 50.7264284, -3.5211131 50.7264706, -3.5211945 50.7265094)",yes,asphalt,,,,,,,
10707052723,2483683622,0,"[4197044, 41914684]",secondary,2,30 mph,Western Way,False,True,143.07225713741724,48.2802,10.668143994737017,"LINESTRING (-3.521034 50.7266381, -3.5209963 50.7266726, -3.520859 50.7268384, -3.5207841 50.7269363, -3.5206699 50.7271109, -3.5206109 50.7271924, -3.520509 50.7274012, -3.5204334 50.7275963, -3.5203962 50.7278459)",no,asphalt,B3212,,,,,,
293210688,760697815,0,42486187,secondary,2,30 mph,Western Way,False,True,8.019592019001447,48.2802,0.5979787007594254,"LINESTRING (-3.5217498 50.7260446, -3.5218214 50.7259885)",yes,asphalt,B3212,,,,,,
293210688,62150371,0,610765451,footway,,,,False,True,11.886899797022872,32.1868,1.3295151822884643,"LINESTRING (-3.5217498 50.7260446, -3.5216136 50.7259814)",yes,asphalt,,,,,,,
293210688,62154868,0,42486187,secondary,2,30 mph,Western Way,False,False,64.88414467274914,48.2802,4.838068624858574,"LINESTRING (-3.5217498 50.7260446, -3.5213346 50.7263699, -3.5211945 50.7265094)",yes,asphalt,B3212,,,,,,
293210688,6210838923,0,610765451,footway,,,,False,False,70.00319109486301,32.1868,7.829653396470195,"LINESTRING (-3.5217498 50.7260446, -3.5218038 50.7260695, -3.522295 50.725689, -3.5223869 50.7256128)",yes,asphalt,,,,,,,
2879601386,2483683622,0,240650670,footway,,,,False,False,5.525481130689159,32.1868,0.6180089996669744,"LINESTRING (-3.5204747 50.7278456, -3.5203962 50.7278459)",no,asphalt,,,,,,,
2879601386,2483683621,0,240650670,footway,,,,False,True,50.490503903185655,32.1868,5.647216065327041,"LINESTRING (-3.5204747 50.7278456, -3.5211915 50.7278282)",yes,asphalt,,,,,,,
2879601386,1875968049,0,284202717,footway,,,,False,True,49.017899240368635,32.1868,5.482509515246223,"LINESTRING (-3.5204747 50.7278456, -3.520534 50.728237, -3.5204602 50.7282463)",no,asphalt,,,,,,,
5838986709,34918823,0,5105209,residential,,20 mph,Verney Street,False,True,4.0869833187888815,32.1868,0.4571172016988323,"LINESTRING (-3.5214123 50.7281903, -3.5214621 50.7281714)",yes,asphalt,,,,,,,
5838986709,2483683621,0,5105209,residential,,20 mph,Verney Street,False,False,45.69159245156411,32.1868,5.11047177183289,"LINESTRING (-3.5214123 50.7281903, -3.5213789 50.7281802, -3.5213413 50.7281504, -3.5212303 50.7280618, -3.5212064 50.7280159, -3.5211915 50.7278282)",yes,asphalt,,,,,,,
5838986709,2483683623,0,240650671,service,,,,False,True,32.72245347320817,32.1868,3.659911283617801,"LINESTRING (-3.5214123 50.7281903, -3.5213545 50.7282395, -3.5211784 50.7283076, -3.5210201 50.7282868)",yes,asphalt,,,,,,,
34918823,5838986709,0,5105209,residential,,20 mph,Verney Street,False,False,4.0869833187888815,32.1868,0.4571172016988323,"LINESTRING (-3.5214621 50.7281714, -3.5214123 50.7281903)",yes,asphalt,,,,,,,
34918823,10226133766,0,26317498,footway,,,,False,False,25.956056001259704,32.1868,2.903109399024909,"LINESTRING (-3.5214621 50.7281714, -3.5217065 50.7283462)",yes,asphalt,,,,,,,
34918823,1479577715,0,5105226,residential,,20 mph,Red Lion Lane,False,True,69.32017823508953,32.1868,7.753260393898192,"LINESTRING (-3.5214621 50.7281714, -3.5220217 50.7278509, -3.5222031 50.7277612)",yes,asphalt,,,,,,,
10226133766,288334082,0,26317498,footway,,,,False,False,10.037156271917242,32.1868,1.1226267469553382,"LINESTRING (-3.5217065 50.7283462, -3.521801 50.7284138)",no,asphalt,,,,,,,
10226133766,34918823,0,26317498,footway,,,,False,True,25.956056001259704,32.1868,2.903109399024909,"LINESTRING (-3.5217065 50.7283462, -3.5214621 50.7281714)",yes,asphalt,,,,,,,
10226133766,2715479537,0,"[1118124312, 818514811]",footway,,,,False,False,39.317810813533036,32.1868,4.39758282677119,"LINESTRING (-3.5217065 50.7283462, -3.5216224 50.7283737, -3.5214038 50.7284913, -3.5213441 50.7285223, -3.521424 50.7285602)",yes,asphalt,,,,,,,
10226133766,10226133767,0,818514811,footway,,,,False,True,70.42398886134977,32.1868,7.876718403223037,"LINESTRING (-3.5217065 50.7283462, -3.5223091 50.7280261, -3.5223909 50.7279854, -3.5224742 50.7279401)",no,asphalt,,,,,,,
2483683623,5838986709,0,240650671,service,,,,False,False,32.72245347320817,32.1868,3.659911283617801,"LINESTRING (-3.5210201 50.7282868, -3.5211784 50.7283076, -3.5213545 50.7282395, -3.5214123 50.7281903)",yes,asphalt,,,,,,,
288334082,10226133766,0,26317498,footway,,,,False,True,10.037156271917242,32.1868,1.1226267469553382,"LINESTRING (-3.521801 50.7284138, -3.5217065 50.7283462)",no,asphalt,,,,,,,
288334082,1479577755,0,41914685,unclassified,2,20 mph,Sidwell Street,False,False,76.1754247496046,32.1868,8.519999785582183,"LINESTRING (-3.521801 50.7284138, -3.5223965 50.7280806, -3.5226123 50.7279604)",no,asphalt,,,,,,,
288334082,292265711,0,41914685,unclassified,2,20 mph,Sidwell Street,False,True,10.580263216835284,32.1868,1.183371679713641,"LINESTRING (-3.521801 50.7284138, -3.5217079 50.7284579, -3.521681 50.7284711)",no,asphalt,,,,,,,
2715479537,292265711,0,26645460,unclassified,,30 mph,Sidwell Street,False,False,20.669853226811952,48.2802,1.5412419918832778,"LINESTRING (-3.521424 50.7285602, -3.5215292 50.7285168, -3.521681 50.7284711)",no,asphalt,,,,,,,
2715479537,1011324887,0,26645460,unclassified,,30 mph,Sidwell Street,False,True,40.490307518365086,48.2802,3.019148782857451,"LINESTRING (-3.521424 50.7285602, -3.521299 50.7285922, -3.5211825 50.7286029, -3.5210702 50.7285891, -3.5209398 50.7285567, -3.5208719 50.7285525)",no,asphalt,,,,,,,
2715479537,6045807564,0,1118124312,footway,,,,False,False,4.888212916073115,32.1868,0.5467324026577112,"LINESTRING (-3.521424 50.7285602, -3.5214528 50.7285736, -3.52148 50.7285862)",no,asphalt,,,,,,,
2715479537,10226133766,0,"[1118124312, 818514811]",footway,,,,False,True,39.317810813533036,32.1868,4.39758282677119,"LINESTRING (-3.521424 50.7285602, -3.5213441 50.7285223, -3.5214038 50.7284913, -3.5216224 50.7283737, -3.5217065 50.7283462)",yes,asphalt,,,,,,,
10226133767,7644003308,0,818514811,footway,,,,False,True,5.524410367304057,32.1868,0.6178892378954915,"LINESTRING (-3.5224742 50.7279401, -3.5225337 50.7279077)",no,asphalt,,,,,,,
10226133767,10226133766,0,818514811,footway,,,,False,False,70.42398886134976,32.1868,7.876718403223035,"LINESTRING (-3.5224742 50.7279401, -3.5223909 50.7279854, -3.5223091 50.7280261, -3.5217065 50.7283462)",no,asphalt,,,,,,,
10226133767,1479577715,0,"[134592280, 1118124313, 1118124314]",footway,,,Townsend Court,False,True,27.579427700684583,32.1868,3.0846788038097763,"LINESTRING (-3.5224742 50.7279401, -3.5224554 50.7279272, -3.5223903 50.7278835, -3.5223509 50.7278614, -3.5222031 50.7277612)",no,asphalt,,,building_passage,,,,
34919225,12193420391,0,5105306,unclassified,,,Victoria Yard,False,False,76.63794365080486,33.06144130434783,8.34496580482155,"LINESTRING (-3.5335432 50.7258268, -3.5339933 50.7255315, -3.5342341 50.7253618, -3.5342762 50.7253495, -3.53431 50.7253502)",yes,asphalt,,,,,,,
34919225,1857100680,0,1184001556,tertiary,2,20 mph,Queen Street,False,False,18.58317999220543,32.1868,2.0784746533342724,"LINESTRING (-3.5335432 50.7258268, -3.5334332 50.7257542, -3.5333611 50.7257058)",yes,asphalt,,,,,,,
12193420391,34919225,0,5105306,unclassified,,,Victoria Yard,False,True,76.63794365080486,33.06144130434783,8.34496580482155,"LINESTRING (-3.53431 50.7253502, -3.5342762 50.7253495, -3.5342341 50.7253618, -3.5339933 50.7255315, -3.5335432 50.7258268)",yes,asphalt,,,,,,,
1857100680,1857100573,0,29203798,tertiary,2,20 mph,Queen Street,False,False,16.356948409848062,32.1868,1.8294771234000593,"LINESTRING (-3.5333611 50.7257058, -3.5333084 50.7256652, -3.5332432 50.7256141, -3.5332181 50.72559)",yes,asphalt,,,,,,,
1857100680,1857100579,0,175063724,service,,,,False,True,29.96608107169945,32.1868,3.3516190443945355,"LINESTRING (-3.5333611 50.7257058, -3.5334891 50.7255768, -3.5333539 50.7254968)",yes,asphalt,,,,,,,
1857100680,34919225,0,1184001556,tertiary,2,20 mph,Queen Street,False,True,18.58317999220543,32.1868,2.0784746533342724,"LINESTRING (-3.5333611 50.7257058, -3.5334332 50.7257542, -3.5335432 50.7258268)",yes,asphalt,,,,,,,
1857100573,59997002,0,29203798,tertiary,2,20 mph,Queen Street,False,False,12.979113477766862,32.1868,1.4516761069743098,"LINESTRING (-3.5332181 50.72559, -3.5330988 50.725501)",yes,asphalt,,,,,,,
1857100573,1857100680,0,29203798,tertiary,2,20 mph,Queen Street,False,True,16.356948409848062,32.1868,1.8294771234000593,"LINESTRING (-3.5332181 50.72559, -3.5332432 50.7256141, -3.5333084 50.7256652, -3.5333611 50.7257058)",yes,asphalt,,,,,,,
1857100573,1857100579,0,175063712,service,,,,False,True,14.153390922728931,32.1868,1.5830156250955099,"LINESTRING (-3.5332181 50.72559, -3.5333048 50.7255386, -3.5333539 50.7254968)",yes,asphalt,,,,,,,
1857100579,1857100573,0,175063712,service,,,,False,False,14.153390922728931,32.1868,1.5830156250955099,"LINESTRING (-3.5333539 50.7254968, -3.5333048 50.7255386, -3.5332181 50.72559)",yes,asphalt,,,,,,,
1857100579,1857100680,0,175063724,service,,,,False,False,29.96608107169945,32.1868,3.3516190443945355,"LINESTRING (-3.5333539 50.7254968, -3.5334891 50.7255768, -3.5333611 50.7257058)",yes,asphalt,,,,,,,
1857100579,1857100662,0,175063724,service,,,,False,True,25.42369597053165,32.1868,2.8435664773731455,"LINESTRING (-3.5333539 50.7254968, -3.5332439 50.7254068, -3.5333566 50.7253168)",no,asphalt,,,,,,,
34919262,653302400,0,273322470,secondary,2,20 mph,New North Road,False,True,33.12921349915319,32.1868,3.705406209904417,"LINESTRING (-3.532249 50.7278078, -3.5327071 50.7277394)",yes,asphalt,B3183,,,,,,
34919262,2121578426,0,202178090,service,,,,False,True,42.081080819312824,32.1868,4.706646542978059,"LINESTRING (-3.532249 50.7278078, -3.5321829 50.7276457, -3.5321541 50.7275481, -3.5321523 50.7274957, -3.5321702 50.7274648, -3.5322006 50.7274467)",yes,asphalt,,,,,,,
34919262,5782098934,0,273322470,secondary,2,20 mph,New North Road,False,False,120.77195212042017,32.1868,13.507991711928884,"LINESTRING (-3.532249 50.7278078, -3.5315026 50.7279012, -3.5311286 50.7279478, -3.5308611 50.72798, -3.5307032 50.7279809, -3.5305596 50.7279799)",yes,asphalt,B3183,,,,,,
653302400,34919262,0,273322470,secondary,2,20 mph,New North Road,False,False,33.12921349915319,32.1868,3.705406209904417,"LINESTRING (-3.5327071 50.7277394, -3.532249 50.7278078)",yes,asphalt,B3183,,,,,,
653302400,653302368,0,51204241,service,,,,False,True,182.91840569033113,32.1868,20.45889185893572,"LINESTRING (-3.5327071 50.7277394, -3.5327429 50.7278378, -3.5327254 50.7278818, -3.532714 50.7279051, -3.5326793 50.7279259, -3.5326403 50.727945, -3.5325973 50.7279547, -3.5325665 50.7279582, -3.5325256 50.7279539, -3.5324787 50.7279421, -3.5324325 50.7279283, -3.5323546 50.7279136, -3.5322723 50.7279066, -3.5319127 50.7279624, -3.5318054 50.7279921, -3.5315453 50.7280306, -3.5310109 50.7281017, -3.5308053 50.7281313, -3.5307594 50.7281356, -3.5307211 50.7281373, -3.5306916 50.7281335, -3.5306618 50.7281231, -3.5305089 50.7280546)",yes,asphalt,,,,,,,
653302400,443806537,0,273322470,secondary,2,20 mph,New North Road,False,True,116.81523886100834,32.1868,13.06544483762381,"LINESTRING (-3.5327071 50.7277394, -3.5336585 50.7276107, -3.5339824 50.7275633, -3.5343302 50.7275206)",yes,asphalt,B3183,,,,,,
2121578426,34919262,0,202178090,service,,,,False,False,42.08108081931283,32.1868,4.70664654297806,"LINESTRING (-3.5322006 50.7274467, -3.5321702 50.7274648, -3.5321523 50.7274957, -3.5321541 50.7275481, -3.5321829 50.7276457, -3.532249 50.7278078)",yes,asphalt,,,,,,,
5782098934,653302368,0,5215957,unclassified,2,20 mph,Blackall Road,False,False,9.13443187220502,32.1868,1.0216596474311854,"LINESTRING (-3.5305596 50.7279799, -3.5305431 50.7280191, -3.5305089 50.7280546)",yes,asphalt,,,,,,,
5782098934,34919262,0,273322470,secondary,2,20 mph,New North Road,False,True,120.77195212042017,32.1868,13.507991711928884,"LINESTRING (-3.5305596 50.7279799, -3.5307032 50.7279809, -3.5308611 50.72798, -3.5311286 50.7279478, -3.5315026 50.7279012, -3.532249 50.7278078)",yes,asphalt,B3183,,,,,,
5782098934,12241767039,0,"[1322947288, 26626694, 26626695]",secondary,2,20 mph,New North Road,False,False,73.49308568871948,32.1868,8.219987960262907,"LINESTRING (-3.5305596 50.7279799, -3.5304458 50.7279463, -3.5303043 50.7278903, -3.5301277 50.727802, -3.5299505 50.7276814, -3.5298243 50.7275833, -3.5297841 50.7275497)",yes,asphalt,B3183,,,,,,yes
653302368,293999787,0,5215957,unclassified,2,20 mph,Blackall Road,False,False,15.2156083643949,32.1868,1.7018215576516351,"LINESTRING (-3.5305089 50.7280546, -3.5304584 50.728101, -3.5303834 50.728166)",yes,asphalt,,,,,,,
653302368,5782098934,0,5215957,unclassified,2,20 mph,Blackall Road,False,True,9.13443187220502,32.1868,1.0216596474311854,"LINESTRING (-3.5305089 50.7280546, -3.5305431 50.7280191, -3.5305596 50.7279799)",yes,asphalt,,,,,,,
653302368,653302400,0,51204241,service,,,,False,False,182.91840569033118,32.1868,20.458891858935726,"LINESTRING (-3.5305089 50.7280546, -3.5306618 50.7281231, -3.5306916 50.7281335, -3.5307211 50.7281373, -3.5307594 50.7281356, -3.5308053 50.7281313, -3.5310109 50.7281017, -3.5315453 50.7280306, -3.5318054 50.7279921, -3.5319127 50.7279624, -3.5322723 50.7279066, -3.5323546 50.7279136, -3.5324325 50.7279283, -3.5324787 50.7279421, -3.5325256 50.7279539, -3.5325665 50.7279582, -3.5325973 50.7279547, -3.5326403 50.727945, -3.5326793 50.7279259, -3.532714 50.7279051, -3.5327254 50.7278818, -3.5327429 50.7278378, -3.5327071 50.7277394)",yes,asphalt,,,,,,,
443806537,653302400,0,273322470,secondary,2,20 mph,New North Road,False,False,116.81523886100834,32.1868,13.06544483762381,"LINESTRING (-3.5343302 50.7275206, -3.5339824 50.7275633, -3.5336585 50.7276107, -3.5327071 50.7277394)",yes,asphalt,B3183,,,,,,
12241767039,34919266,0,26626695,secondary,2,20 mph,New North Road,False,False,56.2842339092455,32.1868,6.295227921796632,"LINESTRING (-3.5297841 50.7275497, -3.5296707 50.7274549, -3.5295988 50.7274019, -3.5295102 50.7273395, -3.5294035 50.7272825, -3.5292186 50.7271967)",yes,asphalt,B3183,,,,,,
12241767039,5782098934,0,"[1322947288, 26626694, 26626695]",secondary,2,20 mph,New North Road,False,True,73.49308568871949,32.1868,8.219987960262909,"LINESTRING (-3.5297841 50.7275497, -3.5298243 50.7275833, -3.5299505 50.7276814, -3.5301277 50.727802, -3.5303043 50.7278903, -3.5304458 50.7279463, -3.5305596 50.7279799)",yes,asphalt,B3183,,,,,,yes
12241767039,365245885,0,"[32485833, 32485789]",footway,,,,False,False,36.729128112587944,32.1868,4.108046193014423,"LINESTRING (-3.5297841 50.7275497, -3.5299282 50.7275523, -3.5299723 50.7275558, -3.5300116 50.7275605, -3.5303002 50.7275933)",yes,asphalt,,,,,customers,,yes
34919266,12858024637,0,8025782,residential,,20 mph,Longbrook Terrace,False,False,45.079433159555414,32.1868,5.042003534815499,"LINESTRING (-3.5292186 50.7271967, -3.5291046 50.7272768, -3.5290093 50.7273382, -3.5289441 50.7273572, -3.5288927 50.7273657, -3.5287929 50.7273818, -3.5286876 50.7273908)",yes,asphalt,,,,,,,
34919266,762653565,0,26626695,secondary,2,20 mph,New North Road,False,False,103.26473094125478,32.1868,11.549859923587224,"LINESTRING (-3.5292186 50.7271967, -3.529125 50.7271583, -3.5289385 50.7270805, -3.5286781 50.7269575, -3.5284223 50.7268353, -3.5283646 50.7268053, -3.5283129 50.7267739, -3.5282371 50.7267201, -3.5280876 50.7266123)",yes,asphalt,B3183,,,,,,
34919266,12241767039,0,26626695,secondary,2,20 mph,New North Road,False,True,56.2842339092455,32.1868,6.295227921796632,"LINESTRING (-3.5292186 50.7271967, -3.5294035 50.7272825, -3.5295102 50.7273395, -3.5295988 50.7274019, -3.5296707 50.7274549, -3.5297841 50.7275497)",yes,asphalt,B3183,,,,,,
12858024637,12858024634,0,1389073361,service,,,,False,False,9.852397997165149,32.1868,1.1019620710910851,"LINESTRING (-3.5286876 50.7273908, -3.5286944 50.7274793)",no,asphalt,,,,,,,
12858024637,2273119522,0,8025782,residential,,20 mph,Longbrook Terrace,False,False,42.52163513312426,32.1868,4.755921262108919,"LINESTRING (-3.5286876 50.7273908, -3.5285832 50.7273865, -3.52809 50.7273365)",no,asphalt,,,,,,,
12858024637,34919266,0,8025782,residential,,20 mph,Longbrook Terrace,False,True,45.07943315955542,32.1868,5.0420035348155,"LINESTRING (-3.5286876 50.7273908, -3.5287929 50.7273818, -3.5288927 50.7273657, -3.5289441 50.7273572, -3.5290093 50.7273382, -3.5291046 50.7272768, -3.5292186 50.7271967)",yes,asphalt,,,,,,,
762653565,762653553,0,60921114,service,,,The Court Yard,False,True,16.17045350349366,32.1868,1.8086182103401764,"LINESTRING (-3.5280876 50.7266123, -3.5279138 50.7267074)",yes,asphalt,,,,,customers,,
762653565,36670781,0,26626695,secondary,2,20 mph,New North Road,False,False,77.07999068323087,32.1868,8.621172855320541,"LINESTRING (-3.5280876 50.7266123, -3.5279446 50.726498, -3.5278462 50.7263957, -3.5275951 50.7261658, -3.5275077 50.7260284)",yes,asphalt,B3183,,,,,,
762653565,34919266,0,26626695,secondary,2,20 mph,New North Road,False,True,103.26473094125478,32.1868,11.549859923587224,"LINESTRING (-3.5280876 50.7266123, -3.5282371 50.7267201, -3.5283129 50.7267739, -3.5283646 50.7268053, -3.5284223 50.7268353, -3.5286781 50.7269575, -3.5289385 50.7270805, -3.529125 50.7271583, -3.5292186 50.7271967)",yes,asphalt,B3183,,,,,,
12858024634,12858024637,0,1389073361,service,,,,False,True,9.852397997165149,32.1868,1.1019620710910851,"LINESTRING (-3.5286944 50.7274793, -3.5286876 50.7273908)",no,asphalt,,,,,,,
2273119522,2273119445,0,218000702,service,,,,False,True,25.20647642904015,32.1868,2.8192711032020754,"LINESTRING (-3.52809 50.7273365, -3.5280477 50.7275616)",no,asphalt,,,,,,,
2273119522,795238613,0,8025782,residential,,20 mph,Longbrook Terrace,False,False,32.07943392382916,32.1868,3.5879914165367475,"LINESTRING (-3.52809 50.7273365, -3.5278086 50.727308, -3.5276416 50.7272854)",no,asphalt,,,,,,,
2273119522,12858024637,0,8025782,residential,,20 mph,Longbrook Terrace,False,True,42.52163513312426,32.1868,4.755921262108919,"LINESTRING (-3.52809 50.7273365, -3.5285832 50.7273865, -3.5286876 50.7273908)",no,asphalt,,,,,,,
762653553,762653565,0,60921114,service,,,The Court Yard,False,False,16.17045350349366,32.1868,1.8086182103401764,"LINESTRING (-3.5279138 50.7267074, -3.5280876 50.7266123)",yes,asphalt,,,,,customers,,
36670781,41437537,0,5581935,unclassified,2,20 mph,Bailey Street,False,False,37.194526305530594,32.1868,4.160099627794939,"LINESTRING (-3.5275077 50.7260284, -3.5279109 50.7258122)",yes,asphalt,,,,,,,
36670781,3297556862,0,42027861,unclassified,,20 mph,Longbrook Street,False,True,10.538932479426583,32.1868,1.1787489568995893,"LINESTRING (-3.5275077 50.7260284, -3.5273811 50.726079)",yes,asphalt,,,,,,,
36670781,762653565,0,26626695,secondary,2,20 mph,New North Road,False,True,77.07999068323086,32.1868,8.62117285532054,"LINESTRING (-3.5275077 50.7260284, -3.5275951 50.7261658, -3.5278462 50.7263957, -3.5279446 50.726498, -3.5280876 50.7266123)",yes,asphalt,B3183,,,,,,
365245885,5218608193,0,32485794,footway,,,,False,True,50.44361505831691,32.1868,5.6419716843532415,"LINESTRING (-3.5303002 50.7275933, -3.5304488 50.7275431, -3.5304544 50.7275504, -3.5305925 50.7274983, -3.5305858 50.72749, -3.5307296 50.7274346, -3.5307381 50.7274429, -3.53089 50.7273867)",yes,asphalt,,,,,customers,,yes
365245885,5218608190,0,"[32485833, 539289646]",footway,,,,False,False,101.61760053171683,32.1868,11.365633176152356,"LINESTRING (-3.5303002 50.7275933, -3.5305262 50.7278059, -3.5306763 50.7277493, -3.5306697 50.727739, -3.530797 50.7276826, -3.5308102 50.7276912, -3.5309503 50.7276394, -3.5309379 50.727627, -3.5310712 50.7275715, -3.5310861 50.727581, -3.5312286 50.7275239, -3.5312124 50.7275114, -3.5313068 50.7274733)",yes,asphalt,,,,,customers,,yes
365245885,12241767039,0,"[32485833, 32485789]",footway,,,,False,True,36.72912811258794,32.1868,4.108046193014422,"LINESTRING (-3.5303002 50.7275933, -3.5300116 50.7275605, -3.5299723 50.7275558, -3.5299282 50.7275523, -3.5297841 50.7275497)",yes,asphalt,,,,,customers,,yes
34920011,360921579,0,42267037,unclassified,2,20 mph,Fore Street,False,True,38.87404516292254,32.1868,4.347948928956005,"LINESTRING (-3.5335205 50.7218364, -3.5338805 50.7215713)",yes,asphalt,,,,,,,
34920011,34920012,0,5105375,tertiary,,20 mph,Mary Arches Street,False,False,42.66174012966637,32.1868,4.7715915986304624,"LINESTRING (-3.5335205 50.7218364, -3.5335197 50.721908, -3.5335248 50.7219688, -3.5336001 50.7220226, -3.5338308 50.7221266)",yes,asphalt,,,,,,,
34920011,292273272,0,13860520,unclassified,,20 mph,Fore Street,False,False,38.30283774879955,32.1868,4.2840610404165185,"LINESTRING (-3.5335205 50.7218364, -3.5334279 50.7219305, -3.5332128 50.7221203)",yes,asphalt,,,,,,,
34920011,41428814,0,"[757662840, 477247183]",tertiary,,20 mph,Market Street,False,True,45.91262143993677,32.1868,5.135193221562019,"LINESTRING (-3.5335205 50.7218364, -3.5335073 50.7217819, -3.5334858 50.7217546, -3.5334466 50.7217251, -3.5334142 50.7217007, -3.5330994 50.7215387)",yes,asphalt,,,,,,,
360921579,34920011,0,42267037,unclassified,2,20 mph,Fore Street,False,False,38.87404516292254,32.1868,4.347948928956005,"LINESTRING (-3.5338805 50.7215713, -3.5335205 50.7218364)",yes,asphalt,,,,,,,
360921579,2109299108,0,42267037,unclassified,2,20 mph,Fore Street,False,True,7.491938872016118,32.1868,0.83795158074919,"LINESTRING (-3.5338805 50.7215713, -3.5339474 50.7215189)",yes,asphalt,,,,,,,
360921579,360921600,0,32148712,footway,,,,False,False,29.758655293494094,32.1868,3.3284190741726034,"LINESTRING (-3.5338805 50.7215713, -3.5339606 50.7216148, -3.5341176 50.7217491, -3.5340886 50.7217774)",yes,asphalt,,,,,,,
34920012,41427571,0,5105375,tertiary,,20 mph,Mary Arches Street,False,False,19.567707074104284,32.1868,2.1885911450276336,"LINESTRING (-3.5338308 50.7221266, -3.5340541 50.7222314)",yes,asphalt,,,,,,,
34920012,34920011,0,5105375,tertiary,,20 mph,Mary Arches Street,False,True,42.66174012966637,32.1868,4.7715915986304624,"LINESTRING (-3.5338308 50.7221266, -3.5336001 50.7220226, -3.5335248 50.7219688, -3.5335197 50.721908, -3.5335205 50.7218364)",yes,asphalt,,,,,,,
292273272,59615208,0,1111143173,unclassified,,20 mph,Fore Street,False,False,65.61898799635402,32.1868,7.339293026547358,"LINESTRING (-3.5332128 50.7221203, -3.5326192 50.7225753)",yes,asphalt,,,,,,,
292273272,34920011,0,13860520,unclassified,,20 mph,Fore Street,False,True,38.30283774879955,32.1868,4.2840610404165185,"LINESTRING (-3.5332128 50.7221203, -3.5334279 50.7219305, -3.5335205 50.7218364)",yes,asphalt,,,,,,,
292273272,984675319,0,"[26646134, 1111143171, 1111143172, 1112052699]",footway,,,,False,False,53.83630257343609,32.1868,6.021433919009344,"LINESTRING (-3.5332128 50.7221203, -3.5330439 50.7220378, -3.5329837 50.7220084, -3.5329051 50.7219701, -3.532705 50.7218808, -3.5325736 50.7218806)",yes,asphalt,,,building_passage,,,,
41428814,34920011,0,"[757662840, 477247183]",tertiary,,20 mph,Market Street,False,False,45.91262143993677,32.1868,5.135193221562019,"LINESTRING (-3.5330994 50.7215387, -3.5334142 50.7217007, -3.5334466 50.7217251, -3.5334858 50.7217546, -3.5335073 50.7217819, -3.5335205 50.7218364)",yes,asphalt,,,,,,,
41428814,2826315303,0,1111143174,residential,,20 mph,Smythen Street,False,False,15.057974142238846,32.1868,1.6841906282096963,"LINESTRING (-3.5330994 50.7215387, -3.5331327 50.721512, -3.5332267 50.7214299)",yes,asphalt,,,,,,,
2109299108,360921579,0,42267037,unclassified,2,20 mph,Fore Street,False,False,7.491938872016118,32.1868,0.83795158074919,"LINESTRING (-3.5339474 50.7215189, -3.5338805 50.7215713)",yes,asphalt,,,,,,,
360921600,360921579,0,32148712,footway,,,,False,True,29.758655293494087,32.1868,3.328419074172603,"LINESTRING (-3.5340886 50.7217774, -3.5341176 50.7217491, -3.5339606 50.7216148, -3.5338805 50.7215713)",yes,asphalt,,,,,,,
41427571,34920012,0,5105375,tertiary,,20 mph,Mary Arches Street,False,True,19.567707074104284,32.1868,2.1885911450276336,"LINESTRING (-3.5340541 50.7222314, -3.5338308 50.7221266)",yes,asphalt,,,,,,,
41427571,261638408,0,5105375,tertiary,,20 mph,Mary Arches Street,False,False,23.479289402171723,32.1868,2.626090255875645,"LINESTRING (-3.5340541 50.7222314, -3.5341549 50.7222792, -3.5343196 50.7223592)",yes,asphalt,,,,,,,
59615208,40932210,0,24568853,tertiary,,20 mph,North Street,False,True,51.32395706273142,32.1868,5.740435378037988,"LINESTRING (-3.5326192 50.7225753, -3.5331777 50.722872)",yes,asphalt,,,,,,,
59615208,292273272,0,1111143173,unclassified,,20 mph,Fore Street,False,True,65.61898799635402,32.1868,7.339293026547358,"LINESTRING (-3.5326192 50.7225753, -3.5332128 50.7221203)",yes,asphalt,,,,,,,
59615208,75266375,0,4197042,unclassified,,20 mph,High Street,False,False,52.557733313522476,32.1868,5.878429664604153,"LINESTRING (-3.5326192 50.7225753, -3.5325762 50.7226068, -3.5321551 50.7229455)",yes,asphalt,,,,,,,
59615208,106201188,0,7972904,tertiary,,20 mph,South Street,False,False,22.897223612127767,32.1868,2.560987889559073,"LINESTRING (-3.5326192 50.7225753, -3.5325196 50.7225203, -3.5324402 50.7224633, -3.5323919 50.7224286)",yes,asphalt,,,,,,,
984675319,292273272,0,"[1111143171, 1112052699, 1111143172, 26646134]",footway,,,,False,True,53.8363025734361,32.1868,6.021433919009345,"LINESTRING (-3.5325736 50.7218806, -3.532705 50.7218808, -3.5329051 50.7219701, -3.5329837 50.7220084, -3.5330439 50.7220378, -3.5332128 50.7221203)",yes,asphalt,,,building_passage,,,,
984675319,2907151374,0,84802884,service,,,,False,False,43.24451401573932,32.1868,4.836773163429156,"LINESTRING (-3.5325736 50.7218806, -3.5325641 50.7219015, -3.5325345 50.7219191, -3.5324965 50.7219309, -3.5324687 50.7219316, -3.532431 50.7219073, -3.5323871 50.7218784, -3.5322224 50.7217546, -3.5322003 50.7216952)",no,paving_stones,,,,,,parking_aisle,
984675319,984675322,0,84802884,service,,,,False,True,30.305858616545656,32.1868,3.389622174915319,"LINESTRING (-3.5325736 50.7218806, -3.5325444 50.7218456, -3.5325101 50.7218241, -3.5322792 50.7216841)",no,paving_stones,,,,,,parking_aisle,
2826315303,41428814,0,1111143174,residential,,20 mph,Smythen Street,False,True,15.057974142238846,32.1868,1.6841906282096963,"LINESTRING (-3.5332267 50.7214299, -3.5331327 50.721512, -3.5330994 50.7215387)",yes,asphalt,,,,,,,
261638408,41427571,0,5105375,tertiary,,20 mph,Mary Arches Street,False,True,23.479289402171723,32.1868,2.626090255875645,"LINESTRING (-3.5343196 50.7223592, -3.5341549 50.7222792, -3.5340541 50.7222314)",yes,asphalt,,,,,,,
261638408,2902769580,0,"[30828490, 30828491]","['unclassified', 'service']",,,Synagogue Place,False,True,78.19254432571277,33.06144130434783,8.5142434348604,"LINESTRING (-3.5343196 50.7223592, -3.5342768 50.7223976, -3.534225 50.722434, -3.5341738 50.722474, -3.5340902 50.7225445, -3.5340203 50.7225962, -3.5339618 50.7226121, -3.5339086 50.7226108, -3.5337941 50.7226232, -3.5337061 50.7226688, -3.533712 50.7227792, -3.5336926 50.7228128, -3.5336712 50.7228437)",yes,asphalt,,,,,customers,,
34920972,294000713,0,"[25725448, 5105390]","['service', 'footway']",,,Northernhay Gate,False,False,42.81734124069862,32.1868,4.788995130504276,"LINESTRING (-3.5329885 50.7254106, -3.532889 50.7254683, -3.5326506 50.7256265, -3.5325589 50.725683)",yes,asphalt,,,,,,,
34920972,1857100621,0,5581775,residential,2,20 mph,Northernhay Street,False,False,63.89306668066667,32.1868,7.146253745336599,"LINESTRING (-3.5329885 50.7254106, -3.5330748 50.7253621, -3.5333466 50.7251607, -3.5335882 50.7249801)",yes,asphalt,,,,,,,
34920972,59997002,0,29203798,tertiary,2,20 mph,Queen Street,False,True,12.701361619680384,32.1868,1.420610369183932,"LINESTRING (-3.5329885 50.7254106, -3.5330489 50.7254602, -3.5330988 50.725501)",yes,asphalt,,,,,,,
34920972,54212837,0,907124294,tertiary,1,20 mph,Queen Street,False,False,84.51970694490333,32.1868,9.453283488934968,"LINESTRING (-3.5329885 50.7254106, -3.5325668 50.7251017, -3.532258 50.7248631, -3.5322483 50.7248476, -3.5322521 50.724821)",yes,asphalt,,,,,,,
294000713,34920972,0,"[25725448, 5105390]","['service', 'footway']",,,Northernhay Gate,False,True,42.81734124069862,32.1868,4.788995130504276,"LINESTRING (-3.5325589 50.725683, -3.5326506 50.7256265, -3.532889 50.7254683, -3.5329885 50.7254106)",yes,asphalt,,,,,,,
294000713,294000690,0,26800382,footway,,,,False,True,108.2628983871999,32.1868,12.108890420728985,"LINESTRING (-3.5325589 50.725683, -3.5325873 50.725728, -3.5325983 50.7258078, -3.5325839 50.7258856, -3.5324626 50.7260911, -3.5323588 50.7262353, -3.5322897 50.7263195, -3.5321928 50.7264178, -3.5320693 50.726506, -3.5319992 50.7265468)",no,asphalt,,,,,,,
294000713,1630309399,0,150110277,footway,,,,False,False,106.61729192943777,32.1868,11.9248341228695,"LINESTRING (-3.5325589 50.725683, -3.5325055 50.7256669, -3.5324391 50.7256594, -3.532314 50.7256527, -3.5322601 50.7256711, -3.5321026 50.7257778, -3.5319764 50.7258373, -3.5319087 50.7259015, -3.5318644 50.7259364, -3.5318163 50.7259605, -3.5317102 50.725992, -3.5316586 50.7260175, -3.5316187 50.7260446, -3.5315276 50.7261215, -3.5314165 50.726161, -3.5313801 50.7261695)",no,asphalt,,,,,,,
294000713,959491872,0,596076785,footway,,,,False,False,71.85020446834616,32.1868,8.036236472281999,"LINESTRING (-3.5325589 50.725683, -3.5322224 50.7259228, -3.5318868 50.7261693)",no,asphalt,,,,,,,
1857100621,293147854,0,5581775,residential,2,20 mph,Northernhay Street,False,False,6.162924678900182,32.1868,0.6893052072290708,"LINESTRING (-3.5335882 50.7249801, -3.5336478 50.7249395)",no,concrete,,,,,,,
1857100621,380467870,0,33435308,track,,,,False,False,18.823647813786675,34.06605393721507,1.9892275241072992,"LINESTRING (-3.5335882 50.7249801, -3.5337916 50.72509)",no,concrete,,,,,,,
1857100621,34920972,0,5581775,residential,2,20 mph,Northernhay Street,False,True,63.89306668066667,32.1868,7.146253745336599,"LINESTRING (-3.5335882 50.7249801, -3.5333466 50.7251607, -3.5330748 50.7253621, -3.5329885 50.7254106)",yes,asphalt,,,,,,,
59997002,1857100573,0,29203798,tertiary,2,20 mph,Queen Street,False,True,12.979113477766862,32.1868,1.4516761069743098,"LINESTRING (-3.5330988 50.725501, -3.5332181 50.72559)",yes,asphalt,,,,,,,
59997002,1857100619,0,"[510511147, 8025989]",service,,,,False,False,58.82337899892559,32.1868,6.579223917759211,"LINESTRING (-3.5330988 50.725501, -3.5329479 50.725581, -3.532938 50.7256658, -3.5329301 50.7257464, -3.532922 50.7258864, -3.5329181 50.7259849)",yes,asphalt,,,,,,"['alley', 'parking_aisle']",
59997002,34920972,0,29203798,tertiary,2,20 mph,Queen Street,False,False,12.701361619680384,32.1868,1.420610369183932,"LINESTRING (-3.5330988 50.725501, -3.5330489 50.7254602, -3.5329885 50.7254106)",yes,asphalt,,,,,,,
54212837,54212836,0,7036794,unclassified,,20 mph,Upper Paul Street,False,True,50.54016505071969,32.1868,5.6527705202937515,"LINESTRING (-3.5322521 50.724821, -3.5321784 50.7248446, -3.5321133 50.7248768, -3.5318769 50.7250233, -3.5318026 50.7250672, -3.5317846 50.7250671, -3.5317662 50.7250615, -3.5317124 50.7250224)",yes,asphalt,,,,,,,
54212837,62142577,0,7972917,unclassified,2,20 mph,Queen Street,False,False,41.452774293721056,32.1868,4.6363722848309195,"LINESTRING (-3.5322521 50.724821, -3.5321937 50.7247631, -3.53188 50.7245328)",yes,asphalt,,,,,,,
54212837,795238615,0,907124293,tertiary,,20 mph,Paul Street,False,False,56.96211743157516,32.1868,6.371047222888594,"LINESTRING (-3.5322521 50.724821, -3.5324727 50.7246867, -3.5328279 50.7244611)",yes,asphalt,,,,,,,
54212837,34920972,0,907124294,tertiary,1,20 mph,Queen Street,False,True,84.51970694490333,32.1868,9.453283488934968,"LINESTRING (-3.5322521 50.724821, -3.5322483 50.7248476, -3.532258 50.7248631, -3.5325668 50.7251017, -3.5329885 50.7254106)",yes,asphalt,,,,,,,
294000690,1677444731,0,24044182,footway,,,,False,False,14.099146230530547,32.1868,1.5769485139843034,"LINESTRING (-3.5319992 50.7265468, -3.5318154 50.7265972)",no,asphalt,,,,,,,
294000690,343132404,0,155339533,footway,,,,False,False,27.11766602997037,32.1868,3.0330321034676744,"LINESTRING (-3.5319992 50.7265468, -3.5317239 50.7263762)",no,asphalt,,,,,,,
294000690,959491872,0,24044182,footway,,,,False,True,44.695436374648565,32.1868,4.999054610857086,"LINESTRING (-3.5319992 50.7265468, -3.5320158 50.7264635, -3.5320302 50.7264145, -3.5320388 50.726369, -3.5320111 50.7263155, -3.5318868 50.7261693)",no,asphalt,,,,,,,
294000690,294000713,0,26800382,footway,,,,False,False,108.26289838719988,32.1868,12.108890420728983,"LINESTRING (-3.5319992 50.7265468, -3.5320693 50.726506, -3.5321928 50.7264178, -3.5322897 50.7263195, -3.5323588 50.7262353, -3.5324626 50.7260911, -3.5325839 50.7258856, -3.5325983 50.7258078, -3.5325873 50.725728, -3.5325589 50.725683)",no,asphalt,,,,,,,
1630309399,343132380,0,596076185,footway,,,,False,False,17.350828500001047,32.1868,1.9406397218736804,"LINESTRING (-3.5313801 50.7261695, -3.5315554 50.7262792)",no,asphalt,,,,,,,
1630309399,75258004,0,"[1153887128, 9639081]",footway,,,,False,True,4.780126688126792,32.1868,0.5346432723121421,"LINESTRING (-3.5313801 50.7261695, -3.5313488 50.7261551, -3.5313414 50.72615, -3.531329 50.7261415)",no,asphalt,,,,,,,
1630309399,294000713,0,150110277,footway,,,,False,True,106.61729192943778,32.1868,11.924834122869502,"LINESTRING (-3.5313801 50.7261695, -3.5314165 50.726161, -3.5315276 50.7261215, -3.5316187 50.7260446, -3.5316586 50.7260175, -3.5317102 50.725992, -3.5318163 50.7259605, -3.5318644 50.7259364, -3.5319087 50.7259015, -3.5319764 50.7258373, -3.5321026 50.7257778, -3.5322601 50.7256711, -3.532314 50.7256527, -3.5324391 50.7256594, -3.5325055 50.7256669, -3.5325589 50.725683)",no,asphalt,,,,,,,
959491872,34920974,0,596076785,footway,,,,False,False,16.66542183908737,32.1868,1.8639789796038915,"LINESTRING (-3.5318868 50.7261693, -3.5317215 50.7262766)",no,asphalt,,,,,,,
959491872,294000690,0,24044182,footway,,,,False,False,44.695436374648565,32.1868,4.999054610857086,"LINESTRING (-3.5318868 50.7261693, -3.5320111 50.7263155, -3.5320388 50.726369, -3.5320302 50.7264145, -3.5320158 50.7264635, -3.5319992 50.7265468)",no,asphalt,,,,,,,
959491872,294000713,0,596076785,footway,,,,False,True,71.85020446834616,32.1868,8.036236472281999,"LINESTRING (-3.5318868 50.7261693, -3.5322224 50.7259228, -3.5325589 50.725683)",no,asphalt,,,,,,,
293147854,1857100621,0,5581775,residential,2,20 mph,Northernhay Street,False,True,6.162924678900182,32.1868,0.6893052072290708,"LINESTRING (-3.5336478 50.7249395, -3.5335882 50.7249801)",no,concrete,,,,,,,
293147854,2852776558,0,5581775,residential,2,20 mph,Northernhay Street,False,False,33.3924410056424,32.1868,3.7348474411967842,"LINESTRING (-3.5336478 50.7249395, -3.533761 50.7248598, -3.5339502 50.7247083)",no,paving_stones,,,,,,,
293147854,380467943,0,"[26727032, 33435328]",pedestrian,,,Maddocks Row,False,False,27.624670232884746,32.1868,3.0897390494980894,"LINESTRING (-3.5336478 50.7249395, -3.5334282 50.7248071, -3.5333621 50.7247692)",no,paving_stones,,,,,,,
380467870,1857100621,0,33435308,track,,,,False,True,18.823647813786675,34.06605393721507,1.9892275241072992,"LINESTRING (-3.5337916 50.72509, -3.5335882 50.7249801)",no,concrete,,,,,,,
1857100619,1857100619,0,510511147,service,,,,False,False,101.90569057371724,32.1868,11.397855209756239,"LINESTRING (-3.5329181 50.7259849, -3.5327987 50.7262456, -3.5327397 50.7263577, -3.5327835 50.7263565, -3.5330196 50.7262724, -3.533088 50.7261434, -3.5329181 50.7259849)",no,asphalt,,,,,,parking_aisle,
1857100619,1857100619,1,510511147,service,,,,False,True,101.90569057371724,32.1868,11.397855209756239,"LINESTRING (-3.5329181 50.7259849, -3.533088 50.7261434, -3.5330196 50.7262724, -3.5327835 50.7263565, -3.5327397 50.7263577, -3.5327987 50.7262456, -3.5329181 50.7259849)",no,asphalt,,,,,,parking_aisle,
1857100619,59997002,0,"[510511147, 8025989]",service,,,,False,True,58.82337899892559,32.1868,6.579223917759211,"LINESTRING (-3.5329181 50.7259849, -3.532922 50.7258864, -3.5329301 50.7257464, -3.532938 50.7256658, -3.5329479 50.725581, -3.5330988 50.725501)",yes,asphalt,,,,,,"['alley', 'parking_aisle']",
54212836,8963647388,0,7036615,pedestrian,,,Gandy Street,False,False,33.87150359557748,32.1868,3.7884291990529952,"LINESTRING (-3.5317124 50.7250224, -3.5317045 50.7250163, -3.5315711 50.7249119, -3.5314961 50.7248366, -3.5314306 50.724776)",yes,asphalt,,,,,,,
54212836,54212837,0,7036794,unclassified,,20 mph,Upper Paul Street,False,False,50.54016505071969,32.1868,5.6527705202937515,"LINESTRING (-3.5317124 50.7250224, -3.5317662 50.7250615, -3.5317846 50.7250671, -3.5318026 50.7250672, -3.5318769 50.7250233, -3.5321133 50.7248768, -3.5321784 50.7248446, -3.5322521 50.724821)",yes,asphalt,,,,,,,
54212836,62141562,0,25725419,service,,,Bradninch Place,False,True,21.935728793720383,32.1868,2.45344748957316,"LINESTRING (-3.5317124 50.7250224, -3.5316443 50.7250736, -3.5315035 50.7251687)",yes,asphalt,,,,,customers,,
62142577,59743605,0,7972917,unclassified,2,20 mph,Queen Street,False,False,17.519788891386124,32.1868,1.9595374504141465,"LINESTRING (-3.53188 50.7245328, -3.5317204 50.7244119)",yes,paving_stones,,,,,,,
62142577,54212837,0,7972917,unclassified,2,20 mph,Queen Street,False,True,41.452774293721056,32.1868,4.6363722848309195,"LINESTRING (-3.53188 50.7245328, -3.5321937 50.7247631, -3.5322521 50.724821)",yes,asphalt,,,,,,,
62142577,8963647388,0,"[1102252525, 651578933, 971180349, 971180350, 971180351]",footway,,,Queens Walk,False,True,41.7633642308889,32.1868,4.671110866293016,"LINESTRING (-3.53188 50.7245328, -3.5317895 50.7245745, -3.5315883 50.7246802, -3.5315701 50.7246986, -3.5315097 50.7247343, -3.531455 50.7247638, -3.5314533 50.7247644, -3.5314306 50.724776)",yes,paving_stones,,,building_passage,,,,
795238615,380467946,0,596076786,tertiary,,20 mph,Paul Street,False,True,95.937642209705,32.1868,10.730346351763396,"LINESTRING (-3.5328279 50.7244611, -3.5338389 50.7238825)",no,asphalt,,,,,,,
795238615,12073857669,0,"[64880057, 1303736884, 1303736885, 191449774]",service,,,,False,False,95.93360522860199,32.1868,10.729894827164154,"LINESTRING (-3.5328279 50.7244611, -3.532901 50.7245049, -3.5330069 50.724545, -3.5331217 50.7245794, -3.5331604 50.7245848, -3.5331917 50.7245868, -3.5332423 50.724578, -3.533296 50.7245578, -3.5333276 50.724537, -3.5333551 50.7245175, -3.5333696 50.724495, -3.533388 50.7244585, -3.533389 50.7244341, -3.5333787 50.7243948, -3.5333629 50.7243698, -3.5333407 50.7243454, -3.5332912 50.724307, -3.533251 50.7242817, -3.5331176 50.7241855, -3.5330367 50.7241344)",no,asphalt,,,,,,,yes
795238615,54212837,0,907124293,tertiary,,20 mph,Paul Street,False,True,56.96211743157516,32.1868,6.371047222888594,"LINESTRING (-3.5328279 50.7244611, -3.5324727 50.7246867, -3.5322521 50.724821)",yes,asphalt,,,,,,,
34920974,959491872,0,596076785,footway,,,,False,True,16.66542183908737,32.1868,1.8639789796038915,"LINESTRING (-3.5317215 50.7262766, -3.5318868 50.7261693)",no,asphalt,,,,,,,
34920974,343132404,0,82430777,footway,,,,False,False,15.661518815812144,32.1868,1.751695345201254,"LINESTRING (-3.5317215 50.7262766, -3.5318013 50.7263244, -3.5317239 50.7263762)",no,asphalt,,,,,,,
34920974,343132380,0,82430777,footway,,,,False,True,16.54543333402635,32.1868,1.8505586141677604,"LINESTRING (-3.5317215 50.7262766, -3.5316358 50.7262253, -3.5315554 50.7262792)",no,asphalt,,,,,,,
343132404,294000690,0,155339533,footway,,,,False,True,27.11766602997037,32.1868,3.0330321034676744,"LINESTRING (-3.5317239 50.7263762, -3.5319992 50.7265468)",no,asphalt,,,,,,,
343132404,343132383,0,82430777,footway,,,,False,False,15.82001393625361,32.1868,1.769422563613438,"LINESTRING (-3.5317239 50.7263762, -3.5316466 50.726428, -3.5315651 50.7263792)",no,asphalt,,,,,,,
343132404,34920974,0,82430777,footway,,,,False,True,15.661518815812144,32.1868,1.751695345201254,"LINESTRING (-3.5317239 50.7263762, -3.5318013 50.7263244, -3.5317215 50.7262766)",no,asphalt,,,,,,,
343132380,1630309399,0,596076185,footway,,,,False,True,17.350828500001047,32.1868,1.9406397218736804,"LINESTRING (-3.5315554 50.7262792, -3.5313801 50.7261695)",no,asphalt,,,,,,,
343132380,34920974,0,82430777,footway,,,,False,False,16.54543333402635,32.1868,1.8505586141677604,"LINESTRING (-3.5315554 50.7262792, -3.5316358 50.7262253, -3.5317215 50.7262766)",no,asphalt,,,,,,,
343132380,343132383,0,82430777,footway,,,,False,True,15.747731259021126,32.1868,1.7613379563198597,"LINESTRING (-3.5315554 50.7262792, -3.5314811 50.7263289, -3.5315651 50.7263792)",no,asphalt,,,,,,,
343132383,959491870,0,30847343,footway,,,,False,False,20.41628293062288,32.1868,2.283501887427218,"LINESTRING (-3.5315651 50.7263792, -3.531378 50.7265195)",no,asphalt,,,,,,,
343132383,343132380,0,82430777,footway,,,,False,False,15.747731259021126,32.1868,1.7613379563198597,"LINESTRING (-3.5315651 50.7263792, -3.5314811 50.7263289, -3.5315554 50.7262792)",no,asphalt,,,,,,,
343132383,343132404,0,82430777,footway,,,,False,True,15.82001393625361,32.1868,1.769422563613438,"LINESTRING (-3.5315651 50.7263792, -3.5316466 50.726428, -3.5317239 50.7263762)",no,asphalt,,,,,,,
34920978,343133257,0,30847343,footway,,,,False,False,13.808708017119917,32.1868,1.5444638442352676,"LINESTRING (-3.5289123 50.7265807, -3.5287904 50.7264834)",no,asphalt,,,,,,,
34920978,2402758005,0,30847343,footway,,,,False,True,61.59943841091995,32.1868,6.889718091867221,"LINESTRING (-3.5289123 50.7265807, -3.5290163 50.726619, -3.5292517 50.7267619, -3.5294005 50.7268291, -3.5294789 50.7268467, -3.5295551 50.7268588, -3.5296392 50.7268603)",no,asphalt,,,,,,,
34920978,1677444722,0,155339538,footway,,,,False,True,91.20429073997572,32.1868,10.200934751634602,"LINESTRING (-3.5289123 50.7265807, -3.5289398 50.7266595, -3.5290691 50.726856, -3.5291787 50.7269274, -3.5293954 50.7270207, -3.5295828 50.727073, -3.5296865 50.7270863, -3.529788 50.7270798)",no,asphalt,,,,,,,
343133257,34920978,0,30847343,footway,,,,False,True,13.808708017119917,32.1868,1.5444638442352676,"LINESTRING (-3.5287904 50.7264834, -3.5289123 50.7265807)",no,asphalt,,,,,,,
343133257,10671289907,0,30847343,footway,,,,False,False,9.815158536586036,32.1868,1.0977969456954322,"LINESTRING (-3.5287904 50.7264834, -3.5288072 50.7264465, -3.5287343 50.7264276)",no,asphalt,,,,,,,
343133257,10671289907,1,1146748995,footway,,,,False,False,9.874681696877177,32.1868,1.1044544381161794,"LINESTRING (-3.5287904 50.7264834, -3.5287289 50.7264768, -3.5287343 50.7264276)",no,asphalt,,,,,,,
343133257,10247208246,0,1146748999,footway,,,,False,False,11.296364769126942,32.1868,1.2634655563416368,"LINESTRING (-3.5287904 50.7264834, -3.5288636 50.7264789, -3.5289449 50.7264594)",no,asphalt,,,,,,,
343133257,59997016,0,"[30847717, 1179778541, 24044238, 1146748999]",footway,,,,False,True,282.7879947659836,32.1868,31.62901503590109,"LINESTRING (-3.5287904 50.7264834, -3.5287606 50.7265079, -3.528737 50.7266313, -3.528807 50.7267606, -3.528902 50.7268971, -3.528979 50.7269768, -3.529108 50.7270438, -3.5294746 50.7272132, -3.5297287 50.7273007, -3.5297293 50.7273355, -3.5299418 50.72747, -3.5300694 50.7275138, -3.5301859 50.7275201, -3.5303104 50.7274875, -3.5307036 50.7273516, -3.5309156 50.7272707, -3.5311872 50.7271686, -3.5316127 50.72701, -3.5316171 50.7270077)",no,asphalt,,,,,no,,
2402758005,34920978,0,30847343,footway,,,,False,False,61.59943841091995,32.1868,6.889718091867221,"LINESTRING (-3.5296392 50.7268603, -3.5295551 50.7268588, -3.5294789 50.7268467, -3.5294005 50.7268291, -3.5292517 50.7267619, -3.5290163 50.726619, -3.5289123 50.7265807)",no,asphalt,,,,,,,
2402758005,1677444718,0,30847343,footway,,,,False,True,13.863686833462346,32.1868,1.5506130649975907,"LINESTRING (-3.5296392 50.7268603, -3.5296918 50.726886, -3.5298172 50.7269089)",no,asphalt,,,,,,,
2402758005,10247208246,0,236303619,footway,,,,False,False,68.62200145802217,32.1868,7.675171351264488,"LINESTRING (-3.5296392 50.7268603, -3.5296091 50.7268327, -3.529567 50.7268054, -3.5295222 50.7267658, -3.5294398 50.7267043, -3.5293665 50.726639, -3.5293002 50.7265795, -3.5292426 50.7265388, -3.5291883 50.7265095, -3.5291272 50.7264878, -3.5290682 50.7264793, -3.5290159 50.7264734, -3.5289837 50.7264675, -3.5289449 50.7264594)",no,asphalt,,,,,,,
2402758005,343133279,0,236303619,footway,,,,False,True,34.61830429922922,32.1868,3.87195668650581,"LINESTRING (-3.5296392 50.7268603, -3.5296977 50.7268567, -3.5297848 50.7268545, -3.5301283 50.7268289)",no,asphalt,,,,,,,
1677444722,1677444796,0,155339534,footway,,,,False,True,4.5812428566781405,32.1868,0.5123986940000655,"LINESTRING (-3.529788 50.7270798, -3.5297879 50.7270386)",no,asphalt,,,,,,,
1677444722,34920978,0,155339538,footway,,,,False,False,91.20429073997575,32.1868,10.200934751634605,"LINESTRING (-3.529788 50.7270798, -3.5296865 50.7270863, -3.5295828 50.727073, -3.5293954 50.7270207, -3.5291787 50.7269274, -3.5290691 50.726856, -3.5289398 50.7266595, -3.5289123 50.7265807)",no,asphalt,,,,,,,
1677444722,10671289968,0,155339538,footway,,,,False,True,66.00369436791219,32.1868,7.3823213157096665,"LINESTRING (-3.529788 50.7270798, -3.5299213 50.7270731, -3.5301816 50.7270418, -3.5304034 50.7270035, -3.5306202 50.726953, -3.5306876 50.726928)",no,asphalt,,,,,,,
10671289907,10671264590,0,30847343,footway,,,,False,False,2.767992876319473,32.1868,0.3095919555454442,"LINESTRING (-3.5287343 50.7264276, -3.5287159 50.7264056)",no,asphalt,,,,,,,
10671289907,343133257,0,30847343,footway,,,,False,True,9.815158536586036,32.1868,1.0977969456954322,"LINESTRING (-3.5287343 50.7264276, -3.5288072 50.7264465, -3.5287904 50.7264834)",no,asphalt,,,,,,,
10671289907,343133257,1,1146748995,footway,,,,False,True,9.874681696877177,32.1868,1.1044544381161794,"LINESTRING (-3.5287343 50.7264276, -3.5287289 50.7264768, -3.5287904 50.7264834)",no,asphalt,,,,,,,
10247208246,10671289905,0,1146748999,footway,,,,False,False,4.459710086410375,32.1868,0.49880560699036103,"LINESTRING (-3.5289449 50.7264594, -3.5289851 50.7264284)",no,asphalt,,,,,,,
10247208246,2402758005,0,236303619,footway,,,,False,True,68.62200145802218,32.1868,7.675171351264489,"LINESTRING (-3.5289449 50.7264594, -3.5289837 50.7264675, -3.5290159 50.7264734, -3.5290682 50.7264793, -3.5291272 50.7264878, -3.5291883 50.7265095, -3.5292426 50.7265388, -3.5293002 50.7265795, -3.5293665 50.726639, -3.5294398 50.7267043, -3.5295222 50.7267658, -3.529567 50.7268054, -3.5296091 50.7268327, -3.5296392 50.7268603)",no,asphalt,,,,,,,
10247208246,343133257,0,1146748999,footway,,,,False,True,11.296364769126942,32.1868,1.2634655563416368,"LINESTRING (-3.5289449 50.7264594, -3.5288636 50.7264789, -3.5287904 50.7264834)",no,asphalt,,,,,,,
59997016,343133257,0,"[1179778541, 30847717, 24044238, 1146748999]",footway,,,,False,False,282.78799476598357,32.1868,31.629015035901087,"LINESTRING (-3.5316171 50.7270077, -3.5316127 50.72701, -3.5311872 50.7271686, -3.5309156 50.7272707, -3.5307036 50.7273516, -3.5303104 50.7274875, -3.5301859 50.7275201, -3.5300694 50.7275138, -3.5299418 50.72747, -3.5297293 50.7273355, -3.5297287 50.7273007, -3.5294746 50.7272132, -3.529108 50.7270438, -3.528979 50.7269768, -3.528902 50.7268971, -3.528807 50.7267606, -3.528737 50.7266313, -3.5287606 50.7265079, -3.5287904 50.7264834)",no,asphalt,,,,,no,,
1677444718,1677444743,0,155339535,footway,,,,False,False,4.69208989010043,32.1868,0.5247966124113472,"LINESTRING (-3.5298172 50.7269089, -3.529807 50.7269506)",no,asphalt,,,,,,,
1677444718,2402758005,0,30847343,footway,,,,False,False,13.863686833462346,32.1868,1.5506130649975907,"LINESTRING (-3.5298172 50.7269089, -3.5296918 50.726886, -3.5296392 50.7268603)",no,asphalt,,,,,,,
1677444718,10671289970,0,30847343,footway,,,,False,True,57.62947447051475,32.1868,6.445689167418108,"LINESTRING (-3.5298172 50.7269089, -3.5298794 50.7269231, -3.5299543 50.7269282, -3.5300599 50.7269298, -3.5302211 50.7269009, -3.5303572 50.7268667, -3.5305164 50.7268343, -3.5305977 50.7268092)",no,asphalt,,,,,,,
343133279,2402758005,0,236303619,footway,,,,False,False,34.61830429922922,32.1868,3.87195668650581,"LINESTRING (-3.5301283 50.7268289, -3.5297848 50.7268545, -3.5296977 50.7268567, -3.5296392 50.7268603)",no,asphalt,,,,,,,
343133279,2402750301,0,1146748997,footway,,,,False,False,46.90763662941304,32.1868,5.246482777594758,"LINESTRING (-3.5301283 50.7268289, -3.5303023 50.7267799, -3.5306601 50.7266476, -3.5307118 50.7266264)",no,asphalt,,,,,,,
343133279,10671289905,0,"[1146748996, 1146748997, 1146748998, 1146748999, 30847468]","['steps', 'footway']",,,,False,True,121.1525245333522,34.06605393721507,12.803041089640322,"LINESTRING (-3.5301283 50.7268289, -3.5300741 50.7268159, -3.5299178 50.726782, -3.5297893 50.7267568, -3.5297173 50.726734, -3.5295727 50.7266332, -3.5295323 50.7266292, -3.529506 50.7266229, -3.529494 50.7266113, -3.5294867 50.7265978, -3.5294914 50.7265804, -3.5294976 50.7265672, -3.5293836 50.7264834, -3.5292676 50.7263941, -3.5291192 50.7262845, -3.5290924 50.7262777, -3.5290845 50.7263796, -3.5290283 50.7263951, -3.5289851 50.7264284)",no,asphalt,,,,,,,
1677444796,1677444722,0,155339534,footway,,,,False,False,4.5812428566781405,32.1868,0.5123986940000655,"LINESTRING (-3.5297879 50.7270386, -3.529788 50.7270798)",no,asphalt,,,,,,,
1677444796,1677444743,0,155339534,footway,,,,False,True,12.46735134650277,32.1868,1.3944370004911946,"LINESTRING (-3.5297879 50.7270386, -3.5298373 50.7270184, -3.5298416 50.7269814, -3.529807 50.7269506)",no,asphalt,,,,,,,
1677444796,1677444743,1,155339535,footway,,,,False,True,13.97003436529927,32.1868,1.5625077272384138,"LINESTRING (-3.5297879 50.7270386, -3.5297427 50.7270209, -3.5297406 50.7269845, -3.5297674 50.7269624, -3.529807 50.7269506)",no,asphalt,,,,,,,
10671289968,10671289970,0,1146749002,footway,,,,False,False,14.647391954590198,32.1868,1.6382682042490935,"LINESTRING (-3.5306876 50.726928, -3.5305977 50.7268092)",no,asphalt,,,,,,,
10671289968,1677444722,0,155339538,footway,,,,False,False,66.00369436791217,32.1868,7.382321315709666,"LINESTRING (-3.5306876 50.726928, -3.5306202 50.726953, -3.5304034 50.7270035, -3.5301816 50.7270418, -3.5299213 50.7270731, -3.529788 50.7270798)",no,asphalt,,,,,,,
10671289968,959491874,0,155339538,footway,,,,False,True,80.10631103873611,32.1868,8.959657988350816,"LINESTRING (-3.5306876 50.726928, -3.5307723 50.7269112, -3.5308492 50.7268909, -3.531046 50.7268482, -3.531222 50.7268034, -3.5313654 50.7267655, -3.5315215 50.7267123, -3.5315893 50.7266975, -3.5317149 50.7266309)",no,asphalt,,,,,,,
36670547,59996735,0,1153868296,unclassified,,20 mph,Longbrook Street,False,False,80.31930241090572,32.1868,8.983480454076226,"LINESTRING (-3.5262027 50.7291277, -3.5264265 50.7284194)",yes,asphalt,,,,,,,
36670547,11991995390,0,5215963,residential,,20 mph,York Road,False,False,91.13372695186804,32.1868,10.19304239709213,"LINESTRING (-3.5262027 50.7291277, -3.5259655 50.7291009, -3.5258091 50.7290751, -3.5256046 50.7290305, -3.5254539 50.7289662, -3.5252718 50.7288948, -3.5250442 50.7287916)",yes,asphalt,,,,,,,
36670547,36670775,0,"[28050091, 40734532]",unclassified,2,"['30 mph', '20 mph']",Longbrook Street,False,True,54.62608008648367,40.2335,4.887814590113741,"LINESTRING (-3.5262027 50.7291277, -3.5261178 50.7293633, -3.5260927 50.7294368, -3.5260497 50.7295516, -3.5260527 50.729608)",yes,asphalt,,,,,,,yes
59996735,494926562,0,1153868296,unclassified,,20 mph,Longbrook Street,False,False,36.53885684266292,32.1868,4.086764904668576,"LINESTRING (-3.5264265 50.7284194, -3.5265597 50.7281018)",yes,asphalt,,,,,,,
59996735,36670547,0,1153868296,unclassified,,20 mph,Longbrook Street,False,True,80.31930241090572,32.1868,8.983480454076226,"LINESTRING (-3.5264265 50.7284194, -3.5262027 50.7291277)",yes,asphalt,,,,,,,
59996735,59996729,0,8025866,residential,,20 mph,Queen's Crescent,False,True,117.03110129282224,32.1868,13.089588423023105,"LINESTRING (-3.5264265 50.7284194, -3.5262715 50.7284683, -3.5260837 50.7285584, -3.5259898 50.7285949, -3.5258959 50.7286233, -3.5258127 50.7286341, -3.5257039 50.7286408, -3.5255972 50.7286476, -3.5255076 50.7286395, -3.5253573 50.7286188, -3.5252792 50.7286125, -3.5252024 50.7286165, -3.5251192 50.7286368, -3.5249323 50.7287408)",yes,asphalt,,,,,,,
11991995390,59996729,0,5215963,residential,,20 mph,York Road,False,False,9.692352450971002,32.1868,1.0840614420661767,"LINESTRING (-3.5250442 50.7287916, -3.5249323 50.7287408)",yes,asphalt,,,,,,,
11991995390,11991995391,0,1293647827,steps,,,,False,False,5.784141077019985,34.06605393721507,0.6112509513326463,"LINESTRING (-3.5250442 50.7287916, -3.5251217 50.7287743)",yes,asphalt,,,,,,,
11991995390,36670547,0,5215963,residential,,20 mph,York Road,False,True,91.13372695186804,32.1868,10.19304239709213,"LINESTRING (-3.5250442 50.7287916, -3.5252718 50.7288948, -3.5254539 50.7289662, -3.5256046 50.7290305, -3.5258091 50.7290751, -3.5259655 50.7291009, -3.5262027 50.7291277)",yes,asphalt,,,,,,,
36670775,206179643,0,5215957,unclassified,2,20 mph,Blackall Road,False,True,41.783539691679096,32.1868,4.673367432924204,"LINESTRING (-3.5260527 50.729608, -3.52615 50.7296185, -3.5262343 50.7296234, -3.5263748 50.7296239, -3.5265189 50.7296153, -3.5266355 50.7295867)",yes,asphalt,,,,,,,
36670775,36670547,0,"[28050091, 40734532]",unclassified,2,"['30 mph', '20 mph']",Longbrook Street,False,False,54.62608008648367,40.2335,4.887814590113741,"LINESTRING (-3.5260527 50.729608, -3.5260497 50.7295516, -3.5260927 50.7294368, -3.5261178 50.7293633, -3.5262027 50.7291277)",yes,asphalt,,,,,,,yes
36670775,59818833,0,42027866,unclassified,2,20 mph,Pennsylvania Road,False,True,71.07476527256547,32.1868,7.9495058527481985,"LINESTRING (-3.5260527 50.729608, -3.5260166 50.729666, -3.5258977 50.7298778, -3.5258054 50.730161, -3.5257852 50.7302226)",yes,asphalt,,,,,,,
494926562,59817392,0,1153868296,unclassified,,20 mph,Longbrook Street,False,False,61.96261946949889,32.1868,6.9303388373555626,"LINESTRING (-3.5265597 50.7281018, -3.5268548 50.7275768)",yes,asphalt,,,,,,,
494926562,59996735,0,1153868296,unclassified,,20 mph,Longbrook Street,False,True,36.53885684266292,32.1868,4.086764904668576,"LINESTRING (-3.5265597 50.7281018, -3.5264265 50.7284194)",yes,asphalt,,,,,,,
494926562,10592409018,0,40734071,service,,,Hems Business Centre,False,True,77.32114631459035,32.1868,8.648145411551484,"LINESTRING (-3.5265597 50.7281018, -3.5260611 50.7279615, -3.5259042 50.7278389, -3.5259998 50.7277888, -3.5258938 50.7276971)",yes,asphalt,,,,,,,
59996729,11991995390,0,5215963,residential,,20 mph,York Road,False,True,9.692352450971002,32.1868,1.0840614420661767,"LINESTRING (-3.5249323 50.7287408, -3.5250442 50.7287916)",yes,asphalt,,,,,,,
59996729,59996788,0,5215963,residential,,20 mph,York Road,False,False,44.43410430198579,32.1868,4.969825378327416,"LINESTRING (-3.5249323 50.7287408, -3.5247201 50.7286392, -3.524433 50.7284963)",yes,asphalt,,,,,,,
59996729,59996735,0,8025866,residential,,20 mph,Queen's Crescent,False,False,117.03110129282227,32.1868,13.089588423023109,"LINESTRING (-3.5249323 50.7287408, -3.5251192 50.7286368, -3.5252024 50.7286165, -3.5252792 50.7286125, -3.5253573 50.7286188, -3.5255076 50.7286395, -3.5255972 50.7286476, -3.5257039 50.7286408, -3.5258127 50.7286341, -3.5258959 50.7286233, -3.5259898 50.7285949, -3.5260837 50.7285584, -3.5262715 50.7284683, -3.5264265 50.7284194)",yes,asphalt,,,,,,,
11991995391,11991995390,0,1293647827,steps,,,,False,True,5.784141077019985,34.06605393721507,0.6112509513326463,"LINESTRING (-3.5251217 50.7287743, -3.5250442 50.7287916)",yes,asphalt,,,,,,,
206179643,36670775,0,5215957,unclassified,2,20 mph,Blackall Road,False,False,41.783539691679096,32.1868,4.673367432924204,"LINESTRING (-3.5266355 50.7295867, -3.5265189 50.7296153, -3.5263748 50.7296239, -3.5262343 50.7296234, -3.52615 50.7296185, -3.5260527 50.729608)",yes,asphalt,,,,,,,
206179643,315875791,0,5215957,unclassified,2,20 mph,Blackall Road,False,True,128.00210987987273,32.1868,14.316663836341043,"LINESTRING (-3.5266355 50.7295867, -3.5271293 50.7294135, -3.527761 50.7291708, -3.5282073 50.729008)",no,asphalt,,,,,,,
206179643,2304109924,0,10244285,residential,,20 mph,Thornton Hill,False,False,50.3024236086804,32.1868,5.6261798312118465,"LINESTRING (-3.5266355 50.7295867, -3.5270343 50.7298948, -3.5270757 50.7299421)",no,asphalt,,7.3,,,,,
59818833,10936592092,0,42027866,unclassified,2,20 mph,Pennsylvania Road,False,True,16.53586891028967,32.1868,1.8494888611804472,"LINESTRING (-3.5257852 50.7302226, -3.5257518 50.7303698)",no,asphalt,,,,,,,
59818833,36670775,0,42027866,unclassified,2,20 mph,Pennsylvania Road,False,False,71.07476527256547,32.1868,7.9495058527481985,"LINESTRING (-3.5257852 50.7302226, -3.5258054 50.730161, -3.5258977 50.7298778, -3.5260166 50.729666, -3.5260527 50.729608)",yes,asphalt,,,,,,,
59818833,2386412458,0,"[881318392, 881318393, 230111855]",service,,,,False,True,57.88648493657013,32.1868,6.474435040813392,"LINESTRING (-3.5257852 50.7302226, -3.5256481 50.7301902, -3.5255352 50.7301674, -3.5254721 50.7301543, -3.5253601 50.7301313, -3.525171 50.7300965, -3.5249993 50.7301224)",no,asphalt,,,building_passage,,,,
10068852034,36670551,0,5215976,residential,,20 mph,Acland Road,False,True,102.18391921048875,32.1868,11.42897427385635,"LINESTRING (-3.5245334 50.7273456, -3.5244398 50.7273577, -3.5239802 50.7276384, -3.5239158 50.7276813, -3.5237093 50.7278194, -3.5235286 50.7279216, -3.5234617 50.7279509)",yes,asphalt,,6.1,,,,,
84914575,2268591156,0,5215963,residential,,20 mph,York Road,False,True,19.795960712044284,32.1868,2.214120650805903,"LINESTRING (-3.5237939 50.7281762, -3.5240028 50.7282954)",yes,asphalt,,,,,,,
84914575,7644003306,0,10244810,residential,,20 mph,Oxford Road,False,False,5.103536369536893,32.1868,0.5708157048955727,"LINESTRING (-3.5237939 50.7281762, -3.5237459 50.7282106)",yes,asphalt,,,,,,,
84914575,36670551,0,"[5215963, 408884070]",residential,2,20 mph,York Road,False,False,34.27424090550821,32.1868,3.8334741962490697,"LINESTRING (-3.5237939 50.7281762, -3.5236177 50.7280607, -3.5234617 50.7279509)",yes,asphalt,,,,,,,
2268591156,84914575,0,5215963,residential,,20 mph,York Road,False,False,19.795960712044284,32.1868,2.214120650805903,"LINESTRING (-3.5240028 50.7282954, -3.5237939 50.7281762)",yes,asphalt,,,,,,,
2268591156,318323627,0,5215963,residential,,20 mph,York Road,False,True,3.4409130911353016,32.1868,0.3848561251223199,"LINESTRING (-3.5240028 50.7282954, -3.5240405 50.7283151)",yes,asphalt,,,,,,,
2268591156,2268591192,0,5582257,residential,,20 mph,King William Street,False,True,102.1520719028461,32.1868,11.425412245089477,"LINESTRING (-3.5240028 50.7282954, -3.5242496 50.7281649, -3.5246459 50.7279743, -3.5247365 50.7279226, -3.5247738 50.7278845, -3.5248838 50.7277635, -3.5249774 50.7276384)",yes,asphalt,,,,,,,
7644003306,84914575,0,10244810,residential,,20 mph,Oxford Road,False,True,5.103536369536893,32.1868,0.5708157048955727,"LINESTRING (-3.5237459 50.7282106, -3.5237939 50.7281762)",yes,asphalt,,,,,,,
7644003306,84917446,0,"[10244810, 1153868467]",residential,,20 mph,Oxford Road,False,False,119.42789499001722,32.1868,13.357662829609097,"LINESTRING (-3.5237459 50.7282106, -3.5233068 50.728562, -3.5230126 50.7288113, -3.5227149 50.7290635)",yes,asphalt,,,,,,,
7644003306,7644003309,0,818514809,footway,,,,False,False,62.991321637243466,32.1868,7.045396183965989,"LINESTRING (-3.5237459 50.7282106, -3.5233819 50.7279582, -3.523164 50.7278207, -3.5231327 50.7277982)",no,paving_stones,,,,,,,
315875791,2388463370,0,5215957,unclassified,2,20 mph,Blackall Road,False,True,60.04921126339051,32.1868,6.716329692551166,"LINESTRING (-3.5282073 50.729008, -3.5289684 50.728764)",no,asphalt,,,,,,,
315875791,206179643,0,5215957,unclassified,2,20 mph,Blackall Road,False,False,128.0021098798727,32.1868,14.316663836341041,"LINESTRING (-3.5282073 50.729008, -3.527761 50.7291708, -3.5271293 50.7294135, -3.5266355 50.7295867)",no,asphalt,,,,,,,
315875791,59996190,0,"[28729268, 50759509, 45514279]",residential,,,Howell Road,False,False,60.38274879291505,32.7417448275862,6.63916650744113,"LINESTRING (-3.5282073 50.729008, -3.5281238 50.7288867, -3.5279437 50.7285591, -3.5279139 50.7284981)",no,asphalt,,,,,,,yes
315875791,5332097150,0,41470942,residential,,20 mph,Howell Road,False,True,32.7117286885934,32.1868,3.6587117476399107,"LINESTRING (-3.5282073 50.729008, -3.5282548 50.7290669, -3.5283481 50.7291298, -3.5283782 50.7291489, -3.528426 50.7291714, -3.5284862 50.7291888, -3.52854 50.7291977)",no,asphalt,,,,,,,
2304109924,260755316,0,10244285,residential,,20 mph,Thornton Hill,False,False,41.77897268786051,32.1868,4.672856626825216,"LINESTRING (-3.5270757 50.7299421, -3.5273621 50.7302712)",no,asphalt,,7.3,,,,,
2304109924,2304110052,0,221387019,service,,,,False,True,72.27475810701353,32.1868,8.083721562418406,"LINESTRING (-3.5270757 50.7299421, -3.5279797 50.7296338)",no,asphalt,,,,,,,
2304109924,206179643,0,10244285,residential,,20 mph,Thornton Hill,False,True,50.3024236086804,32.1868,5.6261798312118465,"LINESTRING (-3.5270757 50.7299421, -3.5270343 50.7298948, -3.5266355 50.7295867)",no,asphalt,,7.3,,,,,
10936592092,59818833,0,42027866,unclassified,2,20 mph,Pennsylvania Road,False,False,16.53586891028967,32.1868,1.8494888611804472,"LINESTRING (-3.5257518 50.7303698, -3.5257852 50.7302226)",no,asphalt,,,,,,,
10936592092,84917846,0,42027866,unclassified,2,20 mph,Pennsylvania Road,False,True,39.473555408557985,32.1868,4.415002406912423,"LINESTRING (-3.5257518 50.7303698, -3.5256722 50.7307212)",no,asphalt,,,,,,,
10936592092,10936592085,0,1177206698,service,,,,False,True,73.27435364599063,32.1868,8.19552341722589,"LINESTRING (-3.5257518 50.7303698, -3.5258071 50.7303743, -3.5258628 50.7303605, -3.5258966 50.7303192, -3.5259233 50.7303084, -3.5260395 50.7303084, -3.5264147 50.7303529, -3.5263711 50.7305551)",no,asphalt,,,,,,,
2386412458,59818833,0,"[881318392, 881318393, 230111855]",service,,,,False,False,57.88648493657013,32.1868,6.474435040813392,"LINESTRING (-3.5249993 50.7301224, -3.525171 50.7300965, -3.5253601 50.7301313, -3.5254721 50.7301543, -3.5255352 50.7301674, -3.5256481 50.7301902, -3.5257852 50.7302226)",no,asphalt,,,building_passage,,,,
41437537,9773201158,0,5581935,unclassified,2,20 mph,Bailey Street,False,False,4.546488554942751,32.1868,0.5085115263957245,"LINESTRING (-3.5279109 50.7258122, -3.5279515 50.7257804)",yes,paving_stones,,,,,,,
41437537,36670781,0,5581935,unclassified,2,20 mph,Bailey Street,False,True,37.194526305530594,32.1868,4.160099627794939,"LINESTRING (-3.5279109 50.7258122, -3.5275077 50.7260284)",yes,asphalt,,,,,,,
41437537,2562840010,0,5582110,residential,,20 mph,Northernhay Place,False,False,29.443352230017958,32.1868,3.2931533432358813,"LINESTRING (-3.5279109 50.7258122, -3.5281863 50.7260115)",yes,asphalt,,,,,,,
9773201158,41437537,0,5581935,unclassified,2,20 mph,Bailey Street,False,True,4.546488554942751,32.1868,0.5085115263957245,"LINESTRING (-3.5279515 50.7257804, -3.5279109 50.7258122)",yes,paving_stones,,,,,,,
9773201158,41436222,0,"[1153868287, 5581935]",unclassified,2,20 mph,Bailey Street,False,False,19.748399939310502,32.1868,2.208801116653964,"LINESTRING (-3.5279515 50.7257804, -3.5280915 50.7257129, -3.5281731 50.7256715)",yes,paving_stones,,,,,,,
9773201158,41437657,0,5582128,footway,,,Roman Gate,False,False,56.25911037251997,32.1868,6.2924179272581275,"LINESTRING (-3.5279515 50.7257804, -3.5279209 50.7257607, -3.5275561 50.7254716, -3.5274811 50.7254073, -3.5274544 50.7253845)",yes,paving_stones,,,,,,,
2562840010,41437537,0,5582110,residential,,20 mph,Northernhay Place,False,True,29.443352230017958,32.1868,3.2931533432358813,"LINESTRING (-3.5281863 50.7260115, -3.5279109 50.7258122)",yes,asphalt,,,,,,,
2562840010,10671264590,0,"[5582110, 30847343]","['footway', 'residential']",,20 mph,Northernhay Place,False,"[False, True]",57.63135681196099,32.1868,6.445899701836144,"LINESTRING (-3.5281863 50.7260115, -3.528564 50.7262807, -3.5286165 50.726326, -3.5286958 50.7263817, -3.5287159 50.7264056)",yes,asphalt,,,,,,,
2562840010,2562840003,0,249712363,service,,,,False,True,39.35379362656181,32.1868,4.401607399791919,"LINESTRING (-3.5281863 50.7260115, -3.5281347 50.7260498, -3.5279725 50.7261399, -3.5279271 50.7261612, -3.5280457 50.7262688)",yes,asphalt,,,,,,,
292262646,380467929,0,5582189,unclassified,,20 mph,King William Street,False,True,36.034784969556746,32.1868,4.030385931201744,"LINESTRING (-3.5271285 50.7266723, -3.5268507 50.7266274, -3.5267816 50.7265999, -3.5267314 50.7265587, -3.5267031 50.7265242)",yes,asphalt,,,,,,,
292262646,3297556862,0,42027861,unclassified,,20 mph,Longbrook Street,False,False,68.92883253492323,32.1868,7.709489515134267,"LINESTRING (-3.5271285 50.7266723, -3.5271847 50.7264889, -3.5272495 50.7262618, -3.5272741 50.7262023, -3.5273065 50.726161, -3.5273222 50.726141, -3.5273811 50.726079)",yes,asphalt,,,,,,,
292262646,1479619192,0,42027861,unclassified,,20 mph,Longbrook Street,False,True,39.55844225623364,32.1868,4.424496754024666,"LINESTRING (-3.5271285 50.7266723, -3.5270999 50.7267667, -3.5270211 50.7270215)",yes,asphalt,,,,,,,
36670915,5783907569,0,5215994,unclassified,2,20 mph,Dixs Field,False,True,20.898878463541447,32.1868,2.3374787946844426,"LINESTRING (-3.5255017 50.724689, -3.525495 50.7248769)",yes,paving_stones,,,,,,,
36670915,5781609899,0,610512789,service,,,,False,True,10.997517382910194,32.1868,1.2300403450630912,"LINESTRING (-3.5255017 50.724689, -3.5256577 50.7246944)",yes,asphalt,,,,,delivery,,
36670915,1479619195,0,"[684449969, 1047223866]",unclassified,2,"['30 mph', '20 mph']",Dixs Field,False,"[False, True]",27.085195288462188,40.2335,2.423520276348413,"LINESTRING (-3.5255017 50.724689, -3.5255064 50.724653, -3.5255238 50.7246129, -3.5255556 50.7245707, -3.5256112 50.7244569)",yes,asphalt,,,,,,,
5783907569,36670915,0,5215994,unclassified,2,20 mph,Dixs Field,False,False,20.898878463541447,32.1868,2.3374787946844426,"LINESTRING (-3.525495 50.7248769, -3.5255017 50.724689)",yes,paving_stones,,,,,,,
5783907569,9629502423,0,610764858,footway,,,,False,True,8.932677823531986,32.1868,0.9990940436674398,"LINESTRING (-3.525495 50.7248769, -3.5253681 50.7248769)",yes,paving_stones,,,,,,,
5783907569,3297556876,0,5215994,unclassified,2,20 mph,Dixs Field,False,True,10.408992658496745,32.1868,1.1642155657160167,"LINESTRING (-3.525495 50.7248769, -3.5254922 50.7249358, -3.5254884 50.7249704)",yes,paving_stones,,,,,,,
5783907569,6212403294,0,663716085,footway,,,,False,False,15.007217865894937,32.1868,1.678513686269582,"LINESTRING (-3.525495 50.7248769, -3.5256276 50.7248858, -3.5256531 50.7249079, -3.5256818 50.7249223)",yes,paving_stones,,,,,,,
5781609899,36670915,0,610512789,service,,,,False,False,10.997517382910194,32.1868,1.2300403450630912,"LINESTRING (-3.5256577 50.7246944, -3.5255017 50.724689)",yes,asphalt,,,,,delivery,,
1479619195,59817555,0,1066706819,footway,,,,False,True,33.9997740612086,32.1868,3.8027758776998946,"LINESTRING (-3.5256112 50.7244569, -3.5260865 50.7245113)",yes,asphalt,,,,,,,
1479619195,9773108232,0,231124452,footway,,,,False,True,10.78459468882352,32.1868,1.2062255607815835,"LINESTRING (-3.5256112 50.7244569, -3.5255498 50.7244524, -3.5254586 50.7244562)",yes,asphalt,,,,,,,
1479619195,36670915,0,"[684449969, 1047223866]",unclassified,2,"['30 mph', '20 mph']",Dixs Field,False,"[False, True]",27.08519528846219,40.2335,2.4235202763484134,"LINESTRING (-3.5256112 50.7244569, -3.5255556 50.7245707, -3.5255238 50.7246129, -3.5255064 50.724653, -3.5255017 50.724689)",yes,asphalt,,,,,,,
1479619195,36670916,0,684449969,unclassified,,20 mph,Dixs Field,False,True,18.773513998500917,32.1868,2.099762958560755,"LINESTRING (-3.5256112 50.7244569, -3.5256229 50.7244096, -3.5256447 50.7243655, -3.5256821 50.7242946)",yes,asphalt,,,,,,,
9629502423,5783907569,0,610764858,footway,,,,False,False,8.932677823531986,32.1868,0.9990940436674398,"LINESTRING (-3.5253681 50.7248769, -3.525495 50.7248769)",yes,paving_stones,,,,,,,
9629502423,6212410507,0,610764858,footway,,,,False,True,24.152146343125196,32.1868,2.701347348454979,"LINESTRING (-3.5253681 50.7248769, -3.5253339 50.7248964, -3.5250408 50.7249271)",yes,asphalt,,,,,,,
9629502423,9773108232,0,1064082319,footway,,,,False,True,47.60123146427474,32.1868,5.324059343314311,"LINESTRING (-3.5253681 50.7248769, -3.5253882 50.7248493, -3.5253936 50.7248179, -3.5253882 50.7247857, -3.5253842 50.7247381, -3.5253949 50.7246659, -3.5254245 50.7245658, -3.5254459 50.7244978, -3.5254586 50.7244562)",yes,asphalt,,,,,,,
59817555,1479619195,0,1066706819,footway,,,,False,False,33.9997740612086,32.1868,3.8027758776998946,"LINESTRING (-3.5260865 50.7245113, -3.5256112 50.7244569)",yes,asphalt,,,,,,,
59817555,59817557,0,7991785,service,,20 mph,,False,False,11.347840687778088,32.1868,1.2692229881815253,"LINESTRING (-3.5260865 50.7245113, -3.5260984 50.7244759, -3.5261131 50.7244107)",yes,asphalt,,,,,,,
59817555,9629666235,0,7991785,service,,20 mph,,False,True,12.24927223132498,32.1868,1.37004548550244,"LINESTRING (-3.5260865 50.7245113, -3.5260509 50.7245804, -3.5260389 50.7246171)",yes,asphalt,,,,,,,
59817555,1786461667,0,134593745,footway,,,Blueboy Lane,False,True,48.508774926290485,32.1868,5.425565440946158,"LINESTRING (-3.5260865 50.7245113, -3.5262013 50.7245232, -3.5264366 50.7245811, -3.5265262 50.7245982, -3.5266402 50.7246129, -3.5266586 50.7246352, -3.5267065 50.7246681)",yes,asphalt,,,,,,,
9773108232,1479619195,0,231124452,footway,,,,False,False,10.78459468882352,32.1868,1.2062255607815835,"LINESTRING (-3.5254586 50.7244562, -3.5255498 50.7244524, -3.5256112 50.7244569)",yes,asphalt,,,,,,,
9773108232,9773108243,0,231124452,footway,,,,False,True,64.88140541210485,32.1868,7.256796558948933,"LINESTRING (-3.5254586 50.7244562, -3.5253822 50.7244524, -3.5252944 50.7244448, -3.5251851 50.7244337, -3.5251535 50.7244278, -3.5250744 50.7244117, -3.5250033 50.7243871, -3.5249403 50.7243505, -3.5249235 50.7243234, -3.5249249 50.7242831, -3.5249269 50.7242024, -3.5248022 50.7241908)",no,asphalt,,,,,,,
9773108232,9629502423,0,1064082319,footway,,,,False,False,47.60123146427473,32.1868,5.32405934331431,"LINESTRING (-3.5254586 50.7244562, -3.5254459 50.7244978, -3.5254245 50.7245658, -3.5253949 50.7246659, -3.5253842 50.7247381, -3.5253882 50.7247857, -3.5253936 50.7248179, -3.5253882 50.7248493, -3.5253681 50.7248769)",yes,asphalt,,,,,,,
36670916,59817557,0,233733676,unclassified,,20 mph,Dixs Field,False,True,33.14883739390615,32.1868,3.707601085477965,"LINESTRING (-3.5256821 50.7242946, -3.525782 50.7243104, -3.5258745 50.7243305, -3.5261131 50.7244107)",yes,asphalt,,,,,,,
36670916,36671018,0,303588396,unclassified,,20 mph,Dixs Field,False,True,63.069066114168706,32.1868,7.05409167767555,"LINESTRING (-3.5256821 50.7242946, -3.5255641 50.7242702, -3.5253178 50.7242313, -3.5248119 50.7241609)",yes,asphalt,,,,,,,
36670916,1479619195,0,684449969,unclassified,,20 mph,Dixs Field,False,False,18.773513998500913,32.1868,2.0997629585607545,"LINESTRING (-3.5256821 50.7242946, -3.5256447 50.7243655, -3.5256229 50.7244096, -3.5256112 50.7244569)",yes,asphalt,,,,,,,
59817557,59817555,0,7991785,service,,20 mph,,False,True,11.347840687778088,32.1868,1.2692229881815253,"LINESTRING (-3.5261131 50.7244107, -3.5260984 50.7244759, -3.5260865 50.7245113)",yes,asphalt,,,,,,,
59817557,36670916,0,233733676,unclassified,,20 mph,Dixs Field,False,False,33.14883739390615,32.1868,3.707601085477965,"LINESTRING (-3.5261131 50.7244107, -3.5258745 50.7243305, -3.525782 50.7243104, -3.5256821 50.7242946)",yes,asphalt,,,,,,,
59817557,3518325224,0,"[684449968, 830424858]",unclassified,,20 mph,Southernhay East,False,"[False, True]",45.27037287000215,32.1868,5.063359586290273,"LINESTRING (-3.5261131 50.7244107, -3.5261557 50.7244032, -3.5261806 50.7243797, -3.5261585 50.7242644, -3.5261704 50.7241573, -3.5261809 50.7240547, -3.5261797 50.7240302)",yes,asphalt,,,,,,,
36671018,9773108243,0,1064082320,service,,,,False,False,3.394123689694295,32.1868,0.37962286660679107,"LINESTRING (-3.5248119 50.7241609, -3.5248022 50.7241908)",no,asphalt,,,,,,,
36671018,36670916,0,303588396,unclassified,,20 mph,Dixs Field,False,False,63.069066114168706,32.1868,7.05409167767555,"LINESTRING (-3.5248119 50.7241609, -3.5253178 50.7242313, -3.5255641 50.7242702, -3.5256821 50.7242946)",yes,asphalt,,,,,,,
36671018,986600684,0,303588396,unclassified,,20 mph,Dixs Field,False,True,58.37393321947317,32.1868,6.52895471404748,"LINESTRING (-3.5248119 50.7241609, -3.5247157 50.7241469, -3.5240907 50.7240477, -3.5240054 50.7240398)",no,asphalt,,,,,,,
3518325224,36670922,0,43470226,unclassified,,20 mph,Southernhay East,False,True,30.63103139589123,32.1868,3.4259918048767957,"LINESTRING (-3.5261797 50.7240302, -3.5261981 50.7240112, -3.5262284 50.7240066, -3.5262547 50.7240076, -3.5263318 50.7240121, -3.5265938 50.7240373)",yes,asphalt,,,,,,,
3518325224,3518325226,0,"[345137652, 666314325]","['unclassified', 'service']",,20 mph,Southernhay East,False,False,28.507379160952603,32.1868,3.1884674767118626,"LINESTRING (-3.5261797 50.7240302, -3.5261614 50.7239846, -3.5261476 50.7239754, -3.5261088 50.7239629, -3.5258419 50.7239567)",no,asphalt,,,,,,,
3518325224,59817557,0,"[684449968, 830424858]",unclassified,,20 mph,Southernhay East,False,"[False, True]",45.27037287000215,32.1868,5.063359586290273,"LINESTRING (-3.5261797 50.7240302, -3.5261809 50.7240547, -3.5261704 50.7241573, -3.5261585 50.7242644, -3.5261806 50.7243797, -3.5261557 50.7244032, -3.5261131 50.7244107)",yes,asphalt,,,,,,,
9773108243,9773108244,0,1064082320,service,,,,False,False,9.073890495486282,32.1868,1.0148882704633768,"LINESTRING (-3.5248022 50.7241908, -3.524776 50.7242707)",no,asphalt,,,,,,,
9773108243,36671018,0,1064082320,service,,,,False,True,3.394123689694295,32.1868,0.37962286660679107,"LINESTRING (-3.5248022 50.7241908, -3.5248119 50.7241609)",no,asphalt,,,,,,,
9773108243,9773108232,0,231124452,footway,,,,False,False,64.88140541210487,32.1868,7.256796558948934,"LINESTRING (-3.5248022 50.7241908, -3.5249269 50.7242024, -3.5249249 50.7242831, -3.5249235 50.7243234, -3.5249403 50.7243505, -3.5250033 50.7243871, -3.5250744 50.7244117, -3.5251535 50.7244278, -3.5251851 50.7244337, -3.5252944 50.7244448, -3.5253822 50.7244524, -3.5254586 50.7244562)",no,asphalt,,,,,,,
9773108243,2395302282,0,231124452,footway,,,,False,True,23.389981601646603,32.1868,2.616101438040681,"LINESTRING (-3.5248022 50.7241908, -3.5247432 50.7241843, -3.5246899 50.7242076, -3.5246178 50.7242245, -3.5245368 50.7242384, -3.5244923 50.7242476)",no,asphalt,,,,,,,
986600684,36671018,0,303588396,unclassified,,20 mph,Dixs Field,False,False,58.37393321947317,32.1868,6.52895471404748,"LINESTRING (-3.5240054 50.7240398, -3.5240907 50.7240477, -3.5247157 50.7241469, -3.5248119 50.7241609)",no,asphalt,,,,,,,
986600684,748214214,0,303588396,unclassified,,20 mph,Dixs Field,False,True,7.796228144770163,32.1868,0.8719854512151749,"LINESTRING (-3.5240054 50.7240398, -3.5239543 50.7240256, -3.523904 50.7240116)",yes,concrete,,,,,,,
986600684,986600678,0,695612073,service,,,Manor Court,False,True,18.31018176673184,32.1868,2.0479405955309207,"LINESTRING (-3.5240054 50.7240398, -3.5239415 50.7241786, -3.5239303 50.7241974)",no,asphalt,,,,,,,
36670922,3518325224,0,43470226,unclassified,,20 mph,Southernhay East,False,False,30.63103139589123,32.1868,3.4259918048767957,"LINESTRING (-3.5265938 50.7240373, -3.5263318 50.7240121, -3.5262547 50.7240076, -3.5262284 50.7240066, -3.5261981 50.7240112, -3.5261797 50.7240302)",yes,asphalt,,,,,,,
3518325226,3518325224,0,"[345137652, 666314325]","['unclassified', 'service']",,20 mph,Southernhay East,False,True,28.507379160952603,32.1868,3.1884674767118626,"LINESTRING (-3.5258419 50.7239567, -3.5261088 50.7239629, -3.5261476 50.7239754, -3.5261614 50.7239846, -3.5261797 50.7240302)",no,asphalt,,,,,,,
9773108244,9773108243,0,1064082320,service,,,,False,True,9.073890495486282,32.1868,1.0148882704633768,"LINESTRING (-3.524776 50.7242707, -3.5248022 50.7241908)",no,asphalt,,,,,,,
2395302282,2395302250,0,231124450,footway,,,,False,False,38.23452085249936,32.1868,4.2764199941900936,"LINESTRING (-3.5244923 50.7242476, -3.52399 50.7242046, -3.5239561 50.7242128)",no,concrete,,,,,,,
2395302282,9773108243,0,231124452,footway,,,,False,False,23.3899816016466,32.1868,2.6161014380406806,"LINESTRING (-3.5244923 50.7242476, -3.5245368 50.7242384, -3.5246178 50.7242245, -3.5246899 50.7242076, -3.5247432 50.7241843, -3.5248022 50.7241908)",no,asphalt,,,,,,,
2395302282,9773108254,0,231124452,footway,,,,False,True,40.54073699104145,32.1868,4.5343635641862265,"LINESTRING (-3.5244923 50.7242476, -3.5244432 50.7242827, -3.5244098 50.724305, -3.5243775 50.7243284, -3.5243532 50.7243385, -3.524305 50.7243463, -3.5242574 50.7243444, -3.5241945 50.7243429, -3.5239798 50.7243393)",no,asphalt,,,,,,,
748214214,986600684,0,303588396,unclassified,,20 mph,Dixs Field,False,False,7.796228144770163,32.1868,0.8719854512151749,"LINESTRING (-3.523904 50.7240116, -3.5239543 50.7240256, -3.5240054 50.7240398)",yes,concrete,,,,,,,
986600678,2395302250,0,695612073,service,,,Manor Court,False,True,2.4961254327592584,32.1868,0.27918437241146465,"LINESTRING (-3.5239303 50.7241974, -3.5239561 50.7242128)",no,concrete,,,,,,,
986600678,9773108254,0,"[85001220, 231124453, 695612073, 1211795822, 231124447]",service,,,Manor Court,False,"[False, True]",159.13118269483482,32.1868,17.79836012593378,"LINESTRING (-3.5239303 50.7241974, -3.5238937 50.7241919, -3.5238515 50.724197, -3.5238245 50.7242058, -3.5237888 50.7242295, -3.5237724 50.7242533, -3.5237697 50.7242954, -3.5237663 50.7243519, -3.5237615 50.7245012, -3.5237902 50.7247497, -3.5238008 50.7248835, -3.524002 50.7248827, -3.5239815 50.7245274, -3.52398 50.7243571, -3.5239798 50.7243393)",yes,concrete,,,building_passage,,,parking_aisle,
986600678,986600684,0,695612073,service,,,Manor Court,False,False,18.31018176673184,32.1868,2.0479405955309207,"LINESTRING (-3.5239303 50.7241974, -3.5239415 50.7241786, -3.5240054 50.7240398)",no,asphalt,,,,,,,
36671159,40929978,0,430168191,unclassified,,20 mph,Southernhay East,False,True,1.8828877130344117,32.1868,0.21059551638944793,"LINESTRING (-3.5267274 50.7221929, -3.5267182 50.7222088)",no,asphalt,,,,,,,
36671159,3022915883,0,477249809,unclassified,,20 mph,Southernhay East,False,False,27.33747642131339,32.1868,3.0576172566619926,"LINESTRING (-3.5267274 50.7221929, -3.5268864 50.7219686)",no,asphalt,,,,,,,
36671159,40927408,0,5216014,unclassified,,20 mph,,False,False,32.771247861982744,32.1868,3.665368794137283,"LINESTRING (-3.5267274 50.7221929, -3.5270144 50.7222463, -3.5271754 50.7222729)",no,asphalt,,,,,,,
40929978,36671159,0,430168191,unclassified,,20 mph,Southernhay East,False,False,1.8828877130344117,32.1868,0.21059551638944793,"LINESTRING (-3.5267182 50.7222088, -3.5267274 50.7221929)",no,asphalt,,,,,,,
40929978,10884333054,0,5550050,footway,,,Southernhay Gardens,False,False,39.876650046156385,32.1868,4.460087370169231,"LINESTRING (-3.5267182 50.7222088, -3.5266473 50.7221914, -3.5262506 50.7220939, -3.526186 50.7220977)",no,asphalt,,,,,,,
40929978,1786461615,0,430168191,unclassified,,20 mph,Southernhay East,False,True,53.80170877033008,32.1868,6.0175647027100645,"LINESTRING (-3.5267182 50.7222088, -3.5265041 50.7225078, -3.5264219 50.7226544)",no,asphalt,,,,,,,
3022915883,3013401187,0,477249809,unclassified,,20 mph,Southernhay East,False,False,30.483537083180167,32.1868,3.4094949948254754,"LINESTRING (-3.5268864 50.7219686, -3.5270569 50.7217166)",no,paved,,,,,,,
3022915883,36671159,0,477249809,unclassified,,20 mph,Southernhay East,False,True,27.33747642131339,32.1868,3.0576172566619926,"LINESTRING (-3.5268864 50.7219686, -3.5267274 50.7221929)",no,asphalt,,,,,,,
3022915883,3022915884,0,298364870,footway,,,Southernhay Gardens,False,False,40.871283260782015,32.1868,4.571334203425481,"LINESTRING (-3.5268864 50.7219686, -3.5268088 50.7219486, -3.5263422 50.7218406)",no,paved,,3,,,,,
40927408,5679453050,0,5549968,service,,,Cathedral Close,False,False,3.1893608154382846,32.1868,0.35672073444945834,"LINESTRING (-3.5271754 50.7222729, -3.5272196 50.7222792)",no,asphalt,,,,,,,
40927408,36671159,0,5216014,unclassified,,20 mph,,False,True,32.771247861982744,32.1868,3.665368794137283,"LINESTRING (-3.5271754 50.7222729, -3.5270144 50.7222463, -3.5267274 50.7221929)",no,asphalt,,,,,,,
40927408,1446519480,0,9045054,unclassified,,20 mph,Southernhay West,False,True,98.37874076392491,32.1868,11.003376127795548,"LINESTRING (-3.5271754 50.7222729, -3.5274182 50.7218157, -3.5275936 50.7214647, -3.5275908 50.7214305)",no,asphalt,,,,,,,
40927408,40926521,0,"[33435338, 1111143180]",unclassified,,20 mph,Southernhay West,False,False,107.40360654160654,32.1868,12.012781126107086,"LINESTRING (-3.5271754 50.7222729, -3.5270984 50.722446, -3.5267861 50.7232068)",no,asphalt,,,,,,,
10884333054,10884333049,0,5550050,footway,,,Southernhay Gardens,False,False,2.3885650171417057,32.1868,0.2671540526461202,"LINESTRING (-3.526186 50.7220977, -3.5261523 50.7220952)",no,paving_stones,,,,,,,
10884333054,40929978,0,5550050,footway,,,Southernhay Gardens,False,True,39.876650046156385,32.1868,4.460087370169231,"LINESTRING (-3.526186 50.7220977, -3.5262506 50.7220939, -3.5266473 50.7221914, -3.5267182 50.7222088)",no,asphalt,,,,,,,
10884333054,3022915884,0,"[1171306536, 1171306537]","['steps', 'footway']",,,,False,True,30.630009576537596,34.06605393721507,3.2368889768906963,"LINESTRING (-3.526186 50.7220977, -3.526199 50.7220765, -3.5263422 50.7218406)",no,paving_stones,,,,,,,
1786461615,106201157,0,33435337,unclassified,,20 mph,Southernhay East,False,True,53.220289661579685,32.1868,5.952534665816014,"LINESTRING (-3.5264219 50.7226544, -3.52637 50.7227761, -3.526327 50.7229289, -3.5263044 50.7230831, -3.5262965 50.7231253)",no,asphalt,,6.5,,,,,
1786461615,40929978,0,430168191,unclassified,,20 mph,Southernhay East,False,False,53.80170877033008,32.1868,6.0175647027100645,"LINESTRING (-3.5264219 50.7226544, -3.5265041 50.7225078, -3.5267182 50.7222088)",no,asphalt,,,,,,,
1786461615,380467953,0,"[1171306562, 430168190]","['service', 'footway']",,,Southernhay Gardens,False,False,64.33824066470827,32.1868,7.196045161151459,"LINESTRING (-3.5264219 50.7226544, -3.526358 50.7226417, -3.5263473 50.7226393, -3.5261554 50.7226029, -3.5260512 50.722564, -3.5260104 50.7225266, -3.5259995 50.7224994, -3.5259854 50.7224757, -3.5259208 50.7224355, -3.5258012 50.7223997, -3.5256742 50.7223701)",no,asphalt,,,,,,,
3013401187,106201216,0,477249809,unclassified,,20 mph,Southernhay East,False,False,28.867949833214105,32.1868,3.228796258080045,"LINESTRING (-3.5270569 50.7217166, -3.5272465 50.7214864)",no,asphalt,,,,,,,
3013401187,3022915883,0,477249809,unclassified,,20 mph,Southernhay East,False,True,30.483537083180167,32.1868,3.4094949948254754,"LINESTRING (-3.5270569 50.7217166, -3.5268864 50.7219686)",no,paved,,,,,,,
3013401187,36671181,0,"[1416708988, 297446423]","['service', 'footway']",,,,False,False,88.3863805718931,32.1868,9.885759692135137,"LINESTRING (-3.5270569 50.7217166, -3.5265731 50.7216281, -3.5265001 50.7215726, -3.5263929 50.7215398, -3.5260533 50.7214977, -3.5258967 50.7214515)",no,asphalt,,2,,,,parking_aisle,
3022915884,3022915886,0,298364870,footway,,,Southernhay Gardens,False,False,21.946296676029334,32.1868,2.4546294764843233,"LINESTRING (-3.5263422 50.7218406, -3.52605 50.7217718)",no,paved,,3,,,,,
3022915884,3022915883,0,298364870,footway,,,Southernhay Gardens,False,True,40.871283260782015,32.1868,4.571334203425481,"LINESTRING (-3.5263422 50.7218406, -3.5268088 50.7219486, -3.5268864 50.7219686)",no,paved,,3,,,,,
3022915884,10884333054,0,"[1171306536, 1171306537]","['steps', 'footway']",,,,False,False,30.630009576537596,34.06605393721507,3.2368889768906963,"LINESTRING (-3.5263422 50.7218406, -3.526199 50.7220765, -3.526186 50.7220977)",no,paving_stones,,,,,,,
5679453050,40927408,0,5549968,service,,,Cathedral Close,False,True,3.1893608154382846,32.1868,0.35672073444945834,"LINESTRING (-3.5272196 50.7222792, -3.5271754 50.7222729)",no,asphalt,,,,,,,
5679453050,5679453049,0,596078517,footway,,,,False,True,106.21944619053174,32.1868,11.88033623367077,"LINESTRING (-3.5272196 50.7222792, -3.5268386 50.7232035)",no,paving_stones,,,,,,,
5679453050,248779144,0,596078518,service,,20 mph,Cathedral Close,False,False,23.472294921667114,32.1868,2.6253079435669786,"LINESTRING (-3.5272196 50.7222792, -3.5275345 50.7223486)",no,paving_stones,,,,,,,
1446519480,40927408,0,9045054,unclassified,,20 mph,Southernhay West,False,False,98.37874076392491,32.1868,11.003376127795548,"LINESTRING (-3.5275908 50.7214305, -3.5275936 50.7214647, -3.5274182 50.7218157, -3.5271754 50.7222729)",no,asphalt,,,,,,,
1446519480,36672058,0,"[822211856, 9045054]",unclassified,,20 mph,Southernhay West,False,True,28.989881977957353,32.1868,3.2424340139636896,"LINESTRING (-3.5275908 50.7214305, -3.5275818 50.721289, -3.5275742 50.72117)",yes,paved,,,,,,,
1446519480,1446519454,0,131437586,unclassified,,20 mph,,False,True,20.085340940019236,32.1868,2.246486987959948,"LINESTRING (-3.5275908 50.7214305, -3.5275394 50.7213922, -3.5274455 50.7213735, -3.5273892 50.7213752, -3.5273421 50.7213878)",no,asphalt,,,,,,,
40926521,5679453049,0,971677311,unclassified,2,20 mph,Barnfield Road,False,False,3.713856356538241,32.1868,0.4153840358015605,"LINESTRING (-3.5267861 50.7232068, -3.5268386 50.7232035)",no,asphalt,,,,,,,
40926521,248779246,0,24569407,unclassified,,20 mph,Southernhay West,False,False,48.355556285842965,32.1868,5.408428381480443,"LINESTRING (-3.5267861 50.7232068, -3.5267572 50.7232756, -3.5266509 50.723633)",no,asphalt,,,,,,,
40926521,40927408,0,"[33435338, 1111143180]",unclassified,,20 mph,Southernhay West,False,True,107.40360654160654,32.1868,12.012781126107086,"LINESTRING (-3.5267861 50.7232068, -3.5270984 50.722446, -3.5271754 50.7222729)",no,asphalt,,,,,,,
40926521,106201157,0,"[1469740345, 971677311]",unclassified,2,20 mph,Barnfield Road,False,True,35.63647334152956,32.1868,3.9858359336593394,"LINESTRING (-3.5267861 50.7232068, -3.5267221 50.7231961, -3.5262965 50.7231253)",no,asphalt,,,,,,,
36671180,2059785341,0,5216016,unclassified,,20 mph,Southernhay Gardens,False,False,36.964299248872784,32.1868,4.134349400870606,"LINESTRING (-3.5265709 50.7213083, -3.5261748 50.7212648, -3.5261036 50.7212707, -3.5260567 50.7212838)",no,paved,,,,,,,
36671180,106201216,0,5216016,unclassified,,20 mph,Southernhay Gardens,False,True,51.58064381967408,32.1868,5.769145045510169,"LINESTRING (-3.5265709 50.7213083, -3.5269617 50.7213991, -3.5272465 50.7214864)",no,asphalt,,,,,,,
36671180,8728495232,0,131438224,service,,,Dean Clarke Gardens,False,True,22.754222378881295,32.1868,2.5449936173826746,"LINESTRING (-3.5265709 50.7213083, -3.5266147 50.7211967, -3.5266624 50.7211123)",no,paved,,,,,,,
2059785341,36671181,0,5216016,unclassified,,20 mph,Southernhay Gardens,False,False,21.817081836275037,32.1868,2.4401771723374224,"LINESTRING (-3.5260567 50.7212838, -3.526025 50.7213094, -3.5258967 50.7214515)",no,paved,,,,,,,
2059785341,36671180,0,5216016,unclassified,,20 mph,Southernhay Gardens,False,True,36.964299248872784,32.1868,4.134349400870606,"LINESTRING (-3.5260567 50.7212838, -3.5261036 50.7212707, -3.5261748 50.7212648, -3.5265709 50.7213083)",no,paved,,,,,,,
106201216,1446519454,0,477249809,unclassified,,20 mph,Southernhay East,False,False,12.864582781032285,32.1868,1.4388661815314425,"LINESTRING (-3.5272465 50.7214864, -3.5273421 50.7213878)",no,asphalt,,,,,,,
106201216,3013401187,0,477249809,unclassified,,20 mph,Southernhay East,False,True,28.867949833214105,32.1868,3.228796258080045,"LINESTRING (-3.5272465 50.7214864, -3.5270569 50.7217166)",no,asphalt,,,,,,,
106201216,36671180,0,5216016,unclassified,,20 mph,Southernhay Gardens,False,False,51.58064381967408,32.1868,5.769145045510169,"LINESTRING (-3.5272465 50.7214864, -3.5269617 50.7213991, -3.5265709 50.7213083)",no,asphalt,,,,,,,
8728495232,36671180,0,131438224,service,,,Dean Clarke Gardens,False,False,22.754222378881295,32.1868,2.5449936173826746,"LINESTRING (-3.5266624 50.7211123, -3.5266147 50.7211967, -3.5265709 50.7213083)",no,paved,,,,,,,
8728495232,13424132096,0,1463491378,service,,,,False,True,20.591188478305014,32.1868,2.3030645644145444,"LINESTRING (-3.5266624 50.7211123, -3.5266139 50.7209521, -3.5265854 50.7209394)",no,paved,,,,,,,
36671181,1786504412,0,5216016,unclassified,,20 mph,Southernhay Gardens,False,False,6.803442973367879,32.1868,0.7609453162204496,"LINESTRING (-3.5258967 50.7214515, -3.5258717 50.7214775, -3.5258381 50.7214997)",no,paved,,,,,,,
36671181,2059785341,0,5216016,unclassified,,20 mph,Southernhay Gardens,False,True,21.817081836275037,32.1868,2.4401771723374224,"LINESTRING (-3.5258967 50.7214515, -3.526025 50.7213094, -3.5260567 50.7212838)",no,paved,,,,,,,
36671181,3013401187,0,"[1416708988, 297446423]","['service', 'footway']",,,,False,True,88.38638057189308,32.1868,9.885759692135135,"LINESTRING (-3.5258967 50.7214515, -3.5260533 50.7214977, -3.5263929 50.7215398, -3.5265001 50.7215726, -3.5265731 50.7216281, -3.5270569 50.7217166)",no,asphalt,,2,,,,parking_aisle,
1446519454,106201216,0,477249809,unclassified,,20 mph,Southernhay East,False,True,12.864582781032285,32.1868,1.4388661815314425,"LINESTRING (-3.5273421 50.7213878, -3.5272465 50.7214864)",no,asphalt,,,,,,,
1446519454,1446519480,0,131437586,unclassified,,20 mph,,False,False,20.085340940019236,32.1868,2.246486987959948,"LINESTRING (-3.5273421 50.7213878, -3.5273892 50.7213752, -3.5274455 50.7213735, -3.5275394 50.7213922, -3.5275908 50.7214305)",no,asphalt,,,,,,,
1446519454,36672058,0,477249808,unclassified,,20 mph,Southernhay East,False,False,29.293833767732565,32.1868,3.2764301379396907,"LINESTRING (-3.5273421 50.7213878, -3.527371 50.7213659, -3.5274804 50.7212461, -3.5275742 50.72117)",no,asphalt,,,,,,,
13424132096,8728495232,0,1463491378,service,,,,False,False,20.591188478305014,32.1868,2.3030645644145444,"LINESTRING (-3.5265854 50.7209394, -3.5266139 50.7209521, -3.5266624 50.7211123)",no,paved,,,,,,,
1786504412,10884333082,0,5216016,unclassified,,20 mph,Southernhay Gardens,False,False,7.702364725283088,32.1868,0.8614871006443362,"LINESTRING (-3.5258381 50.7214997, -3.5257872 50.7215106, -3.5257316 50.7215125)",no,paved,,,,,,,
1786504412,36671181,0,5216016,unclassified,,20 mph,Southernhay Gardens,False,True,6.803442973367879,32.1868,0.7609453162204496,"LINESTRING (-3.5258381 50.7214997, -3.5258717 50.7214775, -3.5258967 50.7214515)",no,paved,,,,,,,
1786504412,1786504452,0,1171306554,service,,,,False,False,22.597544389894228,32.1868,2.527469639840532,"LINESTRING (-3.5258381 50.7214997, -3.5258925 50.7215382, -3.5258737 50.7216893)",no,paved,,,,,,,
10884333082,36671183,0,5216016,unclassified,,20 mph,Southernhay Gardens,False,False,15.358998343661586,32.1868,1.717859309940153,"LINESTRING (-3.5257316 50.7215125, -3.5256324 50.7215063, -3.5255142 50.721501)",no,paved,,,,,,,
10884333082,1786504412,0,5216016,unclassified,,20 mph,Southernhay Gardens,False,True,7.702364725283088,32.1868,0.8614871006443362,"LINESTRING (-3.5257316 50.7215125, -3.5257872 50.7215106, -3.5258381 50.7214997)",no,paved,,,,,,,
10884333082,10884333094,0,1171306548,footway,,,,False,True,27.606992082428597,32.1868,3.087761799767077,"LINESTRING (-3.5257316 50.7215125, -3.5257497 50.7215501, -3.5257383 50.7217203, -3.5257366 50.7217589)",no,paving_stones,,,,,,,
1786504452,3022915886,0,"[1171306552, 1171306553, 1171306551]","['steps', 'footway']",,,,False,False,22.04562922513609,34.06605393721507,2.329717006752853,"LINESTRING (-3.5258737 50.7216893, -3.5260682 50.7216996, -3.5260676 50.721708, -3.5260645 50.7217558, -3.52605 50.7217718)",no,paved,,,,,,,
1786504452,10884333086,0,1171306554,service,,,,False,False,4.85736809612828,32.1868,0.5432824992252044,"LINESTRING (-3.5258737 50.7216893, -3.5258731 50.7217082, -3.5259 50.7217262)",no,paving_stones,,,,,,,
1786504452,1786504412,0,1171306554,service,,,,False,True,22.597544389894228,32.1868,2.527469639840532,"LINESTRING (-3.5258737 50.7216893, -3.5258925 50.7215382, -3.5258381 50.7214997)",no,paved,,,,,,,
36671183,10045501286,0,5216016,unclassified,,20 mph,Southernhay Gardens,False,False,66.56762936380723,32.1868,7.445395805414208,"LINESTRING (-3.5255142 50.721501, -3.5245688 50.7215136)",no,asphalt,,,,,,,
36671183,10884333082,0,5216016,unclassified,,20 mph,Southernhay Gardens,False,True,15.358998343661586,32.1868,1.717859309940153,"LINESTRING (-3.5255142 50.721501, -3.5256324 50.7215063, -3.5257316 50.7215125)",no,paved,,,,,,,
36671183,10884333101,0,33435336,footway,,,,False,True,24.1413192707217,32.1868,2.700136371885311,"LINESTRING (-3.5255142 50.721501, -3.5254987 50.7216614, -3.5254794 50.72167, -3.5254757 50.7217114)",no,paving_stones,,,,,,,
10045501286,36671183,0,5216016,unclassified,,20 mph,Southernhay Gardens,False,True,66.56762936380723,32.1868,7.445395805414208,"LINESTRING (-3.5245688 50.7215136, -3.5255142 50.721501)",no,asphalt,,,,,,,
10045501286,10045501284,0,1097064402,service,,,,False,False,6.572085664033202,32.1868,0.7350686738203093,"LINESTRING (-3.5245688 50.7215136, -3.5245699 50.7214545)",no,asphalt,,,,,,driveway,
10045501286,748218868,0,"[5216016, 303588403]","['unclassified', 'service']",,20 mph,Southernhay Gardens,False,False,15.422829828689247,32.1868,1.7249986759566436,"LINESTRING (-3.5245688 50.7215136, -3.5243815 50.7215166, -3.5243498 50.7215174)",no,paving_stones,,,,,,,
10884333101,10884333102,0,33435336,footway,,,,False,True,6.625976860050879,32.1868,0.7410962474114596,"LINESTRING (-3.5254757 50.7217114, -3.5254013 50.7217479)",no,paving_stones,,,,,,,
10884333101,36671183,0,33435336,footway,,,,False,False,24.1413192707217,32.1868,2.700136371885311,"LINESTRING (-3.5254757 50.7217114, -3.5254794 50.72167, -3.5254987 50.7216614, -3.5255142 50.721501)",no,paving_stones,,,,,,,
10884333101,10884333098,0,1171306555,footway,,,,False,True,7.06379322694923,32.1868,0.7900647351404063,"LINESTRING (-3.5254757 50.7217114, -3.5255257 50.72174, -3.5254982 50.7217515)",no,paving_stones,,,,,,,
10045501284,10045501285,0,1097064402,service,,,,False,False,6.182771284165103,32.1868,0.691524992325872,"LINESTRING (-3.5245699 50.7214545, -3.5245708 50.7213989)",no,asphalt,,,,,,driveway,
10045501284,10045501286,0,1097064402,service,,,,False,True,6.572085664033202,32.1868,0.7350686738203093,"LINESTRING (-3.5245699 50.7214545, -3.5245688 50.7215136)",no,asphalt,,,,,,driveway,
10045501284,10045501280,0,1097064401,footway,,,,False,False,26.39273648173818,32.1868,2.9519508411602726,"LINESTRING (-3.5245699 50.7214545, -3.5245387 50.7214448, -3.5244045 50.7213234, -3.5243683 50.7212911, -3.5243261 50.7212843)",no,asphalt,,,,,,,
748218868,299022607,0,303588403,service,,,,False,False,5.345790981182252,32.1868,0.597911178876313,"LINESTRING (-3.5243498 50.7215174, -3.524274 50.7215145)",no,paving_stones,,,,,,,
748218868,10045501286,0,"[5216016, 303588403]","['unclassified', 'service']",,20 mph,Southernhay Gardens,False,True,15.422829828689247,32.1868,1.7249986759566436,"LINESTRING (-3.5243498 50.7215174, -3.5243815 50.7215166, -3.5245688 50.7215136)",no,paving_stones,,,,,,,
748218868,5015137064,0,512922088,footway,,,,False,True,74.92298591908921,32.1868,8.379918143733494,"LINESTRING (-3.5243498 50.7215174, -3.5243589 50.7217415, -3.5243757 50.7219805, -3.5243531 50.7221904)",no,paving_stones,,,,,,,
10884333094,10884333093,0,1171306556,footway,,,,False,False,10.85449097270974,32.1868,1.2140432569175896,"LINESTRING (-3.5257366 50.7217589, -3.5258905 50.7217649)",no,paving_stones,,,,,,,
10884333094,10884333082,0,1171306548,footway,,,,False,False,27.6069920824286,32.1868,3.087761799767078,"LINESTRING (-3.5257366 50.7217589, -3.5257383 50.7217203, -3.5257497 50.7215501, -3.5257316 50.7215125)",no,paving_stones,,,,,,,
10884333094,10884333096,0,1171306556,footway,,,,False,True,10.529990588522699,32.1868,1.1777488323996708,"LINESTRING (-3.5257366 50.7217589, -3.5257171 50.7217702, -3.5255941 50.7217664)",no,paving_stones,,,,,,,
10884333102,10884333101,0,33435336,footway,,,,False,False,6.625976860050879,32.1868,0.7410962474114596,"LINESTRING (-3.5254013 50.7217479, -3.5254757 50.7217114)",no,paving_stones,,,,,,,
10884333102,10884333098,0,1171306556,footway,,,,False,False,6.833124350468708,32.1868,0.7642650919534515,"LINESTRING (-3.5254013 50.7217479, -3.5254982 50.7217515)",no,paving_stones,,,,,,,
10884333102,10884336955,0,33435336,footway,,,,False,True,26.42319027525547,32.1868,2.9553570094237296,"LINESTRING (-3.5254013 50.7217479, -3.5252692 50.7217475, -3.5252528 50.7218052, -3.5252541 50.7218549, -3.5252428 50.7219)",no,paving_stones,,,,,,,
10884333098,10884333102,0,1171306556,footway,,,,False,True,6.833124350468708,32.1868,0.7642650919534515,"LINESTRING (-3.5254982 50.7217515, -3.5254013 50.7217479)",no,paving_stones,,,,,,,
10884333098,10884333101,0,1171306555,footway,,,,False,False,7.06379322694923,32.1868,0.7900647351404063,"LINESTRING (-3.5254982 50.7217515, -3.5255257 50.72174, -3.5254757 50.7217114)",no,paving_stones,,,,,,,
10884333098,10884333096,0,1171306556,footway,,,,False,False,7.347167037795115,32.1868,0.821759272001641,"LINESTRING (-3.5254982 50.7217515, -3.5255146 50.7217632, -3.5255941 50.7217664)",no,paving_stones,,,,,,,
36671524,8993433311,0,837595574,unclassified,2,20 mph,Barnfield Road,False,False,12.168425225540485,32.1868,1.361002982960274,"LINESTRING (-3.5241955 50.7227093, -3.5243673 50.7227214)",no,asphalt,,,,,,,
8993433311,36671524,0,837595574,unclassified,2,20 mph,Barnfield Road,False,True,12.168425225540485,32.1868,1.361002982960274,"LINESTRING (-3.5243673 50.7227214, -3.5241955 50.7227093)",no,asphalt,,,,,,,
8993433311,8993433315,0,971677312,footway,,,,False,True,7.000361796299852,32.1868,0.7829701140430073,"LINESTRING (-3.5243673 50.7227214, -3.5243931 50.7226606)",no,asphalt,,,,,,,
8993433311,40929986,0,"[5216025, 837595574]",unclassified,2,20 mph,Barnfield Road,False,False,66.4023386551635,32.1868,7.426908520219115,"LINESTRING (-3.5243673 50.7227214, -3.5244541 50.7227305, -3.5246476 50.7227571, -3.5248408 50.7227842, -3.5251156 50.7228409, -3.5252747 50.7228795)",yes,asphalt,,,,,,,
8993433311,8993474323,0,971677312,footway,,,,False,False,18.141499829372954,32.1868,2.0290740112637056,"LINESTRING (-3.5243673 50.7227214, -3.5243503 50.7227605, -3.5243375 50.722788, -3.5242905 50.7227867, -3.5242483 50.7227964, -3.5242242 50.7228287)",yes,asphalt,,,,,,,
8993433315,8993474317,0,512922089,footway,,,,False,False,9.528131170487844,32.1868,1.0656937693015847,"LINESTRING (-3.5243931 50.7226606, -3.5245256 50.7226781)",no,asphalt,,,,,,,
8993433315,8993433311,0,971677312,footway,,,,False,False,7.000361796299852,32.1868,0.7829701140430073,"LINESTRING (-3.5243931 50.7226606, -3.5243673 50.7227214)",no,asphalt,,,,,,,
8993433315,8993474324,0,512922089,footway,,,,False,True,10.619086619557955,32.1868,1.1877139644328931,"LINESTRING (-3.5243931 50.7226606, -3.5243221 50.7226377, -3.5242976 50.7225954)",no,asphalt,,,,,,,
40929986,8993433312,0,1136486479,service,,,Southernhay Gardens,False,True,5.719317473296478,32.1868,0.6396890310272324,"LINESTRING (-3.5252747 50.7228795, -3.5253043 50.7228316)",no,asphalt,,,,,,,
40929986,106201157,0,5216025,unclassified,2,20 mph,Barnfield Road,False,False,77.34685704281019,32.1868,8.651021081751423,"LINESTRING (-3.5252747 50.7228795, -3.5255515 50.7229797, -3.5257832 50.7230299, -3.5260761 50.7230868, -3.5262965 50.7231253)",no,asphalt,,,,,,,
40929986,8993433311,0,"[5216025, 837595574]",unclassified,2,20 mph,Barnfield Road,False,True,66.40233865516349,32.1868,7.426908520219114,"LINESTRING (-3.5252747 50.7228795, -3.5251156 50.7228409, -3.5248408 50.7227842, -3.5246476 50.7227571, -3.5244541 50.7227305, -3.5243673 50.7227214)",yes,asphalt,,,,,,,
8993474323,5614580371,0,25408756,footway,,,,False,False,228.9060865789466,32.1868,25.60248026160438,"LINESTRING (-3.5242242 50.7228287, -3.5240847 50.7231721, -3.5236958 50.7239137, -3.5234101 50.7245089, -3.5232934 50.7246804, -3.5232025 50.7247786)",yes,asphalt,,,,,,,
8993474323,8993474328,0,25408756,footway,,,,False,True,11.353446260899897,32.1868,1.2698499552375395,"LINESTRING (-3.5242242 50.7228287, -3.5241491 50.7228217, -3.524065 50.7228124)",no,asphalt,,,,,,,
8993474323,8993433311,0,971677312,footway,,,,False,True,18.141499829372954,32.1868,2.0290740112637056,"LINESTRING (-3.5242242 50.7228287, -3.5242483 50.7227964, -3.5242905 50.7227867, -3.5243375 50.722788, -3.5243503 50.7227605, -3.5243673 50.7227214)",yes,asphalt,,,,,,,
36671689,2675764286,0,971677313,footway,,,,False,False,6.4059452336176514,32.1868,0.7164863497155216,"LINESTRING (-3.5242117 50.7225975, -3.5241207 50.7225976)",yes,asphalt,,,,,,,
36671689,8993474324,0,971677313,footway,,,,False,True,6.051428711598992,32.1868,0.6768347074501464,"LINESTRING (-3.5242117 50.7225975, -3.5242976 50.7225954)",no,asphalt,,,,,,,
36671689,299022607,0,818861616,secondary,2,30 mph,Western Way,False,False,120.86753602341803,48.2802,9.012454995718844,"LINESTRING (-3.5242117 50.7225975, -3.5242438 50.7223895, -3.5242534 50.7223139, -3.5242794 50.7221978, -3.5242907 50.7221215, -3.5243078 50.7220113, -3.5243047 50.7217773, -3.524274 50.7215145)",no,paving_stones,,,,,,,
2675764286,36671689,0,971677313,footway,,,,False,True,6.4059452336176514,32.1868,0.7164863497155216,"LINESTRING (-3.5241207 50.7225976, -3.5242117 50.7225975)",yes,asphalt,,,,,,,
8993474324,5015137066,0,512922089,footway,,,,False,True,18.929843366275044,32.1868,2.1172479438338128,"LINESTRING (-3.5242976 50.7225954, -3.524319 50.7224257)",no,asphalt,,,,,,,
8993474324,36671689,0,971677313,footway,,,,False,False,6.051428711598992,32.1868,0.6768347074501464,"LINESTRING (-3.5242976 50.7225954, -3.5242117 50.7225975)",no,asphalt,,,,,,,
8993474324,8993433315,0,512922089,footway,,,,False,False,10.619086619557955,32.1868,1.1877139644328931,"LINESTRING (-3.5242976 50.7225954, -3.5243221 50.7226377, -3.5243931 50.7226606)",no,asphalt,,,,,,,
299022607,748218868,0,303588403,service,,,,False,True,5.345790981182252,32.1868,0.597911178876313,"LINESTRING (-3.524274 50.7215145, -3.5243498 50.7215174)",no,paving_stones,,,,,,,
299022607,36671689,0,818861616,secondary,2,30 mph,Western Way,False,True,120.86753602341803,48.2802,9.012454995718844,"LINESTRING (-3.524274 50.7215145, -3.5243047 50.7217773, -3.5243078 50.7220113, -3.5242907 50.7221215, -3.5242794 50.7221978, -3.5242534 50.7223139, -3.5242438 50.7223895, -3.5242117 50.7225975)",no,paving_stones,,,,,,,
5015137066,8993474324,0,512922089,footway,,,,False,False,18.929843366275044,32.1868,2.1172479438338128,"LINESTRING (-3.524319 50.7224257, -3.5242976 50.7225954)",no,asphalt,,,,,,,
5015137066,494934598,0,40734244,footway,,,,False,True,16.555391909689593,32.1868,1.851672451902101,"LINESTRING (-3.524319 50.7224257, -3.524455 50.7224381, -3.5245526 50.7224418)",no,asphalt,,,,,,,
5015137066,5015137064,0,187840543,footway,,,,False,True,26.275062257274897,32.1868,2.938789321280452,"LINESTRING (-3.524319 50.7224257, -3.5243408 50.7222862, -3.5243531 50.7221904)",no,paving_stones,,,,,,,
36671794,743366623,0,5216051,unclassified,,20 mph,Chichester Mews,False,False,39.26196182172208,32.1868,4.391336279412664,"LINESTRING (-3.5254953 50.7237316, -3.5252453 50.7238232, -3.5249792 50.7238477)",no,asphalt,,,,,,,
36671794,445773003,0,5216051,unclassified,,20 mph,Chichester Mews,False,True,70.38196698610057,32.1868,7.87201837865094,"LINESTRING (-3.5254953 50.7237316, -3.525536 50.7236949, -3.5257128 50.723475, -3.5258136 50.723441, -3.5262374 50.7234614)",no,asphalt,,,,,,,
36671794,1786461764,0,167238717,service,,,,False,True,20.73090395734901,32.1868,2.3186913345364077,"LINESTRING (-3.5254953 50.7237316, -3.5255358 50.7238195, -3.5256163 50.7238501, -3.5256699 50.7238603)",no,paving_stones,,,,,,,
743366623,36671794,0,5216051,unclassified,,20 mph,Chichester Mews,False,True,39.26196182172208,32.1868,4.391336279412664,"LINESTRING (-3.5249792 50.7238477, -3.5252453 50.7238232, -3.5254953 50.7237316)",no,asphalt,,,,,,,
445773003,106201157,0,5216011,unclassified,,20 mph,Southernhay East,False,False,37.603512973223644,32.1868,4.205843597487329,"LINESTRING (-3.5262374 50.7234614, -3.5262965 50.7231253)",no,asphalt,,,,,,,
445773003,59817617,0,5216011,unclassified,,20 mph,Southernhay East,False,True,15.338485809868635,32.1868,1.7155650426736144,"LINESTRING (-3.5262374 50.7234614, -3.5262164 50.7235987)",no,paving_stones,,,,,,,
445773003,36671794,0,5216051,unclassified,,20 mph,Chichester Mews,False,False,70.38196698610057,32.1868,7.87201837865094,"LINESTRING (-3.5262374 50.7234614, -3.5258136 50.723441, -3.5257128 50.723475, -3.525536 50.7236949, -3.5254953 50.7237316)",no,asphalt,,,,,,,
1786461764,36671794,0,167238717,service,,,,False,False,20.73090395734901,32.1868,2.3186913345364077,"LINESTRING (-3.5256699 50.7238603, -3.5256163 50.7238501, -3.5255358 50.7238195, -3.5254953 50.7237316)",no,paving_stones,,,,,,,
106201157,445773003,0,5216011,unclassified,,20 mph,Southernhay East,False,True,37.603512973223644,32.1868,4.205843597487329,"LINESTRING (-3.5262965 50.7231253, -3.5262374 50.7234614)",no,asphalt,,,,,,,
106201157,40929986,0,5216025,unclassified,2,20 mph,Barnfield Road,False,True,77.3468570428102,32.1868,8.651021081751425,"LINESTRING (-3.5262965 50.7231253, -3.5260761 50.7230868, -3.5257832 50.7230299, -3.5255515 50.7229797, -3.5252747 50.7228795)",no,asphalt,,,,,,,
106201157,1786461615,0,33435337,unclassified,,20 mph,Southernhay East,False,False,53.220289661579685,32.1868,5.952534665816014,"LINESTRING (-3.5262965 50.7231253, -3.5263044 50.7230831, -3.526327 50.7229289, -3.52637 50.7227761, -3.5264219 50.7226544)",no,asphalt,,6.5,,,,,
106201157,40926521,0,"[1469740345, 971677311]",unclassified,2,20 mph,Barnfield Road,False,False,35.63647334152956,32.1868,3.9858359336593394,"LINESTRING (-3.5262965 50.7231253, -3.5267221 50.7231961, -3.5267861 50.7232068)",no,asphalt,,,,,,,
59817617,445773003,0,5216011,unclassified,,20 mph,Southernhay East,False,False,15.338485809868635,32.1868,1.7155650426736144,"LINESTRING (-3.5262164 50.7235987, -3.5262374 50.7234614)",no,paving_stones,,,,,,,
59817617,59817616,0,"[823425904, 5216011]",unclassified,,20 mph,"['Southernhay West', 'Southernhay East']",False,True,50.156447286428545,32.1868,5.6098528039799795,"LINESTRING (-3.5262164 50.7235987, -3.5261881 50.7238167, -3.5261832 50.7238808, -3.5261879 50.7238913, -3.5262002 50.7238987, -3.526217 50.7239051, -3.5263223 50.7239128, -3.5264264 50.7239248)",yes,asphalt,,,,,,,
59817617,59817616,1,7991800,footway,,,,False,True,42.88238792953668,32.1868,4.796270413533873,"LINESTRING (-3.5262164 50.7235987, -3.5262901 50.7236064, -3.5264477 50.7238679, -3.5264264 50.7239248)",yes,asphalt,,,,,,,
36672058,10695381768,0,131438225,unclassified,,20 mph,Southernhay,False,False,110.78008242307308,32.1868,12.390430136672896,"LINESTRING (-3.5275742 50.72117, -3.527912 50.7208073, -3.5280509 50.7206244, -3.5281682 50.7204598, -3.5282247 50.720384, -3.5282528 50.7202776)",no,asphalt,,,,,,,
36672058,1446519454,0,477249808,unclassified,,20 mph,Southernhay East,False,True,29.29383376773256,32.1868,3.2764301379396903,"LINESTRING (-3.5275742 50.72117, -3.5274804 50.7212461, -3.527371 50.7213659, -3.5273421 50.7213878)",no,asphalt,,,,,,,
36672058,1446519480,0,"[822211856, 9045054]",unclassified,,20 mph,Southernhay West,False,False,28.989881977957353,32.1868,3.2424340139636896,"LINESTRING (-3.5275742 50.72117, -3.5275818 50.721289, -3.5275908 50.7214305)",yes,asphalt,,,,,,,
10695381768,748225005,0,131438225,unclassified,,20 mph,Southernhay,False,False,1.5624669155048083,32.1868,0.17475738177816094,"LINESTRING (-3.5282528 50.7202776, -3.5282547 50.7202636)",no,asphalt,,,,,,,
10695381768,36672058,0,131438225,unclassified,,20 mph,Southernhay,False,True,110.78008242307308,32.1868,12.390430136672896,"LINESTRING (-3.5282528 50.7202776, -3.5282247 50.720384, -3.5281682 50.7204598, -3.5280509 50.7206244, -3.527912 50.7208073, -3.5275742 50.72117)",no,asphalt,,,,,,,
748225005,10695381768,0,131438225,unclassified,,20 mph,Southernhay,False,True,1.5624669155048083,32.1868,0.17475738177816094,"LINESTRING (-3.5282547 50.7202636, -3.5282528 50.7202776)",no,asphalt,,,,,,,
748225005,906791629,0,"[1128596136, 5216008, 822211872]","['unclassified', 'secondary']","['2', '1']","['30 mph', '20 mph']","['Southernhay', 'Magdalen Street']",False,"[False, True]",37.014690978342756,40.2335,3.3119884554422043,"LINESTRING (-3.5282547 50.7202636, -3.528288 50.7202284, -3.528317 50.7201816, -3.5283948 50.7201287, -3.5281295 50.7201499)",yes,asphalt,,,,,,,
748225005,906791629,1,"[1128596137, 77006473]",unclassified,,"['30 mph', '20 mph']",Southernhay,False,False,15.684829210889527,40.2335,1.4034420360943565,"LINESTRING (-3.5282547 50.7202636, -3.5282284 50.7202326, -3.5282002 50.7201918, -3.5281678 50.7201715, -3.5281295 50.7201499)",yes,asphalt,,,,,,,
38503719,41440870,0,5582444,secondary,,30 mph,,False,False,30.45060646110911,48.2802,2.270541200326279,"LINESTRING (-3.5203336 50.7286446, -3.5203983 50.7285898, -3.5204845 50.7285484, -3.5205854 50.7285238, -3.5206932 50.7285178)",no,asphalt,B3212,,,roundabout,,,
38503719,41440871,0,655483775,secondary,,30 mph,,False,True,13.587696977509804,48.2802,1.013162934682029,"LINESTRING (-3.5203336 50.7286446, -3.520298 50.7287014, -3.5202858 50.728762)",no,asphalt,B3212,,,roundabout,,,
38503719,1875970178,0,"[819483150, 5371918]",secondary,,30 mph,Western Way,False,False,46.78244429883674,48.2802,3.4883202529362403,"LINESTRING (-3.5203336 50.7286446, -3.5203783 50.7284224, -3.5203619 50.7283207, -3.5203425 50.728227)",no,asphalt,B3212,,,,,,
41440870,38503719,0,5582444,secondary,,30 mph,,False,True,30.45060646110911,48.2802,2.270541200326279,"LINESTRING (-3.5206932 50.7285178, -3.5205854 50.7285238, -3.5204845 50.7285484, -3.5203983 50.7285898, -3.5203336 50.7286446)",no,asphalt,B3212,,,roundabout,,,
41440870,1875968049,0,26645393,secondary,,30 mph,Western Way,False,True,34.91381736557509,48.2802,2.6033393092006727,"LINESTRING (-3.5206932 50.7285178, -3.5205873 50.7284408, -3.5205248 50.7283758, -3.5204602 50.7282463)",no,asphalt,B3212,,,,,,
41440870,1011324887,0,655483773,secondary,,30 mph,,False,False,13.255359115819601,48.2802,0.9883822522887347,"LINESTRING (-3.5206932 50.7285178, -3.5207859 50.7285282, -3.5208719 50.7285525)",no,asphalt,B3212,,,roundabout,,,
41440871,2055156336,0,"[41914683, 87205077]",secondary,1,30 mph,Blackboy Road,False,True,71.6216921216187,48.2802,5.340452020452013,"LINESTRING (-3.5202858 50.728762, -3.5201276 50.7288615, -3.519998 50.7289383, -3.5197714 50.7290525, -3.5196848 50.7290939, -3.5194966 50.7291646)",no,asphalt,B3212,,,,,,
41440871,38503719,0,655483775,secondary,,30 mph,,False,False,13.587696977509804,48.2802,1.013162934682029,"LINESTRING (-3.5202858 50.728762, -3.520298 50.7287014, -3.5203336 50.7286446)",no,asphalt,B3212,,,roundabout,,,
41440871,41440872,0,655483776,secondary,,30 mph,,False,True,25.56040184540812,48.2802,1.9059044213460017,"LINESTRING (-3.5202858 50.728762, -3.5203046 50.7288377, -3.5203593 50.728906, -3.5204448 50.7289603)",yes,asphalt,B3212,,,roundabout,,,
1875970178,292264827,0,5371918,secondary,,30 mph,Western Way,False,False,10.022826129702292,48.2802,0.7473493081413966,"LINESTRING (-3.5203425 50.728227, -3.520382 50.7281404)",yes,asphalt,B3212,,,,,,
1875970178,38503719,0,"[5371918, 819483150]",secondary,,30 mph,Western Way,False,True,46.78244429883674,48.2802,3.4883202529362403,"LINESTRING (-3.5203425 50.728227, -3.5203619 50.7283207, -3.5203783 50.7284224, -3.5203336 50.7286446)",no,asphalt,B3212,,,,,,
1875970178,1875968049,0,284202717,footway,,,,False,False,11.203961391480995,32.1868,1.2531305072057983,"LINESTRING (-3.5203425 50.728227, -3.5203921 50.7282233, -3.5203998 50.7282532, -3.5204602 50.7282463)",no,asphalt,,,,,,,
1875970178,1875971961,0,284202717,footway,,,,False,True,47.49231749813712,32.1868,5.311877632858614,"LINESTRING (-3.5203425 50.728227, -3.5202773 50.7282311, -3.5202934 50.7283011, -3.5203001 50.7283971, -3.5202692 50.7284956, -3.5202319 50.7286116)",no,asphalt,,,,,,,
1875968049,292264827,0,26645393,secondary,,30 mph,Western Way,False,True,12.998472011488555,48.2802,0.9692275351253474,"LINESTRING (-3.5204602 50.7282463, -3.520382 50.7281404)",yes,asphalt,B3212,,,,,,
1875968049,41440870,0,26645393,secondary,,30 mph,Western Way,False,False,34.91381736557509,48.2802,2.6033393092006727,"LINESTRING (-3.5204602 50.7282463, -3.5205248 50.7283758, -3.5205873 50.7284408, -3.5206932 50.7285178)",no,asphalt,B3212,,,,,,
1875968049,2879601386,0,284202717,footway,,,,False,False,49.017899240368635,32.1868,5.482509515246223,"LINESTRING (-3.5204602 50.7282463, -3.520534 50.728237, -3.5204747 50.7278456)",no,asphalt,,,,,,,
1875968049,1875970178,0,284202717,footway,,,,False,True,11.203961391480995,32.1868,1.2531305072057983,"LINESTRING (-3.5204602 50.7282463, -3.5203998 50.7282532, -3.5203921 50.7282233, -3.5203425 50.728227)",no,asphalt,,,,,,,
1011324887,2715479537,0,26645460,unclassified,,30 mph,Sidwell Street,False,False,40.490307518365086,48.2802,3.019148782857451,"LINESTRING (-3.5208719 50.7285525, -3.5209398 50.7285567, -3.5210702 50.7285891, -3.5211825 50.7286029, -3.521299 50.7285922, -3.521424 50.7285602)",no,asphalt,,,,,,,
1011324887,41443389,0,655483770,secondary,,30 mph,,False,False,32.33496162757517,48.2802,2.4110476315191445,"LINESTRING (-3.5208719 50.7285525, -3.5209445 50.7285881, -3.5210018 50.7286336, -3.5210405 50.7286863, -3.5210584 50.7287434, -3.5210547 50.7288015)",no,asphalt,B3212,,,roundabout,,,
1011324887,41440870,0,655483773,secondary,,30 mph,,False,True,13.255359115819601,48.2802,0.9883822522887347,"LINESTRING (-3.5208719 50.7285525, -3.5207859 50.7285282, -3.5206932 50.7285178)",no,asphalt,B3212,,,roundabout,,,
2055156336,7813037155,0,284202554,footway,,,,False,True,4.093395397049425,32.1868,0.4578343740097782,"LINESTRING (-3.5194966 50.7291646, -3.5194687 50.7291323)",no,asphalt,,,,,,,
2055156336,41440871,0,"[41914683, 87205077]",secondary,1,30 mph,Blackboy Road,False,False,71.6216921216187,48.2802,5.340452020452013,"LINESTRING (-3.5194966 50.7291646, -3.5196848 50.7290939, -3.5197714 50.7290525, -3.519998 50.7289383, -3.5201276 50.7288615, -3.5202858 50.728762)",no,asphalt,B3212,,,,,,
2055156336,1014031525,0,284202554,footway,,,,False,False,11.28298497953389,32.1868,1.2619690657760947,"LINESTRING (-3.5194966 50.7291646, -3.5195276 50.7291934, -3.5195826 50.7291721, -3.5196014 50.729195)",no,asphalt,,,,,,,
41440872,1011319044,0,26645387,secondary,1,30 mph,Blackboy Road,False,False,40.01958320196948,48.2802,2.9840493520550893,"LINESTRING (-3.5204448 50.7289603, -3.5203065 50.7289518, -3.520194 50.7289639, -3.5200745 50.7289854, -3.5199199 50.7290567)",yes,asphalt,B3212,,,,,,
41440872,41440871,0,655483776,secondary,,30 mph,,False,False,25.560401845408116,48.2802,1.9059044213460012,"LINESTRING (-3.5204448 50.7289603, -3.5203593 50.728906, -3.5203046 50.7288377, -3.5202858 50.728762)",yes,asphalt,B3212,,,roundabout,,,
41440872,292265099,0,655483779,secondary,,30 mph,,False,True,10.083658489523298,48.2802,0.7518852565292578,"LINESTRING (-3.5204448 50.7289603, -3.5205063 50.7289835, -3.5205736 50.7289991)",yes,asphalt,B3212,,,roundabout,,,
292264827,1875970178,0,5371918,secondary,,30 mph,Western Way,False,True,10.022826129702292,48.2802,0.7473493081413966,"LINESTRING (-3.520382 50.7281404, -3.5203425 50.728227)",yes,asphalt,B3212,,,,,,
292264827,1875968049,0,26645393,secondary,,30 mph,Western Way,False,False,12.998472011488555,48.2802,0.9692275351253474,"LINESTRING (-3.520382 50.7281404, -3.5204602 50.7282463)",yes,asphalt,B3212,,,,,,
292264827,38503742,0,41914684,secondary,2,30 mph,Western Way,False,False,1.9257725847468372,48.2802,0.1435947097379177,"LINESTRING (-3.520382 50.7281404, -3.5203788 50.7281232)",yes,asphalt,B3212,,,,,,
1875971961,2739382465,0,"[5371920, 264868530]","['footway', 'residential']",,20 mph,Belmont Road,False,"[False, True]",17.59339443402766,32.1868,1.9677700163576244,"LINESTRING (-3.5202319 50.7286116, -3.5201842 50.7285871, -3.5201267 50.7285478, -3.5201417 50.7285339, -3.5200895 50.7284978)",yes,asphalt,,,,,,,
1875971961,1875970178,0,284202717,footway,,,,False,False,47.49231749813712,32.1868,5.311877632858614,"LINESTRING (-3.5202319 50.7286116, -3.5202692 50.7284956, -3.5203001 50.7283971, -3.5202934 50.7283011, -3.5202773 50.7282311, -3.5203425 50.728227)",no,asphalt,,,,,,,
38503742,292264827,0,41914684,secondary,2,30 mph,Western Way,False,True,1.9257725847468372,48.2802,0.1435947097379177,"LINESTRING (-3.5203788 50.7281232, -3.520382 50.7281404)",yes,asphalt,B3212,,,,,,
38503742,38503756,0,818837864,residential,,20 mph,Belmont Road,False,False,47.02703093356559,32.1868,5.259836683386859,"LINESTRING (-3.5203788 50.7281232, -3.5197137 50.7281634)",yes,asphalt,,,,,,,
38503742,2483683622,0,41914684,secondary,2,30 mph,Western Way,False,False,30.85957459499238,48.2802,2.301035798152712,"LINESTRING (-3.5203788 50.7281232, -3.5203913 50.7279493, -3.5203962 50.7278459)",yes,asphalt,B3212,,,,,,
38503756,38503742,0,818837864,residential,,20 mph,Belmont Road,False,True,47.02703093356559,32.1868,5.259836683386859,"LINESTRING (-3.5197137 50.7281634, -3.5203788 50.7281232)",yes,asphalt,,,,,,,
38503756,2739382465,0,5371920,residential,,20 mph,Belmont Road,False,True,46.86009043873751,32.1868,5.241164874403639,"LINESTRING (-3.5197137 50.7281634, -3.5197225 50.7282244, -3.5197639 50.7282728, -3.5200895 50.7284978)",yes,asphalt,,,,,,,
2483683622,2879601386,0,240650670,footway,,,,False,True,5.525481130689159,32.1868,0.6180089996669744,"LINESTRING (-3.5203962 50.7278459, -3.5204747 50.7278456)",no,asphalt,,,,,,,
2483683622,10707052723,0,"[4197044, 41914684]",secondary,2,30 mph,Western Way,False,False,143.0722571374172,48.2802,10.668143994737012,"LINESTRING (-3.5203962 50.7278459, -3.5204334 50.7275963, -3.520509 50.7274012, -3.5206109 50.7271924, -3.5206699 50.7271109, -3.5207841 50.7269363, -3.520859 50.7268384, -3.5209963 50.7266726, -3.521034 50.7266381)",no,asphalt,B3212,,,,,,
2483683622,38503742,0,41914684,secondary,2,30 mph,Western Way,False,True,30.85957459499238,48.2802,2.301035798152712,"LINESTRING (-3.5203962 50.7278459, -3.5203913 50.7279493, -3.5203788 50.7281232)",yes,asphalt,B3212,,,,,,
2739382465,38503756,0,5371920,residential,,20 mph,Belmont Road,False,False,46.86009043873751,32.1868,5.241164874403639,"LINESTRING (-3.5200895 50.7284978, -3.5197639 50.7282728, -3.5197225 50.7282244, -3.5197137 50.7281634)",yes,asphalt,,,,,,,
2739382465,1875971961,0,"[5371920, 264868530]","['footway', 'residential']",,20 mph,Belmont Road,False,"[False, True]",17.59339443402766,32.1868,1.9677700163576244,"LINESTRING (-3.5200895 50.7284978, -3.5201417 50.7285339, -3.5201267 50.7285478, -3.5201842 50.7285871, -3.5202319 50.7286116)",yes,asphalt,,,,,,,
5679453049,5679453050,0,596078517,footway,,,,False,False,106.21944619053174,32.1868,11.88033623367077,"LINESTRING (-3.5268386 50.7232035, -3.5272196 50.7222792)",no,paving_stones,,,,,,,
5679453049,40926521,0,971677311,unclassified,2,20 mph,Barnfield Road,False,True,3.713856356538241,32.1868,0.4153840358015605,"LINESTRING (-3.5268386 50.7232035, -3.5267861 50.7232068)",no,asphalt,,,,,,,
5679453049,1786461633,0,"[596078515, 24569406]",unclassified,2,20 mph,"['Barnfield Road', 'Bedford Street']",False,False,25.30515284084827,32.1868,2.830307772970714,"LINESTRING (-3.5268386 50.7232035, -3.5269573 50.7232171, -3.5271919 50.7232455)",yes,paving_stones,,,,,,,
248779246,59817616,0,"[823425904, 24569407]",unclassified,,20 mph,Southernhay West,False,False,43.354827733395005,32.1868,4.849111432022507,"LINESTRING (-3.5266509 50.723633, -3.5265907 50.7238653, -3.5265745 50.7239115, -3.5265694 50.7239218, -3.52656 50.7239294, -3.5265419 50.7239345, -3.5265215 50.7239358, -3.5264264 50.7239248)",yes,asphalt,,,,,,,
248779246,40926521,0,24569407,unclassified,,20 mph,Southernhay West,False,True,48.355556285842965,32.1868,5.408428381480443,"LINESTRING (-3.5266509 50.723633, -3.5267572 50.7232756, -3.5267861 50.7232068)",no,asphalt,,,,,,,
248779246,1786461652,0,"[681738696, 681738697, 23054873]",footway,,,,False,True,30.749068403384573,32.1868,3.439193900983772,"LINESTRING (-3.5266509 50.723633, -3.5267633 50.7236436, -3.5270201 50.7236648, -3.5270836 50.7236708)",yes,paving_stones,,,yes,,,,
1786461633,299022718,0,24569406,unclassified,,20 mph,Bedford Street,False,False,15.381370552547756,32.1868,1.7203615764590432,"LINESTRING (-3.5271919 50.7232455, -3.5274066 50.7232712)",yes,paving_stones,,,,,,,
1786461633,5679453049,0,"[596078515, 24569406]",unclassified,2,20 mph,"['Barnfield Road', 'Bedford Street']",False,True,25.30515284084827,32.1868,2.830307772970714,"LINESTRING (-3.5271919 50.7232455, -3.5269573 50.7232171, -3.5268386 50.7232035)",yes,paving_stones,,,,,,,
1786461633,1786461652,0,167238727,footway,,,,False,False,47.92586784325986,32.1868,5.360368978455004,"LINESTRING (-3.5271919 50.7232455, -3.5271746 50.7233161, -3.5271102 50.7235292, -3.5270836 50.7236708)",yes,paving_stones,,,,,,,
59817616,59817617,0,7991800,footway,,,,False,False,42.882387929536684,32.1868,4.796270413533874,"LINESTRING (-3.5264264 50.7239248, -3.5264477 50.7238679, -3.5262901 50.7236064, -3.5262164 50.7235987)",yes,asphalt,,,,,,,
59817616,59817617,1,"[823425904, 5216011]",unclassified,,20 mph,"['Southernhay West', 'Southernhay East']",False,False,50.156447286428545,32.1868,5.6098528039799795,"LINESTRING (-3.5264264 50.7239248, -3.5263223 50.7239128, -3.526217 50.7239051, -3.5262002 50.7238987, -3.5261879 50.7238913, -3.5261832 50.7238808, -3.5261881 50.7238167, -3.5262164 50.7235987)",yes,paving_stones,,,,,,,
59817616,248779246,0,"[823425904, 24569407]",unclassified,,20 mph,Southernhay West,False,True,43.35482773339501,32.1868,4.849111432022508,"LINESTRING (-3.5264264 50.7239248, -3.5265215 50.7239358, -3.5265419 50.7239345, -3.52656 50.7239294, -3.5265694 50.7239218, -3.5265745 50.7239115, -3.5265907 50.7238653, -3.5266509 50.723633)",yes,asphalt,,,,,,,
1786461652,59817539,0,23054873,footway,,,,False,True,17.838181265897195,32.1868,1.995148711808254,"LINESTRING (-3.5270836 50.7236708, -3.5273367 50.7236787)",yes,paving_stones,,,,,,,
1786461652,248779246,0,"[681738696, 23054873, 681738697]",footway,,,,False,False,30.749068403384573,32.1868,3.439193900983772,"LINESTRING (-3.5270836 50.7236708, -3.5270201 50.7236648, -3.5267633 50.7236436, -3.5266509 50.723633)",yes,paving_stones,,,yes,,,,
1786461652,1786461577,0,167238727,footway,,,,False,False,54.73180948514845,32.1868,6.121593763484859,"LINESTRING (-3.5270836 50.7236708, -3.5270727 50.7236981, -3.5269788 50.7240377, -3.527023 50.7240582, -3.5270215 50.7241428)",yes,paving_stones,,,,,,,
1786461652,1786461633,0,167238727,footway,,,,False,True,47.92586784325986,32.1868,5.360368978455004,"LINESTRING (-3.5270836 50.7236708, -3.5271102 50.7235292, -3.5271746 50.7233161, -3.5271919 50.7232455)",yes,paving_stones,,,,,,,
40926542,40927969,0,25408906,pedestrian,,20 mph,Bedford Street,False,True,46.50971896966882,32.1868,5.201976844259378,"LINESTRING (-3.52946 50.7244329, -3.5294349 50.7244114, -3.5293726 50.7243581, -3.5292748 50.7242749, -3.5290512 50.7241045)",yes,paving_stones,,,,,,,
40926542,62147659,0,42227867,unclassified,1,20 mph,High Street,False,False,74.96703344525945,32.1868,8.384844731471722,"LINESTRING (-3.52946 50.7244329, -3.5292747 50.7245223, -3.528646 50.7248257, -3.528613 50.7248416)",yes,paving_stones,,,,,,,
40926542,292271934,0,42227867,unclassified,1,20 mph,High Street,False,True,37.39176183025108,32.1868,4.1821598477917625,"LINESTRING (-3.52946 50.7244329, -3.5296214 50.7243549, -3.5298556 50.7242419, -3.5298824 50.724229)",yes,paving_stones,,,,,,,
40927969,40926542,0,25408906,pedestrian,,20 mph,Bedford Street,False,False,46.50971896966882,32.1868,5.201976844259378,"LINESTRING (-3.5290512 50.7241045, -3.5292748 50.7242749, -3.5293726 50.7243581, -3.5294349 50.7244114, -3.52946 50.7244329)",yes,paving_stones,,,,,,,
40927969,5218741405,0,25408906,pedestrian,,20 mph,Bedford Street,False,True,49.59743773430009,32.1868,5.547329210840479,"LINESTRING (-3.5290512 50.7241045, -3.5289703 50.7240394, -3.5286322 50.7238249, -3.5285613 50.7237848)",yes,paving_stones,,,,,,,
40927969,59741696,0,1101712308,pedestrian,,,Catherine Street,False,False,32.26697400741388,32.1868,3.6089672296310904,"LINESTRING (-3.5290512 50.7241045, -3.529144 50.7240416, -3.5293902 50.7239098)",yes,paving_stones,,,,,,,
62147659,6873148262,0,8694453,pedestrian,,,Bampfylde Lane,False,False,72.16730059257326,32.1868,8.071702751850564,"LINESTRING (-3.528613 50.7248416, -3.5285828 50.7248157, -3.5280503 50.7243719, -3.5279621 50.7243513)",yes,paving_stones,,,,,,,
62147659,41438063,0,42227867,unclassified,1,20 mph,High Street,False,False,5.660196191489379,32.1868,0.6330764875465025,"LINESTRING (-3.528613 50.7248416, -3.5285792 50.7248579, -3.5285491 50.7248725)",yes,asphalt,,,,,,,
62147659,40926542,0,42227867,unclassified,1,20 mph,High Street,False,True,74.96703344525945,32.1868,8.384844731471722,"LINESTRING (-3.528613 50.7248416, -3.528646 50.7248257, -3.5292747 50.7245223, -3.52946 50.7244329)",yes,paving_stones,,,,,,,
292271934,2420683607,0,"[26646000, 655225345, 177964267]",footway,,,St Stephen's Bow,False,False,27.13078081222323,32.1868,3.034498953732699,"LINESTRING (-3.5298824 50.724229, -3.5298597 50.7242108, -3.5298093 50.7241704, -3.5297887 50.7241522, -3.5297373 50.7241128, -3.5296597 50.7240504, -3.5296585 50.724034)",yes,paving_stones,,,building_passage,,,,
292271934,40926542,0,42227867,unclassified,1,20 mph,High Street,False,False,37.39176183025108,32.1868,4.1821598477917625,"LINESTRING (-3.5298824 50.724229, -3.5298556 50.7242419, -3.5296214 50.7243549, -3.52946 50.7244329)",yes,paving_stones,,,,,,,
292271934,106201139,0,42227867,unclassified,1,20 mph,High Street,False,True,21.9043847602684,32.1868,2.4499417505612935,"LINESTRING (-3.5298824 50.724229, -3.5299144 50.7242136, -3.5301299 50.7241096)",yes,paving_stones,,,,,,,
5218741405,10159677944,0,25408906,pedestrian,,20 mph,Bedford Street,False,True,27.708653820219016,32.1868,3.099132369567291,"LINESTRING (-3.5285613 50.7237848, -3.5282648 50.7236209)",yes,paving_stones,,,,,,,
5218741405,6873148262,0,7992487,pedestrian,,,Princesshay,False,False,76.0220905370184,32.1868,8.502849799708772,"LINESTRING (-3.5285613 50.7237848, -3.5284909 50.723844, -3.5279983 50.7242906, -3.5279621 50.7243513)",yes,paving_stones,,,,,,,
5218741405,40927969,0,25408906,pedestrian,,20 mph,Bedford Street,False,False,49.59743773430009,32.1868,5.547329210840479,"LINESTRING (-3.5285613 50.7237848, -3.5286322 50.7238249, -3.5289703 50.7240394, -3.5290512 50.7241045)",yes,paving_stones,,,,,,,
5218741405,1996169401,0,1110560546,footway,,,,False,True,26.672504541922883,32.1868,2.9832420852934245,"LINESTRING (-3.5285613 50.7237848, -3.5287798 50.7236193, -3.5288042 50.7236007)",yes,paving_stones,,,,,,,
59741696,8000006736,0,1101712308,pedestrian,,,Catherine Street,False,False,4.604180681339632,32.1868,0.5149642229989524,"LINESTRING (-3.5293902 50.7239098, -3.5294556 50.7239104)",yes,paving_stones,,,,,,,
59741696,2402766418,0,7981285,footway,,,Egypt Lane,False,False,22.95132791079564,32.1868,2.5670392980620726,"LINESTRING (-3.5293902 50.7239098, -3.5293177 50.7238699, -3.5291448 50.7237739)",yes,paving_stones,,,,,,,
59741696,40927969,0,1101712308,pedestrian,,,Catherine Street,False,True,32.26697400741388,32.1868,3.6089672296310904,"LINESTRING (-3.5293902 50.7239098, -3.529144 50.7240416, -3.5290512 50.7241045)",yes,paving_stones,,,,,,,
6873148262,5094813861,0,7992487,pedestrian,,,Princesshay,False,False,67.76634672838411,32.1868,7.579468857487629,"LINESTRING (-3.5279621 50.7243513, -3.5279431 50.7243765, -3.5273396 50.7246622, -3.5273145 50.7246765, -3.5272109 50.7247275)",yes,paving_stones,,,,,,,
6873148262,5218741405,0,7992487,pedestrian,,,Princesshay,False,True,76.0220905370184,32.1868,8.502849799708772,"LINESTRING (-3.5279621 50.7243513, -3.5279983 50.7242906, -3.5284909 50.723844, -3.5285613 50.7237848)",yes,paving_stones,,,,,,,
6873148262,62147663,0,"[733870395, 733870396, 8694453]",pedestrian,,,Bampfylde Lane,False,False,55.47823606778039,32.1868,6.205079406589329,"LINESTRING (-3.5279621 50.7243513, -3.5278961 50.7243063, -3.5275408 50.7241772, -3.5275153 50.7241674, -3.5273051 50.7241532, -3.527265 50.7241511)",yes,paving_stones,,,yes,,,,
6873148262,62147659,0,8694453,pedestrian,,,Bampfylde Lane,False,True,72.16730059257324,32.1868,8.071702751850564,"LINESTRING (-3.5279621 50.7243513, -3.5280503 50.7243719, -3.5285828 50.7248157, -3.528613 50.7248416)",yes,paving_stones,,,,,,,
41438063,59817531,0,477249631,unclassified,1,20 mph,High Street,False,False,67.53005806156922,32.1868,7.553040657090771,"LINESTRING (-3.5285491 50.7248725, -3.5277774 50.7252333)",yes,asphalt,,,,,,,
41438063,959306928,0,"[1111109320, 5582185]",pedestrian,,,Castle Street,False,False,41.97086874952177,32.1868,4.694319643402836,"LINESTRING (-3.5285491 50.7248725, -3.5285719 50.7248924, -3.5288103 50.7251011, -3.5288646 50.7251449, -3.5289265 50.7251509)",yes,paving_stones,,,,,,,
41438063,62147659,0,42227867,unclassified,1,20 mph,High Street,False,True,5.660196191489379,32.1868,0.6330764875465025,"LINESTRING (-3.5285491 50.7248725, -3.5285792 50.7248579, -3.528613 50.7248416)",yes,asphalt,,,,,,,
2420683607,292271934,0,"[26646000, 655225345, 177964267]",footway,,,St Stephen's Bow,False,True,27.13078081222323,32.1868,3.034498953732699,"LINESTRING (-3.5296585 50.724034, -3.5296597 50.7240504, -3.5297373 50.7241128, -3.5297887 50.7241522, -3.5298093 50.7241704, -3.5298597 50.7242108, -3.5298824 50.724229)",yes,asphalt,,,building_passage,,,,
2420683607,2420683599,0,233727969,footway,,,Catherine Square,False,True,20.17190354186695,32.1868,2.2561687633042435,"LINESTRING (-3.5296585 50.724034, -3.5297631 50.7239692, -3.5298241 50.723931, -3.5298625 50.7239066)",yes,paving_stones,,,,,,,
2420683607,8000006736,0,1111143175,footway,,,Catherine Square,False,False,19.82133485705892,32.1868,2.2169586751529238,"LINESTRING (-3.5296585 50.724034, -3.5294953 50.7239346, -3.5294556 50.7239104)",yes,paving_stones,,,,,,,
106201139,2420683599,0,7991802,footway,,,,False,False,29.41412436099447,32.1868,3.2898842910627994,"LINESTRING (-3.5301299 50.7241096, -3.5300998 50.7240837, -3.5300546 50.7240449, -3.5298935 50.7239289, -3.5298625 50.7239066)",yes,paving_stones,,,,,,,
106201139,292271934,0,42227867,unclassified,1,20 mph,High Street,False,False,21.9043847602684,32.1868,2.4499417505612935,"LINESTRING (-3.5301299 50.7241096, -3.5299144 50.7242136, -3.5298824 50.724229)",yes,paving_stones,,,,,,,
106201139,54212504,0,971166118,unclassified,1,20 mph,High Street,False,True,20.604888533632845,32.1868,2.30459687577138,"LINESTRING (-3.5301299 50.7241096, -3.5301599 50.7240723, -3.530203 50.7240477, -3.5303246 50.7239738)",yes,paving_stones,,3,,,,,
248779144,5679453050,0,596078518,service,,20 mph,Cathedral Close,False,True,23.472294921667114,32.1868,2.6253079435669786,"LINESTRING (-3.5275345 50.7223486, -3.5272196 50.7222792)",no,paving_stones,,,,,,,
248779144,248779124,0,"[23054849, 195011826, 23054852]","['steps', 'footway']",,,,False,"[False, True]",117.87002961921127,34.06605393721507,12.456156718685984,"LINESTRING (-3.5275345 50.7223486, -3.5275626 50.7222785, -3.5275936 50.7222198, -3.52761 50.7222091, -3.5276463 50.7222009, -3.5276856 50.7221728, -3.5276996 50.7221266, -3.5277025 50.7220891, -3.5276896 50.7220637, -3.5277551 50.721954, -3.5277975 50.7219037, -3.5278304 50.7218842, -3.5278681 50.7218272, -3.5278995 50.721798, -3.5279384 50.721756, -3.5279911 50.7217258, -3.5280067 50.7217076, -3.5280155 50.7216792, -3.5280428 50.7216404, -3.5280627 50.7216282, -3.5280866 50.7216166, -3.52816 50.7215957, -3.5281957 50.7215563, -3.5282193 50.7215238, -3.5282297 50.721482, -3.5282438 50.7214421)",yes,asphalt,,,,,,,
248779144,59741717,0,"[292443320, 596078516]","['pedestrian', 'service']",,,Cathedral Close,False,False,117.13291719297753,32.1868,13.100976235435619,"LINESTRING (-3.5275345 50.7223486, -3.5277426 50.7224008, -3.5282912 50.7225553, -3.5283457 50.7226017, -3.5284173 50.7226219, -3.5286651 50.7226917, -3.5288663 50.7227551, -3.5289283 50.7227776, -3.5290089 50.7228177)",yes,asphalt,,,,,,,
40927417,10151804984,0,1111109319,pedestrian,,,Cathedral Yard,False,False,8.59558474511151,32.1868,0.9613911629115489,"LINESTRING (-3.5306422 50.7231115, -3.5307464 50.7230712)",yes,grass,,,,,,,
10151804984,40927418,0,539278147,pedestrian,,,Cathedral Yard,False,False,22.169836266139182,32.1868,2.479631729718427,"LINESTRING (-3.5307464 50.7230712, -3.5310226 50.7229754)",yes,grass,,,,,,,
10151804984,10151804958,0,1109675123,footway,,,,False,True,5.008545890756543,32.1868,0.5601912960195967,"LINESTRING (-3.5307464 50.7230712, -3.5307087 50.723033)",yes,grass,,,,,,,
10151804984,40927417,0,1111109319,pedestrian,,,Cathedral Yard,False,True,8.59558474511151,32.1868,0.9613911629115489,"LINESTRING (-3.5307464 50.7230712, -3.5306422 50.7231115)",yes,grass,,,,,,,
40927418,59741712,0,539278147,pedestrian,,,Cathedral Yard,False,False,21.017913388628585,32.1868,2.350792504972937,"LINESTRING (-3.5310226 50.7229754, -3.5313046 50.7229133)",yes,paving_stones,,,,,,,
40927418,10151804984,0,539278147,pedestrian,,,Cathedral Yard,False,True,22.169836266139182,32.1868,2.479631729718427,"LINESTRING (-3.5310226 50.7229754, -3.5307464 50.7230712)",yes,grass,,,,,,,
40927418,9410998081,0,"[818826824, 188981453]",footway,,,,False,"[False, True]",4.484371296625135,32.1868,0.5015638916528045,"LINESTRING (-3.5310226 50.7229754, -3.5310094 50.7229536, -3.5309988 50.722938)",yes,grass,,,,,,,
10151804958,10151804984,0,1109675123,footway,,,,False,False,5.008545890756543,32.1868,0.5601912960195967,"LINESTRING (-3.5307087 50.723033, -3.5307464 50.7230712)",yes,grass,,,,,,,
10151804958,9410998081,0,1020367150,footway,,,,False,True,23.017999726697013,32.1868,2.574496346828801,"LINESTRING (-3.5307087 50.723033, -3.5307956 50.7230017, -3.5309005 50.722965, -3.5309988 50.722938)",yes,grass,,,,,,,
10151804958,9410998071,0,"[1111109316, 1111109317]",footway,,,,False,"[False, True]",42.9565050169698,32.1868,4.804560194275022,"LINESTRING (-3.5307087 50.723033, -3.5306702 50.7230469, -3.5305528 50.7231004, -3.5304543 50.7231458, -3.530351 50.7231849, -3.5302853 50.7232052, -3.5302447 50.723211, -3.5301808 50.7232157)",yes,paving_stones,,,,,,,
59741712,40927418,0,539278147,pedestrian,,,Cathedral Yard,False,True,21.017913388628585,32.1868,2.350792504972937,"LINESTRING (-3.5313046 50.7229133, -3.5310226 50.7229754)",yes,paving_stones,,,,,,,
59741712,5218476452,0,539278147,pedestrian,,,Cathedral Yard,False,False,26.776163711207687,32.1868,2.9948360619989467,"LINESTRING (-3.5313046 50.7229133, -3.5313656 50.7229021, -3.531502 50.7228748, -3.5316544 50.7228219)",yes,paving_stones,,,,,,,
59741712,9410998084,0,"[1111143184, 1101712322]",footway,,,,False,False,8.660815814473633,32.1868,0.9686870683666933,"LINESTRING (-3.5313046 50.7229133, -3.5313002 50.722886, -3.5313017 50.7228599, -3.5312775 50.722841)",yes,grass,,,,,,,
9410998081,59741714,0,188981453,footway,,,,False,True,7.998181223256268,32.1868,0.8945733158848524,"LINESTRING (-3.5309988 50.722938, -3.5309515 50.7228726)",yes,grass,,,,,,,
9410998081,40927418,0,"[818826824, 188981453]",footway,,,,False,"[False, True]",4.484371296625135,32.1868,0.5015638916528045,"LINESTRING (-3.5309988 50.722938, -3.5310094 50.7229536, -3.5310226 50.7229754)",yes,grass,,,,,,,
9410998081,10151804958,0,1020367150,footway,,,,False,False,23.017999726697013,32.1868,2.574496346828801,"LINESTRING (-3.5309988 50.722938, -3.5309005 50.722965, -3.5307956 50.7230017, -3.5307087 50.723033)",yes,grass,,,,,,,
9410998081,9410998084,0,1020367150,footway,,,,False,True,23.211558806744534,32.1868,2.59614536717786,"LINESTRING (-3.5309988 50.722938, -3.5312334 50.7228818, -3.5312475 50.7228741, -3.5312775 50.722841)",yes,grass,,,,,,,
5218476452,40930365,0,5550061,pedestrian,,,Broadgate,False,True,34.35059535378853,32.1868,3.8420142192960696,"LINESTRING (-3.5316544 50.7228219, -3.5317307 50.7228512, -3.5319644 50.7229715, -3.5319876 50.7229853, -3.5320366 50.723013)",yes,paving_stones,,,,,,,
5218476452,40933556,0,"[5550161, 1101712310, 1101712311, 1101712312, 1101712313]","['steps', 'footway']",,,,False,False,33.653292146865596,34.06605393721507,3.556380552675789,"LINESTRING (-3.5316544 50.7228219, -3.5316204 50.7228019, -3.5314563 50.7227059, -3.5314246 50.7227026, -3.5313468 50.7226804, -3.5313135 50.7226751, -3.5312633 50.7226588)",yes,asphalt,,,,,,,
5218476452,59741712,0,539278147,pedestrian,,,Cathedral Yard,False,True,26.776163711207687,32.1868,2.9948360619989467,"LINESTRING (-3.5316544 50.7228219, -3.531502 50.7228748, -3.5313656 50.7229021, -3.5313046 50.7229133)",yes,paving_stones,,,,,,,
5218476452,106201188,0,"[55792032, 1111143186]",pedestrian,,,Cathedral Yard,False,False,68.75514194062225,32.1868,7.690062727150265,"LINESTRING (-3.5316544 50.7228219, -3.5318859 50.7226496, -3.5319442 50.7226075, -3.5320195 50.7225657, -3.5322157 50.7224918, -3.5322881 50.7224659, -3.5323512 50.7224435, -3.5323919 50.7224286)",yes,paving_stones,,,,,,,
9410998084,59741713,0,1111143184,footway,,,,False,False,8.382033991285308,32.1868,0.9375061319741979,"LINESTRING (-3.5312775 50.722841, -3.5312026 50.7227824)",yes,grass,,,,,,,
9410998084,9410998081,0,1020367150,footway,,,,False,False,23.211558806744534,32.1868,2.59614536717786,"LINESTRING (-3.5312775 50.722841, -3.5312475 50.7228741, -3.5312334 50.7228818, -3.5309988 50.722938)",yes,grass,,,,,,,
9410998084,59741712,0,"[1111143184, 1101712322]",footway,,,,False,True,8.660815814473633,32.1868,0.9686870683666933,"LINESTRING (-3.5312775 50.722841, -3.5313017 50.7228599, -3.5313002 50.722886, -3.5313046 50.7229133)",yes,grass,,,,,,,
59741714,59741713,0,7981290,footway,,,,False,True,20.323393716730948,32.1868,2.2731124989197875,"LINESTRING (-3.5309515 50.7228726, -3.5312026 50.7227824)",no,asphalt,,,,,,,
59741714,9410998081,0,188981453,footway,,,,False,False,7.998181223256268,32.1868,0.8945733158848524,"LINESTRING (-3.5309515 50.7228726, -3.5309988 50.722938)",yes,grass,,,,,,,
59741714,106201148,0,7981290,footway,,,,False,False,33.554624698147734,32.1868,3.752987215670146,"LINESTRING (-3.5309515 50.7228726, -3.5308499 50.7228853, -3.5307285 50.7228957, -3.5304781 50.7228894)",yes,paving_stones,,,,,,,
10159677944,5218741405,0,25408906,pedestrian,,20 mph,Bedford Street,False,False,27.708653820219016,32.1868,3.099132369567291,"LINESTRING (-3.5282648 50.7236209, -3.5285613 50.7237848)",yes,paving_stones,,,,,,,
10159677944,59817540,0,25408906,pedestrian,,20 mph,Bedford Street,False,True,66.7782836501655,32.1868,7.468956874886469,"LINESTRING (-3.5282648 50.7236209, -3.5282314 50.7236025, -3.5278131 50.7233397, -3.5277569 50.7233117, -3.527518 50.7232818)",yes,paving_stones,,,,,,,
10159677944,385140592,0,"[33685450, 1108004222, 1108004223]","['steps', 'footway']",,,,False,False,45.94621842093811,34.06605393721507,4.855460706433066,"LINESTRING (-3.5282648 50.7236209, -3.5284877 50.7234541, -3.5285885 50.7233835, -3.5286535 50.7233371, -3.5286942 50.7233098)",yes,paving_stones,,,,,,,
1996169401,10159677946,0,1110560546,footway,,,,False,True,7.357914537916465,32.1868,0.8229613486428995,"LINESTRING (-3.5288042 50.7236007, -3.5288708 50.7235497)",yes,paving_stones,,,,,,,
1996169401,2402766418,0,"[1110560548, 188981445, 7981285, 1110560549, 188981446]","['steps', 'footway']",,,Egypt Lane,False,True,30.79220772973172,34.06605393721507,3.2540295988299155,"LINESTRING (-3.5288042 50.7236007, -3.5288807 50.7236382, -3.5290122 50.7236983, -3.5290779 50.7237352, -3.5291029 50.7237486, -3.5291448 50.7237739)",yes,paving_stones,,,building_passage,,,,
1996169401,5218741405,0,1110560546,footway,,,,False,False,26.672504541922883,32.1868,2.9832420852934245,"LINESTRING (-3.5288042 50.7236007, -3.5287798 50.7236193, -3.5285613 50.7237848)",yes,paving_stones,,,,,,,
8000006736,2402766417,0,5549991,footway,,,Catherine Street,False,False,7.613930345943373,32.1868,0.851595972429572,"LINESTRING (-3.5294556 50.7239104, -3.5295283 50.7238597)",yes,paving_stones,,,,,,,
8000006736,59741696,0,1101712308,pedestrian,,,Catherine Street,False,True,4.604180681339632,32.1868,0.5149642229989524,"LINESTRING (-3.5294556 50.7239104, -3.5293902 50.7239098)",yes,paving_stones,,,,,,,
8000006736,2420683607,0,1111143175,footway,,,Catherine Square,False,True,19.82133485705892,32.1868,2.2169586751529238,"LINESTRING (-3.5294556 50.7239104, -3.5294953 50.7239346, -3.5296585 50.724034)",yes,paving_stones,,,,,,,
2402766418,2402766420,0,231955298,footway,,,,False,False,5.531204423718695,32.1868,0.6186491333524085,"LINESTRING (-3.5291448 50.7237739, -3.5292011 50.7237392)",yes,paving_stones,,,,,,,
2402766418,1996169401,0,"[1110560548, 188981445, 1110560549, 7981285, 188981446]","['steps', 'footway']",,,Egypt Lane,False,False,30.79220772973172,34.06605393721507,3.2540295988299155,"LINESTRING (-3.5291448 50.7237739, -3.5291029 50.7237486, -3.5290779 50.7237352, -3.5290122 50.7236983, -3.5288807 50.7236382, -3.5288042 50.7236007)",yes,paving_stones,,,building_passage,,,,
2402766418,59741696,0,7981285,footway,,,Egypt Lane,False,True,22.95132791079564,32.1868,2.5670392980620726,"LINESTRING (-3.5291448 50.7237739, -3.5293177 50.7238699, -3.5293902 50.7239098)",yes,paving_stones,,,,,,,
10159677997,40929610,0,5549991,footway,,,Catherine Street,False,False,26.901998781792216,32.1868,3.0089103487905597,"LINESTRING (-3.5299138 50.7235968, -3.5299817 50.72355, -3.5300987 50.7234749, -3.530106 50.7234682, -3.5301162 50.7234418, -3.5301057 50.7234048)",yes,paving_stones,,,,,,,
10159677997,106201152,0,5549991,footway,,,Catherine Street,False,True,20.81814549950659,32.1868,2.3284490473804085,"LINESTRING (-3.5299138 50.7235968, -3.5298578 50.7236341, -3.5297875 50.7236817, -3.5297265 50.7237408)",yes,paving_stones,,,,,,,
10159677997,10159677994,0,"[1110560556, 1110560557, 1110560558]",footway,,,,False,False,22.28876164896929,32.1868,2.492933188023956,"LINESTRING (-3.5299138 50.7235968, -3.5298869 50.723581, -3.5297944 50.7235259, -3.5296815 50.7234606)",yes,paving_stones,,,building_passage,,,,
5218483197,9410998076,0,"[539275499, 1111143182]",pedestrian,,,Cathedral Close,False,True,29.25342463200583,32.1868,3.2719104935942998,"LINESTRING (-3.5300928 50.7233242, -3.5298728 50.7232424, -3.5297461 50.7231801)",yes,paving_stones,,,,,,,
5218483197,9410998071,0,"[539275501, 1111109318]","['pedestrian', 'footway']",,,,False,True,13.854636741805352,32.1868,1.54960083855802,"LINESTRING (-3.5300928 50.7233242, -3.5301761 50.723244, -3.5301798 50.7232351, -3.5301808 50.7232157)",yes,paving_stones,,,,,,,
5218483197,40929610,0,822211855,pedestrian,,,Cathedral Close,False,False,9.492657124615658,32.1868,1.061726100408129,"LINESTRING (-3.5300928 50.7233242, -3.5300801 50.7233419, -3.5300788 50.7233581, -3.5301057 50.7234048)",yes,paving_stones,,,,,,,
106201152,2402766423,0,5549991,footway,,,Catherine Street,False,True,11.165328765282103,32.1868,1.248809560286067,"LINESTRING (-3.5297265 50.7237408, -3.5296134 50.7238112)",yes,paving_stones,,,,,,,
106201152,10159677997,0,5549991,footway,,,Catherine Street,False,False,20.81814549950659,32.1868,2.3284490473804085,"LINESTRING (-3.5297265 50.7237408, -3.5297875 50.7236817, -3.5298578 50.7236341, -3.5299138 50.7235968)",yes,paving_stones,,,,,,,
106201152,10061817910,0,233727969,footway,,,Catherine Square,False,False,16.223497948266115,32.1868,1.8145510772663955,"LINESTRING (-3.5297265 50.7237408, -3.5297697 50.7237696, -3.5298852 50.7238466)",yes,paving_stones,,,,,,,
10159677994,10159677997,0,"[1110560556, 1110560557, 1110560558]",footway,,,,False,True,22.28876164896929,32.1868,2.492933188023956,"LINESTRING (-3.5296815 50.7234606, -3.5297944 50.7235259, -3.5298869 50.723581, -3.5299138 50.7235968)",yes,paving_stones,,,building_passage,,,,
9410998076,59741717,0,1111143182,pedestrian,,,Cathedral Close,False,True,65.70322095043807,32.1868,7.348714237562512,"LINESTRING (-3.5297461 50.7231801, -3.5290089 50.7228177)",yes,paving_stones,,,,,,,
9410998076,9410998075,0,1101712318,footway,,,,False,False,6.686561260423929,32.1868,0.7478724364499156,"LINESTRING (-3.5297461 50.7231801, -3.5297874 50.7231502, -3.5298082 50.7231346)",yes,paving_stones,,,,,,,
9410998076,5218483197,0,"[539275499, 1111143182]",pedestrian,,,Cathedral Close,False,False,29.25342463200583,32.1868,3.2719104935942998,"LINESTRING (-3.5297461 50.7231801, -3.5298728 50.7232424, -3.5300928 50.7233242)",yes,paving_stones,,,,,,,
9410998071,1996169476,0,50365213,footway,,,,False,True,3.622719074314519,32.1868,0.40519059575764815,"LINESTRING (-3.5301808 50.7232157, -3.5301862 50.7231833)",yes,asphalt,,,,,,,
9410998071,9410998075,0,1102158382,footway,,,,False,True,29.419297448917664,32.1868,3.290462885906757,"LINESTRING (-3.5301808 50.7232157, -3.5301012 50.7232201, -3.5300385 50.7232235, -3.5299507 50.7232084, -3.5298082 50.7231346)",yes,paving_stones,,,,,,,
9410998071,10151804958,0,"[1111109316, 1111109317]",footway,,,,False,"[False, True]",42.95650501696979,32.1868,4.804560194275022,"LINESTRING (-3.5301808 50.7232157, -3.5302447 50.723211, -3.5302853 50.7232052, -3.530351 50.7231849, -3.5304543 50.7231458, -3.5305528 50.7231004, -3.5306702 50.7230469, -3.5307087 50.723033)",yes,paving_stones,,,,,,,
9410998071,5218483197,0,"[539275501, 1111109318]","['pedestrian', 'footway']",,,,False,False,13.854636741805352,32.1868,1.54960083855802,"LINESTRING (-3.5301808 50.7232157, -3.5301798 50.7232351, -3.5301761 50.723244, -3.5300928 50.7233242)",yes,asphalt,,,,,,,
10884333049,10884333054,0,5550050,footway,,,Southernhay Gardens,False,True,2.3885650171417057,32.1868,0.2671540526461202,"LINESTRING (-3.5261523 50.7220952, -3.526186 50.7220977)",no,paving_stones,,,,,,,
10884333049,1513241644,0,5550050,footway,,,Southernhay Gardens,False,False,22.841670144902913,32.1868,2.5547743957662923,"LINESTRING (-3.5261523 50.7220952, -3.5261312 50.722092, -3.5259072 50.7220383, -3.5258444 50.7220335)",no,paving_stones,,,,,,,
10884333049,10884333046,0,"[1171306534, 1171306535]","['steps', 'footway']",,,,False,False,19.117558452091977,34.06605393721507,2.020287132591721,"LINESTRING (-3.5261523 50.7220952, -3.5261466 50.7221261, -3.5262227 50.7221402, -3.5261714 50.7222248)",no,paving_stones,,,,,,,
380467953,1786461615,0,"[1171306562, 430168190]","['service', 'footway']",,,Southernhay Gardens,False,True,64.33824066470828,32.1868,7.196045161151461,"LINESTRING (-3.5256742 50.7223701, -3.5258012 50.7223997, -3.5259208 50.7224355, -3.5259854 50.7224757, -3.5259995 50.7224994, -3.5260104 50.7225266, -3.5260512 50.722564, -3.5261554 50.7226029, -3.5263473 50.7226393, -3.526358 50.7226417, -3.5264219 50.7226544)",no,asphalt,,,,,,,
380467953,10884336972,0,"[1171306563, 1171306566]",service,,,Southernhay Gardens,False,False,11.588002237706098,32.1868,1.2960843592945541,"LINESTRING (-3.5256742 50.7223701, -3.5256468 50.7223843, -3.5256074 50.7224622)",no,paving_stones,,,,,,,
380467953,40929984,0,"[5550050, 1171306563]","['service', 'footway']",,,Southernhay Gardens,False,True,35.336963374102204,32.1868,3.9523366145987784,"LINESTRING (-3.5256742 50.7223701, -3.5257089 50.7223352, -3.5257611 50.7222435, -3.525754 50.7221671, -3.5258061 50.72207)",no,paving_stones,,,,,,,
380467953,380467955,0,1171306565,service,,,,False,False,29.536442795487083,32.1868,3.3035652523318104,"LINESTRING (-3.5256742 50.7223701, -3.5256213 50.722328, -3.525356 50.7222609, -3.5253077 50.7222658)",no,paving_stones,,,,,,,
40929984,1513241644,0,5550050,footway,,,Southernhay Gardens,False,True,4.872541192929145,32.1868,0.5449795659880735,"LINESTRING (-3.5258061 50.72207, -3.5258444 50.7220335)",no,paving_stones,,,,,,,
40929984,1513241806,0,138011579,footway,,,,False,True,11.413423520847333,32.1868,1.2765582373845925,"LINESTRING (-3.5258061 50.72207, -3.5256485 50.7220459)",no,paving_stones,,,,,,,
40929984,380467953,0,"[5550050, 1171306563]","['service', 'footway']",,,Southernhay Gardens,False,False,35.33696337410221,32.1868,3.9523366145987793,"LINESTRING (-3.5258061 50.72207, -3.525754 50.7221671, -3.5257611 50.7222435, -3.5257089 50.7223352, -3.5256742 50.7223701)",no,paving_stones,,,,,,,
1513241644,40929984,0,5550050,footway,,,Southernhay Gardens,False,False,4.872541192929145,32.1868,0.5449795659880735,"LINESTRING (-3.5258444 50.7220335, -3.5258061 50.72207)",no,paving_stones,,,,,,,
1513241644,10884333049,0,5550050,footway,,,Southernhay Gardens,False,True,22.841670144902913,32.1868,2.5547743957662923,"LINESTRING (-3.5258444 50.7220335, -3.5259072 50.7220383, -3.5261312 50.722092, -3.5261523 50.7220952)",no,paving_stones,,,,,,,
1513241644,10884336927,0,167244514,footway,,,,False,False,19.451494892789093,32.1868,2.175593150423178,"LINESTRING (-3.5258444 50.7220335, -3.5258157 50.7220132, -3.5257758 50.7219886, -3.5257208 50.7219737, -3.5256769 50.7219723, -3.5256324 50.721971, -3.5256035 50.7219681)",no,paving_stones,,,,,,,
1513241644,3022915886,0,"[167244514, 1171306550, 1171306551]",footway,,,,False,True,36.795141397287935,32.1868,4.115429586980892,"LINESTRING (-3.5258444 50.7220335, -3.5258804 50.7219899, -3.525914 50.7219683, -3.5259437 50.7219256, -3.5259792 50.7218702, -3.5259321 50.7218391, -3.5259753 50.7218105, -3.5260246 50.721778, -3.52605 50.7217718)",no,paving_stones,,,,,,,yes
1513241806,40929984,0,138011579,footway,,,,False,False,11.413423520847333,32.1868,1.2765582373845925,"LINESTRING (-3.5256485 50.7220459, -3.5258061 50.72207)",no,paving_stones,,,,,,,
1513241806,1513242136,0,138011583,footway,,,,False,True,3.5743424841410967,32.1868,0.399779814796996,"LINESTRING (-3.5256485 50.7220459, -3.5256287 50.7220163)",no,paving_stones,,,,,,,
1513241806,13421935487,0,138011579,footway,,,,False,True,17.97300629368346,32.1868,2.010228499175453,"LINESTRING (-3.5256485 50.7220459, -3.5255949 50.7220853, -3.5255333 50.7221218, -3.525513 50.722127, -3.5254467 50.7221213)",no,paving_stones,,,,,,,
10884336927,1513242136,0,138011583,footway,,,,False,False,5.645558391298464,32.1868,0.6314392921531334,"LINESTRING (-3.5256035 50.7219681, -3.5256287 50.7220163)",no,paving_stones,,,,,,,
10884336927,13421935482,0,138011583,footway,,,,False,True,1.4923291570529202,32.1868,0.16691267741404905,"LINESTRING (-3.5256035 50.7219681, -3.5255962 50.7219555)",no,paving_stones,,,,,,,
10884336927,1513241644,0,167244514,footway,,,,False,True,19.451494892789093,32.1868,2.175593150423178,"LINESTRING (-3.5256035 50.7219681, -3.5256324 50.721971, -3.5256769 50.7219723, -3.5257208 50.7219737, -3.5257758 50.7219886, -3.5258157 50.7220132, -3.5258444 50.7220335)",no,paving_stones,,,,,,,
3022915886,3022915884,0,298364870,footway,,,Southernhay Gardens,False,True,21.946296676029334,32.1868,2.4546294764843233,"LINESTRING (-3.52605 50.7217718, -3.5263422 50.7218406)",no,paved,,3,,,,,
3022915886,1513241644,0,"[167244514, 1171306550, 1171306551]",footway,,,,False,False,36.795141397287935,32.1868,4.115429586980892,"LINESTRING (-3.52605 50.7217718, -3.5260246 50.721778, -3.5259753 50.7218105, -3.5259321 50.7218391, -3.5259792 50.7218702, -3.5259437 50.7219256, -3.525914 50.7219683, -3.5258804 50.7219899, -3.5258444 50.7220335)",no,paving_stones,,,,,,,yes
3022915886,1786504452,0,"[1171306552, 1171306553, 1171306551]","['steps', 'footway']",,,,False,True,22.04562922513609,34.06605393721507,2.329717006752853,"LINESTRING (-3.52605 50.7217718, -3.5260645 50.7217558, -3.5260676 50.721708, -3.5260682 50.7216996, -3.5258737 50.7216893)",no,paved,,,,,,,
1513242136,1513241806,0,138011583,footway,,,,False,False,3.5743424841410967,32.1868,0.399779814796996,"LINESTRING (-3.5256287 50.7220163, -3.5256485 50.7220459)",no,paving_stones,,,,,,,
1513242136,10884336927,0,138011583,footway,,,,False,True,5.645558391298464,32.1868,0.6314392921531334,"LINESTRING (-3.5256287 50.7220163, -3.5256035 50.7219681)",no,paving_stones,,,,,,,
1513242136,13421935483,0,"[1463222657, 1463222659]",footway,,,,False,False,14.59532770444775,32.1868,1.6324449692424192,"LINESTRING (-3.5256287 50.7220163, -3.5255636 50.7220196, -3.525525 50.7220173, -3.5255324 50.7219521)",no,paving_stones,,,,,,,
13421935487,1513241806,0,138011579,footway,,,,False,False,17.97300629368346,32.1868,2.010228499175453,"LINESTRING (-3.5254467 50.7221213, -3.525513 50.722127, -3.5255333 50.7221218, -3.5255949 50.7220853, -3.5256485 50.7220459)",no,paving_stones,,,,,,,
10884336972,10884336983,0,"[430168189, 1171306566]",service,,,Southernhay Gardens,False,False,29.14946656766587,32.1868,3.2602830863458667,"LINESTRING (-3.5256074 50.7224622, -3.5255548 50.7225682, -3.5255089 50.7226009, -3.5254337 50.722659, -3.5254073 50.7226865)",no,paving_stones,,,,,,,
10884336972,380467953,0,"[1171306563, 1171306566]",service,,,Southernhay Gardens,False,True,11.588002237706098,32.1868,1.2960843592945541,"LINESTRING (-3.5256074 50.7224622, -3.5256468 50.7223843, -3.5256742 50.7223701)",no,paving_stones,,,,,,,
10884336972,10884336982,0,1171306568,footway,,,,False,True,37.29468128685875,32.1868,4.171301671265597,"LINESTRING (-3.5256074 50.7224622, -3.5255452 50.7224511, -3.5254948 50.7225599, -3.5254755 50.7225739, -3.5254371 50.7225827, -3.5253794 50.7225922, -3.5253385 50.7225994, -3.5253307 50.7226124, -3.5253211 50.7226397, -3.5253136 50.7226588, -3.5253091 50.7226689)",no,paving_stones,,,,,,,
380467955,10884336919,0,33435336,footway,,,,False,False,2.2723988977946683,32.1868,0.25416120993888197,"LINESTRING (-3.5253077 50.7222658, -3.5252863 50.7222505)",no,paving_stones,,,,,,,
380467955,10884336920,0,1171306565,service,,,,False,False,21.426893753325416,32.1868,2.3965357696935237,"LINESTRING (-3.5253077 50.7222658, -3.525283 50.7222813, -3.525237 50.7223096, -3.5250661 50.7223818)",no,paving_stones,,,,,,,
380467955,380467953,0,1171306565,service,,,,False,True,29.536442795487083,32.1868,3.3035652523318104,"LINESTRING (-3.5253077 50.7222658, -3.525356 50.7222609, -3.5256213 50.722328, -3.5256742 50.7223701)",no,paving_stones,,,,,,,
8993433312,10884336989,0,512922089,footway,,,,False,True,6.724645586436325,32.1868,0.7521320575879172,"LINESTRING (-3.5253043 50.7228316, -3.5252146 50.7228108)",no,paving_stones,,,,,,,
8993433312,40929986,0,1136486479,service,,,Southernhay Gardens,False,False,5.719317473296478,32.1868,0.6396890310272324,"LINESTRING (-3.5253043 50.7228316, -3.5252747 50.7228795)",no,asphalt,,,,,,,
8993433312,10884336983,0,"[1136486480, 430168189, 1136486479]",service,,,Southernhay Gardens,False,True,17.72649163814785,32.1868,1.9826565516712522,"LINESTRING (-3.5253043 50.7228316, -3.5253296 50.7227941, -3.5253795 50.7227154, -3.5254073 50.7226865)",no,paving_stones,,,building_passage,,,,
10884336989,8993433312,0,512922089,footway,,,,False,False,6.724645586436325,32.1868,0.7521320575879172,"LINESTRING (-3.5252146 50.7228108, -3.5253043 50.7228316)",no,paving_stones,,,,,,,
10884336989,8993433314,0,512922089,footway,,,,False,True,25.49011416346692,32.1868,2.8509951591485,"LINESTRING (-3.5252146 50.7228108, -3.525124 50.7227897, -3.5248704 50.7227398)",no,asphalt,,,,,,,
10884336989,10884336982,0,"[1171306568, 1171306569, 1171306570, 1171306571, 1171306572]","['steps', 'footway']",,,,False,False,17.203913615928542,34.06605393721507,1.818058796345754,"LINESTRING (-3.5252146 50.7228108, -3.5252268 50.7227965, -3.5252436 50.7227797, -3.5252514 50.7227718, -3.525299 50.7226919, -3.5253091 50.7226689)",no,asphalt,,,building_passage,,,,
10884336983,10884336982,0,1171306567,footway,,,,False,False,7.1844504174873505,32.1868,0.8035598911030132,"LINESTRING (-3.5254073 50.7226865, -3.5253091 50.7226689)",no,paving_stones,,,,,,,
10884336983,8993433312,0,"[1136486480, 430168189, 1136486479]",service,,,Southernhay Gardens,False,False,17.72649163814785,32.1868,1.9826565516712522,"LINESTRING (-3.5254073 50.7226865, -3.5253795 50.7227154, -3.5253296 50.7227941, -3.5253043 50.7228316)",no,paving_stones,,,building_passage,,,,
10884336983,10884336972,0,"[430168189, 1171306566]",service,,,Southernhay Gardens,False,True,29.14946656766587,32.1868,3.2602830863458667,"LINESTRING (-3.5254073 50.7226865, -3.5254337 50.722659, -3.5255089 50.7226009, -3.5255548 50.7225682, -3.5256074 50.7224622)",no,paving_stones,,,,,,,
75266375,40930365,0,4197042,unclassified,,20 mph,High Street,False,False,11.26352060357787,32.1868,1.2597920319161997,"LINESTRING (-3.5321551 50.7229455, -3.5320708 50.722988, -3.5320366 50.723013)",yes,concrete,,,,,,,
75266375,59615208,0,4197042,unclassified,,20 mph,High Street,False,True,52.557733313522476,32.1868,5.878429664604153,"LINESTRING (-3.5321551 50.7229455, -3.5325762 50.7226068, -3.5326192 50.7225753)",yes,asphalt,,,,,,,
75266375,75266890,0,30828593,footway,,,Parliament Street,False,False,49.72067174305248,32.1868,5.561112576428503,"LINESTRING (-3.5321551 50.7229455, -3.5322292 50.7229886, -3.5323085 50.723035, -3.532447 50.7231137, -3.5326826 50.7232428)",yes,paving_stones,,1,,,,,
106201174,75266890,0,5550117,footway,,,Waterbeer Street,False,False,10.925812132896318,32.1868,1.2220203213251009,"LINESTRING (-3.5325852 50.7233193, -3.5326071 50.7233017, -3.5326826 50.7232428)",no,paving_stones,,,,,,,
106201174,293149132,0,5550117,footway,,,Waterbeer Street,False,True,19.90542025854603,32.1868,2.2263633828391054,"LINESTRING (-3.5325852 50.7233193, -3.5325557 50.7233403, -3.532541 50.7233509, -3.5324223 50.7234461, -3.5324041 50.7234565)",yes,paving_stones,,,,,,,
106201174,496075213,0,"[8763673, 40755027]",footway,,,Market Walk,False,False,73.9646691794293,32.1868,8.272733202615528,"LINESTRING (-3.5325852 50.7233193, -3.5326201 50.7233413, -3.5331065 50.7236634, -3.5328796 50.7237853)",yes,paving_stones,,,,,,,
106201174,40930365,0,40755027,footway,,,Market Walk,False,True,51.496365170209835,32.1868,5.759718723599595,"LINESTRING (-3.5325852 50.7233193, -3.5325505 50.7233013, -3.5325088 50.7232791, -3.5321214 50.7230593, -3.5320366 50.723013)",yes,paving_stones,,,,,,,
75266890,10111857404,0,5550117,footway,,,Waterbeer Street,False,False,50.000677453191756,32.1868,5.59243040101813,"LINESTRING (-3.5326826 50.7232428, -3.5328941 50.7230794, -3.5331425 50.7229002)",no,concrete,,,,,,,
75266890,106201174,0,5550117,footway,,,Waterbeer Street,False,True,10.925812132896318,32.1868,1.2220203213251009,"LINESTRING (-3.5326826 50.7232428, -3.5326071 50.7233017, -3.5325852 50.7233193)",no,concrete,,,,,,,
75266890,75266375,0,30828593,footway,,,Parliament Street,False,True,49.72067174305247,32.1868,5.561112576428502,"LINESTRING (-3.5326826 50.7232428, -3.532447 50.7231137, -3.5323085 50.723035, -3.5322292 50.7229886, -3.5321551 50.7229455)",yes,paving_stones,,1,,,,,
40933556,59741713,0,7981290,footway,,,,False,False,14.480386898621727,32.1868,1.6195891742900264,"LINESTRING (-3.5312633 50.7226588, -3.5312527 50.7227033, -3.5312026 50.7227824)",yes,grass,,,,,,,
40933556,5218476452,0,"[5550161, 1101712310, 1101712311, 1101712312, 1101712313]","['steps', 'footway']",,,,False,True,33.653292146865596,34.06605393721507,3.556380552675789,"LINESTRING (-3.5312633 50.7226588, -3.5313135 50.7226751, -3.5313468 50.7226804, -3.5314246 50.7227026, -3.5314563 50.7227059, -3.5316204 50.7228019, -3.5316544 50.7228219)",yes,paving_stones,,,,,,,
40933556,40933558,0,"[1111143185, 1101712314, 1101712315, 1101712316, 1101712317]","['steps', 'footway']",,,,False,False,44.64230392022139,34.06605393721507,4.717666871807207,"LINESTRING (-3.5312633 50.7226588, -3.5312236 50.7226402, -3.5311902 50.7226359, -3.5310892 50.7225978, -3.5310449 50.7225941, -3.531005 50.7225917, -3.5306578 50.7225737)",yes,asphalt,,,,,,,
106201188,2420667925,0,477249491,tertiary,1,20 mph,South Street,False,False,50.09497408240283,32.1868,5.6029772048370825,"LINESTRING (-3.5323919 50.7224286, -3.5319999 50.7220526)",yes,asphalt,,,,,,,
106201188,59615208,0,7972904,tertiary,,20 mph,South Street,False,True,22.897223612127767,32.1868,2.560987889559073,"LINESTRING (-3.5323919 50.7224286, -3.5324402 50.7224633, -3.5325196 50.7225203, -3.5326192 50.7225753)",yes,asphalt,,,,,,,
106201188,5218476452,0,"[55792032, 1111143186]",pedestrian,,,Cathedral Yard,False,True,68.75514194062225,32.1868,7.690062727150265,"LINESTRING (-3.5323919 50.7224286, -3.5323512 50.7224435, -3.5322881 50.7224659, -3.5322157 50.7224918, -3.5320195 50.7225657, -3.5319442 50.7226075, -3.5318859 50.7226496, -3.5316544 50.7228219)",yes,paving_stones,,,,,,,
293149132,10693280283,0,5550117,footway,,,Waterbeer Street,False,True,21.94706693244185,32.1868,2.4547156274246174,"LINESTRING (-3.5324041 50.7234565, -3.5321783 50.7235926)",yes,paving_stones,,,,,,,
293149132,106201174,0,5550117,footway,,,Waterbeer Street,False,False,19.905420258546027,32.1868,2.2263633828391054,"LINESTRING (-3.5324041 50.7234565, -3.5324223 50.7234461, -3.532541 50.7233509, -3.5325557 50.7233403, -3.5325852 50.7233193)",yes,paving_stones,,,,,,,
293149132,496075213,0,26727146,footway,,,Pancras Lane,False,False,49.57327831201389,32.1868,5.544627049698946,"LINESTRING (-3.5324041 50.7234565, -3.532463 50.7234954, -3.5325712 50.7235681, -3.532841 50.7237587, -3.5328796 50.7237853)",yes,paving_stones,,,,,,,
496075213,496075342,0,8763673,footway,,,,False,False,5.038501785141488,32.1868,0.5635417757126946,"LINESTRING (-3.5328796 50.7237853, -3.5328237 50.7238136)",yes,paving_stones,,,,,,,
496075213,106201174,0,"[8763673, 40755027]",footway,,,Market Walk,False,True,73.9646691794293,32.1868,8.272733202615528,"LINESTRING (-3.5328796 50.7237853, -3.5331065 50.7236634, -3.5326201 50.7233413, -3.5325852 50.7233193)",yes,paving_stones,,,,,,,
496075213,293149132,0,26727146,footway,,,Pancras Lane,False,True,49.57327831201389,32.1868,5.544627049698946,"LINESTRING (-3.5328796 50.7237853, -3.532841 50.7237587, -3.5325712 50.7235681, -3.532463 50.7234954, -3.5324041 50.7234565)",yes,paving_stones,,,,,,,
40932208,10693280283,0,5550117,footway,,,Waterbeer Street,False,False,12.307593076384878,32.1868,1.3765685024601877,"LINESTRING (-3.5320322 50.7236534, -3.5321783 50.7235926)",no,paving_stones,,,,,,,
40932208,10693280265,0,5550117,footway,,,Waterbeer Street,False,True,17.91464943179543,32.1868,2.003701453840194,"LINESTRING (-3.5320322 50.7236534, -3.5318254 50.7237473)",no,paving_stones,,,,,,,
40932208,10075493350,0,7981287,footway,,,,False,True,15.026505492042926,32.1868,1.6806709511773317,"LINESTRING (-3.5320322 50.7236534, -3.5321742 50.7237543)",no,paving_stones,,,,,,,
10075493350,40932208,0,7981287,footway,,,,False,False,15.026505492042926,32.1868,1.6806709511773317,"LINESTRING (-3.5321742 50.7237543, -3.5320322 50.7236534)",no,paving_stones,,,,,,,
10075493350,496075756,0,7981287,footway,,,,False,True,3.7325702054468337,32.1868,0.4174771253932855,"LINESTRING (-3.5321742 50.7237543, -3.5322271 50.723752)",no,paving_stones,,,,,,,
10075493350,10693280265,0,1149448291,footway,,,,False,False,34.148917473856955,32.1868,3.819457134784603,"LINESTRING (-3.5321742 50.7237543, -3.5319867 50.7238572, -3.5318254 50.7237473)",no,concrete,,,,,,,
10693280283,293149132,0,5550117,footway,,,Waterbeer Street,False,False,21.94706693244185,32.1868,2.4547156274246174,"LINESTRING (-3.5321783 50.7235926, -3.5324041 50.7234565)",yes,paving_stones,,,,,,,
10693280283,40932208,0,5550117,footway,,,Waterbeer Street,False,True,12.307593076384878,32.1868,1.3765685024601877,"LINESTRING (-3.5321783 50.7235926, -3.5320322 50.7236534)",no,paving_stones,,,,,,,
10693280283,10693280287,0,1149448296,footway,,,,False,True,16.12435043084347,32.1868,1.803461715704466,"LINESTRING (-3.5321783 50.7235926, -3.5322145 50.7236215, -3.5322728 50.7236654, -3.5322916 50.72369, -3.5322939 50.7237134)",no,paving_stones,,,,,,,
10693280287,496075756,0,1149448296,footway,,,,False,True,6.366606604575761,32.1868,0.7120864384304356,"LINESTRING (-3.5322939 50.7237134, -3.5322271 50.723752)",no,paving_stones,,,,,,,
10693280287,10693280275,0,1149448292,footway,,,,False,True,5.240600158673332,32.1868,0.5861458912108068,"LINESTRING (-3.5322939 50.7237134, -3.532318 50.7237371, -3.5323385 50.7237509)",no,paving_stones,,,,,,,
10693280287,10693280283,0,1149448296,footway,,,,False,False,16.124350430843467,32.1868,1.8034617157044655,"LINESTRING (-3.5322939 50.7237134, -3.5322916 50.72369, -3.5322728 50.7236654, -3.5322145 50.7236215, -3.5321783 50.7235926)",no,paving_stones,,,,,,,
496075756,10075493350,0,7981287,footway,,,,False,False,3.7325702054468337,32.1868,0.4174771253932855,"LINESTRING (-3.5322271 50.723752, -3.5321742 50.7237543)",no,paving_stones,,,,,,,
496075756,10693280287,0,1149448296,footway,,,,False,False,6.366606604575761,32.1868,0.7120864384304356,"LINESTRING (-3.5322271 50.723752, -3.5322939 50.7237134)",no,paving_stones,,,,,,,
496075756,10693280269,0,7981287,footway,,,,False,True,22.932195909253995,32.1868,2.564899439314079,"LINESTRING (-3.5322271 50.723752, -3.532248 50.7237667, -3.532428 50.723897, -3.5324433 50.7239062)",no,paving_stones,,,,,,,
40932210,10111857404,0,5550117,footway,,,Waterbeer Street,False,True,3.9965657240022714,32.1868,0.4470042566023394,"LINESTRING (-3.5331777 50.722872, -3.5331425 50.7229002)",yes,concrete,,,,,,,
40932210,59615208,0,24568853,tertiary,,20 mph,North Street,False,False,51.32395706273142,32.1868,5.740435378037988,"LINESTRING (-3.5331777 50.722872, -3.5326192 50.7225753)",yes,concrete,,,,,,,
40932210,261638410,0,24568853,tertiary,,20 mph,North Street,False,True,23.02543514924681,32.1868,2.575327977223226,"LINESTRING (-3.5331777 50.722872, -3.5332612 50.72291, -3.5334227 50.7230085)",yes,concrete,,,,,,,
10111857404,40932210,0,5550117,footway,,,Waterbeer Street,False,False,3.9965657240022714,32.1868,0.4470042566023394,"LINESTRING (-3.5331425 50.7229002, -3.5331777 50.722872)",yes,concrete,,,,,,,
10111857404,75266890,0,5550117,footway,,,Waterbeer Street,False,True,50.000677453191756,32.1868,5.59243040101813,"LINESTRING (-3.5331425 50.7229002, -3.5328941 50.7230794, -3.5326826 50.7232428)",no,concrete,,,,,,,
10111857404,2109318166,0,200494218,footway,,,,False,True,91.08503781771205,32.1868,10.18759665899572,"LINESTRING (-3.5331425 50.7229002, -3.5332025 50.7229381, -3.5333218 50.7230227, -3.5335376 50.7231665, -3.5338307 50.723373, -3.5338546 50.7233549, -3.5340178 50.7234671)",no,concrete,,,,,,,
261638410,1966705674,0,24568853,tertiary,,20 mph,North Street,False,True,32.7437517672017,32.1868,3.662293435878252,"LINESTRING (-3.5334227 50.7230085, -3.5337616 50.7232102)",yes,asphalt,,,,,,,
261638410,40932210,0,24568853,tertiary,,20 mph,North Street,False,False,23.02543514924681,32.1868,2.575327977223226,"LINESTRING (-3.5334227 50.7230085, -3.5332612 50.72291, -3.5331777 50.722872)",yes,concrete,,,,,,,
261638410,2902769580,0,"[1100659641, 1100659642, 30828491]",service,,,,False,False,25.349561702142843,32.1868,2.835274774992054,"LINESTRING (-3.5334227 50.7230085, -3.5334734 50.7229708, -3.5334927 50.722958, -3.533614 50.7228781, -3.5336712 50.7228437)",yes,asphalt,,,building_passage,,customers,,
2109318166,2109318141,0,200978444,footway,,,,False,True,13.216667782445564,32.1868,1.478245865286516,"LINESTRING (-3.5340178 50.7234671, -3.5341578 50.7233879)",yes,asphalt,,,,,,,yes
2109318166,10111857404,0,200494218,footway,,,,False,False,91.08503781771205,32.1868,10.18759665899572,"LINESTRING (-3.5340178 50.7234671, -3.5338546 50.7233549, -3.5338307 50.723373, -3.5335376 50.7231665, -3.5333218 50.7230227, -3.5332025 50.7229381, -3.5331425 50.7229002)",no,concrete,,,,,,,
2109318166,496075342,0,"[200494218, 39123589]",footway,,,,False,True,157.01033916482533,32.1868,17.561149943249134,"LINESTRING (-3.5340178 50.7234671, -3.5342092 50.7236011, -3.5332837 50.7241385, -3.5329667 50.7239109, -3.5328237 50.7238136)",no,paving_stones,,,,,,,
1966705674,261638410,0,24568853,tertiary,,20 mph,North Street,False,False,32.7437517672017,32.1868,3.662293435878252,"LINESTRING (-3.5337616 50.7232102, -3.5334227 50.7230085)",yes,asphalt,,,,,,,
1966705674,2109318214,0,24568853,tertiary,,20 mph,North Street,False,True,13.959438522184323,32.1868,1.5613226129923934,"LINESTRING (-3.5337616 50.7232102, -3.5338992 50.7233006)",yes,asphalt,,,,,,,
1966705674,2879598202,0,"[1100659644, 1100659645, 60774180]",footway,,,,False,True,70.30790730771668,32.1868,7.863735018945035,"LINESTRING (-3.5337616 50.7232102, -3.5338145 50.7231717, -3.5339177 50.7231032, -3.5339452 50.7230834, -3.5339545 50.7230535, -3.5340546 50.723, -3.5340769 50.7229904, -3.5342524 50.7229525, -3.534371 50.7229378, -3.5344388 50.7228829, -3.5344728 50.722862, -3.5345283 50.7228706)",yes,asphalt,,,building_passage,,,,
2902769580,2902769582,0,286598704,service,,,,False,False,14.936284284839404,32.1868,1.6705799714610294,"LINESTRING (-3.5336712 50.7228437, -3.5338369 50.7229276)",no,asphalt,,,,,,,
2902769580,261638408,0,"[30828490, 30828491]","['unclassified', 'service']",,,Synagogue Place,False,False,78.19254432571276,33.06144130434783,8.514243434860399,"LINESTRING (-3.5336712 50.7228437, -3.5336926 50.7228128, -3.533712 50.7227792, -3.5337061 50.7226688, -3.5337941 50.7226232, -3.5339086 50.7226108, -3.5339618 50.7226121, -3.5340203 50.7225962, -3.5340902 50.7225445, -3.5341738 50.722474, -3.534225 50.722434, -3.5342768 50.7223976, -3.5343196 50.7223592)",yes,asphalt,,,,,customers,,
2902769580,261638410,0,"[1100659641, 1100659642, 30828491]",service,,,,False,True,25.349561702142843,32.1868,2.835274774992054,"LINESTRING (-3.5336712 50.7228437, -3.533614 50.7228781, -3.5334927 50.722958, -3.5334734 50.7229708, -3.5334227 50.7230085)",yes,asphalt,,,building_passage,,customers,,
59741713,59741714,0,7981290,footway,,,,False,False,20.323393716730948,32.1868,2.2731124989197875,"LINESTRING (-3.5312026 50.7227824, -3.5309515 50.7228726)",no,asphalt,,,,,,,
59741713,9410998084,0,1111143184,footway,,,,False,True,8.382033991285308,32.1868,0.9375061319741979,"LINESTRING (-3.5312026 50.7227824, -3.5312775 50.722841)",yes,grass,,,,,,,
59741713,40933556,0,7981290,footway,,,,False,True,14.480386898621727,32.1868,1.6195891742900264,"LINESTRING (-3.5312026 50.7227824, -3.5312527 50.7227033, -3.5312633 50.7226588)",yes,grass,,,,,,,
40933558,4541081183,0,5581171,footway,,,,False,True,26.06518429899519,32.1868,2.9153150818466793,"LINESTRING (-3.5306578 50.7225737, -3.5308184 50.7224682, -3.5308157 50.7224592, -3.5308026 50.7224435, -3.5307701 50.7224197, -3.5307257 50.7224107)",yes,asphalt,,,,,,,
40933558,10081847575,0,"[50365212, 1111143183]",footway,,,,False,False,16.90910547503799,32.1868,1.8912342857984257,"LINESTRING (-3.5306578 50.7225737, -3.5306371 50.7227125, -3.5306299 50.7227243)",yes,grass,,,,,,,
40933558,40933556,0,"[1111143185, 1101712314, 1101712315, 1101712316, 1101712317]","['steps', 'footway']",,,,False,True,44.64230392022139,34.06605393721507,4.717666871807207,"LINESTRING (-3.5306578 50.7225737, -3.531005 50.7225917, -3.5310449 50.7225941, -3.5310892 50.7225978, -3.5311902 50.7226359, -3.5312236 50.7226402, -3.5312633 50.7226588)",yes,paving_stones,,,,,,,
4541081183,40933558,0,5581171,footway,,,,False,False,26.06518429899519,32.1868,2.9153150818466793,"LINESTRING (-3.5307257 50.7224107, -3.5307701 50.7224197, -3.5308026 50.7224435, -3.5308157 50.7224592, -3.5308184 50.7224682, -3.5306578 50.7225737)",yes,asphalt,,,,,,,
10081847575,106201148,0,1111143183,footway,,,,False,False,21.241842932267943,32.1868,2.375838373375564,"LINESTRING (-3.5306299 50.7227243, -3.5304781 50.7228894)",yes,paving_stones,,,,,,,
10081847575,1996169484,0,"[1020367148, 1102158382]",footway,,,,False,False,159.36021684349345,32.1868,17.82397692956667,"LINESTRING (-3.5306299 50.7227243, -3.5301663 50.7226956, -3.5299829 50.7226816, -3.5299691 50.7227387, -3.5297498 50.7227222, -3.5297545 50.722699, -3.5297083 50.7226946, -3.5297187 50.7226462, -3.5295926 50.7226364, -3.5295805 50.7226823, -3.529423 50.7226699, -3.5294333 50.7226222, -3.5290816 50.7225935, -3.5290588 50.7226007, -3.52903 50.7226275, -3.5290206 50.722664, -3.5290132 50.7226997, -3.529024 50.7227404, -3.5290562 50.7227735, -3.5290826 50.7227848)",yes,asphalt,,,,,,,
10081847575,40933558,0,"[50365212, 1111143183]",footway,,,,False,True,16.90910547503799,32.1868,1.8912342857984257,"LINESTRING (-3.5306299 50.7227243, -3.5306371 50.7227125, -3.5306578 50.7225737)",yes,grass,,,,,,,
106201148,106201159,0,7981290,footway,,,,False,False,22.499378017713294,32.1868,2.5164900165213027,"LINESTRING (-3.5304781 50.7228894, -3.5301639 50.7228523)",yes,paving_stones,,,,,,,
106201148,10081847575,0,1111143183,footway,,,,False,True,21.241842932267943,32.1868,2.375838373375564,"LINESTRING (-3.5304781 50.7228894, -3.5306299 50.7227243)",yes,asphalt,,,,,,,
106201148,59741714,0,7981290,footway,,,,False,True,33.554624698147734,32.1868,3.752987215670146,"LINESTRING (-3.5304781 50.7228894, -3.5307285 50.7228957, -3.5308499 50.7228853, -3.5309515 50.7228726)",yes,paving_stones,,,,,,,
106201148,1996169476,0,50365213,footway,,,,False,False,38.79202964970396,32.1868,4.33877573225466,"LINESTRING (-3.5304781 50.7228894, -3.5303343 50.7230579, -3.530237 50.723152, -3.5301862 50.7231833)",yes,paving_stones,,,,,,,
1996169484,59741717,0,7981290,footway,,,,False,False,6.763020832768835,32.1868,0.7564242173179009,"LINESTRING (-3.5290826 50.7227848, -3.5290449 50.7227891, -3.5290089 50.7228177)",yes,asphalt,,,,,,,
1996169484,106201159,0,7981290,footway,,,,False,True,77.1463983861209,32.1868,8.628600363814833,"LINESTRING (-3.5290826 50.7227848, -3.5292097 50.7227708, -3.5293794 50.7227659, -3.52954 50.7227747, -3.5301639 50.7228523)",yes,asphalt,,,,,,,
1996169484,9410998075,0,1102158382,footway,,,,False,False,64.21814069089001,32.1868,7.182612328258915,"LINESTRING (-3.5290826 50.7227848, -3.5293894 50.7229408, -3.5298082 50.7231346)",yes,paving_stones,,,,,,,
1996169484,10081847575,0,"[1020367148, 1102158382]",footway,,,,False,True,159.36021684349345,32.1868,17.82397692956667,"LINESTRING (-3.5290826 50.7227848, -3.5290562 50.7227735, -3.529024 50.7227404, -3.5290132 50.7226997, -3.5290206 50.722664, -3.52903 50.7226275, -3.5290588 50.7226007, -3.5290816 50.7225935, -3.5294333 50.7226222, -3.529423 50.7226699, -3.5295805 50.7226823, -3.5295926 50.7226364, -3.5297187 50.7226462, -3.5297083 50.7226946, -3.5297545 50.722699, -3.5297498 50.7227222, -3.5299691 50.7227387, -3.5299829 50.7226816, -3.5301663 50.7226956, -3.5306299 50.7227243)",yes,asphalt,,,,,,,
41428039,2907151374,0,5581286,unclassified,,20 mph,Guinea Street,False,True,2.3139197608817508,32.1868,0.25880519775728883,"LINESTRING (-3.5321723 50.7216843, -3.5322003 50.7216952)",no,paving_stones,,,,,,,
41428039,343135967,0,"[1104479128, 1104479129, 26646136]",footway,,,,False,True,33.69425758030593,32.1868,3.7686047475704747,"LINESTRING (-3.5321723 50.7216843, -3.5321076 50.7217012, -3.5319902 50.7217529, -3.5318853 50.7218017, -3.5318833 50.7218026, -3.5318071 50.7218377, -3.5317757 50.7218521)",yes,paving_stones,,,building_passage,,,,
2907151374,41428039,0,5581286,unclassified,,20 mph,Guinea Street,False,False,2.3139197608817508,32.1868,0.25880519775728883,"LINESTRING (-3.5322003 50.7216952, -3.5321723 50.7216843)",no,paving_stones,,,,,,,
2907151374,984675322,0,5581286,unclassified,,20 mph,Guinea Street,False,True,5.696023149656179,32.1868,0.6370836286540522,"LINESTRING (-3.5322003 50.7216952, -3.53225 50.7216894, -3.5322792 50.7216841)",no,paving_stones,,,,,,,
2907151374,984675319,0,84802884,service,,,,False,True,43.24451401573933,32.1868,4.836773163429157,"LINESTRING (-3.5322003 50.7216952, -3.5322224 50.7217546, -3.5323871 50.7218784, -3.532431 50.7219073, -3.5324687 50.7219316, -3.5324965 50.7219309, -3.5325345 50.7219191, -3.5325641 50.7219015, -3.5325736 50.7218806)",no,paving_stones,,,,,,parking_aisle,
343135967,59615209,0,477249491,tertiary,1,20 mph,South Street,False,False,54.61007845612808,32.1868,6.107978501810093,"LINESTRING (-3.5317757 50.7218521, -3.5313321 50.7214492)",yes,asphalt,,,,,,,
343135967,2420667925,0,477249491,tertiary,1,20 mph,South Street,False,True,27.315657083770226,32.1868,3.055176827195398,"LINESTRING (-3.5317757 50.7218521, -3.5319999 50.7220526)",yes,asphalt,,,,,,,
343135967,41428039,0,"[26646136, 1104479129, 1104479128]",footway,,,,False,False,33.69425758030594,32.1868,3.768604747570475,"LINESTRING (-3.5317757 50.7218521, -3.5318071 50.7218377, -3.5318833 50.7218026, -3.5318853 50.7218017, -3.5319902 50.7217529, -3.5321076 50.7217012, -3.5321723 50.7216843)",yes,paving_stones,,,building_passage,,,,
984675322,4538108544,0,5581286,unclassified,,20 mph,Guinea Street,False,True,31.905063360713566,32.1868,3.568488576017773,"LINESTRING (-3.5322792 50.7216841, -3.5325748 50.7214666)",no,asphalt,,,,,,,
984675322,2907151374,0,5581286,unclassified,,20 mph,Guinea Street,False,False,5.696023149656179,32.1868,0.6370836286540522,"LINESTRING (-3.5322792 50.7216841, -3.53225 50.7216894, -3.5322003 50.7216952)",no,paving_stones,,,,,,,
984675322,984675319,0,84802884,service,,,,False,False,30.305858616545656,32.1868,3.389622174915319,"LINESTRING (-3.5322792 50.7216841, -3.5325101 50.7218241, -3.5325444 50.7218456, -3.5325736 50.7218806)",no,paving_stones,,,,,,parking_aisle,
59615209,343135967,0,477249491,tertiary,1,20 mph,South Street,False,True,54.61007845612808,32.1868,6.107978501810093,"LINESTRING (-3.5313321 50.7214492, -3.5317757 50.7218521)",yes,asphalt,,,,,,,
2420667925,343135967,0,477249491,tertiary,1,20 mph,South Street,False,False,27.315657083770226,32.1868,3.055176827195398,"LINESTRING (-3.5319999 50.7220526, -3.5317757 50.7218521)",yes,asphalt,,,,,,,
2420667925,106201188,0,477249491,tertiary,1,20 mph,South Street,False,True,50.09497408240283,32.1868,5.6029772048370825,"LINESTRING (-3.5319999 50.7220526, -3.5323919 50.7224286)",yes,asphalt,,,,,,,
2420667925,2420685990,0,233725951,footway,,,,False,True,17.547727410353506,32.1868,1.9626622925321136,"LINESTRING (-3.5319999 50.7220526, -3.5319378 50.7220765, -3.5318882 50.7220963, -3.5317894 50.7221371)",yes,asphalt,,,,,,,
41434676,293146049,0,5583062,tertiary,,20 mph,Paul Street,False,False,11.974042042581623,32.1868,1.3392617890965814,"LINESTRING (-3.5343697 50.7235856, -3.5342481 50.7236609)",yes,asphalt,,,,,,,
41434676,2109318214,0,24568853,tertiary,,20 mph,North Street,False,False,45.83930388100134,32.1868,5.126992865758784,"LINESTRING (-3.5343697 50.7235856, -3.5338992 50.7233006)",yes,asphalt,,,,,,,
293146049,41434676,0,5583062,tertiary,,20 mph,Paul Street,False,True,11.974042042581623,32.1868,1.3392617890965814,"LINESTRING (-3.5342481 50.7236609, -3.5343697 50.7235856)",yes,asphalt,,,,,,,
293146049,380467946,0,596076786,tertiary,,20 mph,Paul Street,False,False,37.9063458757423,32.1868,4.23971457717674,"LINESTRING (-3.5342481 50.7236609, -3.5338389 50.7238825)",no,asphalt,,,,,,,
2109318214,1966705674,0,24568853,tertiary,,20 mph,North Street,False,False,13.959438522184323,32.1868,1.5613226129923934,"LINESTRING (-3.5338992 50.7233006, -3.5337616 50.7232102)",yes,asphalt,,,,,,,
2109318214,41434676,0,24568853,tertiary,,20 mph,North Street,False,True,45.83930388100134,32.1868,5.126992865758784,"LINESTRING (-3.5338992 50.7233006, -3.5343697 50.7235856)",yes,asphalt,,,,,,,
2109318214,2879598202,0,"[284201886, 1100659646, 1100659647]",footway,,,,False,False,65.3083716468407,32.1868,7.3045514909412095,"LINESTRING (-3.5338992 50.7233006, -3.5339611 50.7232618, -3.5340303 50.7232163, -3.5341099 50.7231641, -3.5342798 50.7230635, -3.5343252 50.7230242, -3.5344867 50.7228967, -3.5345283 50.7228706)",yes,asphalt,,,building_passage,,,,
380467946,795238615,0,596076786,tertiary,,20 mph,Paul Street,False,False,95.937642209705,32.1868,10.730346351763396,"LINESTRING (-3.5338389 50.7238825, -3.5328279 50.7244611)",no,asphalt,,,,,,,
380467946,293146049,0,596076786,tertiary,,20 mph,Paul Street,False,True,37.9063458757423,32.1868,4.23971457717674,"LINESTRING (-3.5338389 50.7238825, -3.5342481 50.7236609)",no,asphalt,,,,,,,
380467946,380467943,0,33435332,service,,,Maddocks Row,False,True,120.5248734474774,32.1868,13.480356680717522,"LINESTRING (-3.5338389 50.7238825, -3.5340306 50.7240279, -3.534066 50.7241012, -3.5340272 50.7242158, -3.5339733 50.7243046, -3.5339311 50.7243514, -3.5336367 50.7245696, -3.5333621 50.7247692)",no,asphalt,,,,,,,
2879598202,1966705674,0,"[1100659644, 60774180, 1100659645]",footway,,,,False,False,70.30790730771668,32.1868,7.863735018945035,"LINESTRING (-3.5345283 50.7228706, -3.5344728 50.722862, -3.5344388 50.7228829, -3.534371 50.7229378, -3.5342524 50.7229525, -3.5340769 50.7229904, -3.5340546 50.723, -3.5339545 50.7230535, -3.5339452 50.7230834, -3.5339177 50.7231032, -3.5338145 50.7231717, -3.5337616 50.7232102)",yes,asphalt,,,building_passage,,,,
2879598202,2109318214,0,"[1100659646, 284201886, 1100659647]",footway,,,,False,True,65.3083716468407,32.1868,7.3045514909412095,"LINESTRING (-3.5345283 50.7228706, -3.5344867 50.7228967, -3.5343252 50.7230242, -3.5342798 50.7230635, -3.5341099 50.7231641, -3.5340303 50.7232163, -3.5339611 50.7232618, -3.5338992 50.7233006)",yes,asphalt,,,building_passage,,,,
41436222,12680199227,0,1369081613,service,,,,False,False,10.061104520234075,32.1868,1.1253052889023658,"LINESTRING (-3.5281731 50.7256715, -3.528265 50.7257408)",yes,asphalt,,,,,,parking_aisle,
41436222,41437050,0,"[1153868286, 1153868287]",unclassified,2,20 mph,Bailey Street,False,False,66.10891437236292,32.1868,7.394089867290521,"LINESTRING (-3.5281731 50.7256715, -3.5282609 50.7255934, -3.5284074 50.7255229, -3.528888 50.7252916)",yes,asphalt,,,,,,,
41436222,9773201158,0,"[5581935, 1153868287]",unclassified,2,20 mph,Bailey Street,False,True,19.748399939310502,32.1868,2.208801116653964,"LINESTRING (-3.5281731 50.7256715, -3.5280915 50.7257129, -3.5279515 50.7257804)",yes,paving_stones,,,,,,,
12680199227,41436222,0,1369081613,service,,,,False,True,10.061104520234075,32.1868,1.1253052889023658,"LINESTRING (-3.528265 50.7257408, -3.5281731 50.7256715)",yes,asphalt,,,,,,parking_aisle,
41437050,41437044,0,5582075,unclassified,,,Little Castle Street,False,True,59.8209375980923,33.06144130434783,6.51379271008404,"LINESTRING (-3.528888 50.7252916, -3.5290531 50.7254483, -3.5293666 50.7255851, -3.5295177 50.7256365)",yes,asphalt,,,,,,,
41437050,41436223,0,1153868286,unclassified,2,20 mph,Bailey Street,False,False,8.2924791257765,32.1868,0.9274896806391255,"LINESTRING (-3.528888 50.7252916, -3.5289244 50.7252569, -3.5289327 50.7252244)",yes,asphalt,,,,,,,
41437050,41436222,0,"[1153868286, 1153868287]",unclassified,2,20 mph,Bailey Street,False,True,66.10891437236292,32.1868,7.394089867290521,"LINESTRING (-3.528888 50.7252916, -3.5284074 50.7255229, -3.5282609 50.7255934, -3.5281731 50.7256715)",yes,asphalt,,,,,,,
41437044,41437050,0,5582075,unclassified,,,Little Castle Street,False,False,59.8209375980923,33.06144130434783,6.51379271008404,"LINESTRING (-3.5295177 50.7256365, -3.5293666 50.7255851, -3.5290531 50.7254483, -3.528888 50.7252916)",yes,asphalt,,,,,,,
41437044,41436787,0,596076183,unclassified,,20 mph,Castle Street,False,False,45.554718735008755,32.1868,5.095162844583231,"LINESTRING (-3.5295177 50.7256365, -3.5294413 50.7255376, -3.5291983 50.7253315, -3.52916 50.7252967)",no,asphalt,,,,,,,
41437044,342384459,0,596076183,unclassified,,20 mph,Castle Street,False,True,16.922727736296387,32.1868,1.8927578961147737,"LINESTRING (-3.5295177 50.7256365, -3.5296011 50.7256894, -3.5296551 50.7257589)",no,asphalt,,,,,,,
41436223,959306928,0,82405212,unclassified,,20 mph,Musgrave Row,False,False,8.185808700616683,32.1868,0.9155589037189177,"LINESTRING (-3.5289327 50.7252244, -3.5289289 50.7251687, -3.5289265 50.7251509)",yes,paving_stones,,,,,,,
41436223,41436787,0,596076183,unclassified,,20 mph,Castle Street,False,True,18.68874926906352,32.1868,2.090282270018414,"LINESTRING (-3.5289327 50.7252244, -3.5290122 50.7252368, -3.5290614 50.7252407, -3.52911 50.7252597, -3.52916 50.7252967)",yes,asphalt,,,,,,,
41436223,41437050,0,1153868286,unclassified,2,20 mph,Bailey Street,False,True,8.2924791257765,32.1868,0.9274896806391255,"LINESTRING (-3.5289327 50.7252244, -3.5289244 50.7252569, -3.528888 50.7252916)",yes,asphalt,,,,,,,
959306928,41436223,0,82405212,unclassified,,20 mph,Musgrave Row,False,True,8.185808700616683,32.1868,0.9155589037189177,"LINESTRING (-3.5289265 50.7251509, -3.5289289 50.7251687, -3.5289327 50.7252244)",yes,asphalt,,,,,,,
959306928,2020242415,0,596076184,unclassified,,20 mph,Musgrave Row,False,False,103.52082859061085,32.1868,11.578503701088618,"LINESTRING (-3.5289265 50.7251509, -3.5289276 50.7250964, -3.5289879 50.7250653, -3.5294172 50.7248793, -3.5297839 50.7247063, -3.5299259 50.7248149, -3.5299769 50.7248741)",yes,paving_stones,,5.5,,,,,
959306928,41438063,0,"[1111109320, 5582185]",pedestrian,,,Castle Street,False,True,41.97086874952176,32.1868,4.694319643402835,"LINESTRING (-3.5289265 50.7251509, -3.5288646 50.7251449, -3.5288103 50.7251011, -3.5285719 50.7248924, -3.5285491 50.7248725)",yes,asphalt,,,,,,,
41436787,9773096890,0,"[286937723, 5582039]","['unclassified', 'footway']",,,Rougemont Place,False,"[False, True]",46.498002180522036,33.06144130434783,5.0630825894413105,"LINESTRING (-3.52916 50.7252967, -3.529564 50.7251425, -3.5297169 50.7251422, -3.5297365 50.7251405, -3.5297525 50.7251392)",no,paving_stones,,,,,,,
41436787,41436223,0,596076183,unclassified,,20 mph,Castle Street,False,False,18.688749269063525,32.1868,2.0902822700184145,"LINESTRING (-3.52916 50.7252967, -3.52911 50.7252597, -3.5290614 50.7252407, -3.5290122 50.7252368, -3.5289327 50.7252244)",yes,asphalt,,,,,,,
41436787,41437044,0,596076183,unclassified,,20 mph,Castle Street,False,True,45.554718735008755,32.1868,5.095162844583231,"LINESTRING (-3.52916 50.7252967, -3.5291983 50.7253315, -3.5294413 50.7255376, -3.5295177 50.7256365)",no,asphalt,,,,,,,
2020242415,959306935,0,27921161,service,,,,False,True,12.538024861789753,32.1868,1.4023416276996505,"LINESTRING (-3.5299769 50.7248741, -3.5300601 50.7249738)",no,asphalt,,,,,,,
2020242415,62142185,0,596076184,unclassified,,20 mph,Musgrave Row,False,False,43.94145543030346,32.1868,4.9147240343585725,"LINESTRING (-3.5299769 50.7248741, -3.5300129 50.7248557, -3.5300789 50.7248211, -3.5304892 50.7246489)",no,asphalt,,5.5,,,,,
2020242415,959306928,0,596076184,unclassified,,20 mph,Musgrave Row,False,True,103.52082859061085,32.1868,11.578503701088618,"LINESTRING (-3.5299769 50.7248741, -3.5299259 50.7248149, -3.5297839 50.7247063, -3.5294172 50.7248793, -3.5289879 50.7250653, -3.5289276 50.7250964, -3.5289265 50.7251509)",yes,paving_stones,,5.5,,,,,
9773096890,9773096889,0,286937723,footway,,,,False,True,1.9519683415061215,32.1868,0.21832198383877982,"LINESTRING (-3.5297525 50.7251392, -3.5297801 50.7251409)",no,paving_stones,,,,,,,
9773096890,306496327,0,7981835,footway,,,,False,False,29.42936971835254,32.1868,3.2915894399589014,"LINESTRING (-3.5297525 50.7251392, -3.5297533 50.725123, -3.5297508 50.7250974, -3.5297924 50.725065, -3.5298872 50.7250566, -3.5299782 50.7250855, -3.5300417 50.7251245)",no,paving_stones,,,,,,,
9773096890,41436787,0,"[286937723, 5582039]","['unclassified', 'footway']",,,Rougemont Place,False,"[False, True]",46.49800218052203,33.06144130434783,5.0630825894413105,"LINESTRING (-3.5297525 50.7251392, -3.5297365 50.7251405, -3.5297169 50.7251422, -3.529564 50.7251425, -3.52916 50.7252967)",no,paving_stones,,,,,,,
9773096889,9773096890,0,286937723,footway,,,,False,False,1.9519683415061215,32.1868,0.21832198383877982,"LINESTRING (-3.5297801 50.7251409, -3.5297525 50.7251392)",no,paving_stones,,,,,,,
9773096889,2906068053,0,286937721,footway,,,,False,False,25.388992653957374,32.1868,2.83968501231084,"LINESTRING (-3.5297801 50.7251409, -3.5298084 50.7251198, -3.5298445 50.725098, -3.5298953 50.7250963, -3.5299325 50.7251088, -3.5299514 50.7251256, -3.5299602 50.7251466, -3.5299547 50.7251626, -3.5299141 50.7252072)",no,paving_stones,,,,,,,
9773096889,9773096886,0,"[286937722, 286937723, 1064082317]","['steps', 'footway']",,,,False,True,6.857535138734332,34.06605393721507,0.7246840665767404,"LINESTRING (-3.5297801 50.7251409, -3.5298005 50.7251439, -3.5298474 50.7251603, -3.5298667 50.7251681)",no,paving_stones,,,,,,,
306496327,306496592,0,7981835,footway,,,,False,False,6.3550069641721665,32.1868,0.7107890523761232,"LINESTRING (-3.5300417 50.7251245, -3.5301054 50.725084)",no,paving_stones,,,,,,,
306496327,9773096890,0,7981835,footway,,,,False,True,29.429369718352536,32.1868,3.291589439958901,"LINESTRING (-3.5300417 50.7251245, -3.5299782 50.7250855, -3.5298872 50.7250566, -3.5297924 50.725065, -3.5297508 50.7250974, -3.5297533 50.725123, -3.5297525 50.7251392)",no,paving_stones,,,,,,,
306496327,6873148239,0,733870390,footway,,,,False,False,12.557006778317565,32.1868,1.4044646998752046,"LINESTRING (-3.5300417 50.7251245, -3.5299939 50.7251648, -3.5299388 50.7252167)",no,paving_stones,,,,,,,
342384459,2020242352,0,8693995,footway,,,,False,False,5.321978397545921,32.1868,0.5952478106293673,"LINESTRING (-3.5296551 50.7257589, -3.5297274 50.7257449)",no,asphalt,,,,,,,
342384459,2402763382,0,5582018,unclassified,,20 mph,Castle Street,False,True,21.73831043154977,32.1868,2.4313668197391225,"LINESTRING (-3.5296551 50.7257589, -3.5296892 50.7258522, -3.5297648 50.7259397)",no,asphalt,,,,,,,
342384459,41437044,0,596076183,unclassified,,20 mph,Castle Street,False,False,16.922727736296387,32.1868,1.8927578961147737,"LINESTRING (-3.5296551 50.7257589, -3.5296011 50.7256894, -3.5295177 50.7256365)",no,asphalt,,,,,,,
2020242352,342384459,0,8693995,footway,,,,False,True,5.321978397545921,32.1868,0.5952478106293673,"LINESTRING (-3.5297274 50.7257449, -3.5296551 50.7257589)",no,asphalt,,,,,,,
2020242352,62141049,0,"[8693995, 309864398]",footway,,,,False,False,94.46981411551559,32.1868,10.566174046996165,"LINESTRING (-3.5297274 50.7257449, -3.5297665 50.7258054, -3.5298186 50.7257951, -3.5299239 50.7257624, -3.5299862 50.7257352, -3.5300264 50.7257238, -3.5301036 50.7257119, -3.5301787 50.7257075, -3.5302417 50.725718, -3.5302994 50.7257353, -3.5304148 50.7257859, -3.5304844 50.7258188, -3.5305515 50.725863, -3.5307145 50.7259811, -3.5307748 50.7260247)",no,dirt,,,,,,,
2020242352,62141060,0,309864397,footway,,,,False,True,103.09810617268,32.1868,11.531223427667493,"LINESTRING (-3.5297274 50.7257449, -3.5299657 50.7256901, -3.5300418 50.7256534, -3.5300678 50.7256246, -3.5301103 50.7255315, -3.5301425 50.7254827, -3.5301891 50.7254347, -3.530266 50.7253774, -3.5303294 50.725351, -3.5304213 50.7253358, -3.5305546 50.7253173, -3.5307265 50.7253332, -3.5307765 50.7253451, -3.5308485 50.7253727)",no,asphalt,,,,,,,
2402763382,342384459,0,5582018,unclassified,,20 mph,Castle Street,False,False,21.73831043154977,32.1868,2.4313668197391225,"LINESTRING (-3.5297648 50.7259397, -3.5296892 50.7258522, -3.5296551 50.7257589)",no,asphalt,,,,,,,
10671264590,10671289907,0,30847343,footway,,,,False,True,2.767992876319473,32.1868,0.3095919555454442,"LINESTRING (-3.5287159 50.7264056, -3.5287343 50.7264276)",no,asphalt,,,,,,,
10671264590,10671264600,0,1146748993,footway,,,,False,True,6.3727826602701425,32.1868,0.712777212303569,"LINESTRING (-3.5287159 50.7264056, -3.5287866 50.7263698)",no,asphalt,,,,,,,
10671264590,2562840010,0,"[5582110, 30847343]","['footway', 'residential']",,20 mph,Northernhay Place,False,"[False, True]",57.63135681196099,32.1868,6.445899701836144,"LINESTRING (-3.5287159 50.7264056, -3.5286958 50.7263817, -3.5286165 50.726326, -3.528564 50.7262807, -3.5281863 50.7260115)",yes,asphalt,,,,,,,
2562840003,2562840010,0,249712363,service,,,,False,False,39.35379362656181,32.1868,4.401607399791919,"LINESTRING (-3.5280457 50.7262688, -3.5279271 50.7261612, -3.5279725 50.7261399, -3.5281347 50.7260498, -3.5281863 50.7260115)",yes,asphalt,,,,,,,
59817531,41438063,0,477249631,unclassified,1,20 mph,High Street,False,True,67.53005806156922,32.1868,7.553040657090771,"LINESTRING (-3.5277774 50.7252333, -3.5285491 50.7248725)",yes,asphalt,,,,,,,
59817531,5094813861,0,7991777,pedestrian,,,Eastgate,False,False,68.95199142875963,32.1868,7.712079770077631,"LINESTRING (-3.5277774 50.7252333, -3.5277632 50.72522, -3.5276125 50.7250789, -3.5272109 50.7247275)",yes,asphalt,,,,,,,
59817531,41437657,0,"[1126819250, 596074182]",unclassified,1,20 mph,High Street,False,False,28.277256813120946,32.1868,3.162728961165304,"LINESTRING (-3.5277774 50.7252333, -3.5275686 50.725331, -3.5274544 50.7253845)",yes,paving_stones,,6.6,,,,,
5094813861,59817531,0,7991777,pedestrian,,,Eastgate,False,True,68.95199142875963,32.1868,7.712079770077631,"LINESTRING (-3.5272109 50.7247275, -3.5276125 50.7250789, -3.5277632 50.72522, -3.5277774 50.7252333)",yes,asphalt,,,,,,,
5094813861,2790168750,0,7991784,pedestrian,,,Roman Walk,False,False,52.91250588222119,32.1868,5.918109944946261,"LINESTRING (-3.5272109 50.7247275, -3.5271651 50.72463, -3.5271586 50.7245941, -3.5271975 50.724257)",yes,paving_stones,,,,,,,
5094813861,5781536448,0,7992487,pedestrian,,,Princesshay,False,False,14.416699025621806,32.1868,1.6124658708613007,"LINESTRING (-3.5272109 50.7247275, -3.5271418 50.7247287, -3.5270757 50.7247284, -3.5270062 50.7247305)",yes,paving_stones,,,,,,,
5094813861,6873148262,0,7992487,pedestrian,,,Princesshay,False,True,67.76634672838411,32.1868,7.579468857487629,"LINESTRING (-3.5272109 50.7247275, -3.5273145 50.7246765, -3.5273396 50.7246622, -3.5279431 50.7243765, -3.5279621 50.7243513)",yes,paving_stones,,,,,,,
41438275,1479619192,0,1153868296,unclassified,,20 mph,Longbrook Street,False,False,7.3709153993041445,32.1868,0.8244154571903677,"LINESTRING (-3.527005 50.727087, -3.5270211 50.7270215)",yes,asphalt,,,,,,,
41438275,59996816,0,1153868296,unclassified,,20 mph,Longbrook Street,False,True,21.06518051119091,32.1868,2.356079195206957,"LINESTRING (-3.527005 50.727087, -3.5269458 50.7272727)",yes,asphalt,,,,,,,
41438275,59996025,0,883944432,residential,,20 mph,Howell Road,False,True,29.001297719490577,32.1868,3.243710831464019,"LINESTRING (-3.527005 50.727087, -3.527299 50.7271889, -3.5273608 50.7272178)",yes,asphalt,,3.1,,,,,
1479619192,41438275,0,1153868296,unclassified,,20 mph,Longbrook Street,False,True,7.3709153993041445,32.1868,0.8244154571903677,"LINESTRING (-3.5270211 50.7270215, -3.527005 50.727087)",yes,asphalt,,,,,,,
1479619192,380467940,0,"[8025901, 33435318]","['unclassified', 'steps']",,,Poltimore Square,False,"[False, True]",48.310727850956994,33.06144130434783,5.260466979114233,"LINESTRING (-3.5270211 50.7270215, -3.5265449 50.7269777, -3.5263432 50.726954)",yes,asphalt,,,,,,,
1479619192,292262646,0,42027861,unclassified,,20 mph,Longbrook Street,False,False,39.55844225623364,32.1868,4.424496754024666,"LINESTRING (-3.5270211 50.7270215, -3.5270999 50.7267667, -3.5271285 50.7266723)",yes,asphalt,,,,,,,
59996816,1787913803,0,8025899,unclassified,,,Warren Lane,False,False,24.673072375956384,33.06144130434783,2.6866058178099474,"LINESTRING (-3.5269458 50.7272727, -3.5266053 50.72722)",yes,asphalt,,,,,,,
59996816,41438275,0,1153868296,unclassified,,20 mph,Longbrook Street,False,False,21.06518051119091,32.1868,2.356079195206957,"LINESTRING (-3.5269458 50.7272727, -3.527005 50.727087)",yes,asphalt,,,,,,,
59996816,59817392,0,1153868296,unclassified,,20 mph,Longbrook Street,False,True,34.41573610242292,32.1868,3.8493000226404157,"LINESTRING (-3.5269458 50.7272727, -3.5268548 50.7275768)",yes,asphalt,,,,,,,
59996025,795238613,0,8025782,residential,,20 mph,Longbrook Terrace,False,True,21.146023300854456,32.1868,2.365121226188253,"LINESTRING (-3.5273608 50.7272178, -3.5276416 50.7272854)",no,asphalt,,,,,,,
59996025,59817390,0,28050117,residential,,20 mph,Howell Road,False,False,57.0418734679515,32.1868,6.379967703674345,"LINESTRING (-3.5273608 50.7272178, -3.5273756 50.7272914, -3.527435 50.7274809, -3.5274542 50.7277262)",no,asphalt,,,,,,,
59996025,41438275,0,883944432,residential,,20 mph,Howell Road,False,False,29.001297719490577,32.1868,3.243710831464019,"LINESTRING (-3.5273608 50.7272178, -3.527299 50.7271889, -3.527005 50.727087)",yes,asphalt,,3.1,,,,,
380467940,380467929,0,33435315,service,,,,False,False,54.09063256268754,32.1868,6.049879988867336,"LINESTRING (-3.5263432 50.726954, -3.5267031 50.7265242)",no,asphalt,,,,,,,
380467940,380467939,0,33435315,service,,,,False,True,19.920665923962716,32.1868,2.2280685661906676,"LINESTRING (-3.5263432 50.726954, -3.5261924 50.7271056)",no,asphalt,,,,,,,
380467940,1479619192,0,"[8025901, 33435318]","['unclassified', 'steps']",,,Poltimore Square,False,"[False, True]",48.310727850956994,33.06144130434783,5.260466979114233,"LINESTRING (-3.5263432 50.726954, -3.5265449 50.7269777, -3.5270211 50.7270215)",yes,asphalt,,,,,,,
1787913803,59996816,0,8025899,unclassified,,,Warren Lane,False,True,24.673072375956384,33.06144130434783,2.6866058178099474,"LINESTRING (-3.5266053 50.72722, -3.5269458 50.7272727)",yes,asphalt,,,,,,,
1787913803,380467939,0,"[33435321, 8025899]","['unclassified', 'steps']",,,Warren Lane,False,False,31.760569304961816,33.06144130434783,3.458350422334014,"LINESTRING (-3.5266053 50.72722, -3.526411 50.7271735, -3.5261924 50.7271056)",no,asphalt,,,,,,,
1787913803,380467941,0,33435324,footway,,,,False,False,40.46070896367966,32.1868,4.52541266199954,"LINESTRING (-3.5266053 50.72722, -3.5265412 50.7273237, -3.5263826 50.7275554)",no,asphalt,,,,,,,
59817392,59996816,0,1153868296,unclassified,,20 mph,Longbrook Street,False,False,34.41573610242292,32.1868,3.8493000226404157,"LINESTRING (-3.5268548 50.7275768, -3.5269458 50.7272727)",yes,asphalt,,,,,,,
59817392,494926562,0,1153868296,unclassified,,20 mph,Longbrook Street,False,True,61.96261946949889,32.1868,6.9303388373555626,"LINESTRING (-3.5268548 50.7275768, -3.5265597 50.7281018)",yes,asphalt,,,,,,,
59817392,760487643,0,1153868297,residential,,20 mph,Old Park Road,False,True,34.09435812571233,32.1868,3.8133548303206415,"LINESTRING (-3.5268548 50.7275768, -3.5271618 50.7277016, -3.5272665 50.7277381)",yes,asphalt,,,,,,,
795238613,59996025,0,8025782,residential,,20 mph,Longbrook Terrace,False,False,21.146023300854456,32.1868,2.365121226188253,"LINESTRING (-3.5276416 50.7272854, -3.5273608 50.7272178)",no,asphalt,,,,,,,
795238613,795238614,0,64880056,service,,,,False,False,21.76377756930953,32.1868,2.4342152450543177,"LINESTRING (-3.5276416 50.7272854, -3.5277139 50.7270951)",no,asphalt,,,,,,parking_aisle,
795238613,2273119522,0,8025782,residential,,20 mph,Longbrook Terrace,False,True,32.07943392382916,32.1868,3.5879914165367475,"LINESTRING (-3.5276416 50.7272854, -3.5278086 50.727308, -3.52809 50.7273365)",no,asphalt,,,,,,,
59817390,59996411,0,245691876,residential,,20 mph,Howell Road,False,False,3.711887396709214,32.1868,0.41516381336924363,"LINESTRING (-3.5274542 50.7277262, -3.5275025 50.7277396)",no,asphalt,,,,,,,
59817390,760487643,0,7991740,residential,,20 mph,Old Park Road,False,False,13.374271469542286,32.1868,1.4958733794708463,"LINESTRING (-3.5274542 50.7277262, -3.5273671 50.7277245, -3.5272665 50.7277381)",no,asphalt,,,,,,,
59817390,59996025,0,28050117,residential,,20 mph,Howell Road,False,True,57.04187346795149,32.1868,6.379967703674344,"LINESTRING (-3.5274542 50.7277262, -3.527435 50.7274809, -3.5273756 50.7272914, -3.5273608 50.7272178)",no,asphalt,,,,,,,
41438280,2906051676,0,5582189,unclassified,,20 mph,King William Street,False,False,33.85660972956779,32.1868,3.7867633634422826,"LINESTRING (-3.5255729 50.7271912, -3.5255514 50.7270822, -3.5255369 50.7270251, -3.5255353 50.7269851, -3.5255086 50.7268898)",no,asphalt,,,,,,,
41438280,3597229443,0,5582257,residential,,20 mph,King William Street,False,False,13.118796684509382,32.1868,1.4672992675330814,"LINESTRING (-3.5255729 50.7271912, -3.5255795 50.7272134, -3.5255745 50.7272328, -3.5255682 50.7272504, -3.5255233 50.7273006)",no,asphalt,,,,,,,
41438280,5218704433,0,"[619856298, 353931131, 539297037]",service,,,,False,True,92.94075363749705,32.1868,10.395153078124865,"LINESTRING (-3.5255729 50.7271912, -3.525651 50.7271701, -3.5257134 50.7271356, -3.5257935 50.7270572, -3.5258629 50.7269787, -3.5257941 50.7269302, -3.525813 50.7269091, -3.5258264 50.7268893, -3.5258329 50.7268715, -3.5258346 50.7268586, -3.5258276 50.7268323, -3.5258222 50.7268247, -3.5258064 50.7268137, -3.5257782 50.7267995, -3.5257608 50.7267951, -3.5257302 50.7267924, -3.525698 50.7267941, -3.5256619 50.7268027, -3.5256394 50.7268137, -3.5256275 50.7268282, -3.5256213 50.7268435, -3.5256194 50.7268552, -3.5256208 50.7268742, -3.5256296 50.7268888, -3.5256455 50.7269014, -3.5256709 50.726912, -3.5256928 50.7269168, -3.5257211 50.7269189, -3.5257585 50.7269151, -3.525851 50.7269467)",no,asphalt,,,,,,,
2906051676,2906051679,0,5582189,unclassified,,20 mph,King William Street,False,False,65.70125288080153,32.1868,7.3484941146956375,"LINESTRING (-3.5255086 50.7268898, -3.5255135 50.7268273, -3.5255684 50.7267685, -3.5256367 50.726716, -3.5258166 50.7265853, -3.5260339 50.7264648, -3.5260759 50.7264409)",no,asphalt,,,,,,,
2906051676,2906051679,1,286934521,service,,,,False,False,86.15858519391722,32.1868,9.636587256207577,"LINESTRING (-3.5255086 50.7268898, -3.5254018 50.726833, -3.5254043 50.7267701, -3.5254947 50.7266951, -3.5259722 50.7263778, -3.5260759 50.7264409)",no,asphalt,,,,,,,
2906051676,41438280,0,5582189,unclassified,,20 mph,King William Street,False,True,33.85660972956779,32.1868,3.7867633634422826,"LINESTRING (-3.5255086 50.7268898, -3.5255353 50.7269851, -3.5255369 50.7270251, -3.5255514 50.7270822, -3.5255729 50.7271912)",no,asphalt,,,,,,,
3597229443,2268591192,0,5582257,residential,,20 mph,King William Street,False,False,54.33179595633599,32.1868,6.076853413287732,"LINESTRING (-3.5255233 50.7273006, -3.5254708 50.7273412, -3.5252083 50.7274702, -3.5251168 50.7275178, -3.5250356 50.7275735, -3.5250035 50.7276015, -3.5249774 50.7276384)",no,asphalt,,,,,,,
3597229443,41438280,0,5582257,residential,,20 mph,King William Street,False,True,13.11879668450938,32.1868,1.4672992675330812,"LINESTRING (-3.5255233 50.7273006, -3.5255682 50.7272504, -3.5255745 50.7272328, -3.5255795 50.7272134, -3.5255729 50.7271912)",no,asphalt,,,,,,,
3597229443,7644003297,0,26625281,footway,,,,False,False,86.58362003027165,32.1868,9.684126166906246,"LINESTRING (-3.5255233 50.7273006, -3.5254573 50.7272591, -3.5254821 50.7272349, -3.5254942 50.72717, -3.5254768 50.7271203, -3.5254193 50.7270547, -3.5253354 50.7269708, -3.5252039 50.7268506, -3.525181 50.7268134, -3.5249669 50.7266475)",no,asphalt,,,,,,,
5218704433,5218704444,0,"[619856297, 539297035]",service,,,,False,True,67.94436800141747,32.1868,7.599380019296821,"LINESTRING (-3.525851 50.7269467, -3.5260474 50.7270104, -3.5263762 50.7265875)",no,asphalt,,,,,,parking_aisle,
5218704433,5218704444,1,"[539297036, 539297038]",service,,,,False,False,67.4532392761476,32.1868,7.5444486992845325,"LINESTRING (-3.525851 50.7269467, -3.5261752 50.7265281, -3.5263762 50.7265875)",no,asphalt,,,,,,parking_aisle,
5218704433,41438280,0,"[619856298, 353931131, 539297037]",service,,,,False,False,92.94075363749705,32.1868,10.395153078124865,"LINESTRING (-3.525851 50.7269467, -3.5257585 50.7269151, -3.5257211 50.7269189, -3.5256928 50.7269168, -3.5256709 50.726912, -3.5256455 50.7269014, -3.5256296 50.7268888, -3.5256208 50.7268742, -3.5256194 50.7268552, -3.5256213 50.7268435, -3.5256275 50.7268282, -3.5256394 50.7268137, -3.5256619 50.7268027, -3.525698 50.7267941, -3.5257302 50.7267924, -3.5257608 50.7267951, -3.5257782 50.7267995, -3.5258064 50.7268137, -3.5258222 50.7268247, -3.5258276 50.7268323, -3.5258346 50.7268586, -3.5258329 50.7268715, -3.5258264 50.7268893, -3.525813 50.7269091, -3.5257941 50.7269302, -3.5258629 50.7269787, -3.5257935 50.7270572, -3.5257134 50.7271356, -3.525651 50.7271701, -3.5255729 50.7271912)",no,asphalt,,,,,,,
2906051679,494934617,0,5582189,unclassified,,20 mph,King William Street,False,False,20.568529586778713,32.1868,2.3005302332758575,"LINESTRING (-3.5260759 50.7264409, -3.5261445 50.7264206, -3.5262686 50.7264028, -3.5263578 50.7264011)",no,asphalt,,,,,,,
2906051679,2906051676,0,5582189,unclassified,,20 mph,King William Street,False,True,65.70125288080153,32.1868,7.3484941146956375,"LINESTRING (-3.5260759 50.7264409, -3.5260339 50.7264648, -3.5258166 50.7265853, -3.5256367 50.726716, -3.5255684 50.7267685, -3.5255135 50.7268273, -3.5255086 50.7268898)",no,asphalt,,,,,,,
2906051679,2906051676,1,286934521,service,,,,False,True,86.15858519391723,32.1868,9.636587256207578,"LINESTRING (-3.5260759 50.7264409, -3.5259722 50.7263778, -3.5254947 50.7266951, -3.5254043 50.7267701, -3.5254018 50.726833, -3.5255086 50.7268898)",no,asphalt,,,,,,,
2268591192,2268591156,0,5582257,residential,,20 mph,King William Street,False,False,102.1520719028461,32.1868,11.425412245089477,"LINESTRING (-3.5249774 50.7276384, -3.5248838 50.7277635, -3.5247738 50.7278845, -3.5247365 50.7279226, -3.5246459 50.7279743, -3.5242496 50.7281649, -3.5240028 50.7282954)",yes,asphalt,,,,,,,
2268591192,3597229443,0,5582257,residential,,20 mph,King William Street,False,True,54.331795956335995,32.1868,6.076853413287733,"LINESTRING (-3.5249774 50.7276384, -3.5250035 50.7276015, -3.5250356 50.7275735, -3.5251168 50.7275178, -3.5252083 50.7274702, -3.5254708 50.7273412, -3.5255233 50.7273006)",no,asphalt,,,,,,,
2268591192,380467923,0,522644783,service,,,,False,False,119.63005960151125,32.1868,13.380274353630698,"LINESTRING (-3.5249774 50.7276384, -3.5250662 50.72765, -3.5251918 50.7276604, -3.5253147 50.7276686, -3.5254605 50.7276495, -3.5255655 50.7276004, -3.5256717 50.7275428, -3.5257104 50.727424, -3.5257721 50.727308, -3.5258722 50.7271719, -3.5259396 50.7271148, -3.5261191 50.727177)",no,asphalt,,,,,,,
5218704444,494934617,0,377177135,service,,,,False,True,30.790646716857566,32.1868,3.4438443144608115,"LINESTRING (-3.5263762 50.7265875, -3.5264112 50.7265568, -3.5265188 50.7264751, -3.5264967 50.7264428, -3.5264048 50.7264182, -3.5263578 50.7264011)",no,asphalt,,,,,,,
5218704444,5218704433,0,"[539297036, 539297038]",service,,,,False,True,67.4532392761476,32.1868,7.5444486992845325,"LINESTRING (-3.5263762 50.7265875, -3.5261752 50.7265281, -3.525851 50.7269467)",no,asphalt,,,,,,parking_aisle,
5218704444,5218704433,1,"[619856297, 539297035]",service,,,,False,False,67.94436800141747,32.1868,7.599380019296821,"LINESTRING (-3.5263762 50.7265875, -3.5260474 50.7270104, -3.525851 50.7269467)",no,asphalt,,,,,,parking_aisle,
41439957,84917001,0,270198554,pedestrian,,,St James' Terrace,False,True,32.47132333514873,32.1868,3.631823107812378,"LINESTRING (-3.5226531 50.7300684, -3.5231024 50.7301347)",no,asphalt,,,,,,,
41439957,84915961,0,221601916,residential,2,,Well Street,False,False,30.74386349649164,32.7417448275862,3.3803301922419062,"LINESTRING (-3.5226531 50.7300684, -3.522692 50.7299632, -3.5227591 50.7298002)",no,asphalt,,,,,,,
84917001,41439957,0,270198554,pedestrian,,,St James' Terrace,False,False,32.47132333514873,32.1868,3.631823107812378,"LINESTRING (-3.5231024 50.7301347, -3.5226531 50.7300684)",no,asphalt,,,,,,,
84917001,13319015088,0,270198554,pedestrian,,,St James' Terrace,False,True,0.8066901488765674,32.1868,0.0902259477784571,"LINESTRING (-3.5231024 50.7301347, -3.5231131 50.7301321)",no,asphalt,,,,,,,
84915961,84915956,0,10245018,pedestrian,,,Brook Green Terrace,False,True,67.03045712803862,32.1868,7.497161745216644,"LINESTRING (-3.5227591 50.7298002, -3.5231963 50.7298392, -3.5236979 50.7299004)",no,asphalt,,,,,,,
84915961,2752524222,0,221601916,residential,2,,Well Street,False,False,33.612885249415626,32.7417448275862,3.695783090824886,"LINESTRING (-3.5227591 50.7298002, -3.5227752 50.7297374, -3.522795 50.7296927, -3.5229258 50.7295192)",no,asphalt,,,,,,,
84915961,41439957,0,221601916,residential,2,,Well Street,False,True,30.74386349649164,32.7417448275862,3.3803301922419062,"LINESTRING (-3.5227591 50.7298002, -3.522692 50.7299632, -3.5226531 50.7300684)",no,asphalt,,,,,,,
13319015088,84917001,0,270198554,pedestrian,,,St James' Terrace,False,False,0.8066901488765674,32.1868,0.0902259477784571,"LINESTRING (-3.5231131 50.7301321, -3.5231024 50.7301347)",no,asphalt,,,,,,,
84915956,84915961,0,10245018,pedestrian,,,Brook Green Terrace,False,False,67.03045712803862,32.1868,7.497161745216644,"LINESTRING (-3.5236979 50.7299004, -3.5231963 50.7298392, -3.5227591 50.7298002)",no,asphalt,,,,,,,
2752524222,431231592,0,221601916,residential,2,,Well Street,False,False,35.96397719013724,32.7417448275862,3.95428889224652,"LINESTRING (-3.5229258 50.7295192, -3.5231821 50.7292394)",yes,asphalt,,,,,,,
2752524222,84915449,0,10244913,pedestrian,,,Clarence Place,False,True,68.11115533417872,32.1868,7.618034697548169,"LINESTRING (-3.5229258 50.7295192, -3.5230206 50.7295434, -3.5232211 50.729607, -3.5238186 50.7297543)",no,asphalt,,,,,,,
2752524222,84915961,0,221601916,residential,2,,Well Street,False,True,33.61288524941562,32.7417448275862,3.6957830908248854,"LINESTRING (-3.5229258 50.7295192, -3.522795 50.7296927, -3.5227752 50.7297374, -3.5227591 50.7298002)",no,asphalt,,,,,,,
41443389,6045807564,0,5582650,unclassified,,30 mph,Sidwell Street,False,True,38.43228927007648,48.2802,2.8656932111357314,"LINESTRING (-3.5210547 50.7288015, -3.5211791 50.7287238, -3.5213455 50.7286501, -3.52148 50.7285862)",no,asphalt,,,,,,,
41443389,292264559,0,655483767,secondary,,30 mph,,False,False,6.40714958453383,48.2802,0.477747368575975,"LINESTRING (-3.5210547 50.7288015, -3.5210448 50.7288296, -3.5210297 50.7288568)",no,asphalt,B3212,,,roundabout,,,
41443389,1011324887,0,655483770,secondary,,30 mph,,False,True,32.33496162757517,48.2802,2.4110476315191445,"LINESTRING (-3.5210547 50.7288015, -3.5210584 50.7287434, -3.5210405 50.7286863, -3.5210018 50.7286336, -3.5209445 50.7285881, -3.5208719 50.7285525)",no,asphalt,B3212,,,roundabout,,,
7813037155,2055156336,0,284202554,footway,,,,False,False,4.093395397049425,32.1868,0.4578343740097782,"LINESTRING (-3.5194687 50.7291323, -3.5194966 50.7291646)",no,asphalt,,,,,,,
7813037155,7813037154,0,284202717,footway,,,,False,False,6.915157780529782,32.1868,0.7734402926015391,"LINESTRING (-3.5194687 50.7291323, -3.5195451 50.7290932)",no,asphalt,,,,,,,
1014031525,1242470742,0,26645387,secondary,1,30 mph,Blackboy Road,False,False,13.874920998518812,48.2802,1.0345797157979404,"LINESTRING (-3.5196014 50.729195, -3.5194353 50.7292622)",no,asphalt,B3212,,,,,,
1014031525,1011319044,0,26645387,secondary,1,30 mph,Blackboy Road,False,True,27.203503665185522,48.2802,2.0284218622679253,"LINESTRING (-3.5196014 50.729195, -3.5197585 50.7291322, -3.5199199 50.7290567)",no,asphalt,B3212,,,,,,
1014031525,388337704,0,284202554,footway,,,,False,False,13.52111369958289,32.1868,1.5122972559713428,"LINESTRING (-3.5196014 50.729195, -3.5196309 50.7292349, -3.5197436 50.7292653)",no,asphalt,,,,,,,
1014031525,2055156336,0,284202554,footway,,,,False,True,11.28298497953389,32.1868,1.2619690657760947,"LINESTRING (-3.5196014 50.729195, -3.5195826 50.7291721, -3.5195276 50.7291934, -3.5194966 50.7291646)",no,asphalt,,,,,,,
1011319044,388337704,0,8695090,service,,,,False,False,33.06473393006422,32.1868,3.6981943575699106,"LINESTRING (-3.5199199 50.7290567, -3.5199597 50.7291371, -3.5199616 50.7291913, -3.5199124 50.7292216, -3.5197436 50.7292653)",no,asphalt,,,,,,,
1011319044,1014031525,0,26645387,secondary,1,30 mph,Blackboy Road,False,False,27.203503665185522,48.2802,2.0284218622679253,"LINESTRING (-3.5199199 50.7290567, -3.5197585 50.7291322, -3.5196014 50.729195)",no,asphalt,B3212,,,,,,
1011319044,41440872,0,26645387,secondary,1,30 mph,Blackboy Road,False,True,40.01958320196948,48.2802,2.9840493520550893,"LINESTRING (-3.5199199 50.7290567, -3.5200745 50.7289854, -3.520194 50.7289639, -3.5203065 50.7289518, -3.5204448 50.7289603)",yes,asphalt,B3212,,,,,,
292265099,388337702,0,26645399,residential,1,30 mph,Old Tiverton Road,False,True,17.512956559053297,48.2802,1.3058488492713756,"LINESTRING (-3.5205736 50.7289991, -3.5206183 50.7290376, -3.5206293 50.7290579, -3.5206345 50.7290819, -3.520634 50.7291053, -3.5206315 50.7291459)",yes,asphalt,,,,,,,
292265099,41441797,0,655483759,secondary,,30 mph,,False,True,20.211264344718884,48.2802,1.5070474364436763,"LINESTRING (-3.5205736 50.7289991, -3.5206684 50.7290073, -3.5207635 50.7290005, -3.5208531 50.7289791)",yes,asphalt,B3212,,,roundabout,,,
292265099,41440872,0,655483779,secondary,,30 mph,,False,False,10.083658489523298,48.2802,0.7518852565292578,"LINESTRING (-3.5205736 50.7289991, -3.5205063 50.7289835, -3.5204448 50.7289603)",yes,asphalt,B3212,,,roundabout,,,
388337704,2715479432,0,8694735,footway,,,,False,True,7.715537112899269,32.1868,0.8629603939017663,"LINESTRING (-3.5197436 50.7292653, -3.5198532 50.729264)",no,asphalt,,,,,,,
388337704,1242470742,0,8695090,service,,,,False,False,23.696070736710833,32.1868,2.6503366178731347,"LINESTRING (-3.5197436 50.7292653, -3.5195824 50.7292988, -3.5195302 50.7292982, -3.5194829 50.7292914, -3.5194353 50.7292622)",no,asphalt,,,,,,,
388337704,1011319044,0,8695090,service,,,,False,True,33.06473393006422,32.1868,3.6981943575699106,"LINESTRING (-3.5197436 50.7292653, -3.5199124 50.7292216, -3.5199616 50.7291913, -3.5199597 50.7291371, -3.5199199 50.7290567)",no,asphalt,,,,,,,
388337704,1014031525,0,284202554,footway,,,,False,True,13.52111369958289,32.1868,1.5122972559713428,"LINESTRING (-3.5197436 50.7292653, -3.5196309 50.7292349, -3.5196014 50.729195)",no,asphalt,,,,,,,
388337702,2705265868,0,1153868572,residential,,20 mph,Old Tiverton Road,False,False,3.4739401902380247,32.1868,0.38855011013387136,"LINESTRING (-3.5206315 50.7291459, -3.5206019 50.7291709)",yes,paved,,,,,,,
388337702,41441797,0,5582540,residential,1,30 mph,Old Tiverton Road,False,True,24.846661783705162,48.2802,1.8526845874983655,"LINESTRING (-3.5206315 50.7291459, -3.5207384 50.7290815, -3.5208015 50.7290401, -3.5208451 50.7290114, -3.5208531 50.7289791)",yes,asphalt,,,,,,,
388337702,292265099,0,26645399,residential,1,30 mph,Old Tiverton Road,False,False,17.5129565590533,48.2802,1.3058488492713758,"LINESTRING (-3.5206315 50.7291459, -3.520634 50.7291053, -3.5206345 50.7290819, -3.5206293 50.7290579, -3.5206183 50.7290376, -3.5205736 50.7289991)",yes,asphalt,,,,,,,
41441797,388337702,0,5582540,residential,1,30 mph,Old Tiverton Road,False,False,24.846661783705162,48.2802,1.8526845874983655,"LINESTRING (-3.5208531 50.7289791, -3.5208451 50.7290114, -3.5208015 50.7290401, -3.5207384 50.7290815, -3.5206315 50.7291459)",yes,asphalt,,,,,,,
41441797,292265099,0,655483759,secondary,,30 mph,,False,False,20.211264344718884,48.2802,1.5070474364436763,"LINESTRING (-3.5208531 50.7289791, -3.5207635 50.7290005, -3.5206684 50.7290073, -3.5205736 50.7289991)",yes,asphalt,B3212,,,roundabout,,,
41441797,292264559,0,655483762,secondary,,30 mph,,False,True,18.75322693871731,48.2802,1.3983292732710784,"LINESTRING (-3.5208531 50.7289791, -3.5209264 50.7289473, -3.5209863 50.7289059, -3.5210297 50.7288568)",yes,asphalt,B3212,,,roundabout,,,
292264559,7644003326,0,786413738,residential,,,James Owen Court,False,True,6.734659731294013,32.7417448275862,0.7404851256500928,"LINESTRING (-3.5210297 50.7288568, -3.5210974 50.7288996)",no,paved,,,,,,,
292264559,41441797,0,655483762,secondary,,30 mph,,False,False,18.75322693871731,48.2802,1.3983292732710784,"LINESTRING (-3.5210297 50.7288568, -3.5209863 50.7289059, -3.5209264 50.7289473, -3.5208531 50.7289791)",yes,asphalt,B3212,,,roundabout,,,
292264559,41443389,0,655483767,secondary,,30 mph,,False,True,6.40714958453383,48.2802,0.477747368575975,"LINESTRING (-3.5210297 50.7288568, -3.5210448 50.7288296, -3.5210547 50.7288015)",no,asphalt,B3212,,,roundabout,,,
2705265868,62151581,0,1153868572,residential,,20 mph,Old Tiverton Road,False,False,44.3503030358097,32.1868,4.960452450349676,"LINESTRING (-3.5206019 50.7291709, -3.5202373 50.7294962)",yes,paved,,,,,,,
2705265868,388337702,0,1153868572,residential,,20 mph,Old Tiverton Road,False,True,3.4739401902380247,32.1868,0.38855011013387136,"LINESTRING (-3.5206019 50.7291709, -3.5206315 50.7291459)",yes,paved,,,,,,,
2705265868,7644003326,0,818514813,footway,,,,False,False,50.17646987972072,32.1868,5.612092272825961,"LINESTRING (-3.5206019 50.7291709, -3.5206715 50.7291959, -3.5208848 50.7290465, -3.5210974 50.7288996)",yes,paved,,,,,,,
2705265868,2715479432,0,818514813,footway,,,,False,True,60.43483365842024,32.1868,6.759460436275519,"LINESTRING (-3.5206019 50.7291709, -3.5205176 50.7291055, -3.5204705 50.7290932, -3.5203507 50.7291314, -3.5199922 50.7292206, -3.5198532 50.729264)",yes,paved,,,,,,,
7644003326,292264559,0,786413738,residential,,,James Owen Court,False,False,6.734659731294013,32.7417448275862,0.7404851256500928,"LINESTRING (-3.5210974 50.7288996, -3.5210297 50.7288568)",no,paved,,,,,,,
7644003326,2651823518,0,"[786413738, 786413739, 259731780, 26645373]","['service', 'residential']",,,James Owen Court,False,True,92.4305397227568,32.1868,10.338087135158654,"LINESTRING (-3.5210974 50.7288996, -3.5211588 50.7289359, -3.5212127 50.7289772, -3.5214757 50.7291536, -3.5214827 50.7292006, -3.52148 50.7292329, -3.5216007 50.7293008, -3.5216999 50.7293161, -3.5219521 50.7291429)",no,paved,,,building_passage,,,,
7644003326,6045807564,0,"[1118124312, 818514813]",footway,,,,False,"[False, True]",50.03485734608011,32.1868,5.596253322662968,"LINESTRING (-3.5210974 50.7288996, -3.5215433 50.7286199, -3.5215014 50.7285945, -3.52148 50.7285862)",no,paved,,,,,,,
7644003326,2705265868,0,818514813,footway,,,,False,True,50.17646987972072,32.1868,5.612092272825961,"LINESTRING (-3.5210974 50.7288996, -3.5208848 50.7290465, -3.5206715 50.7291959, -3.5206019 50.7291709)",yes,paved,,,,,,,
6045807564,41443389,0,5582650,unclassified,,30 mph,Sidwell Street,False,False,38.43228927007648,48.2802,2.8656932111357314,"LINESTRING (-3.52148 50.7285862, -3.5213455 50.7286501, -3.5211791 50.7287238, -3.5210547 50.7288015)",no,asphalt,,,,,,,
6045807564,292265711,0,5582650,unclassified,,30 mph,Sidwell Street,False,True,19.157453700880538,48.2802,1.428470332002973,"LINESTRING (-3.52148 50.7285862, -3.5215782 50.7285405, -3.521681 50.7284711)",no,asphalt,,,,,,,
6045807564,7644003326,0,"[1118124312, 818514813]",footway,,,,False,"[False, True]",50.03485734608011,32.1868,5.596253322662968,"LINESTRING (-3.52148 50.7285862, -3.5215014 50.7285945, -3.5215433 50.7286199, -3.5210974 50.7288996)",no,paved,,,,,,,
6045807564,2715479537,0,1118124312,footway,,,,False,True,4.888212916073115,32.1868,0.5467324026577112,"LINESTRING (-3.52148 50.7285862, -3.5214528 50.7285736, -3.521424 50.7285602)",no,asphalt,,,,,,,
292265711,6045807564,0,5582650,unclassified,,30 mph,Sidwell Street,False,False,19.157453700880538,48.2802,1.428470332002973,"LINESTRING (-3.521681 50.7284711, -3.5215782 50.7285405, -3.52148 50.7285862)",no,asphalt,,,,,,,
292265711,2715479537,0,26645460,unclassified,,30 mph,Sidwell Street,False,True,20.669853226811952,48.2802,1.5412419918832778,"LINESTRING (-3.521681 50.7284711, -3.5215292 50.7285168, -3.521424 50.7285602)",no,asphalt,,,,,,,
292265711,288334082,0,41914685,unclassified,2,20 mph,Sidwell Street,False,False,10.580263216835284,32.1868,1.183371679713641,"LINESTRING (-3.521681 50.7284711, -3.5217079 50.7284579, -3.521801 50.7284138)",no,asphalt,,,,,,,
62142185,54212215,0,27921190,unclassified,,20 mph,Musgrave Row,False,False,41.227991637065834,32.1868,4.611230998217811,"LINESTRING (-3.5304892 50.7246489, -3.5309546 50.7244238)",yes,asphalt,,6.1,,,,,
62142185,306495559,0,27921161,service,,,,False,False,15.86187440180413,32.1868,1.7741045349800189,"LINESTRING (-3.5304892 50.7246489, -3.5305228 50.7246769, -3.5306173 50.7247662)",no,asphalt,,,,,,,
62142185,2020242415,0,596076184,unclassified,,20 mph,Musgrave Row,False,True,43.94145543030346,32.1868,4.9147240343585725,"LINESTRING (-3.5304892 50.7246489, -3.5300789 50.7248211, -3.5300129 50.7248557, -3.5299769 50.7248741)",no,asphalt,,5.5,,,,,
62143010,8963647388,0,7036615,pedestrian,,,Gandy Street,False,True,10.879003605935743,32.1868,1.2167849236758137,"LINESTRING (-3.5313403 50.7246966, -3.5314306 50.724776)",yes,paving_stones,,,,,,,
62143010,54212215,0,7036615,pedestrian,,,Gandy Street,False,False,40.71361599972017,32.1868,4.553699578677987,"LINESTRING (-3.5313403 50.7246966, -3.531199 50.724594, -3.5310028 50.724459, -3.5309546 50.7244238)",yes,paving_stones,,,,,,,
62143010,62143009,0,"[1128306720, 8694117, 1020286806, 1020286807, 651578936]",footway,,,New Buildings,False,True,41.6029727173524,32.1868,4.653171541826732,"LINESTRING (-3.5313403 50.7246966, -3.5313184 50.7247086, -3.5313161 50.7247096, -3.5312487 50.7247455, -3.5312129 50.7247643, -3.531152 50.7248001, -3.5310929 50.7248401, -3.5310754 50.7248501, -3.5309954 50.7249046, -3.5309922 50.7249067, -3.530978 50.7249158, -3.5309367 50.7249658)",yes,paving_stones,,,building_passage,,,,
306495559,959306935,0,27921161,service,,,,False,False,48.40412001082174,32.1868,5.413860092924997,"LINESTRING (-3.5306173 50.7247662, -3.530453 50.7248476, -3.5301095 50.7249974, -3.5300601 50.7249738)",no,paving_stones,,,,,,,
306495559,62142185,0,27921161,service,,,,False,True,15.86187440180413,32.1868,1.7741045349800189,"LINESTRING (-3.5306173 50.7247662, -3.5305228 50.7246769, -3.5304892 50.7246489)",no,asphalt,,,,,,,
306495559,10315489210,0,"[1128306718, 1128306719]",service,,,,False,"[False, True]",21.342629866923286,32.1868,2.3871110989885245,"LINESTRING (-3.5306173 50.7247662, -3.5307076 50.7248071, -3.5308244 50.7249037)",no,asphalt,,,,,,parking_aisle,
8963647388,62143010,0,7036615,pedestrian,,,Gandy Street,False,False,10.879003605935743,32.1868,1.2167849236758137,"LINESTRING (-3.5314306 50.724776, -3.5313403 50.7246966)",yes,paving_stones,,,,,,,
8963647388,54212836,0,7036615,pedestrian,,,Gandy Street,False,True,33.87150359557748,32.1868,3.7884291990529952,"LINESTRING (-3.5314306 50.724776, -3.5314961 50.7248366, -3.5315711 50.7249119, -3.5317045 50.7250163, -3.5317124 50.7250224)",yes,paving_stones,,,,,,,
8963647388,62142577,0,"[1102252525, 651578933, 971180349, 971180350, 971180351]",footway,,,Queens Walk,False,False,41.7633642308889,32.1868,4.671110866293016,"LINESTRING (-3.5314306 50.724776, -3.5314533 50.7247644, -3.531455 50.7247638, -3.5315097 50.7247343, -3.5315701 50.7246986, -3.5315883 50.7246802, -3.5317895 50.7245745, -3.53188 50.7245328)",yes,paving_stones,,,building_passage,,,,
62143009,62141562,0,8694023,footway,,,,False,False,48.31473535315955,32.1868,5.403862678842706,"LINESTRING (-3.5309367 50.7249658, -3.5309786 50.7249983, -3.5310162 50.7250251, -3.5310403 50.7250616, -3.5311446 50.7250989, -3.531345 50.7251594, -3.5315035 50.7251687)",no,asphalt,,,,,,,
62143009,306496592,0,"[7981835, 651578938, 651578939, 8694023]",footway,,,,False,True,76.84236648641897,32.1868,8.59459527977644,"LINESTRING (-3.5309367 50.7249658, -3.5308412 50.7249809, -3.5308195 50.7249647, -3.5306314 50.7248236, -3.5304727 50.7248987, -3.5301729 50.7250541, -3.5301173 50.7250787, -3.5301054 50.725084)",no,paving_stones,,,,,,,
62143009,62141060,0,8694247,footway,,,,False,True,46.76798976840144,32.1868,5.230863682200319,"LINESTRING (-3.5309367 50.7249658, -3.5309117 50.725053, -3.5309053 50.7250681, -3.530867 50.7251586, -3.5308122 50.725249, -3.5308485 50.7253727)",no,asphalt,,,,,,,
62143009,62143010,0,"[1128306720, 8694117, 1020286806, 1020286807, 651578936]",footway,,,New Buildings,False,False,41.60297271735241,32.1868,4.653171541826733,"LINESTRING (-3.5309367 50.7249658, -3.530978 50.7249158, -3.5309922 50.7249067, -3.5309954 50.7249046, -3.5310754 50.7248501, -3.5310929 50.7248401, -3.531152 50.7248001, -3.5312129 50.7247643, -3.5312487 50.7247455, -3.5313161 50.7247096, -3.5313184 50.7247086, -3.5313403 50.7246966)",yes,paving_stones,,,building_passage,,,,
3805308258,59743605,0,"[8763673, 7981631]","['pedestrian', 'footway']",,,Market Arcade,False,"[False, True]",49.13070762134576,32.1868,5.495126804679085,"LINESTRING (-3.5322421 50.7241217, -3.5322348 50.7241357, -3.5317766 50.7243854, -3.5317204 50.7244119)",yes,paving_stones,,,,,,,
3805308258,62990033,0,8763673,footway,,,,False,True,27.325523340389793,32.1868,3.056280339313112,"LINESTRING (-3.5322421 50.7241217, -3.5324685 50.7240175, -3.5325499 50.7239723)",yes,paving_stones,,,,,,,
3805308258,5218414241,0,"[539267732, 607573495]","['steps', 'footway']",,,,False,False,26.210263912519302,34.06605393721507,2.769823304424183,"LINESTRING (-3.5322421 50.7241217, -3.5322618 50.7241314, -3.5323661 50.7242073, -3.5324278 50.7242498, -3.5323962 50.7242686, -3.5323622 50.7242421)",yes,paving_stones,,,,,,,
2420683599,106201139,0,7991802,footway,,,,False,True,29.414124360994474,32.1868,3.2898842910627994,"LINESTRING (-3.5298625 50.7239066, -3.5298935 50.7239289, -3.5300546 50.7240449, -3.5300998 50.7240837, -3.5301299 50.7241096)",yes,paving_stones,,,,,,,
2420683599,2420683607,0,233727969,footway,,,Catherine Square,False,False,20.17190354186695,32.1868,2.2561687633042435,"LINESTRING (-3.5298625 50.7239066, -3.5298241 50.723931, -3.5297631 50.7239692, -3.5296585 50.724034)",yes,paving_stones,,,,,,,
2420683599,10061817910,0,233727969,footway,,,Catherine Square,False,True,9.681412058164186,32.1868,1.0828377909388653,"LINESTRING (-3.5298625 50.7239066, -3.5299236 50.7238722, -3.5298852 50.7238466)",yes,paving_stones,,,,,,,
62141562,62143009,0,8694023,footway,,,,False,True,48.31473535315955,32.1868,5.403862678842706,"LINESTRING (-3.5315035 50.7251687, -3.531345 50.7251594, -3.5311446 50.7250989, -3.5310403 50.7250616, -3.5310162 50.7250251, -3.5309786 50.7249983, -3.5309367 50.7249658)",no,asphalt,,,,,,,
62141562,54212836,0,25725419,service,,,Bradninch Place,False,False,21.935728793720383,32.1868,2.45344748957316,"LINESTRING (-3.5315035 50.7251687, -3.5316443 50.7250736, -3.5317124 50.7250224)",yes,asphalt,,,,,customers,,
62141562,13541593253,0,25725419,service,,,Bradninch Place,False,True,3.2288061336331886,32.1868,0.3611325786061205,"LINESTRING (-3.5315035 50.7251687, -3.531493 50.7251907, -3.5314994 50.7251952)",no,asphalt,,,,,customers,,
13541593253,13495660308,0,1476272686,steps,,,,False,False,7.113171552993849,34.06605393721507,0.7516989680687182,"LINESTRING (-3.5314994 50.7251952, -3.5314265 50.7252395)",no,asphalt,,,,,,,
13541593253,62141562,0,25725419,service,,,Bradninch Place,False,False,3.2288061336331886,32.1868,0.3611325786061205,"LINESTRING (-3.5314994 50.7251952, -3.531493 50.7251907, -3.5315035 50.7251687)",no,asphalt,,,,,customers,,
13541593253,13541593257,0,25725419,service,,,Bradninch Place,False,True,16.50294732922881,32.1868,1.8458066780550948,"LINESTRING (-3.5314994 50.7251952, -3.5315869 50.7252569, -3.5316552 50.7253061)",no,asphalt,,,,,customers,,
12073857669,12073857672,0,191449761,service,,,,False,False,15.890396697028564,32.1868,1.7772946707750643,"LINESTRING (-3.5330367 50.7241344, -3.532877 50.7240334)",no,paving_stones,,,,,,parking_aisle,
12073857669,12073857672,1,191449761,service,,,,False,True,188.9594969304221,32.1868,21.134570350252886,"LINESTRING (-3.5330367 50.7241344, -3.533925 50.7236, -3.5337715 50.7234956, -3.532877 50.7240334)",no,paving_stones,,,,,,parking_aisle,
12073857669,795238615,0,"[64880057, 1303736884, 1303736885, 191449774]",service,,,,False,True,95.93360522860198,32.1868,10.729894827164152,"LINESTRING (-3.5330367 50.7241344, -3.5331176 50.7241855, -3.533251 50.7242817, -3.5332912 50.724307, -3.5333407 50.7243454, -3.5333629 50.7243698, -3.5333787 50.7243948, -3.533389 50.7244341, -3.533388 50.7244585, -3.5333696 50.724495, -3.5333551 50.7245175, -3.5333276 50.724537, -3.533296 50.7245578, -3.5332423 50.724578, -3.5331917 50.7245868, -3.5331604 50.7245848, -3.5331217 50.7245794, -3.5330069 50.724545, -3.532901 50.7245049, -3.5328279 50.7244611)",no,asphalt,,,,,,,yes
2402766417,2402766423,0,5549991,footway,,,Catherine Street,False,False,8.0603656765423,32.1868,0.901528466189627,"LINESTRING (-3.5295283 50.7238597, -3.5296134 50.7238112)",yes,paving_stones,,,,,,,
2402766417,8000006736,0,5549991,footway,,,Catherine Street,False,True,7.613930345943373,32.1868,0.851595972429572,"LINESTRING (-3.5295283 50.7238597, -3.5294556 50.7239104)",yes,paving_stones,,,,,,,
2402766417,2420685076,0,"[231955299, 231955300, 231955301]","['steps', 'footway']",,,,False,"[False, True]",10.015046883470383,34.06605393721507,1.0583605852013995,"LINESTRING (-3.5295283 50.7238597, -3.5294878 50.7238346, -3.5294852 50.7238333, -3.5294786 50.7238292, -3.5294544 50.7238153, -3.5294514 50.7238136, -3.5294247 50.723798)",yes,paving_stones,,,,,,,
2402766420,2402766418,0,231955298,footway,,,,False,True,5.531204423718695,32.1868,0.6186491333524085,"LINESTRING (-3.5292011 50.7237392, -3.5291448 50.7237739)",yes,paving_stones,,,,,,,
2402766420,2420685271,0,233728136,footway,,,,False,False,3.3451758712037876,32.1868,0.3741481954196639,"LINESTRING (-3.5292011 50.7237392, -3.5291677 50.7237178)",yes,paving_stones,,,,,,,
2402766420,2420685076,0,"[231955298, 231955300]",footway,,,,False,"[False, True]",21.92331714967002,32.1868,2.4520592832717787,"LINESTRING (-3.5292011 50.7237392, -3.5292872 50.7237904, -3.529343 50.7237513, -3.5294247 50.723798)",yes,paving_stones,,,,,,,
106201159,106201148,0,7981290,footway,,,,False,True,22.499378017713294,32.1868,2.5164900165213027,"LINESTRING (-3.5301639 50.7228523, -3.5304781 50.7228894)",yes,paving_stones,,,,,,,
106201159,99376015,0,11160537,footway,,,,False,False,15.978809511950207,32.1868,1.7871833870723637,"LINESTRING (-3.5301639 50.7228523, -3.5301646 50.7227086)",no,paving_stones,,,,,,,
106201159,1996169484,0,7981290,footway,,,,False,False,77.1463983861209,32.1868,8.628600363814833,"LINESTRING (-3.5301639 50.7228523, -3.52954 50.7227747, -3.5293794 50.7227659, -3.5292097 50.7227708, -3.5290826 50.7227848)",yes,asphalt,,,,,,,
106201159,1996169476,0,11160537,footway,,,,False,True,37.093101108597686,32.1868,4.14875551440192,"LINESTRING (-3.5301639 50.7228523, -3.530164 50.7231464, -3.5301862 50.7231833)",yes,paving_stones,,,,,,,
1996169476,9410998071,0,50365213,footway,,,,False,False,3.622719074314519,32.1868,0.40519059575764815,"LINESTRING (-3.5301862 50.7231833, -3.5301808 50.7232157)",yes,asphalt,,,,,,,
1996169476,106201159,0,11160537,footway,,,,False,False,37.093101108597686,32.1868,4.14875551440192,"LINESTRING (-3.5301862 50.7231833, -3.530164 50.7231464, -3.5301639 50.7228523)",yes,paving_stones,,,,,,,
1996169476,106201148,0,50365213,footway,,,,False,True,38.79202964970396,32.1868,4.33877573225466,"LINESTRING (-3.5301862 50.7231833, -3.530237 50.723152, -3.5303343 50.7230579, -3.5304781 50.7228894)",yes,paving_stones,,,,,,,
59741717,9410998076,0,1111143182,pedestrian,,,Cathedral Close,False,False,65.70322095043807,32.1868,7.348714237562512,"LINESTRING (-3.5290089 50.7228177, -3.5297461 50.7231801)",yes,paving_stones,,,,,,,
59741717,1996169484,0,7981290,footway,,,,False,True,6.763020832768835,32.1868,0.7564242173179009,"LINESTRING (-3.5290089 50.7228177, -3.5290449 50.7227891, -3.5290826 50.7227848)",yes,asphalt,,,,,,,
59741717,248779144,0,"[292443320, 596078516]","['pedestrian', 'service']",,,Cathedral Close,False,True,117.13291719297753,32.1868,13.100976235435619,"LINESTRING (-3.5290089 50.7228177, -3.5289283 50.7227776, -3.5288663 50.7227551, -3.5286651 50.7226917, -3.5284173 50.7226219, -3.5283457 50.7226017, -3.5282912 50.7225553, -3.5277426 50.7224008, -3.5275345 50.7223486)",yes,asphalt,,,,,,,
9410998075,9410998076,0,1101712318,footway,,,,False,True,6.686561260423929,32.1868,0.7478724364499156,"LINESTRING (-3.5298082 50.7231346, -3.5297874 50.7231502, -3.5297461 50.7231801)",yes,paving_stones,,,,,,,
9410998075,9410998071,0,1102158382,footway,,,,False,False,29.419297448917664,32.1868,3.290462885906757,"LINESTRING (-3.5298082 50.7231346, -3.5299507 50.7232084, -3.5300385 50.7232235, -3.5301012 50.7232201, -3.5301808 50.7232157)",yes,paving_stones,,,,,,,
9410998075,1996169484,0,1102158382,footway,,,,False,True,64.21814069089001,32.1868,7.182612328258915,"LINESTRING (-3.5298082 50.7231346, -3.5293894 50.7229408, -3.5290826 50.7227848)",yes,paving_stones,,,,,,,
248779124,248779144,0,"[23054849, 195011826, 23054852]","['steps', 'footway']",,,,False,"[False, True]",117.87002961921127,34.06605393721507,12.456156718685984,"LINESTRING (-3.5282438 50.7214421, -3.5282297 50.721482, -3.5282193 50.7215238, -3.5281957 50.7215563, -3.52816 50.7215957, -3.5280866 50.7216166, -3.5280627 50.7216282, -3.5280428 50.7216404, -3.5280155 50.7216792, -3.5280067 50.7217076, -3.5279911 50.7217258, -3.5279384 50.721756, -3.5278995 50.721798, -3.5278681 50.7218272, -3.5278304 50.7218842, -3.5277975 50.7219037, -3.5277551 50.721954, -3.5276896 50.7220637, -3.5277025 50.7220891, -3.5276996 50.7221266, -3.5276856 50.7221728, -3.5276463 50.7222009, -3.52761 50.7222091, -3.5275936 50.7222198, -3.5275626 50.7222785, -3.5275345 50.7223486)",yes,asphalt,,,,,,,
2767006763,760693020,0,7981291,residential,,20 mph,Lower Summerlands,False,True,15.392071894967827,32.1868,1.7215584904956127,"LINESTRING (-3.5198836 50.7246082, -3.519783 50.7245985, -3.5196668 50.7245904)",yes,asphalt,,,,,,,
2767006763,2767006759,0,7981293,unclassified,,20 mph,Clifton Road,False,False,8.895368292708635,32.1868,0.9949210811186913,"LINESTRING (-3.5198836 50.7246082, -3.5198956 50.7245802, -3.5199184 50.7245313)",yes,asphalt,,6.7,,,,,
2767006763,1774955011,0,7981293,unclassified,,20 mph,Clifton Road,False,True,4.888549861644013,32.1868,0.5467700890401794,"LINESTRING (-3.5198836 50.7246082, -3.5198796 50.7246277, -3.5198796 50.724652)",yes,asphalt,,6.7,,,,,
9797141032,760693020,0,"[1066982585, 1066972126]","['footway', 'residential']",,20 mph,Lower Summerlands,False,"[False, True]",14.087562053643563,32.1868,1.5756528574793653,"LINESTRING (-3.5197011 50.7244656, -3.5196926 50.7245021, -3.5196668 50.7245904)",yes,asphalt,,7.3,,,,,
9797141032,2767006759,0,1066982586,footway,,,,False,False,17.2275440231581,32.1868,1.9268507115764586,"LINESTRING (-3.5197011 50.7244656, -3.5197677 50.7244753, -3.5198609 50.7245012, -3.5199184 50.7245313)",no,asphalt,,,,,,,
9797141032,4236510380,0,1066982586,footway,,,,False,True,82.36648397850468,32.1868,9.212451760430264,"LINESTRING (-3.5197011 50.7244656, -3.5196342 50.7244558, -3.519531 50.7244146, -3.5193137 50.7243259, -3.5191152 50.7242652, -3.5190731 50.7242529, -3.5190374 50.7242419, -3.5187484 50.7241549, -3.5186612 50.7241321)",yes,asphalt,,,,,,,
59741821,497695502,0,7981302,unclassified,,20 mph,,False,False,47.05958254026379,32.1868,5.263477485955412,"LINESTRING (-3.5214372 50.7250651, -3.5209091 50.7250405, -3.5207705 50.7250473)",no,asphalt,,,,,,,
497695502,59741821,0,7981302,unclassified,,20 mph,,False,True,47.05958254026379,32.1868,5.263477485955412,"LINESTRING (-3.5207705 50.7250473, -3.5209091 50.7250405, -3.5214372 50.7250651)",no,asphalt,,,,,,,
497695502,392680940,0,818861617,unclassified,,20 mph,Russell Street,False,False,11.95715885210572,32.1868,1.337373453328091,"LINESTRING (-3.5207705 50.7250473, -3.5207361 50.7250325, -3.5206359 50.7249818)",yes,asphalt,,,,,,,
497695502,392669537,0,818861617,unclassified,,20 mph,Russell Street,False,True,122.94039631709482,32.1868,13.750525890785708,"LINESTRING (-3.5207705 50.7250473, -3.5212589 50.7252043, -3.5213868 50.7252665, -3.5214374 50.7253509, -3.5214659 50.7255447, -3.5214706 50.7256129, -3.5214531 50.7256656, -3.5212092 50.7258619)",yes,paving_stones,,,,,,,
392669537,62154497,0,7981298,unclassified,,20 mph,Russell Street,False,True,48.38822448268219,32.1868,5.412082224317295,"LINESTRING (-3.5212092 50.7258619, -3.5210567 50.7259874, -3.5210122 50.7260122, -3.5209632 50.7260256, -3.5209213 50.726029, -3.5208739 50.7260224, -3.5208182 50.7259991, -3.5207076 50.7259198)",yes,asphalt,,,,,,,
392669537,2758224934,0,8694659,footway,,,,False,False,11.721213514400095,32.1868,1.3109836532939076,"LINESTRING (-3.5212092 50.7258619, -3.5211475 50.7258285, -3.5210791 50.7257962)",yes,paving_stones,,,,,,,
392669537,497695502,0,818861617,unclassified,,20 mph,Russell Street,False,False,122.94039631709481,32.1868,13.750525890785706,"LINESTRING (-3.5212092 50.7258619, -3.5214531 50.7256656, -3.5214706 50.7256129, -3.5214659 50.7255447, -3.5214374 50.7253509, -3.5213868 50.7252665, -3.5212589 50.7252043, -3.5207705 50.7250473)",yes,paving_stones,,,,,,,
62990033,496075342,0,8763673,footway,,,,False,True,26.131893664038635,32.1868,2.9227763303757786,"LINESTRING (-3.5325499 50.7239723, -3.5328237 50.7238136)",no,paving_stones,,,,,,,
62990033,10693280269,0,7981287,footway,,,,False,False,10.50738993319112,32.1868,1.1752210148100475,"LINESTRING (-3.5325499 50.7239723, -3.5325009 50.7239402, -3.5324433 50.7239062)",no,paving_stones,,,,,,,
62990033,3805308258,0,8763673,footway,,,,False,False,27.325523340389793,32.1868,3.056280339313112,"LINESTRING (-3.5325499 50.7239723, -3.5324685 50.7240175, -3.5322421 50.7241217)",yes,paving_stones,,,,,,,
5218414241,3805308258,0,"[539267732, 607573495]","['steps', 'footway']",,,,False,True,26.210263912519306,34.06605393721507,2.7698233044241833,"LINESTRING (-3.5323622 50.7242421, -3.5323962 50.7242686, -3.5324278 50.7242498, -3.5323661 50.7242073, -3.5322618 50.7241314, -3.5322421 50.7241217)",yes,paving_stones,,,,,,,
59996411,59817390,0,245691876,residential,,20 mph,Howell Road,False,True,3.711887396709214,32.1868,0.41516381336924363,"LINESTRING (-3.5275025 50.7277396, -3.5274542 50.7277262)",no,asphalt,,,,,,,
59996411,2081303102,0,8025812,service,,,,False,False,35.440366214580806,32.1868,3.9639019216725773,"LINESTRING (-3.5275025 50.7277396, -3.5278923 50.7277125, -3.5280035 50.7277087)",no,asphalt,,,,,,parking_aisle,
59996411,59996364,0,399030459,residential,,,Howell Road,False,True,63.08237011083964,32.7417448275862,6.935993594565094,"LINESTRING (-3.5275025 50.7277396, -3.5276902 50.728109, -3.5277882 50.7282772)",no,asphalt,,,,,,,
760487643,59817390,0,7991740,residential,,20 mph,Old Park Road,False,True,13.374271469542286,32.1868,1.4958733794708463,"LINESTRING (-3.5272665 50.7277381, -3.5273671 50.7277245, -3.5274542 50.7277262)",no,asphalt,,,,,,,
760487643,59996364,0,8025810,residential,,,Oldpark Road,False,False,96.94584827901333,32.7417448275862,10.65932972241594,"LINESTRING (-3.5272665 50.7277381, -3.5272204 50.7279239, -3.5271631 50.7281111, -3.5271602 50.7281378, -3.5271576 50.7281625, -3.5271696 50.7281777, -3.5271871 50.7281922, -3.5275995 50.7283039, -3.5277882 50.7282772)",no,asphalt,,,,,,,
760487643,59817392,0,1153868297,residential,,20 mph,Old Park Road,False,False,34.09435812571233,32.1868,3.8133548303206415,"LINESTRING (-3.5272665 50.7277381, -3.5271618 50.7277016, -3.5268548 50.7275768)",yes,asphalt,,,,,,,
2081303102,2081303108,0,8025812,service,,,,False,False,14.640132384309705,32.1868,1.637456242419717,"LINESTRING (-3.5280035 50.7277087, -3.5282112 50.7277017)",no,asphalt,,,,,,parking_aisle,
2081303102,2081303100,0,8025812,service,,,,False,True,30.034429177728164,32.1868,3.359263581338356,"LINESTRING (-3.5280035 50.7277087, -3.528202 50.7279478)",no,asphalt,,,,,,parking_aisle,
2081303102,59996411,0,8025812,service,,,,False,True,35.440366214580806,32.1868,3.9639019216725773,"LINESTRING (-3.5280035 50.7277087, -3.5278923 50.7277125, -3.5275025 50.7277396)",no,asphalt,,,,,,parking_aisle,
59996364,59996190,0,399030459,residential,,,Howell Road,False,True,26.107848006156583,32.7417448275862,2.8705938952579864,"LINESTRING (-3.5277882 50.7282772, -3.5279139 50.7284981)",no,asphalt,,,,,,,
59996364,760487643,0,8025810,residential,,,Oldpark Road,False,True,96.94584827901333,32.7417448275862,10.65932972241594,"LINESTRING (-3.5277882 50.7282772, -3.5275995 50.7283039, -3.5271871 50.7281922, -3.5271696 50.7281777, -3.5271576 50.7281625, -3.5271602 50.7281378, -3.5271631 50.7281111, -3.5272204 50.7279239, -3.5272665 50.7277381)",no,asphalt,,,,,,,
59996364,59996411,0,399030459,residential,,,Howell Road,False,False,63.08237011083964,32.7417448275862,6.935993594565094,"LINESTRING (-3.5277882 50.7282772, -3.5276902 50.728109, -3.5275025 50.7277396)",no,asphalt,,,,,,,
10592409018,494926562,0,40734071,service,,,Hems Business Centre,False,False,77.32114631459035,32.1868,8.648145411551484,"LINESTRING (-3.5258938 50.7276971, -3.5259998 50.7277888, -3.5259042 50.7278389, -3.5260611 50.7279615, -3.5265597 50.7281018)",yes,asphalt,,,,,,,
2790168750,659867225,0,7991784,pedestrian,,,Roman Walk,False,False,10.036814940659996,32.1868,1.1225885700466027,"LINESTRING (-3.5271975 50.724257, -3.527212 50.7242075, -3.5272555 50.7241786)",yes,paving_stones,,,,,,,
2790168750,5094813861,0,7991784,pedestrian,,,Roman Walk,False,True,52.91250588222119,32.1868,5.918109944946261,"LINESTRING (-3.5271975 50.724257, -3.5271586 50.7245941, -3.5271651 50.72463, -3.5272109 50.7247275)",yes,paving_stones,,,,,,,
2790168750,2790168752,0,274255034,footway,,,,False,False,18.331540081863377,32.1868,2.050329460981153,"LINESTRING (-3.5271975 50.724257, -3.5270183 50.7242652, -3.526938 50.7242706)",yes,paving_stones,,,,,,,
5781536448,5094813864,0,7992487,pedestrian,,,Princesshay,False,False,5.162208702896382,32.1868,0.5773780347977113,"LINESTRING (-3.5270062 50.7247305, -3.5269334 50.7247361)",yes,paving_stones,,,,,,,
5781536448,5094813861,0,7992487,pedestrian,,,Princesshay,False,True,14.416699025621806,32.1868,1.6124658708613007,"LINESTRING (-3.5270062 50.7247305, -3.5270757 50.7247284, -3.5271418 50.7247287, -3.5272109 50.7247275)",yes,paving_stones,,,,,,,
5781536448,2790168752,0,167238737,footway,,,,False,False,51.88171056390458,32.1868,5.8028184855299845,"LINESTRING (-3.5270062 50.7247305, -3.5270107 50.7246666, -3.52701 50.7246612, -3.5269976 50.7245148, -3.5269946 50.7244795, -3.5269715 50.724357, -3.5269658 50.7242968, -3.526938 50.7242706)",yes,paving_stones,,,,,,,
59817539,62147663,0,7991784,pedestrian,,,Roman Walk,False,True,52.77047759355316,32.1868,5.902224493792219,"LINESTRING (-3.5273367 50.7236787, -3.527265 50.7241511)",yes,paving_stones,,,,,,,
59817539,1786461652,0,23054873,footway,,,,False,False,17.838181265897195,32.1868,1.995148711808254,"LINESTRING (-3.5273367 50.7236787, -3.5270836 50.7236708)",yes,paving_stones,,,,,,,
59817539,59817540,0,7991784,pedestrian,,,Roman Walk,False,False,46.49265657026679,32.1868,5.200068464493533,"LINESTRING (-3.5273367 50.7236787, -3.5273841 50.7234636, -3.5273862 50.7234552, -3.527518 50.7232818)",yes,paving_stones,,,,,,,
62147663,59817539,0,7991784,pedestrian,,,Roman Walk,False,False,52.77047759355316,32.1868,5.902224493792219,"LINESTRING (-3.527265 50.7241511, -3.5273367 50.7236787)",yes,paving_stones,,,,,,,
62147663,659867225,0,7991784,pedestrian,,,Roman Walk,False,True,3.130133515415197,32.1868,0.35009633313950783,"LINESTRING (-3.527265 50.7241511, -3.5272555 50.7241786)",yes,paving_stones,,,,,,,
62147663,6873148262,0,"[733870395, 733870396, 8694453]",pedestrian,,,Bampfylde Lane,False,True,55.47823606778038,32.1868,6.205079406589328,"LINESTRING (-3.527265 50.7241511, -3.5273051 50.7241532, -3.5275153 50.7241674, -3.5275408 50.7241772, -3.5278961 50.7243063, -3.5279621 50.7243513)",yes,paving_stones,,,yes,,,,
59817540,299022718,0,24569406,unclassified,,20 mph,Bedford Street,False,True,7.929962555625204,32.1868,0.8869432562494792,"LINESTRING (-3.527518 50.7232818, -3.5274066 50.7232712)",yes,paving_stones,,,,,,,
59817540,59817539,0,7991784,pedestrian,,,Roman Walk,False,True,46.49265657026679,32.1868,5.200068464493533,"LINESTRING (-3.527518 50.7232818, -3.5273862 50.7234552, -3.5273841 50.7234636, -3.5273367 50.7236787)",yes,paving_stones,,,,,,,
59817540,10159677944,0,25408906,pedestrian,,20 mph,Bedford Street,False,False,66.7782836501655,32.1868,7.468956874886469,"LINESTRING (-3.527518 50.7232818, -3.5277569 50.7233117, -3.5278131 50.7233397, -3.5282314 50.7236025, -3.5282648 50.7236209)",yes,paving_stones,,,,,,,
659867225,62147663,0,7991784,pedestrian,,,Roman Walk,False,False,3.130133515415197,32.1868,0.35009633313950783,"LINESTRING (-3.5272555 50.7241786, -3.527265 50.7241511)",yes,paving_stones,,,,,,,
659867225,1786461577,0,23054874,footway,,,,False,False,16.946052353185603,32.1868,1.8953666866997705,"LINESTRING (-3.5272555 50.7241786, -3.5270215 50.7241428)",yes,paving_stones,,,,,,,
659867225,2790168750,0,7991784,pedestrian,,,Roman Walk,False,True,10.036814940659996,32.1868,1.1225885700466027,"LINESTRING (-3.5272555 50.7241786, -3.527212 50.7242075, -3.5271975 50.724257)",yes,paving_stones,,,,,,,
1786461577,1786461750,0,23054874,footway,,,,False,False,5.698325651168974,32.1868,0.6373411567539584,"LINESTRING (-3.5270215 50.7241428, -3.5269423 50.7241322)",yes,paving_stones,,,,,,,
1786461577,659867225,0,23054874,footway,,,,False,True,16.946052353185603,32.1868,1.8953666866997705,"LINESTRING (-3.5270215 50.7241428, -3.5272555 50.7241786)",yes,paving_stones,,,,,,,
1786461577,1786461652,0,167238727,footway,,,,False,True,54.73180948514845,32.1868,6.121593763484859,"LINESTRING (-3.5270215 50.7241428, -3.527023 50.7240582, -3.5269788 50.7240377, -3.5270727 50.7236981, -3.5270836 50.7236708)",yes,paving_stones,,,,,,,
299022718,59817540,0,24569406,unclassified,,20 mph,Bedford Street,False,False,7.929962555625204,32.1868,0.8869432562494792,"LINESTRING (-3.5274066 50.7232712, -3.527518 50.7232818)",yes,paving_stones,,,,,,,
299022718,1786461633,0,24569406,unclassified,,20 mph,Bedford Street,False,True,15.381370552547756,32.1868,1.7203615764590432,"LINESTRING (-3.5274066 50.7232712, -3.5271919 50.7232455)",yes,paving_stones,,,,,,,
299022718,2912652704,0,"[1107178626, 1107178627, 25408903]",unclassified,,,Chapel Street,False,False,92.63527803583852,33.06144130434783,10.086886347727454,"LINESTRING (-3.5274066 50.7232712, -3.5274165 50.7232401, -3.5274261 50.7232087, -3.5274521 50.7231236, -3.5274711 50.7230615, -3.5278364 50.7231157, -3.5280074 50.7231081, -3.5281874 50.7231005, -3.5283319 50.7231224, -3.5284143 50.7231614)",yes,paving_stones,,5.9,building_passage,,,,
2912652704,2912651587,0,25408903,unclassified,,,Chapel Street,False,False,13.67975217646198,33.06144130434783,1.489563246257711,"LINESTRING (-3.5284143 50.7231614, -3.5284588 50.7231825, -3.5285627 50.7232407)",yes,paving_stones,,,,,,,
2912652704,299022718,0,"[1107178626, 1107178627, 25408903]",unclassified,,,Chapel Street,False,True,92.63527803583851,33.06144130434783,10.086886347727452,"LINESTRING (-3.5284143 50.7231614, -3.5283319 50.7231224, -3.5281874 50.7231005, -3.5280074 50.7231081, -3.5278364 50.7231157, -3.5274711 50.7230615, -3.5274521 50.7231236, -3.5274261 50.7232087, -3.5274165 50.7232401, -3.5274066 50.7232712)",yes,paving_stones,,5.9,building_passage,,,,
2912652704,2912651600,0,287694281,service,,,,False,True,32.64630931860826,32.1868,3.6513947813075474,"LINESTRING (-3.5284143 50.7231614, -3.5284868 50.7230793, -3.5284868 50.7230473, -3.5284608 50.7230226, -3.5282784 50.7229473)",yes,paving_stones,,,,,,,
385140592,276915061,0,25408903,unclassified,,,Chapel Street,False,False,20.660480984788002,33.06144130434783,2.249682064993808,"LINESTRING (-3.5286942 50.7233098, -3.5289132 50.7234335)",yes,paving_stones,,,,,,,
385140592,2912651587,0,25408903,unclassified,,,Chapel Street,False,True,12.030197831941722,33.06144130434783,1.3099462844438898,"LINESTRING (-3.5286942 50.7233098, -3.5285627 50.7232407)",yes,paving_stones,,,,,,,
385140592,10159677944,0,"[33685450, 1108004222, 1108004223]","['steps', 'footway']",,,,False,True,45.94621842093811,34.06605393721507,4.855460706433066,"LINESTRING (-3.5286942 50.7233098, -3.5286535 50.7233371, -3.5285885 50.7233835, -3.5284877 50.7234541, -3.5282648 50.7236209)",yes,paving_stones,,,,,,,
9629666235,59817555,0,7991785,service,,20 mph,,False,False,12.24927223132498,32.1868,1.37004548550244,"LINESTRING (-3.5260389 50.7246171, -3.5260509 50.7245804, -3.5260865 50.7245113)",yes,asphalt,,,,,,,
1786461667,59817555,0,134593745,footway,,,Blueboy Lane,False,False,48.50877492629048,32.1868,5.425565440946157,"LINESTRING (-3.5267065 50.7246681, -3.5266586 50.7246352, -3.5266402 50.7246129, -3.5265262 50.7245982, -3.5264366 50.7245811, -3.5262013 50.7245232, -3.5260865 50.7245113)",yes,asphalt,,,,,,,
1786461667,5094813864,0,134593745,footway,,,Blueboy Lane,False,True,18.63512725052688,32.1868,2.08428480314591,"LINESTRING (-3.5267065 50.7246681, -3.5267259 50.7246703, -3.5267557 50.7246743, -3.5267618 50.7246759, -3.5268003 50.724686, -3.5268142 50.7247076, -3.5268476 50.7247209, -3.526888 50.7247322, -3.5269334 50.7247361)",yes,paving_stones,,,,,,,
1786461667,1786504462,0,167244515,footway,,,,False,True,21.186939713985158,32.1868,2.369697608036418,"LINESTRING (-3.5267065 50.7246681, -3.5266674 50.7246811, -3.5264539 50.7246902, -3.5264579 50.7247172)",yes,asphalt,,,,,,,
1786504462,1786461667,0,167244515,footway,,,,False,False,21.18693971398516,32.1868,2.3696976080364185,"LINESTRING (-3.5264579 50.7247172, -3.5264539 50.7246902, -3.5266674 50.7246811, -3.5267065 50.7246681)",yes,asphalt,,,,,,,
84917846,10936592092,0,42027866,unclassified,2,20 mph,Pennsylvania Road,False,False,39.473555408557985,32.1868,4.415002406912423,"LINESTRING (-3.5256722 50.7307212, -3.5257518 50.7303698)",no,asphalt,,,,,,,
84917846,84910160,0,42027866,unclassified,2,20 mph,Pennsylvania Road,False,True,27.52569159526278,32.1868,3.078668576650864,"LINESTRING (-3.5256722 50.7307212, -3.5256315 50.7309674)",no,asphalt,,,,,,,
84917846,2386412153,0,10245271,residential,,20 mph,Hillsborough Avenue,False,False,37.47624290301165,32.1868,4.191608810159505,"LINESTRING (-3.5256722 50.7307212, -3.5254389 50.7306906, -3.5251522 50.7306488)",no,asphalt,,,,,,,
10936592085,10936592092,0,1177206698,service,,,,False,False,73.27435364599064,32.1868,8.195523417225893,"LINESTRING (-3.5263711 50.7305551, -3.5264147 50.7303529, -3.5260395 50.7303084, -3.5259233 50.7303084, -3.5258966 50.7303192, -3.5258628 50.7303605, -3.5258071 50.7303743, -3.5257518 50.7303698)",no,asphalt,,,,,,,
59995397,208476491,0,41470942,residential,,20 mph,Howell Road,False,False,128.8369135706468,32.1868,14.41003420204334,"LINESTRING (-3.5329553 50.7290768, -3.5317165 50.7289767, -3.5314198 50.7289627, -3.5311367 50.7289776)",yes,asphalt,,,,,,,
208476491,293999789,0,41470942,residential,,20 mph,Howell Road,False,False,26.204393165433434,32.1868,2.930885188821516,"LINESTRING (-3.5311367 50.7289776, -3.5307656 50.7289965)",yes,asphalt,,,,,,,
208476491,260755775,0,19880196,residential,,20 mph,Danes Road,False,True,43.4774169451877,32.1868,4.862822678945274,"LINESTRING (-3.5311367 50.7289776, -3.5312272 50.7291926, -3.5312922 50.729356)",yes,asphalt,,,,,,,
208476491,59995397,0,41470942,residential,,20 mph,Howell Road,False,True,128.8369135706468,32.1868,14.41003420204334,"LINESTRING (-3.5311367 50.7289776, -3.5314198 50.7289627, -3.5317165 50.7289767, -3.5329553 50.7290768)",yes,asphalt,,,,,,,
293999789,260755658,0,41470942,residential,,20 mph,Howell Road,False,False,26.794430229548755,32.1868,2.996879118967264,"LINESTRING (-3.5307656 50.7289965, -3.5303859 50.7290138)",yes,asphalt,,,,,,,
293999789,208476491,0,41470942,residential,,20 mph,Howell Road,False,True,26.204393165433434,32.1868,2.930885188821516,"LINESTRING (-3.5307656 50.7289965, -3.5311367 50.7289776)",yes,asphalt,,,,,,,
293999789,293999787,0,24044081,pedestrian,,,Prison Lane,False,False,96.18880960515901,32.1868,10.758438694700079,"LINESTRING (-3.5307656 50.7289965, -3.5305286 50.7284702, -3.5303834 50.728166)",yes,asphalt,,,,,,,
260755775,208476491,0,19880196,residential,,20 mph,Danes Road,False,False,43.4774169451877,32.1868,4.862822678945274,"LINESTRING (-3.5312922 50.729356, -3.5312272 50.7291926, -3.5311367 50.7289776)",yes,asphalt,,,,,,,
795238614,795238613,0,64880056,service,,,,False,True,21.76377756930953,32.1868,2.4342152450543177,"LINESTRING (-3.5277139 50.7270951, -3.5276416 50.7272854)",no,asphalt,,,,,,parking_aisle,
59996188,59996190,0,8025799,residential,,,Mowbray Avenue,False,False,73.09242219339882,32.7417448275862,8.03661262653712,"LINESTRING (-3.5268905 50.7285726, -3.5272142 50.7285877, -3.5279139 50.7284981)",no,asphalt,,,,,,,
59996190,59996364,0,399030459,residential,,,Howell Road,False,False,26.107848006156583,32.7417448275862,2.8705938952579864,"LINESTRING (-3.5279139 50.7284981, -3.5277882 50.7282772)",no,asphalt,,,,,,,
59996190,59996188,0,8025799,residential,,,Mowbray Avenue,False,True,73.09242219339882,32.7417448275862,8.03661262653712,"LINESTRING (-3.5279139 50.7284981, -3.5272142 50.7285877, -3.5268905 50.7285726)",no,asphalt,,,,,,,
59996190,315875791,0,"[28729268, 50759509, 45514279]",residential,,,Howell Road,False,True,60.38274879291505,32.7417448275862,6.63916650744113,"LINESTRING (-3.5279139 50.7284981, -3.5279437 50.7285591, -3.5281238 50.7288867, -3.5282073 50.729008)",no,asphalt,,,,,,,yes
2388463370,315875791,0,5215957,unclassified,2,20 mph,Blackall Road,False,False,60.04921126339051,32.1868,6.716329692551166,"LINESTRING (-3.5289684 50.728764, -3.5282073 50.729008)",no,asphalt,,,,,,,
2388463370,2388463439,0,5215957,unclassified,2,20 mph,Blackall Road,False,True,46.290032161856296,32.1868,5.17740551352364,"LINESTRING (-3.5289684 50.728764, -3.5295438 50.7285624)",no,asphalt,,,,,,,
2388463370,2388463364,0,230330778,service,,,,False,True,22.424709780556455,32.1868,2.5081385912859697,"LINESTRING (-3.5289684 50.728764, -3.5290613 50.7288758, -3.5291069 50.7289454)",no,asphalt,,,,,,,
5332097150,315875791,0,41470942,residential,,20 mph,Howell Road,False,False,32.7117286885934,32.1868,3.6587117476399107,"LINESTRING (-3.52854 50.7291977, -3.5284862 50.7291888, -3.528426 50.7291714, -3.5283782 50.7291489, -3.5283481 50.7291298, -3.5282548 50.7290669, -3.5282073 50.729008)",no,asphalt,,,,,,,
5332097150,260754380,0,41470942,residential,,20 mph,Howell Road,False,True,16.162272089005352,32.1868,1.8077031429163284,"LINESTRING (-3.52854 50.7291977, -3.5285957 50.7292002, -3.5287693 50.7291951)",no,asphalt,,,,,,,
5332097150,5332097144,0,552232847,footway,,,,False,True,32.135713963299175,32.1868,3.594286175322711,"LINESTRING (-3.52854 50.7291977, -3.5285603 50.7292387, -3.528573 50.7292741, -3.5285812 50.7292922, -3.52859 50.7293216, -3.5286141 50.7293582, -3.5286621 50.7293931, -3.528696 50.7294082, -3.5287708 50.7294201)",no,asphalt,,,,,,,
2081303108,2081303111,0,8025812,service,,,,False,False,18.044489152647266,32.1868,2.0182236491210737,"LINESTRING (-3.5282112 50.7277017, -3.5284672 50.7276931)",no,asphalt,,,,,,parking_aisle,
2081303108,2081303102,0,8025812,service,,,,False,True,14.640132384309705,32.1868,1.637456242419717,"LINESTRING (-3.5282112 50.7277017, -3.5280035 50.7277087)",no,asphalt,,,,,,parking_aisle,
2081303108,2081303112,0,197937015,service,,,,False,True,63.69692945817376,32.1868,7.1243163672507235,"LINESTRING (-3.5282112 50.7277017, -3.5287012 50.7281833)",no,asphalt,,,,,,parking_aisle,
2081303100,2081303102,0,8025812,service,,,,False,False,30.034429177728164,32.1868,3.359263581338356,"LINESTRING (-3.528202 50.7279478, -3.5280035 50.7277087)",no,asphalt,,,,,,parking_aisle,
2081303100,2081303098,0,8025812,service,,,,False,True,43.23256509632472,32.1868,4.8354367115329575,"LINESTRING (-3.528202 50.7279478, -3.528214 50.7280686, -3.5283803 50.7283148)",no,asphalt,,,,,,parking_aisle,
2081303100,2081303113,0,197937010,service,,,,False,True,41.33404783364457,32.1868,4.623093075457034,"LINESTRING (-3.528202 50.7279478, -3.5282879 50.7279977, -3.5285238 50.7282555)",no,asphalt,,,,,,parking_aisle,
59996788,318323627,0,5215963,residential,,20 mph,York Road,False,False,34.193442534394244,32.1868,3.824437133353402,"LINESTRING (-3.524433 50.7284963, -3.5240405 50.7283151)",yes,asphalt,,,,,,,
59996788,59996729,0,5215963,residential,,20 mph,York Road,False,True,44.43410430198579,32.1868,4.969825378327416,"LINESTRING (-3.524433 50.7284963, -3.5247201 50.7286392, -3.5249323 50.7287408)",yes,asphalt,,,,,,,
59996788,5781626850,0,"[610515730, 8025867]","['service', 'residential']",,20 mph,Leighton Terrace,False,False,122.3104796921471,32.1868,13.680071547706813,"LINESTRING (-3.524433 50.7284963, -3.5247766 50.7283527, -3.525306 50.7281614, -3.5257254 50.7279995, -3.5256037 50.7278796)",yes,asphalt,,,,,,parking_aisle,
318323627,2268591156,0,5215963,residential,,20 mph,York Road,False,False,3.4409130911353016,32.1868,0.3848561251223199,"LINESTRING (-3.5240405 50.7283151, -3.5240028 50.7282954)",yes,asphalt,,,,,,,
318323627,59996788,0,5215963,residential,,20 mph,York Road,False,True,34.193442534394244,32.1868,3.824437133353402,"LINESTRING (-3.5240405 50.7283151, -3.524433 50.7284963)",yes,asphalt,,,,,,,
318323627,2713946643,0,221601916,residential,2,,Well Street,False,True,52.83888034118365,32.7417448275862,5.809707766948125,"LINESTRING (-3.5240405 50.7283151, -3.5239264 50.7284389, -3.5238015 50.7285581, -3.5236602 50.7287244)",yes,asphalt,,,,,,,
5781626850,5781626851,0,610515730,service,,,,False,False,35.643931291542216,32.1868,3.986670083684989,"LINESTRING (-3.5256037 50.7278796, -3.5251897 50.7280642)",no,asphalt,,,,,,parking_aisle,
5781626850,59996788,0,"[610515730, 8025867]","['service', 'residential']",,20 mph,Leighton Terrace,False,True,122.3104796921471,32.1868,13.680071547706813,"LINESTRING (-3.5256037 50.7278796, -3.5257254 50.7279995, -3.525306 50.7281614, -3.5247766 50.7283527, -3.524433 50.7284963)",yes,asphalt,,,,,,parking_aisle,
5781626850,5781627253,0,610515731,service,,,,False,False,26.155015953749736,32.1868,2.9253624912541496,"LINESTRING (-3.5256037 50.7278796, -3.5254881 50.7277665, -3.525351 50.7278172)",no,asphalt,,,,,,parking_aisle,
2713946643,318323627,0,221601916,residential,2,,Well Street,False,False,52.83888034118365,32.7417448275862,5.809707766948125,"LINESTRING (-3.5236602 50.7287244, -3.5238015 50.7285581, -3.5239264 50.7284389, -3.5240405 50.7283151)",yes,asphalt,,,,,,,
2713946643,1787924020,0,221601916,residential,2,,Well Street,False,True,29.221716349433752,32.7417448275862,3.2129680141336854,"LINESTRING (-3.5236602 50.7287244, -3.523622 50.7287473, -3.5235389 50.7288336, -3.5234374 50.7289448)",no,asphalt,,,,,,,
2713946643,603272617,0,"[47390054, 265781775, 1246847700, 1246847701, 47390073]","['pedestrian', 'steps', 'footway']",,,Cambridge Terrace,False,True,35.34713653262448,32.1868,3.953474452802023,"LINESTRING (-3.5236602 50.7287244, -3.5236169 50.7287031, -3.5234964 50.7286438, -3.5234721 50.7286323, -3.5234451 50.7286597, -3.5234226 50.7286496, -3.5234333 50.7286366, -3.5234427 50.7286264, -3.5235202 50.7285496)",no,asphalt,,,building_passage,,no,,
5781626851,5781626850,0,610515730,service,,,,False,True,35.643931291542216,32.1868,3.986670083684989,"LINESTRING (-3.5251897 50.7280642, -3.5256037 50.7278796)",no,asphalt,,,,,,parking_aisle,
5781627253,5781626850,0,610515731,service,,,,False,True,26.155015953749736,32.1868,2.9253624912541496,"LINESTRING (-3.525351 50.7278172, -3.5254881 50.7277665, -3.5256037 50.7278796)",no,asphalt,,,,,,parking_aisle,
380467939,380467940,0,33435315,service,,,,False,False,19.920665923962716,32.1868,2.2280685661906676,"LINESTRING (-3.5261924 50.7271056, -3.5263432 50.726954)",no,asphalt,,,,,,,
380467939,380467923,0,33435315,service,,,,False,True,9.46851746563553,32.1868,1.0590261497349198,"LINESTRING (-3.5261924 50.7271056, -3.5261191 50.727177)",no,asphalt,,,,,,,
380467939,1787913803,0,"[33435321, 8025899]","['unclassified', 'steps']",,,Warren Lane,False,True,31.760569304961816,33.06144130434783,3.458350422334014,"LINESTRING (-3.5261924 50.7271056, -3.526411 50.7271735, -3.5266053 50.72722)",no,asphalt,,,,,,,
380467941,1787913803,0,33435324,footway,,,,False,True,40.46070896367966,32.1868,4.52541266199954,"LINESTRING (-3.5263826 50.7275554, -3.5265412 50.7273237, -3.5266053 50.72722)",no,asphalt,,,,,,,
62141049,1630309392,0,150110278,footway,,,,False,False,32.112740176961324,32.1868,3.5917166241148784,"LINESTRING (-3.5307748 50.7260247, -3.5307862 50.7260591, -3.5309583 50.7262703, -3.5309589 50.7262863)",no,dirt,,,,,,,
62141049,75258004,0,191449764,footway,,,,False,False,49.67177726209894,32.1868,5.555643870889813,"LINESTRING (-3.5307748 50.7260247, -3.530815 50.7260493, -3.5310767 50.7262126, -3.5311741 50.7262044, -3.531329 50.7261415)",no,asphalt,,,,,,,
62141049,2020242352,0,"[8693995, 309864398]",footway,,,,False,True,94.46981411551558,32.1868,10.566174046996162,"LINESTRING (-3.5307748 50.7260247, -3.5307145 50.7259811, -3.5305515 50.725863, -3.5304844 50.7258188, -3.5304148 50.7257859, -3.5302994 50.7257353, -3.5302417 50.725718, -3.5301787 50.7257075, -3.5301036 50.7257119, -3.5300264 50.7257238, -3.5299862 50.7257352, -3.5299239 50.7257624, -3.5298186 50.7257951, -3.5297665 50.7258054, -3.5297274 50.7257449)",no,dirt,,,,,,,
1630309392,2020242557,0,150110278,footway,,,,False,False,8.390558010839015,32.1868,0.9384595187785196,"LINESTRING (-3.5309589 50.7262863, -3.5309957 50.7262979, -3.5310303 50.7263049, -3.5310387 50.7263308)",no,asphalt,,,,,,,
1630309392,62141049,0,150110278,footway,,,,False,True,32.112740176961324,32.1868,3.5917166241148784,"LINESTRING (-3.5309589 50.7262863, -3.5309583 50.7262703, -3.5307862 50.7260591, -3.5307748 50.7260247)",no,dirt,,,,,,,
1630309392,2020242565,0,191449769,footway,,,,False,True,96.16070037740627,32.1868,10.755294759300789,"LINESTRING (-3.5309589 50.7262863, -3.530935 50.7262774, -3.5308593 50.7262166, -3.530683 50.7260753, -3.5305535 50.725987, -3.5304388 50.7259204, -3.530304 50.7258648, -3.5301774 50.7258334, -3.5301156 50.7258265, -3.5300472 50.725835, -3.5299425 50.7258588, -3.529901 50.72587)",no,asphalt,,,,,customers,,
75258004,62141049,0,191449764,footway,,,,False,True,49.67177726209894,32.1868,5.555643870889813,"LINESTRING (-3.531329 50.7261415, -3.5311741 50.7262044, -3.5310767 50.7262126, -3.530815 50.7260493, -3.5307748 50.7260247)",no,dirt,,,,,,,
75258004,62141055,0,596076186,footway,,,,False,False,13.188923445444424,32.1868,1.4751427418569083,"LINESTRING (-3.531329 50.7261415, -3.5313365 50.7261261, -3.531378 50.7260476, -3.5313826 50.7260281)",no,asphalt,,,,,,,
75258004,1630309399,0,"[1153887128, 9639081]",footway,,,,False,False,4.780126688126792,32.1868,0.5346432723121421,"LINESTRING (-3.531329 50.7261415, -3.5313414 50.72615, -3.5313488 50.7261551, -3.5313801 50.7261695)",no,asphalt,,,,,,,
2020242557,1630309392,0,150110278,footway,,,,False,True,8.390558010839017,32.1868,0.9384595187785199,"LINESTRING (-3.5310387 50.7263308, -3.5310303 50.7263049, -3.5309957 50.7262979, -3.5309589 50.7262863)",no,asphalt,,,,,,,
2020242565,1630309392,0,191449769,footway,,,,False,False,96.16070037740627,32.1868,10.755294759300789,"LINESTRING (-3.529901 50.72587, -3.5299425 50.7258588, -3.5300472 50.725835, -3.5301156 50.7258265, -3.5301774 50.7258334, -3.530304 50.7258648, -3.5304388 50.7259204, -3.5305535 50.725987, -3.530683 50.7260753, -3.5308593 50.7262166, -3.530935 50.7262774, -3.5309589 50.7262863)",no,asphalt,,,,,customers,,
62141055,2420694446,0,233729002,footway,,,,False,True,5.031892287817591,32.1868,0.5628025226534894,"LINESTRING (-3.5313826 50.7260281, -3.5314501 50.7260132)",no,fine_gravel,,,,,,,
62141055,2020242304,0,596076186,footway,,,,False,False,11.941903505929298,32.1868,1.335667187211698,"LINESTRING (-3.5313826 50.7260281, -3.5313295 50.7259261)",no,fine_gravel,,,,,,,
62141055,75258004,0,596076186,footway,,,,False,True,13.188923445444424,32.1868,1.4751427418569083,"LINESTRING (-3.5313826 50.7260281, -3.531378 50.7260476, -3.5313365 50.7261261, -3.531329 50.7261415)",no,asphalt,,,,,,,
62141060,2020242688,0,309864397,footway,,,,False,True,36.51863943093382,32.1868,4.08450364594684,"LINESTRING (-3.5308485 50.7253727, -3.5311827 50.7256239)",no,asphalt,,,,,,,
62141060,62143009,0,8694247,footway,,,,False,False,46.767989768401435,32.1868,5.230863682200318,"LINESTRING (-3.5308485 50.7253727, -3.5308122 50.725249, -3.530867 50.7251586, -3.5309053 50.7250681, -3.5309117 50.725053, -3.5309367 50.7249658)",no,asphalt,,,,,,,
62141060,2020242352,0,309864397,footway,,,,False,False,103.09810617268002,32.1868,11.531223427667495,"LINESTRING (-3.5308485 50.7253727, -3.5307765 50.7253451, -3.5307265 50.7253332, -3.5305546 50.7253173, -3.5304213 50.7253358, -3.5303294 50.725351, -3.530266 50.7253774, -3.5301891 50.7254347, -3.5301425 50.7254827, -3.5301103 50.7255315, -3.5300678 50.7256246, -3.5300418 50.7256534, -3.5299657 50.7256901, -3.5297274 50.7257449)",no,asphalt,,,,,,,
2420694446,62141055,0,233729002,footway,,,,False,False,5.031892287817591,32.1868,0.5628025226534894,"LINESTRING (-3.5314501 50.7260132, -3.5313826 50.7260281)",no,fine_gravel,,,,,,,
2420694446,2420694433,0,233728891,footway,,,,False,True,23.615351742494504,32.1868,2.641308433052687,"LINESTRING (-3.5314501 50.7260132, -3.5314795 50.7259933, -3.5315339 50.7259317, -3.5316284 50.7259236, -3.5316569 50.7258725)",no,fine_gravel,,,,,,,
2420694446,2420694442,0,"[1120381362, 233729003, 233728890]","['steps', 'footway']",,,,False,"[False, True]",30.292582506325793,34.06605393721507,3.201230680364738,"LINESTRING (-3.5314501 50.7260132, -3.5314722 50.7260226, -3.5314964 50.7260301, -3.5315285 50.7260358, -3.5315499 50.726026, -3.5317769 50.7258859)",no,fine_gravel,,,,,,,
2020242304,2420694447,0,233728456,footway,,,,False,True,21.55855199652405,32.1868,2.411261361411715,"LINESTRING (-3.5313295 50.7259261, -3.5315312 50.7257802)",no,asphalt,,,,,,,
2020242304,62141055,0,596076186,footway,,,,False,True,11.941903505929298,32.1868,1.335667187211698,"LINESTRING (-3.5313295 50.7259261, -3.5313826 50.7260281)",no,fine_gravel,,,,,,,
2020242304,2420694434,0,233728889,footway,,,,False,True,21.27587661650728,32.1868,2.3796449420080967,"LINESTRING (-3.5313295 50.7259261, -3.5313776 50.7259381, -3.5314618 50.7259099, -3.5315124 50.7258783, -3.5315934 50.7258637)",no,fine_gravel,,,,,,,
2020242304,2020242688,0,309864397,footway,,,,False,False,37.01906303863518,32.1868,4.1404745715351225,"LINESTRING (-3.5313295 50.7259261, -3.5312214 50.7258375, -3.5311837 50.7257977, -3.5311734 50.7257642, -3.5311777 50.7257181, -3.5311795 50.7256765, -3.5311827 50.7256239)",no,fine_gravel,,,,,,,
2420694433,2420694434,0,233728889,footway,,,,False,False,4.688099447648021,32.1868,0.5243502930248698,"LINESTRING (-3.5316569 50.7258725, -3.5316252 50.7258728, -3.5315934 50.7258637)",no,fine_gravel,,,,,,,
2420694433,2420694442,0,233728889,footway,,,,False,True,8.714238196143477,32.1868,0.9746622064360707,"LINESTRING (-3.5316569 50.7258725, -3.5316733 50.7258794, -3.5317769 50.7258859)",no,fine_gravel,,,,,,,
2420694433,2420694446,0,233728891,footway,,,,False,False,23.615351742494504,32.1868,2.641308433052687,"LINESTRING (-3.5316569 50.7258725, -3.5316284 50.7259236, -3.5315339 50.7259317, -3.5314795 50.7259933, -3.5314501 50.7260132)",no,fine_gravel,,,,,,,
2420694433,2420694432,0,233728891,footway,,,,False,True,6.876908058230168,32.1868,0.7691621723696859,"LINESTRING (-3.5316569 50.7258725, -3.5316626 50.7258272, -3.5316622 50.7258108)",no,fine_gravel,,,,,,,
2420694442,2420694433,0,233728889,footway,,,,False,False,8.714238196143477,32.1868,0.9746622064360707,"LINESTRING (-3.5317769 50.7258859, -3.5316733 50.7258794, -3.5316569 50.7258725)",no,fine_gravel,,,,,,,
2420694442,2420694446,0,"[1120381362, 233728890, 233729003]","['steps', 'footway']",,,,False,"[False, True]",30.292582506325797,34.06605393721507,3.2012306803647386,"LINESTRING (-3.5317769 50.7258859, -3.5315499 50.726026, -3.5315285 50.7260358, -3.5314964 50.7260301, -3.5314722 50.7260226, -3.5314501 50.7260132)",no,fine_gravel,,,,,,,
2420694442,2420694432,0,233728890,footway,,,,False,True,15.706984600269212,32.1868,1.7567805610054175,"LINESTRING (-3.5317769 50.7258859, -3.5318014 50.7258598, -3.5317317 50.7258119, -3.5317135 50.725806, -3.5316622 50.7258108)",no,fine_gravel,,,,,,,
2420694447,2020242304,0,233728456,footway,,,,False,False,21.55855199652405,32.1868,2.411261361411715,"LINESTRING (-3.5315312 50.7257802, -3.5313295 50.7259261)",no,asphalt,,,,,,,
2420694447,2420694443,0,233728890,footway,,,,False,False,6.063845026471844,32.1868,0.6782234361694434,"LINESTRING (-3.5315312 50.7257802, -3.5315983 50.7258144)",no,fine_gravel,,,,,,,
2420694447,2020242326,0,"[233728456, 233728457, 191449777]","['steps', 'footway']",,,,False,True,38.78899873620567,34.06605393721507,4.099106861854401,"LINESTRING (-3.5315312 50.7257802, -3.5317403 50.7256245, -3.5317894 50.7255851, -3.5318967 50.7255197)",no,asphalt,,,,,,,
2420694447,2020242688,0,233728890,footway,,,,False,True,31.52250397435389,32.1868,3.525700420907764,"LINESTRING (-3.5315312 50.7257802, -3.5315037 50.7257556, -3.5314239 50.7257016, -3.5313233 50.7256486, -3.5312449 50.7256205, -3.5311827 50.7256239)",no,asphalt,,,,,,,
2420694434,2420694443,0,233728888,footway,,,,False,True,5.519463940497744,32.1868,0.6173359944384617,"LINESTRING (-3.5315934 50.7258637, -3.5316002 50.7258328, -3.5315983 50.7258144)",no,fine_gravel,,,,,,,
2420694434,2020242304,0,233728889,footway,,,,False,False,21.275876616507276,32.1868,2.3796449420080963,"LINESTRING (-3.5315934 50.7258637, -3.5315124 50.7258783, -3.5314618 50.7259099, -3.5313776 50.7259381, -3.5313295 50.7259261)",no,fine_gravel,,,,,,,
2420694434,2420694433,0,233728889,footway,,,,False,True,4.688099447648021,32.1868,0.5243502930248698,"LINESTRING (-3.5315934 50.7258637, -3.5316252 50.7258728, -3.5316569 50.7258725)",no,fine_gravel,,,,,,,
2020242688,62141060,0,309864397,footway,,,,False,False,36.51863943093382,32.1868,4.08450364594684,"LINESTRING (-3.5311827 50.7256239, -3.5308485 50.7253727)",no,asphalt,,,,,,,
2020242688,2420694447,0,233728890,footway,,,,False,False,31.52250397435389,32.1868,3.525700420907764,"LINESTRING (-3.5311827 50.7256239, -3.5312449 50.7256205, -3.5313233 50.7256486, -3.5314239 50.7257016, -3.5315037 50.7257556, -3.5315312 50.7257802)",no,asphalt,,,,,,,
2020242688,2020242304,0,309864397,footway,,,,False,True,37.019063038635174,32.1868,4.140474571535122,"LINESTRING (-3.5311827 50.7256239, -3.5311795 50.7256765, -3.5311777 50.7257181, -3.5311734 50.7257642, -3.5311837 50.7257977, -3.5312214 50.7258375, -3.5313295 50.7259261)",no,fine_gravel,,,,,,,
306496592,306496327,0,7981835,footway,,,,False,True,6.3550069641721665,32.1868,0.7107890523761232,"LINESTRING (-3.5301054 50.725084, -3.5300417 50.7251245)",no,paving_stones,,,,,,,
306496592,62143009,0,"[651578939, 651578938, 7981835, 8694023]",footway,,,,False,False,76.84236648641895,32.1868,8.594595279776438,"LINESTRING (-3.5301054 50.725084, -3.5301173 50.7250787, -3.5301729 50.7250541, -3.5304727 50.7248987, -3.5306314 50.7248236, -3.5308195 50.7249647, -3.5308412 50.7249809, -3.5309367 50.7249658)",no,concrete,,,,,,,
306496592,959306935,0,"[1448453480, 27921226, 191449773]","['steps', 'footway']",,,,False,True,14.867928303515173,34.06605393721507,1.5711987655307023,"LINESTRING (-3.5301054 50.725084, -3.5300991 50.725078, -3.5300698 50.7250499, -3.5300313 50.7250131, -3.5300244 50.7250021, -3.5300452 50.7249911, -3.5300601 50.7249738)",no,paving_stones,,,,,,,
13495660308,13541593253,0,1476272686,steps,,,,False,True,7.113171552993849,34.06605393721507,0.7516989680687182,"LINESTRING (-3.5314265 50.7252395, -3.5314994 50.7251952)",no,asphalt,,,,,,,
13541593257,2020242586,0,25725419,service,,,Bradninch Place,False,True,9.72331140452556,32.1868,1.0875241110110985,"LINESTRING (-3.5316552 50.7253061, -3.5317476 50.7253711)",no,paving_stones,,,,,customers,,
13541593257,13541593253,0,25725419,service,,,Bradninch Place,False,False,16.50294732922881,32.1868,1.8458066780550948,"LINESTRING (-3.5316552 50.7253061, -3.5315869 50.7252569, -3.5314994 50.7251952)",no,asphalt,,,,,customers,,
13541593257,13541593264,0,"[1476272688, 1476272691, 1476272687]",footway,,,,False,False,38.51973945495471,32.1868,4.308320865629295,"LINESTRING (-3.5316552 50.7253061, -3.5315942 50.7253458, -3.5315047 50.7254039, -3.5315261 50.7254167, -3.5315778 50.7253818, -3.5315992 50.7253946, -3.5315288 50.7254404, -3.5314712 50.7254084, -3.5314582 50.7254176)",no,asphalt,,,,,,,
959306935,2020242415,0,27921161,service,,,,False,False,12.538024861789753,32.1868,1.4023416276996505,"LINESTRING (-3.5300601 50.7249738, -3.5299769 50.7248741)",no,paving_stones,,,,,,,
959306935,306495559,0,27921161,service,,,,False,True,48.40412001082174,32.1868,5.413860092924997,"LINESTRING (-3.5300601 50.7249738, -3.5301095 50.7249974, -3.530453 50.7248476, -3.5306173 50.7247662)",no,paving_stones,,,,,,,
959306935,306496592,0,"[1448453480, 27921226, 191449773]","['steps', 'footway']",,,,False,False,14.867928303515171,34.06605393721507,1.571198765530702,"LINESTRING (-3.5300601 50.7249738, -3.5300452 50.7249911, -3.5300244 50.7250021, -3.5300313 50.7250131, -3.5300698 50.7250499, -3.5300991 50.725078, -3.5301054 50.725084)",no,paving_stones,,,,,,,
10315489210,306495559,0,"[1128306718, 1128306719]",service,,,,False,"[False, True]",21.342629866923286,32.1868,2.3871110989885245,"LINESTRING (-3.5308244 50.7249037, -3.5307076 50.7248071, -3.5306173 50.7247662)",no,asphalt,,,,,,parking_aisle,
62150371,293210688,0,610765451,footway,,,,False,False,11.886899797022872,32.1868,1.3295151822884643,"LINESTRING (-3.5216136 50.7259814, -3.5217498 50.7260446)",yes,asphalt,,,,,,,
62150371,62150372,0,1066982584,footway,,,,False,False,6.98242212525806,32.1868,0.7809636139948369,"LINESTRING (-3.5216136 50.7259814, -3.52154 50.7260235)",yes,asphalt,,,,,,,
62150371,9797141055,0,1066982586,footway,,,,False,True,66.87400754456006,32.1868,7.479663314166561,"LINESTRING (-3.5216136 50.7259814, -3.5216821 50.7259322, -3.5219081 50.7257768, -3.5220677 50.7257093, -3.5221488 50.7256109, -3.5221723 50.72552)",yes,asphalt,,,,,,,
62150372,62150371,0,1066982584,footway,,,,False,True,6.98242212525806,32.1868,0.7809636139948369,"LINESTRING (-3.52154 50.7260235, -3.5216136 50.7259814)",yes,paving_stones,,,,,,,
760697815,293210688,0,42486187,secondary,2,30 mph,Western Way,False,False,8.019592019001447,48.2802,0.5979787007594254,"LINESTRING (-3.5218214 50.7259885, -3.5217498 50.7260446)",yes,asphalt,B3212,,,,,,
760697815,760697797,0,822211889,secondary,2,30 mph,Western Way,False,False,18.262699933081198,48.2802,1.3617532603239486,"LINESTRING (-3.5218214 50.7259885, -3.5219863 50.7258617)",yes,asphalt,B3212,,,,,,
760697815,760697797,1,60776790,service,,,,False,True,27.932626117055797,32.1868,3.124183019790749,"LINESTRING (-3.5218214 50.7259885, -3.5217686 50.7259577, -3.5217671 50.7259185, -3.5218356 50.7258703, -3.521902 50.7258494, -3.5219863 50.7258617)",yes,asphalt,,,,,,,
6210838923,6210838921,0,663556671,footway,,,,False,True,3.3955102747009103,32.1868,0.3797779521084196,"LINESTRING (-3.5223869 50.7256128, -3.5223592 50.7255878)",yes,asphalt,,,,,,,
6210838923,6210838912,0,610765451,footway,,,,False,False,21.346422468429353,32.1868,2.387535290440357,"LINESTRING (-3.5223869 50.7256128, -3.5225066 50.7255897, -3.522588 50.7255935, -3.5226717 50.7256239)",yes,asphalt,,,,,,,
6210838923,293210688,0,610765451,footway,,,,False,True,70.00319109486301,32.1868,7.829653396470195,"LINESTRING (-3.5223869 50.7256128, -3.522295 50.725689, -3.5218038 50.7260695, -3.5217498 50.7260446)",yes,asphalt,,,,,,,
62151581,2705265868,0,1153868572,residential,,20 mph,Old Tiverton Road,False,True,44.3503030358097,32.1868,4.960452450349676,"LINESTRING (-3.5202373 50.7294962, -3.5206019 50.7291709)",yes,paved,,,,,,,
62151581,2715479432,0,8694735,footway,,,,False,False,38.36585123944516,32.1868,4.291108916139617,"LINESTRING (-3.5202373 50.7294962, -3.5199389 50.7293663, -3.5198532 50.729264)",yes,asphalt,,,,,,,
2715479432,388337704,0,8694735,footway,,,,False,False,7.715537112899269,32.1868,0.8629603939017663,"LINESTRING (-3.5198532 50.729264, -3.5197436 50.7292653)",no,paved,,,,,,,
2715479432,62151581,0,8694735,footway,,,,False,True,38.36585123944516,32.1868,4.291108916139617,"LINESTRING (-3.5198532 50.729264, -3.5199389 50.7293663, -3.5202373 50.7294962)",yes,paved,,,,,,,
2715479432,2705265868,0,818514813,footway,,,,False,False,60.434833658420246,32.1868,6.7594604362755195,"LINESTRING (-3.5198532 50.729264, -3.5199922 50.7292206, -3.5203507 50.7291314, -3.5204705 50.7290932, -3.5205176 50.7291055, -3.5206019 50.7291709)",yes,paved,,,,,,,
62154497,392680936,0,7981298,unclassified,,20 mph,Russell Street,False,True,3.0385704749694185,32.1868,0.33985527327630916,"LINESTRING (-3.5207076 50.7259198, -3.5207057 50.7258925)",yes,asphalt,,,,,,,
62154497,392669537,0,7981298,unclassified,,20 mph,Russell Street,False,False,48.38822448268219,32.1868,5.412082224317295,"LINESTRING (-3.5207076 50.7259198, -3.5208182 50.7259991, -3.5208739 50.7260224, -3.5209213 50.726029, -3.5209632 50.7260256, -3.5210122 50.7260122, -3.5210567 50.7259874, -3.5212092 50.7258619)",yes,asphalt,,,,,,,
392680936,62154497,0,7981298,unclassified,,20 mph,Russell Street,False,False,3.0385704749694185,32.1868,0.33985527327630916,"LINESTRING (-3.5207057 50.7258925, -3.5207076 50.7259198)",yes,asphalt,,,,,,,
392680936,1774955045,0,7981298,unclassified,,20 mph,Russell Street,False,True,51.33524062472143,32.1868,5.741697411640709,"LINESTRING (-3.5207057 50.7258925, -3.5206731 50.7258631, -3.5204847 50.7256299, -3.520348 50.7254908)",no,asphalt,,,,,,,
392680936,392680949,0,"[34240450, 166002914]",service,,,,False,True,13.167119924385801,32.1868,1.4727040814181247,"LINESTRING (-3.5207057 50.7258925, -3.5207644 50.7258619, -3.5208289 50.7258047)",no,asphalt,,,,,,parking_aisle,
1774955045,1774955008,0,403451855,service,,,,False,False,18.576006249593203,32.1868,2.077672291080056,"LINESTRING (-3.520348 50.7254908, -3.5205608 50.725392)",no,asphalt,,,,,,parking_aisle,
1774955045,392680936,0,7981298,unclassified,,20 mph,Russell Street,False,False,51.33524062472142,32.1868,5.7416974116407085,"LINESTRING (-3.520348 50.7254908, -3.5204847 50.7256299, -3.5206731 50.7258631, -3.5207057 50.7258925)",no,asphalt,,,,,,,
1774955045,1774955035,0,7981298,unclassified,,20 mph,Russell Street,False,True,12.012696164099168,32.1868,1.3435851402052086,"LINESTRING (-3.520348 50.7254908, -3.520311 50.7254742, -3.5202576 50.7254586, -3.5201997 50.7254379)",yes,asphalt,,,,,,,
392680949,392680943,0,34240448,service,,,,False,True,3.942830388519428,32.1868,0.44099411555886087,"LINESTRING (-3.5208289 50.7258047, -3.5208595 50.725775)",no,paved,,,,,,parking_aisle,
392680949,392680936,0,"[34240450, 166002914]",service,,,,False,False,13.167119924385801,32.1868,1.4727040814181247,"LINESTRING (-3.5208289 50.7258047, -3.5207644 50.7258619, -3.5207057 50.7258925)",no,asphalt,,,,,,parking_aisle,
392680949,2758224934,0,166002914,service,,,,False,True,24.772783530160392,32.1868,2.7707638133824246,"LINESTRING (-3.5208289 50.7258047, -3.5209174 50.7258664, -3.5209476 50.7258762, -3.5209776 50.7258703, -3.5210791 50.7257962)",yes,paving_stones,,,,,,parking_aisle,
2758224934,392669537,0,8694659,footway,,,,False,True,11.721213514400095,32.1868,1.3109836532939076,"LINESTRING (-3.5210791 50.7257962, -3.5211475 50.7258285, -3.5212092 50.7258619)",yes,paving_stones,,,,,,,
2758224934,392680949,0,166002914,service,,,,False,False,24.772783530160396,32.1868,2.7707638133824246,"LINESTRING (-3.5210791 50.7257962, -3.5209776 50.7258703, -3.5209476 50.7258762, -3.5209174 50.7258664, -3.5208289 50.7258047)",yes,asphalt,,,,,,parking_aisle,
496075342,62990033,0,8763673,footway,,,,False,False,26.131893664038635,32.1868,2.9227763303757786,"LINESTRING (-3.5328237 50.7238136, -3.5325499 50.7239723)",no,paving_stones,,,,,,,
496075342,496075213,0,8763673,footway,,,,False,True,5.038501785141488,32.1868,0.5635417757126946,"LINESTRING (-3.5328237 50.7238136, -3.5328796 50.7237853)",yes,paving_stones,,,,,,,
496075342,2109318166,0,"[200494218, 39123589]",footway,,,,False,False,157.01033916482535,32.1868,17.561149943249138,"LINESTRING (-3.5328237 50.7238136, -3.5329667 50.7239109, -3.5332837 50.7241385, -3.5342092 50.7236011, -3.5340178 50.7234671)",no,paving_stones,,,,,,,
496075342,10693280272,0,39123589,footway,,,,False,True,7.849762586019855,32.1868,0.8779731228227561,"LINESTRING (-3.5328237 50.7238136, -3.5327797 50.7237834, -3.5327359 50.7237733)",no,paving_stones,,,,,,,
10693280269,496075756,0,7981287,footway,,,,False,False,22.932195909253995,32.1868,2.564899439314079,"LINESTRING (-3.5324433 50.7239062, -3.532428 50.723897, -3.532248 50.7237667, -3.5322271 50.723752)",no,paved,,,,,,,
10693280269,62990033,0,7981287,footway,,,,False,True,10.50738993319112,32.1868,1.1752210148100475,"LINESTRING (-3.5324433 50.7239062, -3.5325009 50.7239402, -3.5325499 50.7239723)",no,paving_stones,,,,,,,
10693280269,10693280274,0,"[1149448293, 1149448294, 1149448295]","['steps', 'footway']",,,,False,True,6.228524659185541,34.06605393721507,0.6582120962525848,"LINESTRING (-3.5324433 50.7239062, -3.5324613 50.7238961, -3.5324944 50.7238771, -3.5325102 50.7238696)",no,paving_stones,,,,,,,
10693280272,10693280274,0,39123589,footway,,,,False,False,20.149607915192185,32.1868,2.253675062283044,"LINESTRING (-3.5327359 50.7237733, -3.532599 50.7238628, -3.5325102 50.7238696)",no,paving_stones,,,,,,,
10693280272,496075342,0,39123589,footway,,,,False,False,7.849762586019855,32.1868,0.8779731228227561,"LINESTRING (-3.5327359 50.7237733, -3.5327797 50.7237834, -3.5328237 50.7238136)",no,paving_stones,,,,,,,
10693280272,10693280275,0,39123589,footway,,,,False,True,32.87504859991078,32.1868,3.676978604883953,"LINESTRING (-3.5327359 50.7237733, -3.5327073 50.7237503, -3.5326718 50.7237244, -3.5325554 50.7236921, -3.5323935 50.7237231, -3.5323385 50.7237509)",no,paving_stones,,,,,,,
10693280274,10693280275,0,39123589,footway,,,,False,False,17.896733614091477,32.1868,2.0016976217185096,"LINESTRING (-3.5325102 50.7238696, -3.5323385 50.7237509)",no,paving_stones,,,,,,,
10693280274,10693280272,0,39123589,footway,,,,False,True,20.149607915192185,32.1868,2.253675062283044,"LINESTRING (-3.5325102 50.7238696, -3.532599 50.7238628, -3.5327359 50.7237733)",no,paving_stones,,,,,,,
10693280274,10693280269,0,"[1149448293, 1149448294, 1149448295]","['steps', 'footway']",,,,False,False,6.228524659185542,34.06605393721507,0.6582120962525849,"LINESTRING (-3.5325102 50.7238696, -3.5324944 50.7238771, -3.5324613 50.7238961, -3.5324433 50.7239062)",no,paving_stones,,,,,,,
84910160,84917846,0,42027866,unclassified,2,20 mph,Pennsylvania Road,False,False,27.52569159526278,32.1868,3.078668576650864,"LINESTRING (-3.5256315 50.7309674, -3.5256722 50.7307212)",no,asphalt,,,,,,,
84910160,9411402302,0,42027866,unclassified,2,20 mph,Pennsylvania Road,False,True,2.3859697409316887,32.1868,0.26686377854754373,"LINESTRING (-3.5256315 50.7309674, -3.5256274 50.7309887)",no,asphalt,,,,,,,
9411402302,84910160,0,42027866,unclassified,2,20 mph,Pennsylvania Road,False,False,2.3859697409316887,32.1868,0.26686377854754373,"LINESTRING (-3.5256274 50.7309887, -3.5256315 50.7309674)",no,asphalt,,,,,,,
9411402302,84911462,0,42027866,unclassified,2,20 mph,Pennsylvania Road,False,True,30.57259443053425,32.1868,3.4194558002014275,"LINESTRING (-3.5256274 50.7309887, -3.5256047 50.7311049, -3.5255837 50.7312622)",no,asphalt,,,,,,,
2386412153,9411402296,0,10245271,residential,,20 mph,Hillsborough Avenue,False,False,2.376305468574247,32.1868,0.2657828577822986,"LINESTRING (-3.5251522 50.7306488, -3.5251203 50.7306418)",no,asphalt,,,,,,,
2386412153,2386412150,0,230111829,service,,,,False,True,25.99820713330871,32.1868,2.907823880594261,"LINESTRING (-3.5251522 50.7306488, -3.5250363 50.7308708)",no,asphalt,,,,,,,
2386412153,84917846,0,10245271,residential,,20 mph,Hillsborough Avenue,False,True,37.47624290301165,32.1868,4.191608810159505,"LINESTRING (-3.5251522 50.7306488, -3.5254389 50.7306906, -3.5256722 50.7307212)",no,asphalt,,,,,,,
84911462,9411402302,0,42027866,unclassified,2,20 mph,Pennsylvania Road,False,False,30.57259443053425,32.1868,3.4194558002014275,"LINESTRING (-3.5255837 50.7312622, -3.5256047 50.7311049, -3.5256274 50.7309887)",no,asphalt,,,,,,,
84917446,2752599714,0,1153868466,residential,,20 mph,Oxford Road,False,False,24.550829566163195,32.1868,2.745938907818967,"LINESTRING (-3.5227149 50.7290635, -3.5224895 50.729232)",yes,concrete,,,,,,,
84917446,431231592,0,10245197,pedestrian,,,York Terrace,False,False,38.28587894479371,32.1868,4.282164247494544,"LINESTRING (-3.5227149 50.7290635, -3.5229627 50.7291496, -3.5231821 50.7292394)",yes,asphalt,,,,,,,
84917446,7644003306,0,"[10244810, 1153868467]",residential,,20 mph,Oxford Road,False,True,119.42789499001721,32.1868,13.357662829609096,"LINESTRING (-3.5227149 50.7290635, -3.5230126 50.7288113, -3.5233068 50.728562, -3.5237459 50.7282106)",yes,asphalt,,,,,,,
84915449,2752524222,0,10244913,pedestrian,,,Clarence Place,False,False,68.11115533417872,32.1868,7.618034697548169,"LINESTRING (-3.5238186 50.7297543, -3.5232211 50.729607, -3.5230206 50.7295434, -3.5229258 50.7295192)",no,asphalt,,,,,,,
431231592,431231593,0,221601916,residential,2,,Well Street,False,False,6.90804583606931,32.7417448275862,0.7595491669978577,"LINESTRING (-3.5231821 50.7292394, -3.5232295 50.729185)",yes,paving_stones,,,,,,,
431231592,2752524222,0,221601916,residential,2,,Well Street,False,True,35.96397719013724,32.7417448275862,3.95428889224652,"LINESTRING (-3.5231821 50.7292394, -3.5229258 50.7295192)",yes,asphalt,,,,,,,
431231592,84917446,0,10245197,pedestrian,,,York Terrace,False,True,38.28587894479371,32.1868,4.282164247494544,"LINESTRING (-3.5231821 50.7292394, -3.5229627 50.7291496, -3.5227149 50.7290635)",yes,asphalt,,,,,,,
2752599714,84917446,0,1153868466,residential,,20 mph,Oxford Road,False,True,24.550829566163195,32.1868,2.745938907818967,"LINESTRING (-3.5224895 50.729232, -3.5227149 50.7290635)",yes,asphalt,,,,,,,
2752599714,2752599710,0,270206896,service,,,Oxford Road,False,True,36.880157132168186,32.1868,4.1249383497522425,"LINESTRING (-3.5224895 50.729232, -3.5221316 50.7291053, -3.5221681 50.729037)",yes,asphalt,,,,,,,
2752599710,2752599714,0,270206896,service,,,Oxford Road,False,False,36.880157132168186,32.1868,4.1249383497522425,"LINESTRING (-3.5221681 50.729037, -3.5221316 50.7291053, -3.5224895 50.729232)",yes,asphalt,,,,,,,
431231593,1787924020,0,221601916,residential,2,,Well Street,False,False,30.454898434509698,32.7417448275862,3.3485580851470353,"LINESTRING (-3.5232295 50.729185, -3.5234374 50.7289448)",no,asphalt,,,,,,,
431231593,431231592,0,221601916,residential,2,,Well Street,False,True,6.90804583606931,32.7417448275862,0.7595491669978577,"LINESTRING (-3.5232295 50.729185, -3.5231821 50.7292394)",yes,asphalt,,,,,,,
431231593,8340762915,0,10244742,residential,,,St Sidwell's Avenue,False,True,86.85287133491761,32.7417448275862,9.54959298755106,"LINESTRING (-3.5232295 50.729185, -3.5235427 50.7293001, -3.5241051 50.7295178, -3.5242891 50.7295852)",no,asphalt,,,,,,,
9411402296,2386412153,0,10245271,residential,,20 mph,Hillsborough Avenue,False,True,2.376305468574247,32.1868,0.2657828577822986,"LINESTRING (-3.5251203 50.7306418, -3.5251522 50.7306488)",no,asphalt,,,,,,,
2386412150,2386412153,0,230111829,service,,,,False,False,25.99820713330871,32.1868,2.907823880594261,"LINESTRING (-3.5250363 50.7308708, -3.5251522 50.7306488)",no,asphalt,,,,,,,
99376015,106201159,0,11160537,footway,,,,False,True,15.978809511950207,32.1868,1.7871833870723637,"LINESTRING (-3.5301646 50.7227086, -3.5301639 50.7228523)",no,paving_stones,,,,,,,
10061817910,2420683599,0,233727969,footway,,,Catherine Square,False,False,9.681412058164186,32.1868,1.0828377909388653,"LINESTRING (-3.5298852 50.7238466, -3.5299236 50.7238722, -3.5298625 50.7239066)",yes,paving_stones,,,,,,,
10061817910,106201152,0,233727969,footway,,,Catherine Square,False,True,16.223497948266115,32.1868,1.8145510772663955,"LINESTRING (-3.5298852 50.7238466, -3.5297697 50.7237696, -3.5297265 50.7237408)",yes,paving_stones,,,,,,,
10061817910,10061817908,0,"[1098893229, 1098893230]","['steps', 'footway']",,,,False,"[False, True]",9.391143630870268,34.06605393721507,0.9924283315420832,"LINESTRING (-3.5298852 50.7238466, -3.5298538 50.7238626, -3.5297847 50.7239021)",yes,paving_stones,,,,,,,
2402766423,106201152,0,5549991,footway,,,Catherine Street,False,False,11.165328765282103,32.1868,1.248809560286067,"LINESTRING (-3.5296134 50.7238112, -3.5297265 50.7237408)",yes,paving_stones,,,,,,,
2402766423,2402766417,0,5549991,footway,,,Catherine Street,False,True,8.0603656765423,32.1868,0.901528466189627,"LINESTRING (-3.5296134 50.7238112, -3.5295283 50.7238597)",yes,paving_stones,,,,,,,
2402766423,2420685076,0,233728085,footway,,,,False,True,18.69046902651614,32.1868,2.0904746198894615,"LINESTRING (-3.5296134 50.7238112, -3.5295681 50.7237839, -3.5295047 50.7237455, -3.5294247 50.723798)",yes,paving_stones,,,,,,,
2420685076,2402766420,0,"[231955298, 231955300]",footway,,,,False,"[False, True]",21.92331714967002,32.1868,2.4520592832717787,"LINESTRING (-3.5294247 50.723798, -3.529343 50.7237513, -3.5292872 50.7237904, -3.5292011 50.7237392)",yes,paving_stones,,,,,,,
2420685076,2402766417,0,"[231955299, 231955300, 231955301]","['steps', 'footway']",,,,False,"[False, True]",10.015046883470385,34.06605393721507,1.0583605852013998,"LINESTRING (-3.5294247 50.723798, -3.5294514 50.7238136, -3.5294544 50.7238153, -3.5294786 50.7238292, -3.5294852 50.7238333, -3.5294878 50.7238346, -3.5295283 50.7238597)",yes,paving_stones,,,,,,,
2420685076,2402766423,0,233728085,footway,,,,False,False,18.690469026516144,32.1868,2.090474619889462,"LINESTRING (-3.5294247 50.723798, -3.5295047 50.7237455, -3.5295681 50.7237839, -3.5296134 50.7238112)",yes,paving_stones,,,,,,,
10061817908,10061817910,0,"[1098893229, 1098893230]","['steps', 'footway']",,,,False,"[False, True]",9.391143630870268,34.06605393721507,0.9924283315420832,"LINESTRING (-3.5297847 50.7239021, -3.5298538 50.7238626, -3.5298852 50.7238466)",yes,paving_stones,,,,,,,
2420685990,2420667925,0,233725951,footway,,,,False,False,17.547727410353506,32.1868,1.9626622925321136,"LINESTRING (-3.5317894 50.7221371, -3.5318882 50.7220963, -3.5319378 50.7220765, -3.5319999 50.7220526)",yes,asphalt,,,,,,,
174022414,6210838921,0,32023547,secondary,,30 mph,Western Way,False,True,12.11064754753945,48.2802,0.903027145105903,"LINESTRING (-3.5222153 50.7256475, -3.5223592 50.7255878)",yes,asphalt,B3212,,,,,,
174022414,6210838922,0,42737096,secondary,2,30 mph,Western Way,False,False,12.03115038234043,48.2802,0.8970994605744289,"LINESTRING (-3.5222153 50.7256475, -3.5222488 50.7255414)",yes,asphalt,B3212,,,,,,
174022414,760697797,0,822211888,secondary,2,30 mph,Western Way,False,True,28.759864228132557,48.2802,2.144471464933393,"LINESTRING (-3.5222153 50.7256475, -3.5219863 50.7258617)",yes,asphalt,B3212,,,,,,
6210838921,174022414,0,32023547,secondary,,30 mph,Western Way,False,False,12.11064754753945,48.2802,0.903027145105903,"LINESTRING (-3.5223592 50.7255878, -3.5222153 50.7256475)",yes,asphalt,B3212,,,,,,
6210838921,359237293,0,32023547,secondary,,30 mph,Western Way,False,True,10.39736504625717,48.2802,0.7752767007287834,"LINESTRING (-3.5223592 50.7255878, -3.5224632 50.7255214)",yes,asphalt,B3212,,,,,,
6210838921,6210838923,0,663556671,footway,,,,False,False,3.3955102747009103,32.1868,0.3797779521084196,"LINESTRING (-3.5223592 50.7255878, -3.5223869 50.7256128)",yes,asphalt,,,,,,,
6210838921,6210838922,0,663556671,footway,,,,False,True,9.327915546753532,32.1868,1.043300233894414,"LINESTRING (-3.5223592 50.7255878, -3.5222488 50.7255414)",yes,asphalt,,,,,,,
760697797,174022414,0,822211888,secondary,2,30 mph,Western Way,False,False,28.759864228132557,48.2802,2.144471464933393,"LINESTRING (-3.5219863 50.7258617, -3.5222153 50.7256475)",yes,asphalt,B3212,,,,,,
760697797,760697815,0,822211889,secondary,2,30 mph,Western Way,False,True,18.262699933081198,48.2802,1.3617532603239486,"LINESTRING (-3.5219863 50.7258617, -3.5218214 50.7259885)",yes,asphalt,B3212,,,,,,
760697797,760697815,1,60776790,service,,,,False,False,27.932626117055793,32.1868,3.1241830197907485,"LINESTRING (-3.5219863 50.7258617, -3.521902 50.7258494, -3.5218356 50.7258703, -3.5217671 50.7259185, -3.5217686 50.7259577, -3.5218214 50.7259885)",yes,asphalt,,,,,,,
260755316,2304109924,0,10244285,residential,,20 mph,Thornton Hill,False,True,41.77897268786051,32.1868,4.672856626825216,"LINESTRING (-3.5273621 50.7302712, -3.5270757 50.7299421)",no,asphalt,,7.3,,,,,
260755316,260755343,0,24043873,residential,,,Waverley Avenue,False,False,35.40362424450635,32.7417448275862,3.892677313056287,"LINESTRING (-3.5273621 50.7302712, -3.5278087 50.7301247)",no,asphalt,,,,,,,
260755316,293999778,0,10244285,residential,,20 mph,Thornton Hill,False,False,49.81520165830137,32.1868,5.571685472612529,"LINESTRING (-3.5273621 50.7302712, -3.5274264 50.7303467, -3.5276978 50.7306656)",no,asphalt,,7.3,,,,,
2304110052,2304109924,0,221387019,service,,,,False,False,72.27475810701353,32.1868,8.083721562418406,"LINESTRING (-3.5279797 50.7296338, -3.5270757 50.7299421)",no,asphalt,,,,,,,
260755658,260755507,0,41470942,residential,,20 mph,Howell Road,False,False,31.930600970473574,32.1868,3.5713448834213057,"LINESTRING (-3.5303859 50.7290138, -3.5299378 50.7290586)",yes,asphalt,,,,,,,
260755658,293999789,0,41470942,residential,,20 mph,Howell Road,False,True,26.794430229548755,32.1868,2.996879118967264,"LINESTRING (-3.5303859 50.7290138, -3.5307656 50.7289965)",yes,asphalt,,,,,,,
293999787,2388463439,0,5215957,unclassified,2,20 mph,Blackall Road,False,False,73.87742668663566,32.1868,8.26297538344565,"LINESTRING (-3.5303834 50.728166, -3.5301273 50.7283068, -3.5299011 50.7284186, -3.5295438 50.7285624)",yes,asphalt,,,,,,,
293999787,653302368,0,5215957,unclassified,2,20 mph,Blackall Road,False,True,15.2156083643949,32.1868,1.7018215576516351,"LINESTRING (-3.5303834 50.728166, -3.5304584 50.728101, -3.5305089 50.7280546)",yes,asphalt,,,,,,,
293999787,293999789,0,24044081,pedestrian,,,Prison Lane,False,True,96.18880960515901,32.1868,10.758438694700079,"LINESTRING (-3.5303834 50.728166, -3.5305286 50.7284702, -3.5307656 50.7289965)",yes,asphalt,,,,,,,
208481512,4917711990,0,331669380,residential,,20 mph,Clifton Road,False,True,17.55531010408639,32.1868,1.9635103947801897,"LINESTRING (-3.5200369 50.725569, -3.5198691 50.7256858)",yes,asphalt,,,,,,,
208481512,208481514,0,19880273,footway,,,St Matthews Court,False,False,60.81563637012901,32.1868,6.802052112433186,"LINESTRING (-3.5200369 50.725569, -3.5199776 50.725537, -3.5200017 50.7255217, -3.5198582 50.7254525, -3.5195071 50.7253194, -3.5195343 50.7252802, -3.519475 50.7252335)",yes,asphalt,,,,,,,
208481512,1774955035,0,331669380,residential,,20 mph,Clifton Road,False,False,18.55653831324106,32.1868,2.0754948590002056,"LINESTRING (-3.5200369 50.725569, -3.5201357 50.7254844, -3.5201997 50.7254379)",yes,asphalt,,,,,,,
4917711990,208481512,0,331669380,residential,,20 mph,Clifton Road,False,False,17.55531010408639,32.1868,1.9635103947801897,"LINESTRING (-3.5198691 50.7256858, -3.5200369 50.725569)",yes,asphalt,,,,,,,
208481514,1774954985,0,7981291,residential,,20 mph,Lower Summerlands,False,False,11.396255092312785,32.1868,1.2746379985685445,"LINESTRING (-3.519475 50.7252335, -3.5194135 50.7252341, -3.5193579 50.7252237, -3.5193207 50.7252108)",yes,asphalt,,,,,,,
208481514,208481512,0,19880273,footway,,,St Matthews Court,False,True,60.81563637012901,32.1868,6.802052112433186,"LINESTRING (-3.519475 50.7252335, -3.5195343 50.7252802, -3.5195071 50.7253194, -3.5198582 50.7254525, -3.5200017 50.7255217, -3.5199776 50.725537, -3.5200369 50.725569)",yes,asphalt,,,,,,,
208481514,4913599253,0,411133506,service,,,,False,True,28.429800041705615,32.1868,3.179790477777854,"LINESTRING (-3.519475 50.7252335, -3.5195217 50.7252247, -3.5196382 50.7252205, -3.5197344 50.725218, -3.519874 50.7252351)",yes,paving_stones,,,,,,,
1774955035,1774955045,0,7981298,unclassified,,20 mph,Russell Street,False,False,12.012696164099168,32.1868,1.3435851402052086,"LINESTRING (-3.5201997 50.7254379, -3.5202576 50.7254586, -3.520311 50.7254742, -3.520348 50.7254908)",yes,asphalt,,,,,,,
1774955035,4913599248,0,"[331669380, 7981293]","['unclassified', 'residential']",,20 mph,Clifton Road,False,False,39.75905777354275,32.1868,4.446935016365527,"LINESTRING (-3.5201997 50.7254379, -3.5201965 50.7253447, -3.5201831 50.7252746, -3.5201672 50.7252352, -3.5200848 50.7250913)",yes,asphalt,,6.7,,,,,
1774955035,208481512,0,331669380,residential,,20 mph,Clifton Road,False,True,18.55653831324106,32.1868,2.0754948590002056,"LINESTRING (-3.5201997 50.7254379, -3.5201357 50.7254844, -3.5200369 50.725569)",yes,asphalt,,,,,,,
1774954985,760693020,0,7981291,residential,,20 mph,Lower Summerlands,False,False,73.17226289331514,32.1868,8.184104863358101,"LINESTRING (-3.5193207 50.7252108, -3.5193638 50.7251279, -3.5195987 50.7246998, -3.5196668 50.7245904)",yes,asphalt,,,,,,,
1774954985,208481514,0,7981291,residential,,20 mph,Lower Summerlands,False,True,11.396255092312785,32.1868,1.2746379985685445,"LINESTRING (-3.5193207 50.7252108, -3.5193579 50.7252237, -3.5194135 50.7252341, -3.519475 50.7252335)",yes,paving_stones,,,,,,,
1774954985,9797076569,0,270852665,service,,,,False,False,29.82745078105393,32.1868,3.3361136494399615,"LINESTRING (-3.5193207 50.7252108, -3.519271 50.7252239, -3.519249 50.7252481, -3.5192051 50.725291, -3.5191726 50.7253247, -3.5191476 50.7253654, -3.5191239 50.7254007, -3.5191146 50.7254338)",yes,asphalt,,,,,customers,,
4913599253,4128673600,0,411133506,service,,,,False,True,9.403142984131614,32.1868,1.0517142040486727,"LINESTRING (-3.519874 50.7252351, -3.5200036 50.7252556)",no,asphalt,,,,,,,
4913599253,208481514,0,411133506,service,,,,False,False,28.42980004170561,32.1868,3.1797904777778534,"LINESTRING (-3.519874 50.7252351, -3.5197344 50.725218, -3.5196382 50.7252205, -3.5195217 50.7252247, -3.519475 50.7252335)",yes,paving_stones,,,,,,,
4913599253,4913599248,0,500259926,footway,,,,False,True,22.2711529105341,32.1868,2.490963701825679,"LINESTRING (-3.519874 50.7252351, -3.519901 50.7252106, -3.5199574 50.7251508, -3.5200209 50.7251163, -3.5200307 50.7251103, -3.5200848 50.7250913)",no,asphalt,,,,,,,
4913599248,1774955011,0,7981293,unclassified,,20 mph,Clifton Road,False,False,51.40497256832418,32.1868,5.749496726793812,"LINESTRING (-3.5200848 50.7250913, -3.5199185 50.7248264, -3.5198807 50.724727, -3.5198796 50.724652)",no,asphalt,,6.7,,,,,
4913599248,1774955035,0,"[331669380, 7981293]","['unclassified', 'residential']",,20 mph,Clifton Road,False,True,39.75905777354275,32.1868,4.446935016365527,"LINESTRING (-3.5200848 50.7250913, -3.5201672 50.7252352, -3.5201831 50.7252746, -3.5201965 50.7253447, -3.5201997 50.7254379)",yes,asphalt,,6.7,,,,,
4913599248,4913599253,0,500259926,footway,,,,False,False,22.2711529105341,32.1868,2.490963701825679,"LINESTRING (-3.5200848 50.7250913, -3.5200307 50.7251103, -3.5200209 50.7251163, -3.5199574 50.7251508, -3.519901 50.7252106, -3.519874 50.7252351)",no,asphalt,,,,,,,
760693020,2767006763,0,7981291,residential,,20 mph,Lower Summerlands,False,False,15.392071894967827,32.1868,1.7215584904956127,"LINESTRING (-3.5196668 50.7245904, -3.519783 50.7245985, -3.5198836 50.7246082)",yes,asphalt,,,,,,,
760693020,1774954985,0,7981291,residential,,20 mph,Lower Summerlands,False,True,73.17226289331514,32.1868,8.184104863358101,"LINESTRING (-3.5196668 50.7245904, -3.5195987 50.7246998, -3.5193638 50.7251279, -3.5193207 50.7252108)",yes,asphalt,,,,,,,
760693020,9797141032,0,"[1066982585, 1066972126]","['footway', 'residential']",,20 mph,Lower Summerlands,False,"[False, True]",14.087562053643563,32.1868,1.5756528574793653,"LINESTRING (-3.5196668 50.7245904, -3.5196926 50.7245021, -3.5197011 50.7244656)",yes,asphalt,,7.3,,,,,
9797076569,1774954985,0,270852665,service,,,,False,True,29.82745078105393,32.1868,3.3361136494399615,"LINESTRING (-3.5191146 50.7254338, -3.5191239 50.7254007, -3.5191476 50.7253654, -3.5191726 50.7253247, -3.5192051 50.725291, -3.519249 50.7252481, -3.519271 50.7252239, -3.5193207 50.7252108)",yes,asphalt,,,,,customers,,
4128673600,4913599253,0,411133506,service,,,,False,False,9.403142984131614,32.1868,1.0517142040486727,"LINESTRING (-3.5200036 50.7252556, -3.519874 50.7252351)",no,asphalt,,,,,,,
248779248,1786461750,0,"[23054874, 681738698, 681738699]",footway,,,,False,True,24.71302399869294,32.1868,2.764079883532833,"LINESTRING (-3.5266201 50.7241161, -3.5266782 50.7241145, -3.5268406 50.7241067, -3.5269323 50.7241088, -3.5269423 50.7241322)",yes,asphalt,,,yes,,,,
1786461750,1786461577,0,23054874,footway,,,,False,True,5.698325651168974,32.1868,0.6373411567539584,"LINESTRING (-3.5269423 50.7241322, -3.5270215 50.7241428)",yes,paving_stones,,,,,,,
1786461750,2790168752,0,167238737,footway,,,,False,True,15.392376018319808,32.1868,1.7215925058083226,"LINESTRING (-3.5269423 50.7241322, -3.526938 50.7242706)",no,paving_stones,,,,,,,
1786461750,248779248,0,"[681738698, 23054874, 681738699]",footway,,,,False,False,24.713023998692943,32.1868,2.7640798835328333,"LINESTRING (-3.5269423 50.7241322, -3.5269323 50.7241088, -3.5268406 50.7241067, -3.5266782 50.7241145, -3.5266201 50.7241161)",yes,asphalt,,,yes,,,,
2790168752,1786461750,0,167238737,footway,,,,False,False,15.392376018319808,32.1868,1.7215925058083226,"LINESTRING (-3.526938 50.7242706, -3.5269423 50.7241322)",no,paving_stones,,,,,,,
2790168752,5781536448,0,167238737,footway,,,,False,True,51.88171056390459,32.1868,5.802818485529985,"LINESTRING (-3.526938 50.7242706, -3.5269658 50.7242968, -3.5269715 50.724357, -3.5269946 50.7244795, -3.5269976 50.7245148, -3.52701 50.7246612, -3.5270107 50.7246666, -3.5270062 50.7247305)",yes,paving_stones,,,,,,,
2790168752,2790168750,0,274255034,footway,,,,False,True,18.331540081863377,32.1868,2.050329460981153,"LINESTRING (-3.526938 50.7242706, -3.5270183 50.7242652, -3.5271975 50.724257)",yes,paving_stones,,,,,,,
260754242,5332097144,0,24043803,residential,,,Montague Rise,False,True,10.040856016146403,32.7417448275862,1.104005966953591,"LINESTRING (-3.5288465 50.7293489, -3.5288157 50.7293651, -3.5287748 50.7294215, -3.5287708 50.7294201)",no,asphalt,,,,,,,
260754242,260754380,0,155339537,residential,,,Horseguards,False,False,18.004410848456956,32.7417448275862,1.9796098038072523,"LINESTRING (-3.5288465 50.7293489, -3.5288141 50.7293044, -3.5287693 50.7291951)",no,asphalt,,,,,,,
260754242,260755032,0,155339537,residential,,,Horseguards,False,True,117.36110842062641,32.7417448275862,12.904015730960138,"LINESTRING (-3.5288465 50.7293489, -3.5288859 50.7293569, -3.5289754 50.729357, -3.5290678 50.7293638, -3.5291753 50.7293802, -3.5293309 50.7294149, -3.5294603 50.7294616, -3.5295266 50.7295075, -3.529557 50.7295463, -3.5296115 50.7296188, -3.5297907 50.7300638)",no,asphalt,,,,,,,
5332097144,260754242,0,24043803,residential,,,Montague Rise,False,False,10.040856016146403,32.7417448275862,1.104005966953591,"LINESTRING (-3.5287708 50.7294201, -3.5287748 50.7294215, -3.5288157 50.7293651, -3.5288465 50.7293489)",no,asphalt,,,,,,,
5332097144,5326210106,0,24043803,residential,,,Montague Rise,False,True,66.84638589501245,32.7417448275862,7.34985232122664,"LINESTRING (-3.5287708 50.7294201, -3.5286353 50.7295981, -3.5286889 50.7298222, -3.5287183 50.7299189, -3.5287484 50.729995)",no,asphalt,,,,,,,
5332097144,260755923,0,24043925,footway,,,,False,True,10.324359911530497,32.1868,1.1547496390293472,"LINESTRING (-3.5287708 50.7294201, -3.5288167 50.7294435, -3.5288627 50.7294908)",no,asphalt,,,,,,,
5332097144,5332097150,0,552232847,footway,,,,False,False,32.13571396329917,32.1868,3.5942861753227104,"LINESTRING (-3.5287708 50.7294201, -3.528696 50.7294082, -3.5286621 50.7293931, -3.5286141 50.7293582, -3.52859 50.7293216, -3.5285812 50.7292922, -3.528573 50.7292741, -3.5285603 50.7292387, -3.52854 50.7291977)",no,asphalt,,,,,,,
260754380,5332097150,0,41470942,residential,,20 mph,Howell Road,False,False,16.162272089005352,32.1868,1.8077031429163284,"LINESTRING (-3.5287693 50.7291951, -3.5285957 50.7292002, -3.52854 50.7291977)",no,asphalt,,,,,,,
260754380,260755507,0,41470942,residential,,20 mph,Howell Road,False,True,83.63569932152883,32.1868,9.354409806426979,"LINESTRING (-3.5287693 50.7291951, -3.5292361 50.7291431, -3.5299378 50.7290586)",no,asphalt,,,,,,,
260754380,260754242,0,155339537,residential,,,Horseguards,False,True,18.004410848456956,32.7417448275862,1.9796098038072523,"LINESTRING (-3.5287693 50.7291951, -3.5288141 50.7293044, -3.5288465 50.7293489)",no,asphalt,,,,,,,
260755032,5326210114,0,24043843,residential,,,Addington Court,False,False,5.690841537565356,32.7417448275862,0.6257158756540718,"LINESTRING (-3.5297907 50.7300638, -3.5297133 50.7300786)",no,asphalt,,,,,,,
260755032,260754242,0,155339537,residential,,,Horseguards,False,False,117.36110842062641,32.7417448275862,12.904015730960138,"LINESTRING (-3.5297907 50.7300638, -3.5296115 50.7296188, -3.529557 50.7295463, -3.5295266 50.7295075, -3.5294603 50.7294616, -3.5293309 50.7294149, -3.5291753 50.7293802, -3.5290678 50.7293638, -3.5289754 50.729357, -3.5288859 50.7293569, -3.5288465 50.7293489)",no,asphalt,,,,,,,
260755032,260755491,0,"[155339537, 24043805]",residential,,,Horseguards,False,True,12.660153971273203,32.7417448275862,1.3920013895589185,"LINESTRING (-3.5297907 50.7300638, -3.5298246 50.7301145, -3.5298628 50.7301681)",no,asphalt,,,,,,,
5326210106,5332097144,0,24043803,residential,,,Montague Rise,False,False,66.84638589501245,32.7417448275862,7.34985232122664,"LINESTRING (-3.5287484 50.729995, -3.5287183 50.7299189, -3.5286889 50.7298222, -3.5286353 50.7295981, -3.5287708 50.7294201)",no,asphalt,,,,,,,
260755923,5332097144,0,24043925,footway,,,,False,False,10.324359911530497,32.1868,1.1547496390293472,"LINESTRING (-3.5288627 50.7294908, -3.5288167 50.7294435, -3.5287708 50.7294201)",no,asphalt,,,,,,,
260755923,260755033,0,"[24043843, 24043925]","['footway', 'residential']",,,Addington Court,False,True,84.42138180759953,32.1868,9.44228610819834,"LINESTRING (-3.5288627 50.7294908, -3.5288802 50.7295302, -3.5288804 50.7295777, -3.5288552 50.7296402, -3.5288391 50.7297679, -3.5288241 50.7298297, -3.5288619 50.7299353, -3.5289162 50.730024, -3.5289915 50.7301273, -3.5290411 50.7301943, -3.5290736 50.7302076)",no,asphalt,,,,,,,
260755923,5326210114,0,551512073,footway,,,,False,True,97.12359397693567,32.1868,10.862991608888377,"LINESTRING (-3.5288627 50.7294908, -3.5291681 50.7295593, -3.5293756 50.7296321, -3.5294742 50.7296527, -3.5295369 50.7297407, -3.5296358 50.7299406, -3.5297133 50.7300786)",no,asphalt,,,,,,,
260755507,260755658,0,41470942,residential,,20 mph,Howell Road,False,True,31.930600970473574,32.1868,3.5713448834213057,"LINESTRING (-3.5299378 50.7290586, -3.5303859 50.7290138)",yes,asphalt,,,,,,,
260755507,5332097171,0,24043894,residential,,20 mph,King Stephen Close,False,True,30.73775416841463,32.1868,3.4379284366974248,"LINESTRING (-3.5299378 50.7290586, -3.5299631 50.7292775, -3.529973 50.7293341)",no,asphalt,,,,,,,
260755507,260754380,0,41470942,residential,,20 mph,Howell Road,False,False,83.63569932152883,32.1868,9.354409806426979,"LINESTRING (-3.5299378 50.7290586, -3.5292361 50.7291431, -3.5287693 50.7291951)",no,asphalt,,,,,,,
5326210114,2380506830,0,24043843,residential,,,Addington Court,False,False,23.255745764945818,32.7417448275862,2.5570013203226414,"LINESTRING (-3.5297133 50.7300786, -3.5293958 50.7301365)",no,asphalt,,,,,,,
5326210114,260755032,0,24043843,residential,,,Addington Court,False,True,5.690841537565356,32.7417448275862,0.6257158756540718,"LINESTRING (-3.5297133 50.7300786, -3.5297907 50.7300638)",no,asphalt,,,,,,,
5326210114,260755923,0,551512073,footway,,,,False,False,97.12359397693565,32.1868,10.862991608888377,"LINESTRING (-3.5297133 50.7300786, -3.5296358 50.7299406, -3.5295369 50.7297407, -3.5294742 50.7296527, -3.5293756 50.7296321, -3.5291681 50.7295593, -3.5288627 50.7294908)",no,asphalt,,,,,,,
260755491,260755032,0,"[155339537, 24043805]",residential,,,Horseguards,False,False,12.660153971273203,32.7417448275862,1.3920013895589185,"LINESTRING (-3.5298628 50.7301681, -3.5298246 50.7301145, -3.5297907 50.7300638)",no,asphalt,,,,,,,
260755491,260754374,0,24043805,residential,,,Horseguards,False,True,45.72378154217208,32.7417448275862,5.027392841114954,"LINESTRING (-3.5298628 50.7301681, -3.529945 50.73029, -3.529998 50.7304635, -3.5300242 50.7305111, -3.5300799 50.7305487)",no,asphalt,,,,,,,
260755491,260755503,0,24043887,footway,,,,False,False,31.238007226923678,32.1868,3.493880286854402,"LINESTRING (-3.5298628 50.7301681, -3.5302137 50.7300858, -3.5302699 50.7300598)",no,asphalt,,,,,,,
260754374,260755491,0,24043805,residential,,,Horseguards,False,False,45.72378154217208,32.7417448275862,5.027392841114954,"LINESTRING (-3.5300799 50.7305487, -3.5300242 50.7305111, -3.529998 50.7304635, -3.529945 50.73029, -3.5298628 50.7301681)",no,asphalt,,,,,,,
260755503,260755491,0,24043887,footway,,,,False,True,31.238007226923678,32.1868,3.493880286854402,"LINESTRING (-3.5302699 50.7300598, -3.5302137 50.7300858, -3.5298628 50.7301681)",no,asphalt,,,,,,,
260755503,2282508720,0,24043894,residential,,20 mph,King Stephen Close,False,False,13.818686448285586,32.1868,1.5455799027498265,"LINESTRING (-3.5302699 50.7300598, -3.5302518 50.7300394, -3.5302 50.729944)",no,asphalt,,,,,,,
260755503,5333256034,0,24043894,residential,,20 mph,King Stephen Close,False,True,12.737855648649003,32.1868,1.4246921202212215,"LINESTRING (-3.5302699 50.7300598, -3.530288 50.7300659, -3.5303101 50.7300645, -3.5304426 50.7300395)",no,asphalt,,,,,,,
5332097171,260755507,0,24043894,residential,,20 mph,King Stephen Close,False,False,30.73775416841463,32.1868,3.4379284366974248,"LINESTRING (-3.529973 50.7293341, -3.5299631 50.7292775, -3.5299378 50.7290586)",no,asphalt,,,,,,,
5332097171,2282508720,0,24043894,residential,,20 mph,King Stephen Close,False,True,70.39518289640193,32.1868,7.8734965397941705,"LINESTRING (-3.529973 50.7293341, -3.5299963 50.7294022, -3.5301622 50.7297146, -3.5301802 50.7297532, -3.5301827 50.7297746, -3.5301784 50.7297979, -3.5301686 50.729843, -3.5301754 50.7298808, -3.5302 50.729944)",no,asphalt,,,,,,,
5332097171,5332097167,0,552232850,service,,,,False,True,28.855760545252572,32.1868,3.2274329216607205,"LINESTRING (-3.529973 50.7293341, -3.5298649 50.7293526, -3.5297619 50.7293734, -3.5297401 50.7293764, -3.5297178 50.7293675, -3.5296777 50.7292818)",no,asphalt,,,,,,,
260754963,5333243363,0,136841771,residential,,,Addington Court,False,False,5.913542282379931,32.7417448275862,0.6502021296870881,"LINESTRING (-3.5293088 50.7308163, -3.5292808 50.7308004, -3.5292645 50.7307729)",no,asphalt,,,,,,,
5333243363,260755033,0,"[136841771, 219047837]","['footway', 'residential']",,,Addington Court,False,False,65.77021878730672,32.1868,7.356207750826556,"LINESTRING (-3.5292645 50.7307729, -3.5291895 50.7306427, -3.5291513 50.7305497, -3.5291895 50.7304937, -3.5291235 50.7303621, -3.5291063 50.7302997, -3.5290736 50.7302076)",no,asphalt,,,,,,,
5333243363,260754963,0,136841771,residential,,,Addington Court,False,True,5.913542282379931,32.7417448275862,0.6502021296870881,"LINESTRING (-3.5292645 50.7307729, -3.5292808 50.7308004, -3.5293088 50.7308163)",no,asphalt,,,,,,,
5333243363,5333243358,0,552384923,service,,,,False,True,17.981659507479954,32.1868,2.0111963359802107,"LINESTRING (-3.5292645 50.7307729, -3.5291967 50.7307889, -3.529166 50.7307974, -3.5291371 50.7308157, -3.5290929 50.7308157, -3.5290352 50.7307974)",no,asphalt,,,,,,,
260755033,5326199844,0,24043843,residential,,,Addington Court,False,True,22.113461211547783,32.7417448275862,2.431405558279801,"LINESTRING (-3.5290736 50.7302076, -3.5293702 50.730142)",no,asphalt,,,,,,,
260755033,260755923,0,"[24043843, 24043925]","['footway', 'residential']",,,Addington Court,False,False,84.42138180759952,32.1868,9.442286108198338,"LINESTRING (-3.5290736 50.7302076, -3.5290411 50.7301943, -3.5289915 50.7301273, -3.5289162 50.730024, -3.5288619 50.7299353, -3.5288241 50.7298297, -3.5288391 50.7297679, -3.5288552 50.7296402, -3.5288804 50.7295777, -3.5288802 50.7295302, -3.5288627 50.7294908)",no,asphalt,,,,,,,
260755033,5333243363,0,"[136841771, 219047837]","['footway', 'residential']",,,Addington Court,False,True,65.7702187873067,32.1868,7.356207750826554,"LINESTRING (-3.5290736 50.7302076, -3.5291063 50.7302997, -3.5291235 50.7303621, -3.5291895 50.7304937, -3.5291513 50.7305497, -3.5291895 50.7306427, -3.5292645 50.7307729)",no,asphalt,,,,,,,
5333243358,5333243363,0,552384923,service,,,,False,False,17.981659507479957,32.1868,2.011196335980211,"LINESTRING (-3.5290352 50.7307974, -3.5290929 50.7308157, -3.5291371 50.7308157, -3.529166 50.7307974, -3.5291967 50.7307889, -3.5292645 50.7307729)",no,asphalt,,,,,,,
2380506830,5326199844,0,24043843,residential,,,Addington Court,False,False,1.902780661372256,32.7417448275862,0.20921335796279003,"LINESTRING (-3.5293958 50.7301365, -3.5293702 50.730142)",no,asphalt,,,,,,,
2380506830,5326210114,0,24043843,residential,,,Addington Court,False,True,23.255745764945818,32.7417448275862,2.5570013203226414,"LINESTRING (-3.5293958 50.7301365, -3.5297133 50.7300786)",no,asphalt,,,,,,,
2380506830,2380506829,0,229453886,service,,,Addington Court,False,True,35.72276851520313,32.1868,3.995487797939878,"LINESTRING (-3.5293958 50.7301365, -3.5293476 50.7300378, -3.5293166 50.729972, -3.529251 50.7298286)",no,asphalt,,,,,,,
5326199844,260755033,0,24043843,residential,,,Addington Court,False,False,22.113461211547783,32.7417448275862,2.431405558279801,"LINESTRING (-3.5293702 50.730142, -3.5290736 50.7302076)",no,asphalt,,,,,,,
5326199844,2380506830,0,24043843,residential,,,Addington Court,False,True,1.902780661372256,32.7417448275862,0.20921335796279003,"LINESTRING (-3.5293702 50.730142, -3.5293958 50.7301365)",no,asphalt,,,,,,,
5326199844,5326199841,0,551511237,service,,,Addington Court,False,True,40.54072031311276,32.1868,4.534361698808392,"LINESTRING (-3.5293702 50.730142, -3.5294165 50.7302232, -3.5294477 50.7302863, -3.5295506 50.7304882)",no,asphalt,,,,,,,
5326199841,5326199844,0,551511237,service,,,Addington Court,False,False,40.54072031311276,32.1868,4.534361698808392,"LINESTRING (-3.5295506 50.7304882, -3.5294477 50.7302863, -3.5294165 50.7302232, -3.5293702 50.730142)",no,asphalt,,,,,,,
260755343,260755316,0,24043873,residential,,,Waverley Avenue,False,True,35.40362424450635,32.7417448275862,3.892677313056287,"LINESTRING (-3.5278087 50.7301247, -3.5273621 50.7302712)",no,asphalt,,,,,,,
293999778,260755357,0,10244285,residential,,20 mph,Thornton Hill,False,False,12.423888840797755,32.1868,1.3895758455911096,"LINESTRING (-3.5276978 50.7306656, -3.5277865 50.7307622)",no,asphalt,,7.3,,,,,
293999778,260755316,0,10244285,residential,,20 mph,Thornton Hill,False,True,49.81520165830137,32.1868,5.571685472612529,"LINESTRING (-3.5276978 50.7306656, -3.5274264 50.7303467, -3.5273621 50.7302712)",no,asphalt,,7.3,,,,,
260755357,293999778,0,10244285,residential,,20 mph,Thornton Hill,False,True,12.423888840797755,32.1868,1.3895758455911096,"LINESTRING (-3.5277865 50.7307622, -3.5276978 50.7306656)",no,asphalt,,7.3,,,,,
2282508720,5332097171,0,24043894,residential,,20 mph,King Stephen Close,False,False,70.39518289640192,32.1868,7.873496539794169,"LINESTRING (-3.5302 50.729944, -3.5301754 50.7298808, -3.5301686 50.729843, -3.5301784 50.7297979, -3.5301827 50.7297746, -3.5301802 50.7297532, -3.5301622 50.7297146, -3.5299963 50.7294022, -3.529973 50.7293341)",no,asphalt,,,,,,,
2282508720,260755503,0,24043894,residential,,20 mph,King Stephen Close,False,True,13.818686448285586,32.1868,1.5455799027498265,"LINESTRING (-3.5302 50.729944, -3.5302518 50.7300394, -3.5302699 50.7300598)",no,asphalt,,,,,,,
5333256034,260755503,0,24043894,residential,,20 mph,King Stephen Close,False,False,12.737855648649003,32.1868,1.4246921202212215,"LINESTRING (-3.5304426 50.7300395, -3.5303101 50.7300645, -3.530288 50.7300659, -3.5302699 50.7300598)",no,asphalt,,,,,,,
5332097167,5332097171,0,552232850,service,,,,False,False,28.855760545252576,32.1868,3.227432921660721,"LINESTRING (-3.5296777 50.7292818, -3.5297178 50.7293675, -3.5297401 50.7293764, -3.5297619 50.7293734, -3.5298649 50.7293526, -3.529973 50.7293341)",no,asphalt,,,,,,,
2902769582,2902769580,0,286598704,service,,,,False,True,14.936284284839404,32.1868,1.6705799714610294,"LINESTRING (-3.5338369 50.7229276, -3.5336712 50.7228437)",no,asphalt,,,,,,,
6531967634,273442898,0,610764858,footway,,,,False,False,20.245044171287194,32.1868,2.2643493300556097,"LINESTRING (-3.5239095 50.7250746, -3.5241847 50.7250217)",yes,asphalt,,,,,,,
6531967634,273442897,0,610764858,footway,,,,False,True,20.834220751684047,32.1868,2.33024701759922,"LINESTRING (-3.5239095 50.7250746, -3.523615 50.7250933)",yes,asphalt,,,,,,,
6531967634,6531967635,0,695612071,footway,,,,False,False,6.796677412075953,32.1868,0.7601886078601611,"LINESTRING (-3.5239095 50.7250746, -3.5239122 50.7251357)",yes,asphalt,,,,,,,
1786461679,273442897,0,167238720,service,,,,False,False,21.92328235797381,32.1868,2.452055391921711,"LINESTRING (-3.5235556 50.7249016, -3.5235671 50.7249664, -3.5235979 50.7250077, -3.523615 50.7250933)",yes,asphalt,,,,,,driveway,
5614580371,376947108,0,587803597,footway,,,,False,True,5.093234385365663,32.1868,0.5696634579180405,"LINESTRING (-3.5232025 50.7247786, -3.5231425 50.724753)",yes,asphalt,,,,,,,
5614580371,8993474323,0,25408756,footway,,,,False,True,228.9060865789466,32.1868,25.60248026160438,"LINESTRING (-3.5232025 50.7247786, -3.5232934 50.7246804, -3.5234101 50.7245089, -3.5236958 50.7239137, -3.5240847 50.7231721, -3.5242242 50.7228287)",yes,asphalt,,,,,,,
5614580371,273442897,0,"[610764858, 587803597]",footway,,,,False,False,72.35280315904109,32.1868,8.092450674579268,"LINESTRING (-3.5232025 50.7247786, -3.5230552 50.7249287, -3.523057 50.7249799, -3.5230766 50.7250333, -3.5231107 50.7250661, -3.52315 50.7250888, -3.5232119 50.7250958, -3.523309 50.7250954, -3.523615 50.7250933)",yes,asphalt,,,,,,,
273442898,13347074295,0,610764858,footway,,,,False,False,25.467614267143706,32.1868,2.8484786111610148,"LINESTRING (-3.5241847 50.7250217, -3.5245423 50.7249869)",yes,asphalt,,,,,,,
273442898,6531967634,0,610764858,footway,,,,False,True,20.245044171287194,32.1868,2.2643493300556097,"LINESTRING (-3.5241847 50.7250217, -3.5239095 50.7250746)",yes,asphalt,,,,,,,
273442898,359236562,0,695612070,service,,,,False,False,9.446294696508977,32.1868,1.056540597618661,"LINESTRING (-3.5241847 50.7250217, -3.5242013 50.725106)",yes,asphalt,,,,,,,
273442898,2395302286,0,695612070,service,,,,False,True,14.763962851430932,32.1868,1.6513063201421503,"LINESTRING (-3.5241847 50.7250217, -3.5241982 50.7248892)",yes,asphalt,,,,,,,
376947108,292262198,0,26645163,footway,,,,False,True,5.7283989203482335,32.1868,0.6407047644765445,"LINESTRING (-3.5231425 50.724753, -3.5230717 50.7247276)",yes,asphalt,,,,,,,
376947108,5614580371,0,587803597,footway,,,,False,False,5.093234385365663,32.1868,0.5696634579180405,"LINESTRING (-3.5231425 50.724753, -3.5232025 50.7247786)",yes,asphalt,,,,,,,
376947108,359237348,0,822211891,secondary,2,30 mph,Western Way,False,True,17.285426817582497,48.2802,1.2888831558961436,"LINESTRING (-3.5231425 50.724753, -3.5230202 50.7248878)",yes,asphalt,,,,,,,
13347074295,1513241731,0,610764858,footway,,,,False,False,17.760631295465476,32.1868,1.9864749730844857,"LINESTRING (-3.5245423 50.7249869, -3.5247917 50.7249627)",yes,asphalt,,,,,,,
13347074295,273442898,0,610764858,footway,,,,False,True,25.467614267143706,32.1868,2.8484786111610148,"LINESTRING (-3.5245423 50.7249869, -3.5241847 50.7250217)",yes,asphalt,,,,,,,
13347074295,3329242116,0,1018879231,footway,,,,False,False,9.22152859713512,32.1868,1.0314011628893345,"LINESTRING (-3.5245423 50.7249869, -3.5245608 50.725069)",yes,asphalt,,,,,,,
359236562,6531967635,0,42737095,secondary,,20 mph,Paris Street,False,True,20.616298433047028,32.1868,2.30587303984768,"LINESTRING (-3.5242013 50.725106, -3.5239122 50.7251357)",no,asphalt,B3183,,,,,,
359236562,273442898,0,695612070,service,,,,False,True,9.446294696508977,32.1868,1.056540597618661,"LINESTRING (-3.5242013 50.725106, -3.5241847 50.7250217)",yes,asphalt,,,,,,,
359236562,3329242116,0,42737095,secondary,,20 mph,Paris Street,False,False,25.637886601306086,32.1868,2.867523076686776,"LINESTRING (-3.5242013 50.725106, -3.5243576 50.7250899, -3.5245608 50.725069)",no,asphalt,B3183,,,,,,
2395302286,6360601407,0,679260298,service,,,,False,False,4.378148847773305,32.1868,0.48968321958019756,"LINESTRING (-3.5241982 50.7248892, -3.5241361 50.7248914)",no,asphalt,,,,,,,
2395302286,273442898,0,695612070,service,,,,False,False,14.763962851430932,32.1868,1.6513063201421503,"LINESTRING (-3.5241982 50.7248892, -3.5241847 50.7250217)",yes,asphalt,,,,,,,
2395302286,355181645,0,695612070,service,,,,False,True,36.990003903937,32.1868,4.137224391805748,"LINESTRING (-3.5241982 50.7248892, -3.5241717 50.724612, -3.5241803 50.724585, -3.5242185 50.7245721)",no,asphalt,,,,,,,
1513241731,359236561,0,31739406,service,,,,False,True,9.097103721294786,32.1868,1.017484602279855,"LINESTRING (-3.5247917 50.7249627, -3.524801 50.7250443)",yes,asphalt,,,,,,,
1513241731,6212410507,0,610764858,footway,,,,False,False,17.975773355691743,32.1868,2.010537987016115,"LINESTRING (-3.5247917 50.7249627, -3.5250408 50.7249271)",yes,asphalt,,,,,,,
1513241731,13347074295,0,610764858,footway,,,,False,True,17.760631295465476,32.1868,1.9864749730844857,"LINESTRING (-3.5247917 50.7249627, -3.5245423 50.7249869)",yes,asphalt,,,,,,,
1513241731,355181645,0,"[695612070, 695612069, 31739406]",service,,,,False,False,82.70551864394626,32.1868,9.250371802049491,"LINESTRING (-3.5247917 50.7249627, -3.5247836 50.7247026, -3.5247843 50.7246924, -3.5247849 50.7246822, -3.5247821 50.7245758, -3.5242185 50.7245721)",yes,asphalt,,,building_passage,,,,
3329242116,359236561,0,42737095,secondary,,20 mph,Paris Street,False,False,17.12958563999234,32.1868,1.915894351223869,"LINESTRING (-3.5245608 50.725069, -3.524801 50.7250443)",no,asphalt,B3183,,,,,,
3329242116,6210838920,0,1018879231,footway,,,,False,False,7.8617195737578225,32.1868,0.8793104771374651,"LINESTRING (-3.5245608 50.725069, -3.5245765 50.725139)",no,paving_stones,,,,,,,
3329242116,13347074295,0,1018879231,footway,,,,False,True,9.22152859713512,32.1868,1.0314011628893345,"LINESTRING (-3.5245608 50.725069, -3.5245423 50.7249869)",yes,asphalt,,,,,,,
3329242116,359236562,0,42737095,secondary,,20 mph,Paris Street,False,True,25.637886601306086,32.1868,2.867523076686776,"LINESTRING (-3.5245608 50.725069, -3.5243576 50.7250899, -3.5242013 50.725106)",no,asphalt,B3183,,,,,,
6360601407,2395302286,0,679260298,service,,,,False,True,4.378148847773305,32.1868,0.48968321958019756,"LINESTRING (-3.5241361 50.7248914, -3.5241982 50.7248892)",no,asphalt,,,,,,,
355181645,2395302295,0,"[231133035, 231124451]","['steps', 'footway']",,,,False,True,5.249788667286351,34.06605393721507,0.5547821663484367,"LINESTRING (-3.5242185 50.7245721, -3.5241706 50.7245722, -3.524144 50.7245735)",no,asphalt,,,,,,,
355181645,2395302286,0,695612070,service,,,,False,False,36.990003903937,32.1868,4.137224391805748,"LINESTRING (-3.5242185 50.7245721, -3.5241803 50.724585, -3.5241717 50.724612, -3.5241982 50.7248892)",no,asphalt,,,,,,,
355181645,1513241731,0,"[695612069, 695612070, 31739406]",service,,,,False,True,82.70551864394626,32.1868,9.250371802049491,"LINESTRING (-3.5242185 50.7245721, -3.5247821 50.7245758, -3.5247849 50.7246822, -3.5247843 50.7246924, -3.5247836 50.7247026, -3.5247917 50.7249627)",yes,asphalt,,,building_passage,,,,
276915061,385140592,0,25408903,unclassified,,,Chapel Street,False,True,20.660480984788002,33.06144130434783,2.249682064993808,"LINESTRING (-3.5289132 50.7234335, -3.5286942 50.7233098)",yes,paving_stones,,,,,,,
2912651587,385140592,0,25408903,unclassified,,,Chapel Street,False,False,12.030197831941722,33.06144130434783,1.3099462844438898,"LINESTRING (-3.5285627 50.7232407, -3.5286942 50.7233098)",yes,paving_stones,,,,,,,
2912651587,2912652704,0,25408903,unclassified,,,Chapel Street,False,True,13.67975217646198,33.06144130434783,1.489563246257711,"LINESTRING (-3.5285627 50.7232407, -3.5284588 50.7231825, -3.5284143 50.7231614)",yes,paving_stones,,,,,,,
2912651587,2912651585,0,287694277,service,,,,False,True,25.05036320841406,32.1868,2.8018102933590985,"LINESTRING (-3.5285627 50.7232407, -3.5287701 50.7232131, -3.5288581 50.723141)",yes,paving_stones,,,,,,,
7644003308,1479577755,0,818514810,footway,,,,False,True,8.058965342859159,32.1868,0.901371842938502,"LINESTRING (-3.5225337 50.7279077, -3.5226123 50.7279604)",no,asphalt,,,,,,,
7644003308,10226133767,0,818514811,footway,,,,False,False,5.524410367304057,32.1868,0.6178892378954915,"LINESTRING (-3.5225337 50.7279077, -3.5224742 50.7279401)",no,asphalt,,,,,,,
7644003308,7644003310,0,818514811,footway,,,,False,True,36.1700657829618,32.1868,4.045516696865252,"LINESTRING (-3.5225337 50.7279077, -3.5229196 50.7276929)",no,asphalt,,,,,,,
359237348,376947108,0,822211891,secondary,2,30 mph,Western Way,False,False,17.285426817582497,48.2802,1.2888831558961436,"LINESTRING (-3.5230202 50.7248878, -3.5231425 50.724753)",yes,asphalt,,,,,,,
359237348,5784256588,0,5105144,secondary,1,30 mph,Western Way,False,True,36.18736340118901,48.2802,2.698300923448545,"LINESTRING (-3.5230202 50.7248878, -3.5228282 50.7249721, -3.522568 50.7250383)",yes,asphalt,,,,,,,
359237348,5784256584,0,32023569,secondary,1,30 mph,Western Way,False,False,27.99537991812957,48.2802,2.0874678999935057,"LINESTRING (-3.5230202 50.7248878, -3.5229532 50.7249734, -3.5229272 50.725026, -3.5229208 50.7250628, -3.5229039 50.725126)",yes,asphalt,,,,,,,
380467929,380467940,0,33435315,service,,,,False,True,54.09063256268754,32.1868,6.049879988867336,"LINESTRING (-3.5267031 50.7265242, -3.5263432 50.726954)",no,asphalt,,,,,,,
380467929,292262646,0,5582189,unclassified,,20 mph,King William Street,False,False,36.034784969556746,32.1868,4.030385931201744,"LINESTRING (-3.5267031 50.7265242, -3.5267314 50.7265587, -3.5267816 50.7265999, -3.5268507 50.7266274, -3.5271285 50.7266723)",yes,asphalt,,,,,,,
380467929,2906051681,0,5582189,unclassified,,20 mph,King William Street,False,True,12.371818110919534,32.1868,1.3837518858448286,"LINESTRING (-3.5267031 50.7265242, -3.5266429 50.7264784, -3.5265851 50.7264419)",no,asphalt,,,,,,,
2906051681,2906051680,0,286934522,service,,,,False,True,19.941932698327424,32.1868,2.230447193072276,"LINESTRING (-3.5265851 50.7264419, -3.5267796 50.7263115)",no,asphalt,,,,,,,
2906051681,380467929,0,5582189,unclassified,,20 mph,King William Street,False,False,12.371818110919534,32.1868,1.3837518858448286,"LINESTRING (-3.5265851 50.7264419, -3.5266429 50.7264784, -3.5267031 50.7265242)",no,asphalt,,,,,,,
2906051681,494934617,0,5582189,unclassified,,20 mph,King William Street,False,True,16.937927223807414,32.1868,1.8944579146018459,"LINESTRING (-3.5265851 50.7264419, -3.5265321 50.7264192, -3.5264497 50.72641, -3.5263578 50.7264011)",no,asphalt,,,,,,,
2651823518,7644003326,0,"[786413738, 786413739, 259731780, 26645373]","['service', 'residential']",,,James Owen Court,False,False,92.43053972275682,32.1868,10.338087135158656,"LINESTRING (-3.5219521 50.7291429, -3.5216999 50.7293161, -3.5216007 50.7293008, -3.52148 50.7292329, -3.5214827 50.7292006, -3.5214757 50.7291536, -3.5212127 50.7289772, -3.5211588 50.7289359, -3.5210974 50.7288996)",no,paved,,,building_passage,,,,
6212410506,6212410507,0,663717026,footway,,,,False,False,10.165094076982113,32.1868,1.136936218485081,"LINESTRING (-3.5250612 50.7250176, -3.5250408 50.7249271)",yes,asphalt,,,,,,,
6212410506,6212410505,0,663717026,footway,,,,False,True,8.390576438362793,32.1868,0.938461579843478,"LINESTRING (-3.5250612 50.7250176, -3.5250728 50.7250927)",no,asphalt,,,,,,,
6212410506,292915464,0,757666619,secondary,,20 mph,Paris Street,False,False,13.652736431188064,32.1868,1.527018875821052,"LINESTRING (-3.5250612 50.7250176, -3.5252516 50.7249942)",no,asphalt,B3183,,,,,,
6212410506,359236561,0,"[757666618, 757666619]",secondary,,20 mph,Paris Street,False,True,18.554865296397587,32.1868,2.0753077369303976,"LINESTRING (-3.5250612 50.7250176, -3.5250015 50.7250237, -3.524801 50.7250443)",no,asphalt,B3183,,,,,,
6212410507,1513241731,0,610764858,footway,,,,False,True,17.975773355691743,32.1868,2.010537987016115,"LINESTRING (-3.5250408 50.7249271, -3.5247917 50.7249627)",yes,asphalt,,,,,,,
6212410507,6212410506,0,663717026,footway,,,,False,True,10.165094076982113,32.1868,1.136936218485081,"LINESTRING (-3.5250408 50.7249271, -3.5250612 50.7250176)",yes,asphalt,,,,,,,
6212410507,9629502423,0,610764858,footway,,,,False,False,24.152146343125196,32.1868,2.701347348454979,"LINESTRING (-3.5250408 50.7249271, -3.5253339 50.7248964, -3.5253681 50.7248769)",yes,asphalt,,,,,,,
359236561,1513241731,0,31739406,service,,,,False,False,9.097103721294786,32.1868,1.017484602279855,"LINESTRING (-3.524801 50.7250443, -3.5247917 50.7249627)",yes,asphalt,,,,,,,
359236561,3329242116,0,42737095,secondary,,20 mph,Paris Street,False,True,17.12958563999234,32.1868,1.915894351223869,"LINESTRING (-3.524801 50.7250443, -3.5245608 50.725069)",no,asphalt,B3183,,,,,,
359236561,6212410506,0,"[757666618, 757666619]",secondary,,20 mph,Paris Street,False,False,18.554865296397587,32.1868,2.0753077369303976,"LINESTRING (-3.524801 50.7250443, -3.5250015 50.7250237, -3.5250612 50.7250176)",no,asphalt,B3183,,,,,,
380467943,380467947,0,33435331,service,,,,False,False,27.408574877449166,32.1868,3.065569412268912,"LINESTRING (-3.5333621 50.7247692, -3.5330803 50.7249393)",no,paving_stones,,,,,,,
380467943,293147854,0,"[33435328, 26727032]",pedestrian,,,Maddocks Row,False,True,27.624670232884746,32.1868,3.0897390494980894,"LINESTRING (-3.5333621 50.7247692, -3.5334282 50.7248071, -3.5336478 50.7249395)",no,paving_stones,,,,,,,
380467943,380467946,0,33435332,service,,,Maddocks Row,False,False,120.52487344747742,32.1868,13.480356680717524,"LINESTRING (-3.5333621 50.7247692, -3.5336367 50.7245696, -3.5339311 50.7243514, -3.5339733 50.7243046, -3.5340272 50.7242158, -3.534066 50.7241012, -3.5340306 50.7240279, -3.5338389 50.7238825)",no,asphalt,,,,,,,
2852776558,293147854,0,5581775,residential,2,20 mph,Northernhay Street,False,True,33.3924410056424,32.1868,3.7348474411967842,"LINESTRING (-3.5339502 50.7247083, -3.533761 50.7248598, -3.5336478 50.7249395)",no,paving_stones,,,,,,,
2852776558,2852776555,0,281309467,service,,,,False,True,25.083246898498523,32.1868,2.805488238488905,"LINESTRING (-3.5339502 50.7247083, -3.5338933 50.7246697, -3.5338233 50.7246378, -3.5339324 50.7245419)",no,asphalt,,,,,,parking_aisle,
2852776555,2852776558,0,281309467,service,,,,False,False,25.08324689849852,32.1868,2.8054882384889046,"LINESTRING (-3.5339324 50.7245419, -3.5338233 50.7246378, -3.5338933 50.7246697, -3.5339502 50.7247083)",no,asphalt,,,,,,parking_aisle,
380467947,380467943,0,33435331,service,,,,False,True,27.408574877449166,32.1868,3.065569412268912,"LINESTRING (-3.5330803 50.7249393, -3.5333621 50.7247692)",no,paving_stones,,,,,,,
6210838912,6210838909,0,663556669,footway,,,,False,False,5.664550315012499,32.1868,0.6335634836033714,"LINESTRING (-3.5226717 50.7256239, -3.5227326 50.7255906)",yes,asphalt,,,,,,,
6210838912,9721565944,0,610765451,footway,,,,False,False,34.5706757283755,32.1868,3.866629569331273,"LINESTRING (-3.5226717 50.7256239, -3.522699 50.725666, -3.5228236 50.7259194)",yes,asphalt,,,,,,,
6210838912,6210838923,0,610765451,footway,,,,False,True,21.346422468429353,32.1868,2.387535290440357,"LINESTRING (-3.5226717 50.7256239, -3.522588 50.7255935, -3.5225066 50.7255897, -3.5223869 50.7256128)",yes,asphalt,,,,,,,
2388463439,2388463370,0,5215957,unclassified,2,20 mph,Blackall Road,False,False,46.290032161856296,32.1868,5.17740551352364,"LINESTRING (-3.5295438 50.7285624, -3.5289684 50.728764)",no,asphalt,,,,,,,
2388463439,2388463437,0,230330786,service,,,,False,True,25.183693844464205,32.1868,2.816722937355411,"LINESTRING (-3.5295438 50.7285624, -3.5297419 50.728751)",no,asphalt,,,,,,,
2388463439,293999787,0,5215957,unclassified,2,20 mph,Blackall Road,False,True,73.87742668663566,32.1868,8.26297538344565,"LINESTRING (-3.5295438 50.7285624, -3.5299011 50.7284186, -3.5301273 50.7283068, -3.5303834 50.728166)",yes,asphalt,,,,,,,
2388463437,2388463439,0,230330786,service,,,,False,False,25.183693844464205,32.1868,2.816722937355411,"LINESTRING (-3.5297419 50.728751, -3.5295438 50.7285624)",no,asphalt,,,,,,,
1677444731,959491874,0,24044182,footway,,,,False,False,8.005290886078788,32.1868,0.8953685110008961,"LINESTRING (-3.5318154 50.7265972, -3.5317149 50.7266309)",no,asphalt,,,,,,,
1677444731,294000690,0,24044182,footway,,,,False,True,14.099146230530547,32.1868,1.5769485139843034,"LINESTRING (-3.5318154 50.7265972, -3.5319992 50.7265468)",no,asphalt,,,,,,,
1677444731,5891571851,0,24044089,footway,,,,False,True,74.86229279901053,32.1868,8.373129794712055,"LINESTRING (-3.5318154 50.7265972, -3.531819 50.7266545, -3.5317407 50.7267372, -3.531668 50.7268168, -3.5316072 50.7268636, -3.5315271 50.7269081, -3.5314354 50.7269461, -3.5311071 50.7270449)",no,asphalt,,,,,,,
959491874,1677444731,0,24044182,footway,,,,False,True,8.005290886078788,32.1868,0.8953685110008961,"LINESTRING (-3.5317149 50.7266309, -3.5318154 50.7265972)",no,asphalt,,,,,,,
959491874,959491870,0,82430775,footway,,,,False,False,26.86638533434335,32.1868,3.004927088236049,"LINESTRING (-3.5317149 50.7266309, -3.5316047 50.7265972, -3.5314709 50.7265613, -3.531378 50.7265195)",no,asphalt,,,,,,,
959491874,10671289968,0,155339538,footway,,,,False,False,80.10631103873611,32.1868,8.959657988350816,"LINESTRING (-3.5317149 50.7266309, -3.5315893 50.7266975, -3.5315215 50.7267123, -3.5313654 50.7267655, -3.531222 50.7268034, -3.531046 50.7268482, -3.5308492 50.7268909, -3.5307723 50.7269112, -3.5306876 50.726928)",no,asphalt,,,,,,,
5891571851,1677444731,0,24044089,footway,,,,False,False,74.86229279901053,32.1868,8.373129794712055,"LINESTRING (-3.5311071 50.7270449, -3.5314354 50.7269461, -3.5315271 50.7269081, -3.5316072 50.7268636, -3.531668 50.7268168, -3.5317407 50.7267372, -3.531819 50.7266545, -3.5318154 50.7265972)",no,asphalt,,,,,,,
5891571851,343134576,0,24044089,footway,,,,False,True,67.0452550475161,32.1868,7.498816849486683,"LINESTRING (-3.5311071 50.7270449, -3.530576 50.72719, -3.5303849 50.7272521, -3.5302589 50.7272892, -3.5302405 50.7272946)",no,asphalt,,,,,,,
5891571851,5891571841,0,623927185,footway,,,,False,True,85.52688871244143,32.1868,9.565933841350777,"LINESTRING (-3.5311071 50.7270449, -3.5310464 50.72702, -3.5309307 50.7270179, -3.5308254 50.7270204, -3.5307972 50.7270081, -3.5309183 50.7269895, -3.5311719 50.7269365, -3.5312589 50.7269136, -3.5313472 50.7268802, -3.5314727 50.7268153, -3.5315607 50.7267492)",no,asphalt,,,,,no,,
5015137064,5015137066,0,187840543,footway,,,,False,False,26.275062257274897,32.1868,2.938789321280452,"LINESTRING (-3.5243531 50.7221904, -3.5243408 50.7222862, -3.524319 50.7224257)",no,asphalt,,,,,,,
5015137064,10884336920,0,187840543,footway,,,,False,True,69.44606414950093,32.1868,7.767340367424017,"LINESTRING (-3.5243531 50.7221904, -3.5244801 50.7221987, -3.5244655 50.7223452, -3.5248972 50.7223981, -3.5249989 50.7223645, -3.5250661 50.7223818)",no,paving_stones,,,,,,,
5015137064,748218868,0,512922088,footway,,,,False,False,74.92298591908921,32.1868,8.379918143733494,"LINESTRING (-3.5243531 50.7221904, -3.5243757 50.7219805, -3.5243589 50.7217415, -3.5243498 50.7215174)",no,paving_stones,,,,,,,
2912651600,2912652704,0,287694281,service,,,,False,False,32.64630931860826,32.1868,3.6513947813075474,"LINESTRING (-3.5282784 50.7229473, -3.5284608 50.7230226, -3.5284868 50.7230473, -3.5284868 50.7230793, -3.5284143 50.7231614)",yes,paving_stones,,,,,,,
1479619163,1479619169,0,"[1051867748, 134593748, 134593743]",footway,,,,False,False,64.1221000482513,32.1868,7.171870461608631,"LINESTRING (-3.5262383 50.7265025, -3.5261822 50.7263291, -3.5261219 50.7262779, -3.5258363 50.7260958, -3.5257469 50.7260404)",no,asphalt,,,building_passage,,,,yes
2081310742,2081310743,0,197937868,service,,,,False,False,57.55306669017585,32.1868,6.437143179335413,"LINESTRING (-3.5246501 50.7261287, -3.5247233 50.7261249, -3.5247601 50.7261049, -3.5247788 50.7260659, -3.5251919 50.7258061, -3.5252037 50.725776)",no,asphalt,,,,,,parking_aisle,
2081310742,2081310743,1,415361106,service,,,,False,True,62.87743915811505,32.1868,7.032658759777742,"LINESTRING (-3.5246501 50.7261287, -3.5246608 50.7260998, -3.5246555 50.7260761, -3.5246528 50.7260523, -3.5246635 50.7260336, -3.52509 50.7257518, -3.5251488 50.7257553, -3.5252037 50.725776)",no,asphalt,,,,,,parking_aisle,
2081310742,4164003877,0,415361106,service,,,,False,False,8.407715430888242,32.1868,0.9403785263274905,"LINESTRING (-3.5246501 50.7261287, -3.5245896 50.7261585, -3.5245582 50.7261769)",no,asphalt,,,,,,parking_aisle,
6873148239,2906068053,0,286937721,footway,,,,False,True,2.0344065982072306,32.1868,0.22754246316956117,"LINESTRING (-3.5299388 50.7252167, -3.5299141 50.7252072)",no,paving_stones,,,,,,,
6873148239,2906068054,0,286937721,footway,,,,False,False,1.4362593264731665,32.1868,0.16064142988129917,"LINESTRING (-3.5299388 50.7252167, -3.5299506 50.7252231, -3.5299543 50.7252251)",no,paving_stones,,,,,,,
6873148239,306496327,0,733870390,footway,,,,False,True,12.557006778317565,32.1868,1.4044646998752046,"LINESTRING (-3.5299388 50.7252167, -3.5299939 50.7251648, -3.5300417 50.7251245)",no,paving_stones,,,,,,,
2906068053,6873148239,0,286937721,footway,,,,False,False,2.0344065982072306,32.1868,0.22754246316956117,"LINESTRING (-3.5299141 50.7252072, -3.5299388 50.7252167)",no,paving_stones,,,,,,,
2906068053,9773096889,0,286937721,footway,,,,False,True,25.388992653957374,32.1868,2.83968501231084,"LINESTRING (-3.5299141 50.7252072, -3.5299547 50.7251626, -3.5299602 50.7251466, -3.5299514 50.7251256, -3.5299325 50.7251088, -3.5298953 50.7250963, -3.5298445 50.725098, -3.5298084 50.7251198, -3.5297801 50.7251409)",no,paving_stones,,,,,,,
2906068053,6873148234,0,1064082318,footway,,,,False,False,5.348800384199508,32.1868,0.5982477718542456,"LINESTRING (-3.5299141 50.7252072, -3.5298793 50.725195, -3.5298522 50.7251798)",no,paving_stones,,,,,,,
2906068054,6873148239,0,286937721,footway,,,,False,True,1.4362593264731665,32.1868,0.16064142988129917,"LINESTRING (-3.5299543 50.7252251, -3.5299506 50.7252231, -3.5299388 50.7252167)",no,paving_stones,,,,,,,
2388463364,2388463370,0,230330778,service,,,,False,False,22.424709780556455,32.1868,2.5081385912859697,"LINESTRING (-3.5291069 50.7289454, -3.5290613 50.7288758, -3.5289684 50.728764)",no,asphalt,,,,,,,
7644003298,7644003297,0,818514807,footway,,,,False,False,13.413470609565254,32.1868,1.5002576893147166,"LINESTRING (-3.5248233 50.7267268, -3.5249669 50.7266475)",no,asphalt,,,,,,,
7644003298,13546738012,0,155339536,footway,,,,False,True,68.65425579618177,32.1868,7.67877890521128,"LINESTRING (-3.5248233 50.7267268, -3.5249556 50.7268924, -3.52506 50.7270225, -3.5251302 50.7271091, -3.5251049 50.7271303, -3.5249576 50.7272007, -3.524987 50.7272291, -3.524973 50.727236)",no,asphalt,,,,,,,
7644003298,8196788438,0,818514807,footway,,,,False,True,144.45770574913064,32.1868,16.15717439126817,"LINESTRING (-3.5248233 50.7267268, -3.5245893 50.7268616, -3.5233712 50.7276445)",no,asphalt,,,,,,,
1787924020,431231593,0,221601916,residential,2,,Well Street,False,True,30.454898434509698,32.7417448275862,3.3485580851470353,"LINESTRING (-3.5234374 50.7289448, -3.5232295 50.729185)",no,asphalt,,,,,,,
1787924020,1787924008,0,167403105,service,,,,False,True,47.77440455677707,32.1868,5.343428250226722,"LINESTRING (-3.5234374 50.7289448, -3.5234865 50.728964, -3.5235774 50.728996, -3.5236217 50.7289909, -3.5236686 50.7289621, -3.5238537 50.7287329)",no,asphalt,,,,,,,
1787924020,2713946643,0,221601916,residential,2,,Well Street,False,False,29.221716349433752,32.7417448275862,3.2129680141336854,"LINESTRING (-3.5234374 50.7289448, -3.5235389 50.7288336, -3.523622 50.7287473, -3.5236602 50.7287244)",no,asphalt,,,,,,,
603272617,2713946643,0,"[47390054, 265781775, 1246847700, 1246847701, 47390073]","['pedestrian', 'steps', 'footway']",,,Cambridge Terrace,False,False,35.34713653262448,32.1868,3.953474452802023,"LINESTRING (-3.5235202 50.7285496, -3.5234427 50.7286264, -3.5234333 50.7286366, -3.5234226 50.7286496, -3.5234451 50.7286597, -3.5234721 50.7286323, -3.5234964 50.7286438, -3.5236169 50.7287031, -3.5236602 50.7287244)",no,asphalt,,,building_passage,,no,,
324160575,10251460968,0,29411931,service,,20 mph,Stover Court,False,False,16.62280012231895,32.1868,1.8592118645018525,"LINESTRING (-3.5235104 50.7269032, -3.523335 50.7270033)",no,asphalt,,,,,,,
324160575,324160576,0,29411931,service,,20 mph,Stover Court,False,True,24.59641980847138,32.1868,2.751038043871928,"LINESTRING (-3.5235104 50.7269032, -3.5232998 50.7267664, -3.5232657 50.7267453)",no,asphalt,,,,,,,
324160575,10251460971,0,1120850170,service,,,,False,False,14.211418814238622,32.1868,1.5895058760504008,"LINESTRING (-3.5235104 50.7269032, -3.523595 50.7269335, -3.5236827 50.7268973)",no,asphalt,,,,,,,
10251460969,10251460968,0,1120850169,service,,,,False,True,15.210029455894992,32.1868,1.7011975729560558,"LINESTRING (-3.5231891 50.7269024, -3.523335 50.7270033)",no,asphalt,,,,,,parking_aisle,
10251460971,324160575,0,1120850170,service,,,,False,True,14.211418814238622,32.1868,1.5895058760504008,"LINESTRING (-3.5236827 50.7268973, -3.523595 50.7269335, -3.5235104 50.7269032)",no,asphalt,,,,,,,
332087876,2023085095,0,30136648,residential,,,Eaton Drive,False,False,21.346899893934555,32.7417448275862,2.347121084195129,"LINESTRING (-3.5223284 50.7245962, -3.5220407 50.7245355)",no,asphalt,,,,,,,
12995456035,2023085095,0,191727829,residential,,,Eaton Drive,False,False,17.192171210444965,32.7417448275862,1.890302935396882,"LINESTRING (-3.5219865 50.7246821, -3.5220521 50.7245649, -3.5220407 50.7245355)",no,asphalt,,,,,,,
2023084855,332088467,0,30136696,service,,,,False,False,46.31363065809415,32.1868,5.180044936717504,"LINESTRING (-3.5222881 50.7234388, -3.522366 50.7234422, -3.5224081 50.7234395, -3.5224488 50.7234317, -3.5224827 50.7234199, -3.5225157 50.7234023, -3.5225376 50.7233821, -3.5225786 50.7232902, -3.5225981 50.7232525, -3.5226491 50.7232334, -3.5226883 50.7232244, -3.5227473 50.7232175)",yes,asphalt,,,,,,,
2023084855,8576521422,0,923921225,service,,,,False,False,23.820791025337645,32.1868,2.664286219543898,"LINESTRING (-3.5222881 50.7234388, -3.522183 50.7234294, -3.5219577 50.7233937)",no,asphalt,,,,,,,
2023084855,13004381036,0,"[1415174256, 1415174255]","['service', 'footway']",,,,False,"[False, True]",22.047934721286406,32.1868,2.4659973963435657,"LINESTRING (-3.5222881 50.7234388, -3.5223239 50.7232662, -3.5223299 50.7232423)",yes,asphalt,,,,,,parking_aisle,
8576521422,2023084855,0,923921225,service,,,,False,True,23.820791025337645,32.1868,2.664286219543898,"LINESTRING (-3.5219577 50.7233937, -3.522183 50.7234294, -3.5222881 50.7234388)",no,asphalt,,,,,,,
13004381036,13004381074,0,1415174257,footway,,,,False,False,7.743556556155323,32.1868,0.8660942871661416,"LINESTRING (-3.5223299 50.7232423, -3.5222207 50.7232339)",yes,asphalt,,,,,,,
13004381036,13004381037,0,1415174257,footway,,,,False,True,8.60278450921591,32.1868,0.9621964355940099,"LINESTRING (-3.5223299 50.7232423, -3.522451 50.7232527)",yes,asphalt,,,,,,,
13004381036,2023084855,0,"[1415174256, 1415174255]","['service', 'footway']",,,,False,"[False, True]",22.047934721286406,32.1868,2.4659973963435657,"LINESTRING (-3.5223299 50.7232423, -3.5223239 50.7232662, -3.5222881 50.7234388)",yes,asphalt,,,,,,parking_aisle,
959491870,2402750321,0,30847343,footway,,,,False,False,8.247283081733844,32.1868,0.9224346345160701,"LINESTRING (-3.531378 50.7265195, -3.5312831 50.726563)",no,asphalt,,,,,,,
959491870,343132383,0,30847343,footway,,,,False,True,20.41628293062288,32.1868,2.283501887427218,"LINESTRING (-3.531378 50.7265195, -3.5315651 50.7263792)",no,asphalt,,,,,,,
959491870,959491874,0,82430775,footway,,,,False,True,26.86638533434335,32.1868,3.004927088236049,"LINESTRING (-3.531378 50.7265195, -3.5314709 50.7265613, -3.5316047 50.7265972, -3.5317149 50.7266309)",no,asphalt,,,,,,,
2402750321,343133283,0,30847343,footway,,,,False,False,20.97399418370057,32.1868,2.3458802695925676,"LINESTRING (-3.5312831 50.726563, -3.5310179 50.726649)",no,asphalt,,,,,,,
2402750321,959491870,0,30847343,footway,,,,False,True,8.247283081733844,32.1868,0.9224346345160701,"LINESTRING (-3.5312831 50.726563, -3.531378 50.7265195)",no,asphalt,,,,,,,
2402750321,2402750297,0,231954138,footway,,,,False,False,45.0822602515453,32.1868,5.042319736835072,"LINESTRING (-3.5312831 50.726563, -3.5312453 50.7265192, -3.5312026 50.7264874, -3.5311313 50.7264768, -3.5310428 50.7264827, -3.5309934 50.7264925, -3.5309456 50.7265145, -3.5308492 50.7265481, -3.5307835 50.7265557, -3.530753 50.7265341)",no,asphalt,,,,,,,
10671289905,10671264604,0,1146748994,footway,,,,False,False,4.739734536151741,32.1868,0.5301255275499978,"LINESTRING (-3.5289851 50.7264284, -3.5289368 50.7263987)",no,asphalt,,,,,,,
10671289905,10247208246,0,1146748999,footway,,,,False,True,4.459710086410375,32.1868,0.49880560699036103,"LINESTRING (-3.5289851 50.7264284, -3.5289449 50.7264594)",no,asphalt,,,,,,,
10671289905,343133279,0,"[1146748996, 1146748997, 1146748998, 1146748999, 30847468]","['steps', 'footway']",,,,False,False,121.15252453335219,34.06605393721507,12.80304108964032,"LINESTRING (-3.5289851 50.7264284, -3.5290283 50.7263951, -3.5290845 50.7263796, -3.5290924 50.7262777, -3.5291192 50.7262845, -3.5292676 50.7263941, -3.5293836 50.7264834, -3.5294976 50.7265672, -3.5294914 50.7265804, -3.5294867 50.7265978, -3.529494 50.7266113, -3.529506 50.7266229, -3.5295323 50.7266292, -3.5295727 50.7266332, -3.5297173 50.726734, -3.5297893 50.7267568, -3.5299178 50.726782, -3.5300741 50.7268159, -3.5301283 50.7268289)",no,asphalt,,,,,,,
2402750301,2402750297,0,"[231954136, 231954137, 231954135]","['steps', 'footway']",,,,False,True,12.727693087081795,34.06605393721507,1.3450250269063089,"LINESTRING (-3.5307118 50.7266264, -3.5306907 50.726591, -3.5306901 50.7265772, -3.5307048 50.7265526, -3.5307343 50.726537, -3.530753 50.7265341)",no,asphalt,,,,,,,
2402750301,343133283,0,1146748997,footway,,,,False,False,21.8023456076163,32.1868,2.438528968006098,"LINESTRING (-3.5307118 50.7266264, -3.5307686 50.7266384, -3.5310179 50.726649)",no,asphalt,,,,,,,
2402750301,343133279,0,1146748997,footway,,,,False,True,46.90763662941304,32.1868,5.246482777594758,"LINESTRING (-3.5307118 50.7266264, -3.5306601 50.7266476, -3.5303023 50.7267799, -3.5301283 50.7268289)",no,asphalt,,,,,,,
2402750297,2402750301,0,"[231954136, 231954137, 231954135]","['steps', 'footway']",,,,False,False,12.727693087081795,34.06605393721507,1.3450250269063089,"LINESTRING (-3.530753 50.7265341, -3.5307343 50.726537, -3.5307048 50.7265526, -3.5306901 50.7265772, -3.5306907 50.726591, -3.5307118 50.7266264)",no,asphalt,,,,,,,
2402750297,2020242412,0,231954136,footway,,,,False,True,25.5838720675066,32.1868,2.861481708123323,"LINESTRING (-3.530753 50.7265341, -3.5307745 50.7265175, -3.5308244 50.7264866, -3.5308765 50.7264504, -3.5309429 50.7264118, -3.5310081 50.7263705)",no,asphalt,,,,,,,
2402750297,2402750321,0,231954138,footway,,,,False,True,45.08226025154529,32.1868,5.042319736835071,"LINESTRING (-3.530753 50.7265341, -3.5307835 50.7265557, -3.5308492 50.7265481, -3.5309456 50.7265145, -3.5309934 50.7264925, -3.5310428 50.7264827, -3.5311313 50.7264768, -3.5312026 50.7264874, -3.5312453 50.7265192, -3.5312831 50.726563)",no,asphalt,,,,,,,
343133283,2402750321,0,30847343,footway,,,,False,True,20.97399418370057,32.1868,2.3458802695925676,"LINESTRING (-3.5310179 50.726649, -3.5312831 50.726563)",no,asphalt,,,,,,,
343133283,10671289970,0,30847343,footway,,,,False,False,34.52817279336804,32.1868,3.861875739623851,"LINESTRING (-3.5310179 50.726649, -3.5306741 50.7267791, -3.5305977 50.7268092)",no,asphalt,,,,,,,
343133283,2402750301,0,1146748997,footway,,,,False,True,21.8023456076163,32.1868,2.438528968006098,"LINESTRING (-3.5310179 50.726649, -3.5307686 50.7266384, -3.5307118 50.7266264)",no,asphalt,,,,,,,
10671264604,10671289905,0,1146748994,footway,,,,False,True,4.739734536151741,32.1868,0.5301255275499978,"LINESTRING (-3.5289368 50.7263987, -3.5289851 50.7264284)",no,asphalt,,,,,,,
10671264604,10671264600,0,1146748994,footway,,,,False,False,13.235925697197455,32.1868,1.4803998070609954,"LINESTRING (-3.5289368 50.7263987, -3.5288999 50.7264135, -3.5288684 50.7264182, -3.5288309 50.726397, -3.5287866 50.7263698)",no,asphalt,,,,,,,
10671264604,10671264600,1,1146748994,footway,,,,False,True,38.24775489086527,32.1868,4.277900182904637,"LINESTRING (-3.5289368 50.7263987, -3.5289509 50.7263851, -3.5289495 50.7263579, -3.5289395 50.7263223, -3.5289153 50.726287, -3.5288731 50.7262578, -3.5288148 50.7262497, -3.5287517 50.7262798, -3.5287383 50.7263019, -3.5287511 50.7263282, -3.5287866 50.7263698)",no,asphalt,,,,,,,
10671289970,10671289968,0,1146749002,footway,,,,False,True,14.647391954590198,32.1868,1.6382682042490935,"LINESTRING (-3.5305977 50.7268092, -3.5306876 50.726928)",no,asphalt,,,,,,,
10671289970,1677444718,0,30847343,footway,,,,False,False,57.62947447051474,32.1868,6.445689167418106,"LINESTRING (-3.5305977 50.7268092, -3.5305164 50.7268343, -3.5303572 50.7268667, -3.5302211 50.7269009, -3.5300599 50.7269298, -3.5299543 50.7269282, -3.5298794 50.7269231, -3.5298172 50.7269089)",no,asphalt,,,,,,,
10671289970,343133283,0,30847343,footway,,,,False,True,34.52817279336804,32.1868,3.861875739623851,"LINESTRING (-3.5305977 50.7268092, -3.5306741 50.7267791, -3.5310179 50.726649)",no,asphalt,,,,,,,
343134576,5891571851,0,24044089,footway,,,,False,False,67.0452550475161,32.1868,7.498816849486683,"LINESTRING (-3.5302405 50.7272946, -3.5302589 50.7272892, -3.5303849 50.7272521, -3.530576 50.72719, -3.5311071 50.7270449)",no,asphalt,,,,,,,
5891571841,5891571851,0,623927185,footway,,,,False,False,85.52688871244145,32.1868,9.565933841350779,"LINESTRING (-3.5315607 50.7267492, -3.5314727 50.7268153, -3.5313472 50.7268802, -3.5312589 50.7269136, -3.5311719 50.7269365, -3.5309183 50.7269895, -3.5307972 50.7270081, -3.5308254 50.7270204, -3.5309307 50.7270179, -3.5310464 50.72702, -3.5311071 50.7270449)",no,asphalt,,,,,no,,
2395302295,355181645,0,"[231124451, 231133035]","['steps', 'footway']",,,,False,False,5.249788667286351,34.06605393721507,0.5547821663484367,"LINESTRING (-3.524144 50.7245735, -3.5241706 50.7245722, -3.5242185 50.7245721)",no,asphalt,,,,,,,
6210838920,3329242116,0,1018879231,footway,,,,False,True,7.8617195737578225,32.1868,0.8793104771374651,"LINESTRING (-3.5245765 50.725139, -3.5245608 50.725069)",no,paving_stones,,,,,,,
6210838920,6531967636,0,663556670,footway,,,,False,True,46.61231151823407,32.1868,5.213451522538515,"LINESTRING (-3.5245765 50.725139, -3.5243546 50.725161, -3.5242175 50.7251737, -3.5239236 50.7252086)",no,paving_stones,,,,,,,
6210838920,6212410505,0,"[1018879232, 1018879230]",footway,,,,False,"[False, True]",35.31376353652981,32.1868,3.9497417802175843,"LINESTRING (-3.5245765 50.725139, -3.5250069 50.7250979, -3.5250728 50.7250927)",no,paving_stones,,,,,,,
6531967636,6531967635,0,695612071,footway,,,,False,True,8.145744032942245,32.1868,0.9110777871236682,"LINESTRING (-3.5239236 50.7252086, -3.5239122 50.7251357)",no,paving_stones,,,,,,,
6531967636,6210838920,0,663556670,footway,,,,False,False,46.61231151823407,32.1868,5.213451522538515,"LINESTRING (-3.5239236 50.7252086, -3.5242175 50.7251737, -3.5243546 50.725161, -3.5245765 50.725139)",no,paving_stones,,,,,,,
6531967636,6210838911,0,663556670,footway,,,,False,True,91.0860546581048,32.1868,10.187710389637285,"LINESTRING (-3.5239236 50.7252086, -3.523614 50.725244, -3.5232476 50.7252829, -3.5231999 50.7252933, -3.5231565 50.7253088, -3.5231084 50.7253426, -3.5230271 50.7254288, -3.5228929 50.7255823)",no,paving_stones,,,,,,,
6210838909,563661381,0,174752262,unclassified,,30 mph,Cheeke Street,False,False,8.76832395559779,48.2802,0.6538076942546229,"LINESTRING (-3.5227326 50.7255906, -3.5226449 50.7255346)",yes,asphalt,,,,,,,
6210838909,6210838912,0,663556669,footway,,,,False,True,5.664550315012499,32.1868,0.6335634836033714,"LINESTRING (-3.5227326 50.7255906, -3.5226717 50.7256239)",yes,asphalt,,,,,,,
6210838909,1070821560,0,174752262,unclassified,,30 mph,Cheeke Street,False,True,17.817920938609266,48.2802,1.3285884354040238,"LINESTRING (-3.5227326 50.7255906, -3.5227516 50.7256092, -3.5228206 50.7257402)",no,asphalt,,,,,,,
6210838909,6210838910,0,663556669,footway,,,,False,False,7.490053405269576,32.1868,0.837740696775401,"LINESTRING (-3.5227326 50.7255906, -3.5227803 50.7255815, -3.5228368 50.7255795)",no,asphalt,,,,,,,
5218608193,365245885,0,32485794,footway,,,,False,False,50.44361505831691,32.1868,5.6419716843532415,"LINESTRING (-3.53089 50.7273867, -3.5307381 50.7274429, -3.5307296 50.7274346, -3.5305858 50.72749, -3.5305925 50.7274983, -3.5304544 50.7275504, -3.5304488 50.7275431, -3.5303002 50.7275933)",yes,asphalt,,,,,customers,,yes
5218608190,365245885,0,"[32485833, 539289646]",footway,,,,False,True,101.61760053171683,32.1868,11.365633176152356,"LINESTRING (-3.5313068 50.7274733, -3.5312124 50.7275114, -3.5312286 50.7275239, -3.5310861 50.727581, -3.5310712 50.7275715, -3.5309379 50.727627, -3.5309503 50.7276394, -3.5308102 50.7276912, -3.530797 50.7276826, -3.5306697 50.727739, -3.5306763 50.7277493, -3.5305262 50.7278059, -3.5303002 50.7275933)",yes,asphalt,,,,,customers,,yes
380467923,380467939,0,33435315,service,,,,False,False,9.46851746563553,32.1868,1.0590261497349198,"LINESTRING (-3.5261191 50.727177, -3.5261924 50.7271056)",no,asphalt,,,,,,,
380467923,1479619165,0,33435310,service,,,,False,True,50.0482220447779,32.1868,5.59774812535575,"LINESTRING (-3.5261191 50.727177, -3.5259247 50.7274356, -3.5257917 50.727576)",no,asphalt,,,,,,,
380467923,2268591192,0,522644783,service,,,,False,True,119.63005960151125,32.1868,13.380274353630698,"LINESTRING (-3.5261191 50.727177, -3.5259396 50.7271148, -3.5258722 50.7271719, -3.5257721 50.727308, -3.5257104 50.727424, -3.5256717 50.7275428, -3.5255655 50.7276004, -3.5254605 50.7276495, -3.5253147 50.7276686, -3.5251918 50.7276604, -3.5250662 50.72765, -3.5249774 50.7276384)",no,asphalt,,,,,,,
1479619165,380467923,0,33435310,service,,,,False,False,50.0482220447779,32.1868,5.59774812535575,"LINESTRING (-3.5257917 50.727576, -3.5259247 50.7274356, -3.5261191 50.727177)",no,asphalt,,,,,,,
2906051680,2906051681,0,286934522,service,,,,False,False,19.941932698327424,32.1868,2.230447193072276,"LINESTRING (-3.5267796 50.7263115, -3.5265851 50.7264419)",no,asphalt,,,,,,,
494934617,2906051681,0,5582189,unclassified,,20 mph,King William Street,False,False,16.93792722380741,32.1868,1.8944579146018454,"LINESTRING (-3.5263578 50.7264011, -3.5264497 50.72641, -3.5265321 50.7264192, -3.5265851 50.7264419)",no,asphalt,,,,,,,
494934617,2906051679,0,5582189,unclassified,,20 mph,King William Street,False,True,20.568529586778713,32.1868,2.3005302332758575,"LINESTRING (-3.5263578 50.7264011, -3.5262686 50.7264028, -3.5261445 50.7264206, -3.5260759 50.7264409)",no,asphalt,,,,,,,
494934617,5218704444,0,377177135,service,,,,False,False,30.790646716857573,32.1868,3.4438443144608124,"LINESTRING (-3.5263578 50.7264011, -3.5264048 50.7264182, -3.5264967 50.7264428, -3.5265188 50.7264751, -3.5264112 50.7265568, -3.5263762 50.7265875)",no,asphalt,,,,,,,
10884336982,10884336983,0,1171306567,footway,,,,False,True,7.1844504174873505,32.1868,0.8035598911030132,"LINESTRING (-3.5253091 50.7226689, -3.5254073 50.7226865)",no,paving_stones,,,,,,,
10884336982,10884336972,0,1171306568,footway,,,,False,False,37.29468128685875,32.1868,4.171301671265597,"LINESTRING (-3.5253091 50.7226689, -3.5253136 50.7226588, -3.5253211 50.7226397, -3.5253307 50.7226124, -3.5253385 50.7225994, -3.5253794 50.7225922, -3.5254371 50.7225827, -3.5254755 50.7225739, -3.5254948 50.7225599, -3.5255452 50.7224511, -3.5256074 50.7224622)",no,paving_stones,,,,,,,
10884336982,10884336989,0,"[1171306568, 1171306569, 1171306570, 1171306571, 1171306572]","['steps', 'footway']",,,,False,True,17.203913615928542,34.06605393721507,1.818058796345754,"LINESTRING (-3.5253091 50.7226689, -3.525299 50.7226919, -3.5252514 50.7227718, -3.5252436 50.7227797, -3.5252268 50.7227965, -3.5252146 50.7228108)",no,asphalt,,,building_passage,,,,
10884336919,380467955,0,33435336,footway,,,,False,True,2.2723988977946683,32.1868,0.25416120993888197,"LINESTRING (-3.5252863 50.7222505, -3.5253077 50.7222658)",no,paving_stones,,,,,,,
10884336919,10884336914,0,33435336,footway,,,,False,False,24.69374451943552,32.1868,2.7619235298311073,"LINESTRING (-3.5252863 50.7222505, -3.525249 50.7222103, -3.525248 50.7221176, -3.5252293 50.7220357)",no,paving_stones,,,,,,,
10884336919,10884336909,0,"[1171306560, 1171306561, 1171306559]","['steps', 'footway']",,,,False,"[False, True]",6.688116270263101,34.06605393721507,0.7067803807662115,"LINESTRING (-3.5252863 50.7222505, -3.5252575 50.7222501, -3.5252159 50.7222416, -3.5251965 50.7222344)",no,paving_stones,,,,,,,
10884336920,5015137064,0,187840543,footway,,,,False,False,69.44606414950094,32.1868,7.767340367424019,"LINESTRING (-3.5250661 50.7223818, -3.5249989 50.7223645, -3.5248972 50.7223981, -3.5244655 50.7223452, -3.5244801 50.7221987, -3.5243531 50.7221904)",no,paving_stones,,,,,,,
10884336920,494934598,0,"[40734244, 1171306565]","['service', 'footway']",,,,False,False,41.48879402759674,32.1868,4.640400987341031,"LINESTRING (-3.5250661 50.7223818, -3.5249774 50.7224193, -3.5249184 50.7224455, -3.5248879 50.7224788, -3.5245947 50.7224294, -3.5245526 50.7224418)",no,paving_stones,,,,,,,
10884336920,380467955,0,1171306565,service,,,,False,True,21.426893753325416,32.1868,2.3965357696935237,"LINESTRING (-3.5250661 50.7223818, -3.525237 50.7223096, -3.525283 50.7222813, -3.5253077 50.7222658)",no,paving_stones,,,,,,,
10884336914,10884336955,0,33435336,footway,,,,False,False,15.155545271431324,32.1868,1.6951036753312778,"LINESTRING (-3.5252293 50.7220357, -3.525226 50.7220107, -3.5252428 50.7219)",no,paving_stones,,,,,,,
10884336914,10884336919,0,33435336,footway,,,,False,True,24.693744519435523,32.1868,2.7619235298311073,"LINESTRING (-3.5252293 50.7220357, -3.525248 50.7221176, -3.525249 50.7222103, -3.5252863 50.7222505)",no,paving_stones,,,,,,,
10884336914,10884336909,0,1171306558,footway,,,,False,False,24.808610353585415,32.1868,2.7747709394194984,"LINESTRING (-3.5252293 50.7220357, -3.5251945 50.7220353, -3.5252052 50.722116, -3.5252065 50.722166, -3.5252099 50.7222132, -3.5251965 50.7222344)",no,paving_stones,,,,,,,
10884336909,10884336916,0,1171306559,footway,,,,False,False,3.5096480791445073,32.1868,0.39254393369083684,"LINESTRING (-3.5251965 50.7222344, -3.5251548 50.7222171)",no,paving_stones,,,,,,,
10884336909,10884336914,0,1171306558,footway,,,,False,True,24.808610353585415,32.1868,2.7747709394194984,"LINESTRING (-3.5251965 50.7222344, -3.5252099 50.7222132, -3.5252065 50.722166, -3.5252052 50.722116, -3.5251945 50.7220353, -3.5252293 50.7220357)",no,paving_stones,,,,,,,
10884336909,10884336919,0,"[1171306560, 1171306561, 1171306559]","['steps', 'footway']",,,,False,"[False, True]",6.688116270263101,34.06605393721507,0.7067803807662115,"LINESTRING (-3.5251965 50.7222344, -3.5252159 50.7222416, -3.5252575 50.7222501, -3.5252863 50.7222505)",no,paving_stones,,,,,,,
494934598,5015137066,0,40734244,footway,,,,False,False,16.555391909689593,32.1868,1.851672451902101,"LINESTRING (-3.5245526 50.7224418, -3.524455 50.7224381, -3.524319 50.7224257)",no,asphalt,,,,,,,
494934598,10884336920,0,"[40734244, 1171306565]","['service', 'footway']",,,,False,True,41.48879402759674,32.1868,4.640400987341031,"LINESTRING (-3.5245526 50.7224418, -3.5245947 50.7224294, -3.5248879 50.7224788, -3.5249184 50.7224455, -3.5249774 50.7224193, -3.5250661 50.7223818)",no,paving_stones,,,,,,,
494934598,8993474317,0,188143496,footway,,,,False,False,27.52249241203246,32.1868,3.078310757307867,"LINESTRING (-3.5245526 50.7224418, -3.5245024 50.7225892, -3.5245113 50.7226039, -3.5245313 50.7226167, -3.5245395 50.7226416, -3.5245256 50.7226781)",no,asphalt,,,,,,,
2912651585,2912651587,0,287694277,service,,,,False,False,25.05036320841406,32.1868,2.8018102933590985,"LINESTRING (-3.5288581 50.723141, -3.5287701 50.7232131, -3.5285627 50.7232407)",yes,paving_stones,,,,,,,
1242470742,1014031525,0,26645387,secondary,1,30 mph,Blackboy Road,False,True,13.874920998518812,48.2802,1.0345797157979404,"LINESTRING (-3.5194353 50.7292622, -3.5196014 50.729195)",no,asphalt,B3212,,,,,,
1242470742,388337704,0,8695090,service,,,,False,True,23.696070736710833,32.1868,2.6503366178731347,"LINESTRING (-3.5194353 50.7292622, -3.5194829 50.7292914, -3.5195302 50.7292982, -3.5195824 50.7292988, -3.5197436 50.7292653)",no,asphalt,,,,,,,
1774955008,1774955051,0,166002904,service,,,,False,False,14.576373555909841,32.1868,1.6303250028358034,"LINESTRING (-3.5205608 50.725392, -3.5206427 50.7255124)",no,asphalt,,,,,,parking_aisle,
1774955008,1774955045,0,403451855,service,,,,False,True,18.576006249593203,32.1868,2.077672291080056,"LINESTRING (-3.5205608 50.725392, -3.520348 50.7254908)",no,asphalt,,,,,,parking_aisle,
392680943,392680949,0,34240448,service,,,,False,False,3.942830388519428,32.1868,0.44099411555886087,"LINESTRING (-3.5208595 50.725775, -3.5208289 50.7258047)",no,asphalt,,,,,,parking_aisle,
760486550,1774955011,0,60776771,footway,,,,False,False,11.661790370393305,32.1868,1.3043373474037774,"LINESTRING (-3.5200441 50.7246397, -3.519962 50.7246449, -3.5198796 50.724652)",no,asphalt,,,,,,,
760486550,9797141042,0,60776771,footway,,,,False,True,10.998882262864825,32.1868,1.2301930029177606,"LINESTRING (-3.5200441 50.7246397, -3.5200597 50.7246028, -3.5200342 50.7245867, -3.5199877 50.7245628)",no,asphalt,,,,,,,
760486550,392680940,0,271757545,unclassified,,20 mph,Russell Street,False,True,56.622475133650184,32.1868,6.333059219342734,"LINESTRING (-3.5200441 50.7246397, -3.520304 50.7247853, -3.5204496 50.7248918, -3.5205755 50.7249582, -3.5206359 50.7249818)",yes,asphalt,,,,,,,
1774955011,2767006763,0,7981293,unclassified,,20 mph,Clifton Road,False,False,4.888549861644013,32.1868,0.5467700890401794,"LINESTRING (-3.5198796 50.724652, -3.5198796 50.7246277, -3.5198836 50.7246082)",yes,asphalt,,6.7,,,,,
1774955011,4913599248,0,7981293,unclassified,,20 mph,Clifton Road,False,True,51.40497256832418,32.1868,5.749496726793812,"LINESTRING (-3.5198796 50.724652, -3.5198807 50.724727, -3.5199185 50.7248264, -3.5200848 50.7250913)",no,asphalt,,6.7,,,,,
1774955011,760486550,0,60776771,footway,,,,False,True,11.661790370393305,32.1868,1.3043373474037774,"LINESTRING (-3.5198796 50.724652, -3.519962 50.7246449, -3.5200441 50.7246397)",no,asphalt,,,,,,,
8340762915,431231593,0,10244742,residential,,,St Sidwell's Avenue,False,False,86.85287133491761,32.7417448275862,9.54959298755106,"LINESTRING (-3.5242891 50.7295852, -3.5241051 50.7295178, -3.5235427 50.7293001, -3.5232295 50.729185)",no,asphalt,,,,,,,
8340762915,431231594,0,10244742,residential,,,St Sidwell's Avenue,False,True,49.71612906993023,32.7417448275862,5.46635695789043,"LINESTRING (-3.5242891 50.7295852, -3.5246533 50.729719, -3.5247861 50.7295592)",no,asphalt,,,,,,,
8340762915,8340771020,0,897396219,service,,,,False,False,26.094494717974264,32.1868,2.9185933669922877,"LINESTRING (-3.5242891 50.7295852, -3.524266 50.7296305, -3.5242372 50.7296538, -3.5241775 50.7296808, -3.5240672 50.7297212, -3.5240264 50.7297372)",no,asphalt,,,,,,,
1787924008,1787924020,0,167403105,service,,,,False,False,47.77440455677707,32.1868,5.343428250226722,"LINESTRING (-3.5238537 50.7287329, -3.5236686 50.7289621, -3.5236217 50.7289909, -3.5235774 50.728996, -3.5234865 50.728964, -3.5234374 50.7289448)",no,asphalt,,,,,,,
431231594,8340762915,0,10244742,residential,,,St Sidwell's Avenue,False,False,49.71612906993023,32.7417448275862,5.46635695789043,"LINESTRING (-3.5247861 50.7295592, -3.5246533 50.729719, -3.5242891 50.7295852)",no,asphalt,,,,,,,
8340771020,8340771021,0,897396219,service,,,,False,False,5.793415786660418,32.1868,0.647976711943328,"LINESTRING (-3.5240264 50.7297372, -3.5240417 50.7297536, -3.5240528 50.7297859)",no,asphalt,,,,,,,
8340771020,8340762915,0,897396219,service,,,,False,True,26.094494717974268,32.1868,2.9185933669922877,"LINESTRING (-3.5240264 50.7297372, -3.5240672 50.7297212, -3.5241775 50.7296808, -3.5242372 50.7296538, -3.524266 50.7296305, -3.5242891 50.7295852)",no,asphalt,,,,,,,
8993474317,8993433314,0,512922089,footway,,,,False,False,25.223098004092627,32.1868,2.821130178046077,"LINESTRING (-3.5245256 50.7226781, -3.5248704 50.7227398)",no,asphalt,,,,,,,
8993474317,8993433315,0,512922089,footway,,,,False,True,9.528131170487844,32.1868,1.0656937693015847,"LINESTRING (-3.5245256 50.7226781, -3.5243931 50.7226606)",no,asphalt,,,,,,,
8993474317,494934598,0,188143496,footway,,,,False,True,27.52249241203246,32.1868,3.078310757307867,"LINESTRING (-3.5245256 50.7226781, -3.5245395 50.7226416, -3.5245313 50.7226167, -3.5245113 50.7226039, -3.5245024 50.7225892, -3.5245526 50.7224418)",no,asphalt,,,,,,,
8993433314,8993474317,0,512922089,footway,,,,False,True,25.223098004092627,32.1868,2.821130178046077,"LINESTRING (-3.5248704 50.7227398, -3.5245256 50.7226781)",no,asphalt,,,,,,,
8993433314,10884336989,0,512922089,footway,,,,False,False,25.49011416346692,32.1868,2.8509951591485,"LINESTRING (-3.5248704 50.7227398, -3.525124 50.7227897, -3.5252146 50.7228108)",no,asphalt,,,,,,,
8993433314,10884336961,0,1171306564,footway,,,,False,False,12.815350026639765,32.1868,1.4333596410920986,"LINESTRING (-3.5248704 50.7227398, -3.5248777 50.7227249, -3.5248783 50.7227002, -3.5248783 50.7226683, -3.5248741 50.7226504, -3.5248645 50.7226262)",no,asphalt,,,,,,,
2109318141,2109318166,0,200978444,footway,,,,False,False,13.216667782445564,32.1868,1.478245865286516,"LINESTRING (-3.5341578 50.7233879, -3.5340178 50.7234671)",yes,asphalt,,,,,,,yes
10693280275,10693280274,0,39123589,footway,,,,False,True,17.896733614091477,32.1868,2.0016976217185096,"LINESTRING (-3.5323385 50.7237509, -3.5325102 50.7238696)",no,paving_stones,,,,,,,
10693280275,10693280272,0,39123589,footway,,,,False,False,32.87504859991077,32.1868,3.676978604883952,"LINESTRING (-3.5323385 50.7237509, -3.5323935 50.7237231, -3.5325554 50.7236921, -3.5326718 50.7237244, -3.5327073 50.7237503, -3.5327359 50.7237733)",no,paving_stones,,,,,,,
10693280275,10693280287,0,1149448292,footway,,,,False,False,5.240600158673332,32.1868,0.5861458912108068,"LINESTRING (-3.5323385 50.7237509, -3.532318 50.7237371, -3.5322939 50.7237134)",no,paving_stones,,,,,,,
497693979,9721565956,0,5105200,unclassified,,20 mph,Belgrave Road,False,True,7.5857926311037165,32.1868,0.8484488508324338,"LINESTRING (-3.5229826 50.7259763, -3.5229182 50.726031)",yes,asphalt,,,,,,,
497693979,9604174477,0,922431929,unclassified,,20 mph,Cheeke Street,False,False,10.952845332859033,32.1868,1.2250439061445226,"LINESTRING (-3.5229826 50.7259763, -3.5229572 50.7259598, -3.5229264 50.7259323, -3.5229146 50.7259153, -3.5229009 50.7258938)",yes,asphalt,,,,,,,
497693979,8984062210,0,1135679607,unclassified,2,20 mph,Cheeke Street,False,True,10.184735591516208,32.1868,1.1391330647799207,"LINESTRING (-3.5229826 50.7259763, -3.523071 50.7260227, -3.5230955 50.7260335)",yes,asphalt,,,,,,,
9604174477,9721565944,0,1043559439,footway,,,,False,False,6.140774870081565,32.1868,0.68682781551113,"LINESTRING (-3.5229009 50.7258938, -3.5228236 50.7259194)",yes,asphalt,,,,,,,
9604174477,9721565948,0,1043559439,footway,,,,False,True,5.856421692787761,32.1868,0.6550237393601085,"LINESTRING (-3.5229009 50.7258938, -3.5229772 50.7258728)",yes,asphalt,,,,,,,
9604174477,1070821560,0,922431929,unclassified,,20 mph,Cheeke Street,False,False,18.011722998457344,32.1868,2.014558850039347,"LINESTRING (-3.5229009 50.7258938, -3.5228845 50.7258714, -3.5228206 50.7257402)",no,asphalt,,,,,,,
9604174477,497693979,0,922431929,unclassified,,20 mph,Cheeke Street,False,True,10.952845332859031,32.1868,1.2250439061445224,"LINESTRING (-3.5229009 50.7258938, -3.5229146 50.7259153, -3.5229264 50.7259323, -3.5229572 50.7259598, -3.5229826 50.7259763)",yes,asphalt,,,,,,,
8984062210,8984062211,0,733909714,footway,,,,False,False,6.897837972547269,32.1868,0.7715031224343574,"LINESTRING (-3.5230955 50.7260335, -3.5230346 50.7260821)",yes,paving_stones,,,,,,,
8984062210,8984062209,0,733909714,footway,,,,False,True,6.5242043187231324,32.1868,0.7297132845577466,"LINESTRING (-3.5230955 50.7260335, -3.5231372 50.7259811)",yes,paving_stones,,,,,,,
8984062210,8984062207,0,1135679607,unclassified,2,20 mph,Cheeke Street,False,True,5.293011930977776,32.1868,0.592007995560913,"LINESTRING (-3.5230955 50.7260335, -3.5231571 50.7260608)",yes,asphalt,,,,,,,
8984062210,497693979,0,1135679607,unclassified,2,20 mph,Cheeke Street,False,False,10.184735591516208,32.1868,1.1391330647799207,"LINESTRING (-3.5230955 50.7260335, -3.523071 50.7260227, -3.5229826 50.7259763)",yes,paving_stones,,,,,,,
9721565944,9604174477,0,1043559439,footway,,,,False,True,6.140774870081565,32.1868,0.68682781551113,"LINESTRING (-3.5228236 50.7259194, -3.5229009 50.7258938)",yes,asphalt,,,,,,,
9721565944,9721565956,0,610765451,footway,,,,False,False,14.350243853429161,32.1868,1.6050330530635224,"LINESTRING (-3.5228236 50.7259194, -3.5228477 50.7259685, -3.5228847 50.7260108, -3.5229182 50.726031)",yes,asphalt,,,,,,,
9721565944,6210838912,0,610765451,footway,,,,False,True,34.5706757283755,32.1868,3.866629569331273,"LINESTRING (-3.5228236 50.7259194, -3.522699 50.725666, -3.5226717 50.7256239)",yes,asphalt,,,,,,,
9721565948,9604174477,0,1043559439,footway,,,,False,False,5.856421692787761,32.1868,0.6550237393601085,"LINESTRING (-3.5229772 50.7258728, -3.5229009 50.7258938)",yes,asphalt,,,,,,,
9721565948,10172547559,0,"[1111901449, 1043559438, 1043559439]","['steps', 'footway']",,,,False,True,8.873295813446777,34.06605393721507,0.9377037031433715,"LINESTRING (-3.5229772 50.7258728, -3.5230121 50.7258602, -3.5230699 50.72584, -3.5230865 50.7258331)",yes,asphalt,,,,,,,
9721565948,10172547562,0,1058007431,footway,,,,False,False,14.670625982554931,32.1868,1.6408668627262655,"LINESTRING (-3.5229772 50.7258728, -3.522993 50.7258902, -3.5230105 50.7259085, -3.5230359 50.7259309, -3.5230762 50.7259564, -3.5231131 50.7259696)",yes,asphalt,,,,,,,
9721565948,6210838911,0,1058007431,footway,,,,False,True,33.58467941393212,32.1868,3.7563487482494584,"LINESTRING (-3.5229772 50.7258728, -3.5229434 50.7258019, -3.5228884 50.7257008, -3.5228764 50.7256558, -3.522875 50.7256151, -3.5228929 50.7255823)",yes,paving_stones,,,,,,,
1070821560,6210838910,0,174752261,unclassified,,30 mph,Cheeke Street,False,True,17.905476671982125,48.2802,1.335117004882657,"LINESTRING (-3.5228206 50.7257402, -3.5228321 50.7256228, -3.5228368 50.7255795)",no,asphalt,,,,,no,,
1070821560,6210838909,0,174752262,unclassified,,30 mph,Cheeke Street,False,False,17.817920938609266,48.2802,1.3285884354040238,"LINESTRING (-3.5228206 50.7257402, -3.5227516 50.7256092, -3.5227326 50.7255906)",no,asphalt,,,,,,,
1070821560,9604174477,0,922431929,unclassified,,20 mph,Cheeke Street,False,True,18.011722998457344,32.1868,2.014558850039347,"LINESTRING (-3.5228206 50.7257402, -3.5228845 50.7258714, -3.5229009 50.7258938)",no,asphalt,,,,,,,
8984062209,8984062210,0,733909714,footway,,,,False,False,6.5242043187231324,32.1868,0.7297132845577466,"LINESTRING (-3.5231372 50.7259811, -3.5230955 50.7260335)",yes,paving_stones,,,,,,,
8984062209,8984062208,0,1018879229,footway,,,,False,True,6.019575619619468,32.1868,0.6732720317220131,"LINESTRING (-3.5231372 50.7259811, -3.5232005 50.7260175)",yes,paving_stones,,,,,,,
8984062209,10172547562,0,1058007431,footway,,,,False,True,2.124368106247556,32.1868,0.23760439628951008,"LINESTRING (-3.5231372 50.7259811, -3.5231131 50.7259696)",yes,paving_stones,,,,,,,
6210838911,6210838910,0,663556669,footway,,,,False,True,3.9611570923313,32.1868,0.4430439040971044,"LINESTRING (-3.5228929 50.7255823, -3.5228368 50.7255795)",no,asphalt,,,,,,,
6210838911,6531967636,0,663556670,footway,,,,False,False,91.08605465810481,32.1868,10.187710389637285,"LINESTRING (-3.5228929 50.7255823, -3.5230271 50.7254288, -3.5231084 50.7253426, -3.5231565 50.7253088, -3.5231999 50.7252933, -3.5232476 50.7252829, -3.523614 50.725244, -3.5239236 50.7252086)",no,paving_stones,,,,,,,
6210838911,9721565948,0,1058007431,footway,,,,False,False,33.58467941393212,32.1868,3.7563487482494584,"LINESTRING (-3.5228929 50.7255823, -3.522875 50.7256151, -3.5228764 50.7256558, -3.5228884 50.7257008, -3.5229434 50.7258019, -3.5229772 50.7258728)",yes,paving_stones,,,,,,,
8984062208,8984062207,0,909413010,service,,,,False,True,5.7021303143118125,32.1868,0.6377666972647957,"LINESTRING (-3.5232005 50.7260175, -3.5231571 50.7260608)",yes,asphalt,,,,,no,,
8984062208,8984062209,0,1018879229,footway,,,,False,False,6.019575619619468,32.1868,0.6732720317220131,"LINESTRING (-3.5232005 50.7260175, -3.5231372 50.7259811)",yes,paving_stones,,,,,,,
8984062208,10581174659,0,909413010,service,,,,False,False,28.095296174929462,32.1868,3.1423771928164985,"LINESTRING (-3.5232005 50.7260175, -3.523275 50.7259715, -3.5233092 50.7259539, -3.5234329 50.7259037, -3.5235164 50.7258841, -3.5235258 50.7258915)",no,asphalt,,,,,no,,
8984062208,8984079223,0,1018879229,footway,,,,False,True,48.38252212212419,32.1868,5.411444431867943,"LINESTRING (-3.5232005 50.7260175, -3.5236636 50.7262573, -3.523732 50.7262934)",no,asphalt,,,,,,,
8443783643,10581174663,0,1272815313,service,,,,False,True,3.3726058377676935,32.1868,0.37721615742986875,"LINESTRING (-3.5238826 50.7261736, -3.5238527 50.7261499)",no,paving_stones,,,,,no,,
8443783643,10581174641,0,1135087561,service,,,,False,False,17.625172892961846,32.1868,1.971324344596625,"LINESTRING (-3.5238826 50.7261736, -3.5240813 50.7261767, -3.5241082 50.7261488)",no,paving_stones,,,,,no,,
8443783643,8984079223,0,1135092462,service,,,,False,False,17.028232012580375,32.1868,1.904558242673685,"LINESTRING (-3.5238826 50.7261736, -3.5237719 50.7262593, -3.523732 50.7262934)",no,asphalt,,,,,no,,
906791629,748225005,0,"[77006473, 1128596137]",unclassified,,"['30 mph', '20 mph']",Southernhay,False,True,15.684829210889529,40.2335,1.4034420360943567,"LINESTRING (-3.5281295 50.7201499, -3.5281678 50.7201715, -3.5282002 50.7201918, -3.5282284 50.7202326, -3.5282547 50.7202636)",yes,asphalt,,,,,,,
906791629,748225005,1,"[822211872, 5216008, 1128596136]","['unclassified', 'secondary']","['2', '1']","['30 mph', '20 mph']","['Southernhay', 'Magdalen Street']",False,"[False, True]",37.01469097834275,40.2335,3.3119884554422034,"LINESTRING (-3.5281295 50.7201499, -3.5283948 50.7201287, -3.528317 50.7201816, -3.528288 50.7202284, -3.5282547 50.7202636)",yes,asphalt,,,,,,,
2273119445,2273119522,0,218000702,service,,,,False,False,25.20647642904015,32.1868,2.8192711032020754,"LINESTRING (-3.5280477 50.7275616, -3.52809 50.7273365)",no,asphalt,,,,,,,
12073857672,12073857669,0,191449761,service,,,,False,True,15.890396697028564,32.1868,1.7772946707750643,"LINESTRING (-3.532877 50.7240334, -3.5330367 50.7241344)",no,paving_stones,,,,,,parking_aisle,
12073857672,12073857669,1,191449761,service,,,,False,False,188.9594969304221,32.1868,21.134570350252886,"LINESTRING (-3.532877 50.7240334, -3.5337715 50.7234956, -3.533925 50.7236, -3.5330367 50.7241344)",no,paving_stones,,,,,,parking_aisle,
12073857672,12073843668,0,1303736882,service,,,,False,False,18.34077405236464,32.1868,2.0513622537348453,"LINESTRING (-3.532877 50.7240334, -3.5326872 50.7241464)",no,paving_stones,,,,,,,
838036553,838036557,0,70181429,service,,,,False,False,54.582004377980134,32.1868,6.1048384977919055,"LINESTRING (-3.520743 50.7236941, -3.5204797 50.7241558)",no,asphalt,,,,,,,
4538108544,984675322,0,5581286,unclassified,,20 mph,Guinea Street,False,False,31.905063360713566,32.1868,3.568488576017773,"LINESTRING (-3.5325748 50.7214666, -3.5322792 50.7216841)",no,asphalt,,,,,,,
2395302250,986600678,0,695612073,service,,,Manor Court,False,False,2.4961254327592584,32.1868,0.27918437241146465,"LINESTRING (-3.5239561 50.7242128, -3.5239303 50.7241974)",no,concrete,,,,,,,
2395302250,2395302282,0,231124450,footway,,,,False,True,38.23452085249936,32.1868,4.2764199941900936,"LINESTRING (-3.5239561 50.7242128, -3.52399 50.7242046, -3.5244923 50.7242476)",no,concrete,,,,,,,
2395302250,9773108254,0,695612073,service,,,Manor Court,False,True,14.34788279384199,32.1868,1.6047689754132493,"LINESTRING (-3.5239561 50.7242128, -3.523968 50.7242355, -3.5239816 50.7242633, -3.5239814 50.7243004, -3.5239798 50.7243393)",no,concrete,,,,,,,
9773108254,2395302282,0,231124452,footway,,,,False,False,40.540736991041456,32.1868,4.534363564186227,"LINESTRING (-3.5239798 50.7243393, -3.5241945 50.7243429, -3.5242574 50.7243444, -3.524305 50.7243463, -3.5243532 50.7243385, -3.5243775 50.7243284, -3.5244098 50.724305, -3.5244432 50.7242827, -3.5244923 50.7242476)",no,asphalt,,,,,,,
9773108254,2395302250,0,695612073,service,,,Manor Court,False,False,14.347882793841992,32.1868,1.6047689754132495,"LINESTRING (-3.5239798 50.7243393, -3.5239814 50.7243004, -3.5239816 50.7242633, -3.523968 50.7242355, -3.5239561 50.7242128)",no,concrete,,,,,,,
9773108254,986600678,0,"[85001220, 231124453, 695612073, 1211795822, 231124447]",service,,,Manor Court,False,"[False, True]",159.13118269483482,32.1868,17.79836012593378,"LINESTRING (-3.5239798 50.7243393, -3.52398 50.7243571, -3.5239815 50.7245274, -3.524002 50.7248827, -3.5238008 50.7248835, -3.5237902 50.7247497, -3.5237615 50.7245012, -3.5237663 50.7243519, -3.5237697 50.7242954, -3.5237724 50.7242533, -3.5237888 50.7242295, -3.5238245 50.7242058, -3.5238515 50.724197, -3.5238937 50.7241919, -3.5239303 50.7241974)",yes,concrete,,,building_passage,,,parking_aisle,
10884333046,10884333049,0,"[1171306534, 1171306535]","['steps', 'footway']",,,,False,True,19.117558452091977,34.06605393721507,2.020287132591721,"LINESTRING (-3.5261714 50.7222248, -3.5262227 50.7221402, -3.5261466 50.7221261, -3.5261523 50.7220952)",no,paving_stones,,,,,,,
13421935482,10884336927,0,138011583,footway,,,,False,False,1.4923291570529202,32.1868,0.16691267741404905,"LINESTRING (-3.5255962 50.7219555, -3.5256035 50.7219681)",no,paving_stones,,,,,,,
13421935482,1513241994,0,138011583,footway,,,,False,True,2.6457428081758545,32.1868,0.2959186408537996,"LINESTRING (-3.5255962 50.7219555, -3.5255801 50.721934)",no,paving_stones,,,,,,,
13421935482,13421935483,0,1463222658,steps,,,,False,False,4.507140245090253,34.06605393721507,0.4763012737615414,"LINESTRING (-3.5255962 50.7219555, -3.5255324 50.7219521)",no,paving_stones,,,,,,,
13421935483,13421510099,0,1463222657,footway,,,,False,False,1.0292823222050673,32.1868,0.11512223520008957,"LINESTRING (-3.5255324 50.7219521, -3.5255178 50.7219516)",no,paving_stones,,,,,,,
13421935483,13421935482,0,1463222658,steps,,,,False,True,4.507140245090253,34.06605393721507,0.4763012737615414,"LINESTRING (-3.5255324 50.7219521, -3.5255962 50.7219555)",no,paving_stones,,,,,,,
13421935483,1513242136,0,"[1463222657, 1463222659]",footway,,,,False,True,14.595327704447747,32.1868,1.632444969242419,"LINESTRING (-3.5255324 50.7219521, -3.525525 50.7220173, -3.5255636 50.7220196, -3.5256287 50.7220163)",no,paving_stones,,,,,,,
1513241994,13421935482,0,138011583,footway,,,,False,False,2.6457428081758545,32.1868,0.2959186408537996,"LINESTRING (-3.5255801 50.721934, -3.5255962 50.7219555)",no,paving_stones,,,,,,,
1513241994,13424106081,0,1463489894,footway,,,,False,True,8.856612152969179,32.1868,0.9905863195685514,"LINESTRING (-3.5255801 50.721934, -3.5255878 50.7218545)",no,paving_stones,,,,,,,
1513241994,10884333081,0,138011583,footway,,,,False,True,17.443290741960904,32.1868,1.9509813548118877,"LINESTRING (-3.5255801 50.721934, -3.525544 50.7219225, -3.5255599 50.7217916)",no,paving_stones,,,,,,,
13424106081,1513241994,0,1463489894,footway,,,,False,False,8.856612152969179,32.1868,0.9905863195685514,"LINESTRING (-3.5255878 50.7218545, -3.5255801 50.721934)",no,paving_stones,,,,,,,
10884333081,10884333096,0,1171306547,steps,,,,False,True,3.694338876744438,34.06605393721507,0.3904068249522426,"LINESTRING (-3.5255599 50.7217916, -3.5255941 50.7217664)",no,paving_stones,,,,,,,
10884333081,1513241994,0,138011583,footway,,,,False,False,17.443290741960904,32.1868,1.9509813548118877,"LINESTRING (-3.5255599 50.7217916, -3.525544 50.7219225, -3.5255801 50.721934)",no,paving_stones,,,,,,,
10884333081,10884333079,0,138011583,footway,,,,False,True,9.041610759470766,32.1868,1.0112778758402439,"LINESTRING (-3.5255599 50.7217916, -3.525521 50.7217772, -3.5254379 50.7217729)",no,paving_stones,,,,,,,
10884333096,10884333081,0,1171306547,steps,,,,False,False,3.694338876744438,34.06605393721507,0.3904068249522426,"LINESTRING (-3.5255941 50.7217664, -3.5255599 50.7217916)",no,paving_stones,,,,,,,
10884333096,10884333094,0,1171306556,footway,,,,False,False,10.529990588522699,32.1868,1.1777488323996708,"LINESTRING (-3.5255941 50.7217664, -3.5257171 50.7217702, -3.5257366 50.7217589)",no,paving_stones,,,,,,,
10884333096,10884333098,0,1171306556,footway,,,,False,True,7.347167037795115,32.1868,0.821759272001641,"LINESTRING (-3.5255941 50.7217664, -3.5255146 50.7217632, -3.5254982 50.7217515)",no,paving_stones,,,,,,,
10884333079,10884333081,0,138011583,footway,,,,False,False,9.041610759470766,32.1868,1.0112778758402439,"LINESTRING (-3.5254379 50.7217729, -3.525521 50.7217772, -3.5255599 50.7217916)",no,paving_stones,,,,,,,
13421510099,13421935483,0,1463222657,footway,,,,False,True,1.0292823222050673,32.1868,0.11512223520008957,"LINESTRING (-3.5255178 50.7219516, -3.5255324 50.7219521)",no,paving_stones,,,,,,,
1677444665,2081303099,0,8025812,service,,,,False,False,17.755724417242735,32.1868,1.9859261530215446,"LINESTRING (-3.5286989 50.7276853, -3.5289508 50.7276768)",no,asphalt,,,,,,parking_aisle,
1677444665,2081303111,0,8025812,service,,,,False,True,16.33177157910657,32.1868,1.8266611680808176,"LINESTRING (-3.5286989 50.7276853, -3.5284672 50.7276931)",no,asphalt,,,,,,parking_aisle,
1677444665,2081303109,0,197937009,service,,,,False,True,46.56662393512397,32.1868,5.208341499199868,"LINESTRING (-3.5286989 50.7276853, -3.5290491 50.7280406)",no,asphalt,,,,,,parking_aisle,
2081303099,1677444665,0,8025812,service,,,,False,True,17.755724417242735,32.1868,1.9859261530215446,"LINESTRING (-3.5289508 50.7276768, -3.5286989 50.7276853)",no,asphalt,,,,,,parking_aisle,
2081303099,2081303103,0,197937017,service,,,,False,True,37.73613198231902,32.1868,4.220676648077737,"LINESTRING (-3.5289508 50.7276768, -3.5292277 50.7279674)",no,asphalt,,,,,,parking_aisle,
2081303099,2081303103,1,8025812,service,,,,False,False,63.080042665546834,32.1868,7.055319373033933,"LINESTRING (-3.5289508 50.7276768, -3.5292203 50.7276677, -3.5294157 50.7278903, -3.5292277 50.7279674)",no,asphalt,,,,,,parking_aisle,
2081303111,1677444665,0,8025812,service,,,,False,False,16.33177157910657,32.1868,1.8266611680808176,"LINESTRING (-3.5284672 50.7276931, -3.5286989 50.7276853)",no,asphalt,,,,,,parking_aisle,
2081303111,2081303108,0,8025812,service,,,,False,True,18.044489152647266,32.1868,2.0182236491210737,"LINESTRING (-3.5284672 50.7276931, -3.5282112 50.7277017)",no,asphalt,,,,,,parking_aisle,
2081303111,2081303105,0,197937021,service,,,,False,True,54.713917798932755,32.1868,6.119592630399976,"LINESTRING (-3.5284672 50.7276931, -3.5288768 50.7281113)",no,asphalt,,,,,,parking_aisle,
2081303109,2081303105,0,8025812,service,,,,False,False,14.452760704258216,32.1868,1.616499264770949,"LINESTRING (-3.5290491 50.7280406, -3.5288768 50.7281113)",no,asphalt,,,,,,parking_aisle,
2081303109,2081303103,0,8025812,service,,,,False,True,14.9760854481017,32.1868,1.6750316158538943,"LINESTRING (-3.5290491 50.7280406, -3.5292277 50.7279674)",no,asphalt,,,,,,parking_aisle,
2081303109,1677444665,0,197937009,service,,,,False,False,46.56662393512397,32.1868,5.208341499199868,"LINESTRING (-3.5290491 50.7280406, -3.5286989 50.7276853)",no,asphalt,,,,,,parking_aisle,
2081303103,2081303109,0,8025812,service,,,,False,False,14.9760854481017,32.1868,1.6750316158538943,"LINESTRING (-3.5292277 50.7279674, -3.5290491 50.7280406)",no,asphalt,,,,,,parking_aisle,
2081303103,2081303099,0,197937017,service,,,,False,False,37.73613198231902,32.1868,4.220676648077737,"LINESTRING (-3.5292277 50.7279674, -3.5289508 50.7276768)",no,asphalt,,,,,,parking_aisle,
2081303103,2081303099,1,8025812,service,,,,False,True,63.080042665546834,32.1868,7.055319373033933,"LINESTRING (-3.5292277 50.7279674, -3.5294157 50.7278903, -3.5292203 50.7276677, -3.5289508 50.7276768)",no,asphalt,,,,,,parking_aisle,
2081303105,2081303112,0,8025812,service,,,,False,False,14.726282626247917,32.1868,1.6470918965070311,"LINESTRING (-3.5288768 50.7281113, -3.5287012 50.7281833)",no,asphalt,,,,,,parking_aisle,
2081303105,2081303109,0,8025812,service,,,,False,True,14.452760704258216,32.1868,1.616499264770949,"LINESTRING (-3.5288768 50.7281113, -3.5290491 50.7280406)",no,asphalt,,,,,,parking_aisle,
2081303105,2081303111,0,197937021,service,,,,False,False,54.713917798932755,32.1868,6.119592630399976,"LINESTRING (-3.5288768 50.7281113, -3.5284672 50.7276931)",no,asphalt,,,,,,parking_aisle,
1677444743,1677444718,0,155339535,footway,,,,False,True,4.69208989010043,32.1868,0.5247966124113472,"LINESTRING (-3.529807 50.7269506, -3.5298172 50.7269089)",no,asphalt,,,,,,,
1677444743,1677444796,0,155339534,footway,,,,False,False,12.46735134650277,32.1868,1.3944370004911946,"LINESTRING (-3.529807 50.7269506, -3.5298416 50.7269814, -3.5298373 50.7270184, -3.5297879 50.7270386)",no,asphalt,,,,,,,
1677444743,1677444796,1,155339535,footway,,,,False,False,13.97003436529927,32.1868,1.5625077272384138,"LINESTRING (-3.529807 50.7269506, -3.5297674 50.7269624, -3.5297406 50.7269845, -3.5297427 50.7270209, -3.5297879 50.7270386)",no,asphalt,,,,,,,
1774955051,1774955008,0,166002904,service,,,,False,True,14.576373555909841,32.1868,1.6303250028358034,"LINESTRING (-3.5206427 50.7255124, -3.5205608 50.725392)",no,asphalt,,,,,,parking_aisle,
10884333086,10884333093,0,1171306549,footway,,,,False,False,4.354905644928268,32.1868,0.4870835349193386,"LINESTRING (-3.5259 50.7217262, -3.5258905 50.7217649)",no,paving_stones,,,,,,,
10884333086,13018774545,0,1171306554,service,,,,False,False,12.978959104933807,32.1868,1.4516588408217563,"LINESTRING (-3.5259 50.7217262, -3.526025 50.721812)",no,paving_stones,,,,,,,
10884333086,1786504452,0,1171306554,service,,,,False,True,4.85736809612828,32.1868,0.5432824992252044,"LINESTRING (-3.5259 50.7217262, -3.5258731 50.7217082, -3.5258737 50.7216893)",no,paving_stones,,,,,,,
10884333093,10884333085,0,1171306549,footway,,,,False,False,6.196929765802744,32.1868,0.6931085773326295,"LINESTRING (-3.5258905 50.7217649, -3.5258876 50.7218206)",no,paving_stones,,,,,,,
10884333093,10884333086,0,1171306549,footway,,,,False,True,4.354905644928268,32.1868,0.4870835349193386,"LINESTRING (-3.5258905 50.7217649, -3.5259 50.7217262)",no,paving_stones,,,,,,,
10884333093,10884333094,0,1171306556,footway,,,,False,True,10.85449097270974,32.1868,1.2140432569175896,"LINESTRING (-3.5258905 50.7217649, -3.5257366 50.7217589)",no,paving_stones,,,,,,,
13018774545,10884333086,0,1171306554,service,,,,False,True,12.978959104933807,32.1868,1.4516588408217563,"LINESTRING (-3.526025 50.721812, -3.5259 50.7217262)",no,paving_stones,,,,,,,
1857100662,1857100579,0,175063724,service,,,,False,False,25.42369597053165,32.1868,2.8435664773731455,"LINESTRING (-3.5333566 50.7253168, -3.5332439 50.7254068, -3.5333539 50.7254968)",no,asphalt,,,,,,,
7644003325,10176063876,0,1112304935,footway,,,,False,False,141.06900245622367,32.1868,15.778157780282765,"LINESTRING (-3.5215439 50.7286199, -3.5222458 50.7282656, -3.522697 50.7280128, -3.5228809 50.7279065, -3.5230663 50.7277958)",yes,paving_stones,,,,,,,
10159677946,1996169401,0,1110560546,footway,,,,False,False,7.357914537916465,32.1868,0.8229613486428995,"LINESTRING (-3.5288708 50.7235497, -3.5288042 50.7236007)",yes,paving_stones,,,,,,,
2420694443,2420694432,0,233728890,footway,,,,False,False,4.515702986100725,32.1868,0.5050682500268001,"LINESTRING (-3.5315983 50.7258144, -3.5316622 50.7258108)",no,fine_gravel,,,,,,,
2420694443,2420694447,0,233728890,footway,,,,False,True,6.063845026471844,32.1868,0.6782234361694434,"LINESTRING (-3.5315983 50.7258144, -3.5315312 50.7257802)",no,fine_gravel,,,,,,,
2420694443,2420694434,0,233728888,footway,,,,False,False,5.519463940497744,32.1868,0.6173359944384617,"LINESTRING (-3.5315983 50.7258144, -3.5316002 50.7258328, -3.5315934 50.7258637)",no,fine_gravel,,,,,,,
2020242326,2420694447,0,"[233728456, 191449777, 233728457]","['steps', 'footway']",,,,False,False,38.78899873620567,34.06605393721507,4.099106861854401,"LINESTRING (-3.5318967 50.7255197, -3.5317894 50.7255851, -3.5317403 50.7256245, -3.5315312 50.7257802)",no,asphalt,,,,,,,
2020242326,2020242586,0,"[1020361808, 191449777, 1020361807]","['steps', 'footway']",,,,False,True,23.39505157311621,34.06605393721507,2.4723199763155077,"LINESTRING (-3.5318967 50.7255197, -3.5319395 50.7254895, -3.5319094 50.7254712, -3.5318028 50.7254102, -3.5317476 50.7253711)",no,paving_stones,,,,,,,
2020242326,9410976548,0,1020361806,footway,,,,False,False,40.75900786292146,32.1868,4.55877652660461,"LINESTRING (-3.5318967 50.7255197, -3.531853 50.7254928, -3.5317491 50.7255646, -3.5317142 50.7255455, -3.5318182 50.7254725, -3.5316943 50.7254056)",no,asphalt,,,,,,,
2020242586,13541593257,0,25725419,service,,,Bradninch Place,False,False,9.72331140452556,32.1868,1.0875241110110985,"LINESTRING (-3.5317476 50.7253711, -3.5316552 50.7253061)",no,paving_stones,,,,,customers,,
2020242586,9410976548,0,25725419,service,,,Bradninch Place,False,True,5.36589701620455,32.1868,0.6001599804372098,"LINESTRING (-3.5317476 50.7253711, -3.5316943 50.7254056)",no,asphalt,,,,,customers,,
2020242586,2020242326,0,"[1020361808, 191449777, 1020361807]","['steps', 'footway']",,,,False,False,23.395051573116206,34.06605393721507,2.4723199763155073,"LINESTRING (-3.5317476 50.7253711, -3.5318028 50.7254102, -3.5319094 50.7254712, -3.5319395 50.7254895, -3.5318967 50.7255197)",no,asphalt,,,,,,,
9410976548,2020242586,0,25725419,service,,,Bradninch Place,False,False,5.36589701620455,32.1868,0.6001599804372098,"LINESTRING (-3.5316943 50.7254056, -3.5317476 50.7253711)",no,asphalt,,,,,customers,,
9410976548,13541593265,0,25725419,service,,,Bradninch Place,False,True,12.036359133663016,32.1868,1.3462317745531356,"LINESTRING (-3.5316943 50.7254056, -3.5315746 50.7254829)",no,asphalt,,,,,customers,,
9410976548,2020242326,0,1020361806,footway,,,,False,True,40.75900786292146,32.1868,4.55877652660461,"LINESTRING (-3.5316943 50.7254056, -3.5318182 50.7254725, -3.5317142 50.7255455, -3.5317491 50.7255646, -3.531853 50.7254928, -3.5318967 50.7255197)",no,asphalt,,,,,,,
13541593265,9410976548,0,25725419,service,,,Bradninch Place,False,False,12.036359133663016,32.1868,1.3462317745531356,"LINESTRING (-3.5315746 50.7254829, -3.5316943 50.7254056)",no,asphalt,,,,,customers,,
13541593265,2020242485,0,25725419,service,,,Bradninch Place,False,True,1.8822641853236908,32.1868,0.21052577662785016,"LINESTRING (-3.5315746 50.7254829, -3.5315559 50.725495)",no,asphalt,,,,,customers,,
13541593265,13541593264,0,"[1476272689, 1476272690, 1476272692]","['steps', 'footway']",,,,False,False,10.94786233887907,34.06605393721507,1.156937768389697,"LINESTRING (-3.5315746 50.7254829, -3.5314805 50.7254301, -3.5314652 50.7254215, -3.5314582 50.7254176)",no,asphalt,,,,,,,
2020242412,2402750297,0,231954136,footway,,,,False,False,25.5838720675066,32.1868,2.861481708123323,"LINESTRING (-3.5310081 50.7263705, -3.5309429 50.7264118, -3.5308765 50.7264504, -3.5308244 50.7264866, -3.5307745 50.7265175, -3.530753 50.7265341)",no,asphalt,,,,,,,
2020242485,13541593265,0,25725419,service,,,Bradninch Place,False,False,1.8822641853236908,32.1868,0.21052577662785016,"LINESTRING (-3.5315559 50.725495, -3.5315746 50.7254829)",no,asphalt,,,,,customers,,
13541593264,13495660307,0,1476272685,footway,,,,False,True,5.965962773711177,32.1868,0.6672755907813215,"LINESTRING (-3.5314582 50.7254176, -3.5314005 50.7254569)",no,asphalt,,,,,,,
13541593264,13541593266,0,1476272692,footway,,,,False,False,1.1210224003242328,32.1868,0.1253830962123367,"LINESTRING (-3.5314582 50.7254176, -3.5314463 50.7254109)",no,asphalt,,,,,,,
13541593264,13541593257,0,"[1476272688, 1476272691, 1476272687]",footway,,,,False,True,38.51973945495472,32.1868,4.3083208656292955,"LINESTRING (-3.5314582 50.7254176, -3.5314712 50.7254084, -3.5315288 50.7254404, -3.5315992 50.7253946, -3.5315778 50.7253818, -3.5315261 50.7254167, -3.5315047 50.7254039, -3.5315942 50.7253458, -3.5316552 50.7253061)",no,asphalt,,,,,,,
13541593264,13541593265,0,"[1476272689, 1476272690, 1476272692]","['steps', 'footway']",,,,False,True,10.94786233887907,34.06605393721507,1.156937768389697,"LINESTRING (-3.5314582 50.7254176, -3.5314652 50.7254215, -3.5314805 50.7254301, -3.5315746 50.7254829)",no,asphalt,,,,,,,
13004381074,13004381036,0,1415174257,footway,,,,False,True,7.743556556155323,32.1868,0.8660942871661416,"LINESTRING (-3.5222207 50.7232339, -3.5223299 50.7232423)",yes,asphalt,,,,,,,
13004381037,13004381036,0,1415174257,footway,,,,False,False,8.60278450921591,32.1868,0.9621964355940099,"LINESTRING (-3.522451 50.7232527, -3.5223299 50.7232423)",yes,asphalt,,,,,,,
13004381037,13004381058,0,"[1415174258, 1415174260, 1415174261, 1415174262, 1415174263, 1415174264]","['steps', 'footway']",,,,False,"[False, True]",33.823363635641975,34.06605393721507,3.5743532054733027,"LINESTRING (-3.522451 50.7232527, -3.5224633 50.7231999, -3.5224762 50.7232561, -3.5224727 50.723285, -3.5224764 50.7232884, -3.5224834 50.7232901, -3.5224912 50.7232895, -3.5224974 50.723286, -3.5225085 50.7232588, -3.5225294 50.7232178, -3.5225572 50.7232042, -3.5226392 50.7231963)",yes,asphalt,,,,,,,
13004381037,13004381058,1,"[1415174265, 1415174258]",footway,,,,False,True,46.724910371829125,32.1868,5.226045376942873,"LINESTRING (-3.522451 50.7232527, -3.5224161 50.7234026, -3.5224335 50.7234013, -3.5224573 50.7233938, -3.5224801 50.7233815, -3.5224963 50.7233573, -3.5225228 50.7232874, -3.5225363 50.723261, -3.5225516 50.7232368, -3.5225773 50.7232183, -3.5226058 50.7232055, -3.5226392 50.7231963)",yes,asphalt,,,,,,,
7813037154,7813037155,0,284202717,footway,,,,False,True,6.915157780529782,32.1868,0.7734402926015391,"LINESTRING (-3.5195451 50.7290932, -3.5194687 50.7291323)",no,asphalt,,,,,,,
2081303098,2081303113,0,8025812,service,,,,False,True,12.062255978490864,32.1868,1.349128261354565,"LINESTRING (-3.5283803 50.7283148, -3.5285238 50.7282555)",no,asphalt,,,,,,parking_aisle,
2081303098,2081303100,0,8025812,service,,,,False,False,43.23256509632472,32.1868,4.8354367115329575,"LINESTRING (-3.5283803 50.7283148, -3.528214 50.7280686, -3.528202 50.7279478)",no,asphalt,,,,,,parking_aisle,
2081303098,2081303107,0,197937019,service,,,,False,False,51.560447891991785,32.1868,5.766886189716606,"LINESTRING (-3.5283803 50.7283148, -3.5281819 50.728398, -3.5280182 50.7281026)",no,asphalt,,,,,,parking_aisle,
2081303113,2081303098,0,8025812,service,,,,False,False,12.062255978490864,32.1868,1.349128261354565,"LINESTRING (-3.5285238 50.7282555, -3.5283803 50.7283148)",no,asphalt,,,,,,parking_aisle,
2081303113,2081303112,0,8025812,service,,,,False,True,14.844778528017986,32.1868,1.6603453186046688,"LINESTRING (-3.5285238 50.7282555, -3.5287012 50.7281833)",no,asphalt,,,,,,parking_aisle,
2081303113,2081303100,0,197937010,service,,,,False,False,41.33404783364457,32.1868,4.623093075457034,"LINESTRING (-3.5285238 50.7282555, -3.5282879 50.7279977, -3.528202 50.7279478)",no,asphalt,,,,,,parking_aisle,
2081303107,2081303098,0,197937019,service,,,,False,True,51.560447891991785,32.1868,5.766886189716606,"LINESTRING (-3.5280182 50.7281026, -3.5281819 50.728398, -3.5283803 50.7283148)",no,asphalt,,,,,,parking_aisle,
2081303112,2081303113,0,8025812,service,,,,False,False,14.844778528017986,32.1868,1.6603453186046688,"LINESTRING (-3.5287012 50.7281833, -3.5285238 50.7282555)",no,asphalt,,,,,,parking_aisle,
2081303112,2081303105,0,8025812,service,,,,False,True,14.726282626247917,32.1868,1.6470918965070311,"LINESTRING (-3.5287012 50.7281833, -3.5288768 50.7281113)",no,asphalt,,,,,,parking_aisle,
2081303112,2081303108,0,197937015,service,,,,False,False,63.69692945817376,32.1868,7.1243163672507235,"LINESTRING (-3.5287012 50.7281833, -3.5282112 50.7277017)",no,asphalt,,,,,,parking_aisle,
2081310736,2081310743,0,197937869,service,,,,False,True,46.27758012451127,32.1868,5.17601278934969,"LINESTRING (-3.5255486 50.7254241, -3.5254011 50.7255412, -3.5252777 50.725672, -3.5252037 50.725776)",no,asphalt,,,,,,parking_aisle,
2081310743,2081310742,0,197937868,service,,,,False,True,57.55306669017585,32.1868,6.437143179335413,"LINESTRING (-3.5252037 50.725776, -3.5251919 50.7258061, -3.5247788 50.7260659, -3.5247601 50.7261049, -3.5247233 50.7261249, -3.5246501 50.7261287)",no,asphalt,,,,,,parking_aisle,
2081310743,2081310742,1,415361106,service,,,,False,False,62.87743915811504,32.1868,7.032658759777741,"LINESTRING (-3.5252037 50.725776, -3.5251488 50.7257553, -3.52509 50.7257518, -3.5246635 50.7260336, -3.5246528 50.7260523, -3.5246555 50.7260761, -3.5246608 50.7260998, -3.5246501 50.7261287)",no,asphalt,,,,,,parking_aisle,
2081310743,2081310736,0,197937869,service,,,,False,False,46.27758012451126,32.1868,5.176012789349689,"LINESTRING (-3.5252037 50.725776, -3.5252777 50.725672, -3.5254011 50.7255412, -3.5255486 50.7254241)",no,asphalt,,,,,,parking_aisle,
2176101964,2176102018,0,"[424188966, 424188965, 207376974]","['steps', 'footway']",,,,False,False,31.861143870449965,34.06605393721507,3.366991614145161,"LINESTRING (-3.5190357 50.7243166, -3.5189903 50.724306, -3.5189327 50.7242911, -3.5186101 50.7242192)",no,asphalt,,,,,,,
2176102018,4236510380,0,"[207502524, 207376972]","['steps', 'footway']",,,,False,False,10.338012974772226,34.06605393721507,1.092490688172219,"LINESTRING (-3.5186101 50.7242192, -3.5186435 50.7241669, -3.5186612 50.7241321)",no,asphalt,,,,,,,
2176102018,2176101964,0,"[207376974, 424188965, 424188966]","['steps', 'footway']",,,,False,True,31.861143870449965,34.06605393721507,3.366991614145161,"LINESTRING (-3.5186101 50.7242192, -3.5189327 50.7242911, -3.5189903 50.724306, -3.5190357 50.7243166)",no,asphalt,,,,,,,
2380506829,2380506830,0,229453886,service,,,Addington Court,False,False,35.72276851520313,32.1868,3.995487797939878,"LINESTRING (-3.529251 50.7298286, -3.5293166 50.729972, -3.5293476 50.7300378, -3.5293958 50.7301365)",no,asphalt,,,,,,,
2420685271,2402766420,0,233728136,footway,,,,False,True,3.3451758712037876,32.1868,0.3741481954196639,"LINESTRING (-3.5291677 50.7237178, -3.5292011 50.7237392)",yes,paving_stones,,,,,,,
2420694432,2420694443,0,233728890,footway,,,,False,True,4.515702986100725,32.1868,0.5050682500268001,"LINESTRING (-3.5316622 50.7258108, -3.5315983 50.7258144)",no,fine_gravel,,,,,,,
2420694432,2420694442,0,233728890,footway,,,,False,False,15.706984600269212,32.1868,1.7567805610054175,"LINESTRING (-3.5316622 50.7258108, -3.5317135 50.725806, -3.5317317 50.7258119, -3.5318014 50.7258598, -3.5317769 50.7258859)",no,fine_gravel,,,,,,,
2420694432,2420694433,0,233728891,footway,,,,False,False,6.876908058230168,32.1868,0.7691621723696859,"LINESTRING (-3.5316622 50.7258108, -3.5316626 50.7258272, -3.5316569 50.7258725)",no,asphalt,,,,,,,
10671264600,10671264590,0,1146748993,footway,,,,False,False,6.3727826602701425,32.1868,0.712777212303569,"LINESTRING (-3.5287866 50.7263698, -3.5287159 50.7264056)",no,asphalt,,,,,,,
10671264600,10671264604,0,1146748994,footway,,,,False,False,38.247754890865274,32.1868,4.277900182904638,"LINESTRING (-3.5287866 50.7263698, -3.5287511 50.7263282, -3.5287383 50.7263019, -3.5287517 50.7262798, -3.5288148 50.7262497, -3.5288731 50.7262578, -3.5289153 50.726287, -3.5289395 50.7263223, -3.5289495 50.7263579, -3.5289509 50.7263851, -3.5289368 50.7263987)",no,asphalt,,,,,,,
10671264600,10671264604,1,1146748994,footway,,,,False,True,13.235925697197455,32.1868,1.4803998070609954,"LINESTRING (-3.5287866 50.7263698, -3.5288309 50.726397, -3.5288684 50.7264182, -3.5288999 50.7264135, -3.5289368 50.7263987)",no,asphalt,,,,,,,
6873148234,9773096886,0,1064082318,footway,,,,False,False,1.6535786667770032,32.1868,0.1849479662593738,"LINESTRING (-3.5298522 50.7251798, -3.5298667 50.7251681)",no,paving_stones,,,,,,,
6873148234,6873148237,0,733870389,footway,,,,False,False,16.977610090182374,32.1868,1.898896327831799,"LINESTRING (-3.5298522 50.7251798, -3.5298152 50.7252066, -3.5298036 50.7252333, -3.5297964 50.7252499, -3.5297614 50.7253186)",no,paving_stones,,,,,,,
6873148234,2906068053,0,1064082318,footway,,,,False,True,5.348800384199508,32.1868,0.5982477718542456,"LINESTRING (-3.5298522 50.7251798, -3.5298793 50.725195, -3.5299141 50.7252072)",no,paving_stones,,,,,,,
9773096886,9773096891,0,1064082318,footway,,,,False,False,3.5720807372266346,32.1868,0.3995268449804232,"LINESTRING (-3.5298667 50.7251681, -3.5298937 50.7251409)",no,paving_stones,,,,,,,
9773096886,6873148234,0,1064082318,footway,,,,False,True,1.6535786667770032,32.1868,0.1849479662593738,"LINESTRING (-3.5298667 50.7251681, -3.5298522 50.7251798)",no,paving_stones,,,,,,,
9773096886,9773096889,0,"[286937722, 286937723, 1064082317]","['steps', 'footway']",,,,False,False,6.857535138734332,34.06605393721507,0.7246840665767404,"LINESTRING (-3.5298667 50.7251681, -3.5298474 50.7251603, -3.5298005 50.7251439, -3.5297801 50.7251409)",no,paving_stones,,,,,,,
6873148237,6873148234,0,733870389,footway,,,,False,True,16.977610090182374,32.1868,1.898896327831799,"LINESTRING (-3.5297614 50.7253186, -3.5297964 50.7252499, -3.5298036 50.7252333, -3.5298152 50.7252066, -3.5298522 50.7251798)",no,paving_stones,,,,,,,
10172547559,10172547562,0,1018879233,path,,,,False,False,15.854523811574547,34.06605393721507,1.675459265897423,"LINESTRING (-3.5230865 50.7258331, -3.5230982 50.7258496, -3.5231295 50.7259498, -3.5231131 50.7259696)",yes,asphalt,,,,,,,
10172547559,10172547561,0,1018879233,path,,,,False,True,17.5828699677914,34.06605393721507,1.8581057847413174,"LINESTRING (-3.5230865 50.7258331, -3.5230473 50.7257798, -3.5230494 50.7257713, -3.5230849 50.725762, -3.5230963 50.7257624, -3.5231366 50.7258158)",yes,asphalt,,,,,,,
10172547559,10172547561,1,"[1111901449, 1111901450, 1111901451]","['steps', 'footway']",,,,False,True,4.020238075751966,34.06605393721507,0.4248468900853929,"LINESTRING (-3.5230865 50.7258331, -3.5230993 50.725828, -3.5231241 50.7258201, -3.5231366 50.7258158)",yes,asphalt,,,,,,,
10172547559,9721565948,0,"[1111901449, 1043559438, 1043559439]","['steps', 'footway']",,,,False,False,8.873295813446775,34.06605393721507,0.9377037031433713,"LINESTRING (-3.5230865 50.7258331, -3.5230699 50.72584, -3.5230121 50.7258602, -3.5229772 50.7258728)",yes,asphalt,,,,,,,
10172547562,8984062209,0,1058007431,footway,,,,False,False,2.124368106247556,32.1868,0.23760439628951008,"LINESTRING (-3.5231131 50.7259696, -3.5231372 50.7259811)",yes,paving_stones,,,,,,,
10172547562,10172547559,0,1018879233,path,,,,False,True,15.854523811574547,34.06605393721507,1.675459265897423,"LINESTRING (-3.5231131 50.7259696, -3.5231295 50.7259498, -3.5230982 50.7258496, -3.5230865 50.7258331)",yes,asphalt,,,,,,,
10172547562,9721565948,0,1058007431,footway,,,,False,True,14.670625982554931,32.1868,1.6408668627262655,"LINESTRING (-3.5231131 50.7259696, -3.5230762 50.7259564, -3.5230359 50.7259309, -3.5230105 50.7259085, -3.522993 50.7258902, -3.5229772 50.7258728)",yes,asphalt,,,,,,,
9773096891,9773096886,0,1064082318,footway,,,,False,True,3.5720807372266346,32.1868,0.3995268449804232,"LINESTRING (-3.5298937 50.7251409, -3.5298667 50.7251681)",no,paving_stones,,,,,,,
9721565993,9721565994,0,1058007433,service,,,,False,True,2.623593295057172,32.1868,0.29344128220903665,"LINESTRING (-3.5239426 50.7262978, -3.5239676 50.7263153)",no,paving_stones,,,,,,,
9721565987,9721565994,0,"[1058007434, 1018879228]","['service', 'footway']",,,,False,False,28.11166921925749,32.1868,3.1442084702215496,"LINESTRING (-3.5242268 50.7261279, -3.5242093 50.7261635, -3.5240404 50.7262699, -3.5239676 50.7263153)",no,paving_stones,,,,,,,
9721565987,9721565966,0,1018879228,footway,,,,False,True,19.16103676247771,32.1868,2.143106253026699,"LINESTRING (-3.5242268 50.7261279, -3.5243738 50.7260353, -3.5244212 50.7260073)",yes,paving_stones,,,,,,,
9721565987,9721565942,0,1058007430,footway,,,,False,False,55.898710357382974,32.1868,6.252108233393153,"LINESTRING (-3.5242268 50.7261279, -3.5242025 50.7261134, -3.5237628 50.72576, -3.5237306 50.7257357)",yes,paving_stones,,,,,,,
13546738012,7644003298,0,155339536,footway,,,,False,False,68.65425579618177,32.1868,7.67877890521128,"LINESTRING (-3.524973 50.727236, -3.524987 50.7272291, -3.5249576 50.7272007, -3.5251049 50.7271303, -3.5251302 50.7271091, -3.52506 50.7270225, -3.5249556 50.7268924, -3.5248233 50.7267268)",no,asphalt,,,,,,,
8340771021,8340771020,0,897396219,service,,,,False,True,5.793415786660418,32.1868,0.647976711943328,"LINESTRING (-3.5240528 50.7297859, -3.5240417 50.7297536, -3.5240264 50.7297372)",no,asphalt,,,,,,,
10581174663,10581174661,0,1135790033,service,,,,False,True,4.223492995211757,32.1868,0.4723854121180833,"LINESTRING (-3.5238527 50.7261499, -3.5238151 50.7261203)",no,paving_stones,,,,,no,,
10581174663,8443783643,0,1272815313,service,,,,False,False,3.3726058377676935,32.1868,0.37721615742986875,"LINESTRING (-3.5238527 50.7261499, -3.5238826 50.7261736)",no,paving_stones,,,,,no,,
10581174663,10581174662,0,1135087572,service,,,,False,False,17.68916376905941,32.1868,1.97848153804087,"LINESTRING (-3.5238527 50.7261499, -3.5240545 50.7261453, -3.5240733 50.7261164)",no,paving_stones,,,,,no,,
10581174641,8443783643,0,1135087561,service,,,,False,True,17.625172892961846,32.1868,1.971324344596625,"LINESTRING (-3.5241082 50.7261488, -3.5240813 50.7261767, -3.5238826 50.7261736)",no,paving_stones,,,,,no,,
10581174661,10581174663,0,1135790033,service,,,,False,False,4.223492995211757,32.1868,0.4723854121180833,"LINESTRING (-3.5238151 50.7261203, -3.5238527 50.7261499)",no,paving_stones,,,,,no,,
10581174661,10581174643,0,1272815314,service,,,,False,True,4.31504139934285,32.1868,0.4826248349520382,"LINESTRING (-3.5238151 50.7261203, -3.5237768 50.72609)",no,paving_stones,,,,,no,,
10581174661,10581174660,0,1135087571,service,,,,False,False,18.183041687987043,32.1868,2.0337203473707657,"LINESTRING (-3.5238151 50.7261203, -3.5240196 50.7261151, -3.5240357 50.7260827)",no,paving_stones,,,,,no,,
10581174662,10581174663,0,1135087572,service,,,,False,True,17.68916376905941,32.1868,1.97848153804087,"LINESTRING (-3.5240733 50.7261164, -3.5240545 50.7261453, -3.5238527 50.7261499)",no,paving_stones,,,,,no,,
10581174659,10581174657,0,1135790036,service,,,,False,False,4.258330957215252,32.1868,0.47628193688017784,"LINESTRING (-3.5235258 50.7258915, -3.5235636 50.7259214)",no,asphalt,,,,,no,,
10581174659,8984062208,0,909413010,service,,,,False,True,28.09529617492946,32.1868,3.142377192816498,"LINESTRING (-3.5235258 50.7258915, -3.5235164 50.7258841, -3.5234329 50.7259037, -3.5233092 50.7259539, -3.523275 50.7259715, -3.5232005 50.7260175)",no,asphalt,,,,,no,,
10581174659,10581174658,0,1135087570,service,,,,False,False,17.706124963378667,32.1868,1.980378598312451,"LINESTRING (-3.5235258 50.7258915, -3.5236938 50.7258333, -3.5236944 50.7257953)",no,paving_stones,,,,,no,,
10581174657,10581174655,0,1135679606,service,,,,False,False,3.8743869326787364,32.1868,0.4333389140157907,"LINESTRING (-3.5235636 50.7259214, -3.523598 50.7259486)",no,asphalt,,,,,no,,
10581174657,10581174659,0,1135790036,service,,,,False,True,4.258330957215252,32.1868,0.47628193688017784,"LINESTRING (-3.5235636 50.7259214, -3.5235258 50.7258915)",no,asphalt,,,,,no,,
10581174657,10581174656,0,1135087569,service,,,,False,False,17.13259471855637,32.1868,1.9162309079126516,"LINESTRING (-3.5235636 50.7259214, -3.5237212 50.7258672, -3.5237306 50.7258271)",no,paving_stones,,,,,no,,
10581174658,10581174659,0,1135087570,service,,,,False,True,17.706124963378667,32.1868,1.980378598312451,"LINESTRING (-3.5236944 50.7257953, -3.5236938 50.7258333, -3.5235258 50.7258915)",no,paving_stones,,,,,no,,
10884336961,8993433314,0,1171306564,footway,,,,False,True,12.815350026639766,32.1868,1.4333596410920988,"LINESTRING (-3.5248645 50.7226262, -3.5248741 50.7226504, -3.5248783 50.7226683, -3.5248783 50.7227002, -3.5248777 50.7227249, -3.5248704 50.7227398)",no,asphalt,,,,,,,
8993474329,8993474328,0,1150992535,footway,,,,False,True,15.184583072625944,32.1868,1.6983514689703048,"LINESTRING (-3.5240962 50.7226773, -3.5240711 50.7227787, -3.524065 50.7228124)",yes,asphalt,,,,,,,
9721565940,9721565942,0,1018879233,path,,,,False,False,15.865565709141666,34.06605393721507,1.676626141031094,"LINESTRING (-3.5239527 50.7257542, -3.5238933 50.7257422, -3.5238616 50.7257403, -3.5237306 50.7257357)",yes,paving_stones,,,,,,,
9721565940,9721565966,0,1018879233,path,,,,False,True,44.09387908462983,34.06605393721507,4.6597109544071955,"LINESTRING (-3.5239527 50.7257542, -3.5241055 50.7257989, -3.5242021 50.7258598, -3.5243822 50.7259923, -3.5244212 50.7260073)",yes,asphalt,,,,,,,
9721565940,9721565937,0,1058007429,path,,,,False,False,19.70699652835171,34.06605393721507,2.08257720817388,"LINESTRING (-3.5239527 50.7257542, -3.5239606 50.7257144, -3.5240046 50.7256913, -3.5240827 50.7256775, -3.5241602 50.7256848)",yes,asphalt,,,,,,,
9721565937,9721565940,0,1058007429,path,,,,False,True,19.706996528351713,34.06605393721507,2.08257720817388,"LINESTRING (-3.5241602 50.7256848, -3.5240827 50.7256775, -3.5240046 50.7256913, -3.5239606 50.7257144, -3.5239527 50.7257542)",yes,asphalt,,,,,,,
9721565942,10172547560,0,1018879233,path,,,,False,False,38.67207822723538,34.06605393721507,4.086751047674432,"LINESTRING (-3.5237306 50.7257357, -3.5236507 50.7257377, -3.5233995 50.7257435, -3.5232834 50.7257675, -3.5232294 50.725781, -3.5231981 50.7257945)",yes,asphalt,,,,,,,
9721565942,9721565940,0,1018879233,path,,,,False,True,15.865565709141668,34.06605393721507,1.676626141031094,"LINESTRING (-3.5237306 50.7257357, -3.5238616 50.7257403, -3.5238933 50.7257422, -3.5239527 50.7257542)",yes,paving_stones,,,,,,,
9721565942,9721565987,0,1058007430,footway,,,,False,True,55.898710357382974,32.1868,6.252108233393153,"LINESTRING (-3.5237306 50.7257357, -3.5237628 50.72576, -3.5242025 50.7261134, -3.5242268 50.7261279)",yes,paving_stones,,,,,,,
10172547560,10172547561,0,1018879233,path,,,,False,False,19.385972543791702,34.06605393721507,2.048652341309464,"LINESTRING (-3.5231981 50.7257945, -3.5232013 50.725869, -3.5231946 50.7258823, -3.5231733 50.7258842, -3.5231366 50.7258158)",yes,asphalt,,,,,,,
10172547560,10172547561,1,"[1111901451, 1111901452, 1043559437]","['steps', 'footway']",,,,False,False,4.935684575101757,34.06605393721507,0.52158857327926,"LINESTRING (-3.5231981 50.7257945, -3.5231762 50.7258026, -3.5231491 50.7258117, -3.5231366 50.7258158)",yes,asphalt,,,,,,,
10172547560,9721565942,0,1018879233,path,,,,False,True,38.67207822723538,34.06605393721507,4.086751047674432,"LINESTRING (-3.5231981 50.7257945, -3.5232294 50.725781, -3.5232834 50.7257675, -3.5233995 50.7257435, -3.5236507 50.7257377, -3.5237306 50.7257357)",yes,asphalt,,,,,,,
10172547561,10172547559,0,1018879233,path,,,,False,False,17.582869967791403,34.06605393721507,1.8581057847413176,"LINESTRING (-3.5231366 50.7258158, -3.5230963 50.7257624, -3.5230849 50.725762, -3.5230494 50.7257713, -3.5230473 50.7257798, -3.5230865 50.7258331)",yes,asphalt,,,,,,,
10172547561,10172547559,1,"[1111901449, 1111901450, 1111901451]","['steps', 'footway']",,,,False,False,4.020238075751966,34.06605393721507,0.4248468900853929,"LINESTRING (-3.5231366 50.7258158, -3.5231241 50.7258201, -3.5230993 50.725828, -3.5230865 50.7258331)",yes,asphalt,,,,,,,
10172547561,10172547560,0,1018879233,path,,,,False,True,19.385972543791702,34.06605393721507,2.048652341309464,"LINESTRING (-3.5231366 50.7258158, -3.5231733 50.7258842, -3.5231946 50.7258823, -3.5232013 50.725869, -3.5231981 50.7257945)",yes,asphalt,,,,,,,
10172547561,10172547560,1,"[1111901451, 1111901452, 1043559437]","['steps', 'footway']",,,,False,True,4.935684575101757,34.06605393721507,0.52158857327926,"LINESTRING (-3.5231366 50.7258158, -3.5231491 50.7258117, -3.5231762 50.7258026, -3.5231981 50.7257945)",yes,asphalt,,,,,,,
10045501280,10045501284,0,1097064401,footway,,,,False,True,26.39273648173818,32.1868,2.9519508411602726,"LINESTRING (-3.5243261 50.7212843, -3.5243683 50.7212911, -3.5244045 50.7213234, -3.5245387 50.7214448, -3.5245699 50.7214545)",no,asphalt,,,,,,,
10045501285,10045501284,0,1097064402,service,,,,False,True,6.182771284165103,32.1868,0.691524992325872,"LINESTRING (-3.5245708 50.7213989, -3.5245699 50.7214545)",no,asphalt,,,,,,driveway,
10581174642,10581174643,0,1135087562,service,,,,False,True,19.025011420510996,32.1868,2.1278922140082144,"LINESTRING (-3.5239962 50.7260453, -3.5239828 50.726085, -3.5237768 50.72609)",yes,paving_stones,,,,,no,,
10581174643,10581174645,0,1131202084,service,,,,False,True,2.8054314914459875,32.1868,0.3137793557982016,"LINESTRING (-3.5237768 50.72609, -3.5237519 50.7260703)",no,paving_stones,,,,,no,,
10581174643,10581174661,0,1272815314,service,,,,False,False,4.31504139934285,32.1868,0.4826248349520382,"LINESTRING (-3.5237768 50.72609, -3.5238151 50.7261203)",no,paving_stones,,,,,no,,
10581174643,10581174642,0,1135087562,service,,,,False,False,19.025011420510996,32.1868,2.1278922140082144,"LINESTRING (-3.5237768 50.72609, -3.5239828 50.726085, -3.5239962 50.7260453)",yes,paving_stones,,,,,no,,
10581174645,10581174643,0,1131202084,service,,,,False,False,2.8054314914459875,32.1868,0.3137793557982016,"LINESTRING (-3.5237519 50.7260703, -3.5237768 50.72609)",no,paving_stones,,,,,no,,
10581174645,10581174647,0,1136010144,service,,,,False,True,2.8315933977133763,32.1868,0.3167054889510034,"LINESTRING (-3.5237519 50.7260703, -3.5237268 50.7260504)",no,paving_stones,,,,,no,,
10581174645,10581174644,0,1135087563,service,,,,False,False,17.802761981537248,32.1868,1.9911871678307287,"LINESTRING (-3.5237519 50.7260703, -3.5239445 50.726054, -3.523958 50.7260179)",yes,paving_stones,,,,,no,,
10581174647,10581174649,0,1135790035,service,,,,False,True,3.394489295653076,32.1868,0.37966375857031687,"LINESTRING (-3.5237268 50.7260504, -3.5236966 50.7260266)",no,paving_stones,,,,,no,,
10581174647,10581174645,0,1136010144,service,,,,False,False,2.8315933977133763,32.1868,0.3167054889510034,"LINESTRING (-3.5237268 50.7260504, -3.5237519 50.7260703)",no,paving_stones,,,,,no,,
10581174647,10581174646,0,1135087564,service,,,,False,False,17.66444305426203,32.1868,1.9757165979638647,"LINESTRING (-3.5237268 50.7260504, -3.5239077 50.7260205, -3.5239204 50.7259808)",yes,paving_stones,,,,,no,,
10581174644,10581174645,0,1135087563,service,,,,False,True,17.802761981537248,32.1868,1.9911871678307287,"LINESTRING (-3.523958 50.7260179, -3.5239445 50.726054, -3.5237519 50.7260703)",yes,paving_stones,,,,,no,,
10581174660,10581174661,0,1135087571,service,,,,False,True,18.183041687987043,32.1868,2.0337203473707657,"LINESTRING (-3.5240357 50.7260827, -3.5240196 50.7261151, -3.5238151 50.7261203)",no,paving_stones,,,,,no,,
10581174649,10581174647,0,1135790035,service,,,,False,False,3.394489295653076,32.1868,0.37966375857031687,"LINESTRING (-3.5236966 50.7260266, -3.5237268 50.7260504)",no,paving_stones,,,,,no,,
10581174649,10581174648,0,1135087565,service,,,,False,False,16.735411440748784,32.1868,1.8718071130617404,"LINESTRING (-3.5236966 50.7260266, -3.5238701 50.7259912, -3.5238812 50.7259568)",no,paving_stones,,,,,no,,
10581174649,10581174651,0,1135092461,service,,,,False,True,3.4084874385086055,32.1868,0.3812294101504648,"LINESTRING (-3.5236966 50.7260266, -3.5236733 50.7260081, -3.5236669 50.7260024)",no,paving_stones,,,,,no,,
10581174646,10581174647,0,1135087564,service,,,,False,True,17.66444305426203,32.1868,1.9757165979638647,"LINESTRING (-3.5239204 50.7259808, -3.5239077 50.7260205, -3.5237268 50.7260504)",yes,paving_stones,,,,,no,,
10581174648,10581174649,0,1135087565,service,,,,False,True,16.735411440748784,32.1868,1.8718071130617404,"LINESTRING (-3.5238812 50.7259568, -3.5238701 50.7259912, -3.5236966 50.7260266)",no,paving_stones,,,,,no,,
10581174651,10581174653,0,1135180914,service,,,,False,True,3.909826041837162,32.1868,0.4373026753393871,"LINESTRING (-3.5236669 50.7260024, -3.5236317 50.7259752)",no,paving_stones,,,,,no,,
10581174651,10581174650,0,1135087566,service,,,,False,False,16.757671266089908,32.1868,1.8742968098078616,"LINESTRING (-3.5236669 50.7260024, -3.5238332 50.725961, -3.5238427 50.7259239)",no,paving_stones,,,,,no,,
10581174651,10581174649,0,1135092461,service,,,,False,False,3.4084874385086055,32.1868,0.3812294101504648,"LINESTRING (-3.5236669 50.7260024, -3.5236733 50.7260081, -3.5236966 50.7260266)",no,paving_stones,,,,,no,,
10581174653,10581174651,0,1135180914,service,,,,False,False,3.909826041837162,32.1868,0.4373026753393871,"LINESTRING (-3.5236317 50.7259752, -3.5236669 50.7260024)",no,paving_stones,,,,,no,,
10581174653,10581174655,0,1272815312,service,,,,False,True,3.791510818748323,32.1868,0.42406946162693915,"LINESTRING (-3.5236317 50.7259752, -3.523598 50.7259486)",no,paving_stones,,,,,no,,
10581174653,10581174652,0,1135087567,service,,,,False,False,17.25416822339488,32.1868,1.9298285509656625,"LINESTRING (-3.5236317 50.7259752, -3.5237964 50.7259284, -3.5238082 50.7258882)",yes,paving_stones,,,,,no,,
10581174650,10581174651,0,1135087566,service,,,,False,True,16.757671266089908,32.1868,1.8742968098078616,"LINESTRING (-3.5238427 50.7259239, -3.5238332 50.725961, -3.5236669 50.7260024)",no,paving_stones,,,,,no,,
10581174655,10581174657,0,1135679606,service,,,,False,True,3.8743869326787364,32.1868,0.4333389140157907,"LINESTRING (-3.523598 50.7259486, -3.5235636 50.7259214)",no,asphalt,,,,,no,,
10581174655,10581174653,0,1272815312,service,,,,False,False,3.791510818748323,32.1868,0.42406946162693915,"LINESTRING (-3.523598 50.7259486, -3.5236317 50.7259752)",no,paving_stones,,,,,no,,
10581174655,10581174654,0,1135087568,service,,,,False,False,17.368630006231264,32.1868,1.942630768589377,"LINESTRING (-3.523598 50.7259486, -3.5237575 50.7258927, -3.5237693 50.7258526)",yes,paving_stones,,,,,no,,
10581174652,10581174653,0,1135087567,service,,,,False,True,17.25416822339488,32.1868,1.9298285509656625,"LINESTRING (-3.5238082 50.7258882, -3.5237964 50.7259284, -3.5236317 50.7259752)",yes,paving_stones,,,,,no,,
10581174654,10581174655,0,1135087568,service,,,,False,True,17.368630006231264,32.1868,1.942630768589377,"LINESTRING (-3.5237693 50.7258526, -3.5237575 50.7258927, -3.523598 50.7259486)",yes,paving_stones,,,,,no,,
10581174656,10581174657,0,1135087569,service,,,,False,True,17.13259471855637,32.1868,1.9162309079126516,"LINESTRING (-3.5237306 50.7258271, -3.5237212 50.7258672, -3.5235636 50.7259214)",no,paving_stones,,,,,no,,
10884333061,10884336955,0,"[1171306541, 1171306542, 1171306543, 1171306544, 1171306545]","['steps', 'footway']",,,,False,"[False, True]",27.559448656498724,34.06605393721507,2.9124011646975703,"LINESTRING (-3.5251086 50.7219338, -3.5251784 50.7219381, -3.5251757 50.7219585, -3.5251723 50.7219916, -3.525171 50.7219996, -3.5252045 50.7220009, -3.5252032 50.7219933, -3.5252099 50.7219423, -3.5252139 50.721899, -3.5252428 50.7219)",no,paving_stones,,,,,,,
10884336955,10884333102,0,33435336,footway,,,,False,False,26.423190275255468,32.1868,2.9553570094237296,"LINESTRING (-3.5252428 50.7219, -3.5252541 50.7218549, -3.5252528 50.7218052, -3.5252692 50.7217475, -3.5254013 50.7217479)",no,paving_stones,,,,,,,
10884336955,10884336914,0,33435336,footway,,,,False,True,15.155545271431324,32.1868,1.6951036753312778,"LINESTRING (-3.5252428 50.7219, -3.525226 50.7220107, -3.5252293 50.7220357)",no,paving_stones,,,,,,,
10884336955,10884333061,0,"[1171306541, 1171306542, 1171306543, 1171306544, 1171306545]","['steps', 'footway']",,,,False,"[False, True]",27.559448656498716,34.06605393721507,2.9124011646975694,"LINESTRING (-3.5252428 50.7219, -3.5252139 50.721899, -3.5252099 50.7219423, -3.5252032 50.7219933, -3.5252045 50.7220009, -3.525171 50.7219996, -3.5251723 50.7219916, -3.5251757 50.7219585, -3.5251784 50.7219381, -3.5251086 50.7219338)",no,paving_stones,,,,,,,
10884333085,10884333093,0,1171306549,footway,,,,False,True,6.196929765802744,32.1868,0.6931085773326295,"LINESTRING (-3.5258876 50.7218206, -3.5258905 50.7217649)",no,paving_stones,,,,,,,
10884336916,10884336909,0,1171306559,footway,,,,False,True,3.5096480791445073,32.1868,0.39254393369083684,"LINESTRING (-3.5251548 50.7222171, -3.5251965 50.7222344)",no,paving_stones,,,,,,,
12073843667,12073843668,0,1303736883,service,,,,False,True,14.669041434375803,32.1868,1.64068963561935,"LINESTRING (-3.532826 50.7242448, -3.5326872 50.7241464)",no,paving_stones,,,,,,parking_aisle,
12073843667,12073843668,1,1303736883,service,,,,False,False,128.86404296986694,32.1868,14.413068546470015,"LINESTRING (-3.532826 50.7242448, -3.5322473 50.7245938, -3.5320918 50.7244936, -3.5326872 50.7241464)",no,paving_stones,,,,,,parking_aisle,
12073843668,12073857672,0,1303736882,service,,,,False,True,18.34077405236464,32.1868,2.0513622537348453,"LINESTRING (-3.5326872 50.7241464, -3.532877 50.7240334)",no,paving_stones,,,,,,,
12073843668,12073843667,0,1303736883,service,,,,False,False,14.669041434375803,32.1868,1.64068963561935,"LINESTRING (-3.5326872 50.7241464, -3.532826 50.7242448)",no,paving_stones,,,,,,parking_aisle,
12073843668,12073843667,1,1303736883,service,,,,False,True,128.86404296986694,32.1868,14.413068546470015,"LINESTRING (-3.5326872 50.7241464, -3.5320918 50.7244936, -3.5322473 50.7245938, -3.532826 50.7242448)",no,paving_stones,,,,,,parking_aisle,
13495660307,13541593264,0,1476272685,footway,,,,False,False,5.965962773711177,32.1868,0.6672755907813215,"LINESTRING (-3.5314005 50.7254569, -3.5314582 50.7254176)",no,asphalt,,,,,,,
13541593266,13541593264,0,1476272692,footway,,,,False,True,1.1210224003242328,32.1868,0.1253830962123367,"LINESTRING (-3.5314463 50.7254109, -3.5314582 50.7254176)",no,asphalt,,,,,,,
