,u,v,key,distance,lighting,greenery,pollution,surface_quality
0,104804,283348151,0,57.64124565669188,0.8,0.4,0.3,0.1
1,104804,21591965,0,41.06142069481122,0.8,0.6,0.4,0.1
2,104804,282237615,0,12.31565596019496,0.8,0.4,0.3,0.1
3,283348151,104804,0,57.64124565669188,0.8,0.4,0.3,0.1
4,283348151,859323256,0,51.566663379537005,0.8,0.4,0.3,0.1
5,283348151,283348057,0,124.16104153791507,0.8,0.6,0.4,0.1
6,21591965,104808,0,91.4131992531357,0.8,0.6,0.4,0.1
7,21591965,104804,0,41.06142069481122,0.8,0.6,0.4,0.1
8,21591965,21591966,0,99.5467313971337,0.2,0.6,0.4,0.1
9,282237615,19875363,0,95.82893611306103,0.2,0.4,0.3,0.1
10,282237615,104804,0,12.31565596019496,0.8,0.4,0.3,0.1
11,282237615,282238484,0,11.540698161040826,0.8,0.6,0.4,0.1
12,859323256,283348151,0,51.566663379537005,0.8,0.4,0.3,0.1
13,859323256,283348229,0,7.509207998278176,0.8,0.4,0.3,0.1
14,859323256,859323097,0,36.82442308200678,0.8,0.9,0.1,0.1
15,283348057,283348151,0,124.16104153791507,0.8,0.6,0.4,0.1
16,283348057,104808,0,57.58776569352625,0.8,0.4,0.3,0.1
17,283348057,283348164,0,57.554629227666226,0.8,0.4,0.3,0.1
18,104808,21591965,0,91.4131992531357,0.8,0.6,0.4,0.1
19,104808,283348057,0,57.58776569352625,0.8,0.4,0.3,0.1
20,104808,104833,0,61.59965379604079,0.8,0.4,0.3,0.1
21,104808,19875367,0,89.19212914497304,0.2,0.4,0.3,0.1
22,21591966,19875363,0,47.71557510560345,0.2,0.4,0.3,0.1
23,21591966,19875367,0,90.30885378591174,0.2,0.4,0.3,0.1
24,21591966,21591967,0,107.93223316873032,0.2,0.6,0.4,0.1
25,21591966,21591965,0,99.5467313971337,0.2,0.6,0.4,0.1
26,19875363,21591966,0,47.71557510560345,0.2,0.4,0.3,0.1
27,19875363,364165242,0,61.60069569471027,0.2,0.4,0.3,0.1
28,19875363,282237615,0,95.82893611306103,0.2,0.4,0.3,0.1
29,19875363,5906108608,0,47.839200580996604,0.2,0.4,0.3,0.1
30,282238484,282237615,0,11.540698161040826,0.8,0.6,0.4,0.1
31,282238484,282238482,0,107.41966200856102,0.8,0.6,0.4,0.1
32,282238484,835468055,0,61.45349412333963,0.8,0.4,0.3,0.1
33,104833,19875368,0,81.40750362863251,0.2,0.6,0.4,0.1
34,104833,104808,0,61.59965379604079,0.8,0.4,0.3,0.1
35,19875367,21591966,0,90.30885378591174,0.2,0.4,0.3,0.1
36,19875367,19875368,0,63.704127665862664,0.2,0.4,0.3,0.1
37,19875367,104808,0,89.19212914497304,0.2,0.4,0.3,0.1
38,19875367,293907316,0,116.07255995202004,0.2,0.4,0.3,0.1
39,283348164,283348229,0,117.67878708460879,0.8,0.6,0.4,0.1
40,283348164,283348057,0,57.554629227666226,0.8,0.4,0.3,0.1
41,19875368,104833,0,81.40750362863251,0.2,0.6,0.4,0.1
42,19875368,19875367,0,63.704127665862664,0.2,0.4,0.3,0.1
43,19875368,5900430623,0,67.27636254848716,0.2,0.4,0.3,0.1
44,19875368,4794218449,0,66.07768775637653,0.2,0.6,0.4,0.1
45,293907316,2882617940,0,48.57795779798697,0.8,0.4,0.3,0.1
46,293907316,4795736877,0,4.002973546472964,0.8,0.4,0.3,0.1
47,293907316,19875367,0,116.07255995202004,0.2,0.4,0.3,0.1
48,104812,358460226,0,37.356639000736365,0.8,0.4,0.3,0.1
49,104812,462979246,0,16.262032346440073,0.8,0.4,0.3,0.1
50,104812,6327939494,0,55.49085518510246,0.8,0.6,0.4,0.1
51,358460226,104814,0,54.81433032611129,0.8,0.4,0.3,0.1
52,358460226,104812,0,37.356639000736365,0.8,0.4,0.3,0.1
53,462979246,104812,0,16.262032346440073,0.8,0.4,0.3,0.1
54,462979246,21591973,0,54.36514764403247,0.8,0.4,0.3,0.1
55,462979246,2433742262,0,41.493795269779206,0.8,0.9,0.1,0.1
56,6327939494,6327939493,0,9.301526846266007,0.8,0.6,0.4,0.1
57,6327939494,6327939492,0,41.25242210341515,0.8,0.6,0.4,0.1
58,6327939494,104812,0,55.49085518510246,0.8,0.6,0.4,0.1
59,104814,358460226,0,54.81433032611129,0.8,0.4,0.3,0.1
60,21591973,462979246,0,54.36514764403247,0.8,0.4,0.3,0.1
61,21591973,835468062,0,7.298544405774302,0.8,0.4,0.3,0.1
62,2433742262,462979246,0,41.493795269779206,0.8,0.9,0.1,0.1
63,2433742262,835468063,0,5.237001404698587,0.8,0.9,0.1,0.1
64,2433742262,859323102,0,24.990624110843957,0.8,0.9,0.1,0.1
65,6327939493,6327939494,0,9.301526846266007,0.8,0.6,0.4,0.1
66,6327939492,6327939491,0,10.649747593738448,0.8,0.6,0.4,0.1
67,6327939492,859323083,0,25.58982928598164,0.8,0.6,0.4,0.1
68,6327939492,6327939494,0,41.25242210341515,0.8,0.6,0.4,0.1
69,104829,1242132583,0,68.65888115570544,0.2,0.4,0.3,0.1
70,104829,19871273,0,153.82310067403628,0.2,0.4,0.3,0.1
71,104829,1722968878,0,125.97538068128651,0.2,0.4,0.3,0.1
72,1242132583,104829,0,68.65888115570544,0.2,0.4,0.3,0.1
73,1242132583,17476836,0,33.10760408385856,0.2,0.4,0.3,0.1
74,1242132583,6211451020,0,112.12882522943798,0.2,0.4,0.3,0.1
75,19871273,19871274,0,44.85446045280386,0.2,0.4,0.3,0.1
76,19871273,104829,0,153.82310067403628,0.2,0.4,0.3,0.1
77,19871273,6211450986,0,38.12521605469308,0.2,0.4,0.3,0.1
78,1722968878,1722968890,0,22.93897229740086,0.2,0.4,0.3,0.1
79,1722968878,1297069020,0,39.12080435493503,0.2,0.4,0.3,0.1
80,1722968878,104829,0,125.97538068128651,0.2,0.4,0.3,0.1
81,17476836,6211451020,0,25.5903383724923,0.2,0.1,1.0,0.1
82,17476836,1242132583,0,33.10760408385856,0.2,0.4,0.3,0.1
83,6211451020,17476836,0,25.5903383724923,0.2,0.1,1.0,0.1
84,6211451020,1242132577,0,44.56220771186957,0.2,0.1,1.0,0.2
85,6211451020,1242132583,0,112.12882522943795,0.2,0.4,0.3,0.1
86,19871274,5753086713,0,46.8205600387419,0.2,0.9,0.1,0.1
87,19871274,19871273,0,44.85446045280386,0.2,0.4,0.3,0.1
88,19871274,262442292,0,85.0388930704271,0.2,0.4,0.3,0.1
89,6211450986,19871273,0,38.12521605469308,0.2,0.4,0.3,0.1
90,1722968890,1722968878,0,22.93897229740086,0.2,0.4,0.3,0.1
91,1722968890,1722968881,0,9.804726547040493,0.8,0.4,0.3,0.1
92,1722968890,1722968925,0,48.73900078335072,0.8,0.4,0.3,0.1
93,1297069020,1282135928,0,5.3019720247085,0.2,0.9,0.1,0.1
94,1297069020,1722968878,0,39.12080435493503,0.2,0.4,0.3,0.1
95,5900430623,19875368,0,67.27636254848716,0.2,0.4,0.3,0.1
96,5900430623,5900430626,0,24.160914752822542,0.2,0.4,0.3,0.1
97,4794218449,19875368,0,66.07768775637653,0.2,0.6,0.4,0.1
98,4794218449,21309748,0,119.76576496020468,0.8,0.4,0.3,0.1
99,4794218449,4794218446,0,17.58794138973343,0.8,0.9,0.1,0.3
100,104837,21591967,0,47.466898558256716,0.2,0.4,0.3,0.1
101,104837,19875366,0,29.830050997914846,0.2,0.4,0.3,0.1
102,104837,5906030287,0,21.07662222925079,0.2,0.4,0.3,0.1
103,21591967,104837,0,47.466898558256716,0.2,0.4,0.3,0.1
104,21591967,2882617940,0,45.923918683251834,0.8,0.4,0.3,0.1
105,21591967,21591966,0,107.93223316873032,0.2,0.6,0.4,0.1
106,19875366,287225971,0,45.00066433656381,0.2,0.4,0.3,0.1
107,19875366,5906108608,0,25.795125279711797,0.2,0.4,0.3,0.1
108,19875366,104837,0,29.830050997914846,0.2,0.4,0.3,0.1
109,5906030287,262442708,0,64.24283798699834,0.2,0.4,0.3,0.3
110,5906030287,104837,0,21.07662222925079,0.2,0.4,0.3,0.1
111,5906030287,5906030290,0,16.79986808423033,0.2,0.4,0.3,0.1
112,2882617940,21591967,0,45.923918683251834,0.8,0.4,0.3,0.1
113,2882617940,293907316,0,48.57795779798697,0.8,0.4,0.3,0.1
114,2882617940,859323223,0,47.16763002947642,0.8,0.4,0.3,0.1
115,287225971,19875366,0,45.00066433656381,0.2,0.4,0.3,0.1
116,287225971,19871261,0,39.961324690828015,0.2,0.4,0.3,0.2
117,287225971,364165242,0,72.35683802684447,0.2,0.4,0.3,0.1
118,5906108608,19875366,0,25.795125279711797,0.2,0.4,0.3,0.1
119,5906108608,19875363,0,47.839200580996604,0.2,0.4,0.3,0.1
120,5906108608,5906108611,0,19.650825861718523,0.2,0.4,0.3,0.1
121,262442708,5906030287,0,64.24283798699834,0.2,0.4,0.3,0.3
122,262442708,104838,0,47.60920218995218,0.2,0.4,0.3,0.1
123,262442708,262442706,0,19.541553699696188,0.2,0.9,0.1,0.3
124,5906030290,5906030287,0,16.799868084230333,0.2,0.4,0.3,0.1
125,104838,5240224448,0,29.73596811658433,0.2,0.4,0.3,0.1
126,104838,262442708,0,47.60920218995218,0.2,0.4,0.3,0.1
127,104838,5240224464,0,28.11919707116186,0.2,0.4,0.3,0.1
128,104838,287226483,0,151.29401512397186,0.2,0.4,0.3,0.1
129,5240224448,25280227,0,49.58730298441685,0.2,0.4,0.3,0.1
130,5240224448,104838,0,29.73596811658433,0.2,0.4,0.3,0.1
131,5240224448,5240224447,0,20.12383450563039,0.2,0.4,0.3,0.1
132,5240224464,104838,0,28.11919707116186,0.2,0.4,0.3,0.1
133,5240224464,364165254,0,21.403977166575633,0.8,0.4,0.3,0.1
134,5240224464,5240224465,0,10.012148074549893,0.8,0.4,0.3,0.1
135,287226483,3332266263,0,27.651886231189813,0.2,0.6,0.4,0.1
136,287226483,287226581,0,32.14222113023852,0.2,0.6,0.4,0.1
137,287226483,104838,0,151.29401512397186,0.2,0.9,0.1,0.1
138,25280227,5240224448,0,49.58730298441685,0.2,0.4,0.3,0.1
139,25280227,262442627,0,49.07514655208435,0.2,0.4,0.3,0.1
140,25280227,262442297,0,42.11109616028839,0.2,0.9,0.1,0.1
141,25280227,25280228,0,58.52999899339048,0.2,0.4,0.3,0.1
142,25280227,287226447,0,87.43138095068281,0.2,0.6,0.4,0.2
143,5240224447,5240224448,0,20.12383450563039,0.2,0.4,0.3,0.1
144,262442706,262442698,0,70.22518399726691,0.8,0.9,0.1,0.3
145,262442706,262442708,0,19.541553699696188,0.2,0.9,0.1,0.3
146,262442706,262442695,0,16.743764575072124,0.8,0.9,0.1,0.3
147,364165254,5240224479,0,44.132684326128164,0.8,0.6,0.4,0.1
148,364165254,5240224464,0,21.403977166575633,0.8,0.4,0.3,0.1
149,364165254,5240224498,0,20.51864377956385,0.8,0.4,0.3,0.1
150,364165254,287226581,0,101.32831125667413,0.2,0.6,0.4,0.1
151,5240224465,5240224464,0,10.012148074549893,0.8,0.4,0.3,0.1
152,3332266263,287226495,0,4.712395449552413,0.2,0.6,0.4,0.1
153,3332266263,287226483,0,27.651886231189813,0.2,0.6,0.4,0.1
154,3332266263,3332266270,0,7.81981808234279,0.2,0.9,0.1,0.1
155,3332266263,1280853181,0,18.281528941939087,0.2,0.9,0.1,0.1
156,287226581,364165254,0,101.32831125667413,0.2,0.6,0.4,0.1
157,287226581,287226485,0,121.20826750100753,0.2,0.6,0.4,0.1
158,287226581,287226483,0,32.14222113023852,0.2,0.6,0.4,0.1
159,104854,4661094415,0,10.133575264560282,0.8,0.3,0.4,0.1
160,4661094415,104854,0,10.133575264560282,0.8,0.3,0.4,0.1
161,4661094415,5822644372,0,30.799457931446373,0.8,0.3,0.4,0.1
162,4661094415,6824060867,0,17.471431133587114,0.8,0.9,0.1,0.1
163,4661094415,12595689526,0,7.930851853979606,0.8,0.9,0.1,0.3
164,5822644372,17405115,0,32.06047380265711,0.8,0.3,0.4,0.1
165,5822644372,12595689521,0,6.260793451232258,0.8,0.9,0.1,0.1
166,5822644372,4661094415,0,30.799457931446373,0.8,0.3,0.4,0.1
167,6824060867,8910794148,0,10.837874948997937,0.8,0.4,0.3,0.1
168,6824060867,4661094415,0,17.471431133587114,0.8,0.9,0.1,0.1
169,6824060867,4661094416,0,20.100670040823353,0.8,0.9,0.1,0.1
170,12595689526,4661094415,0,7.930851853979606,0.8,0.9,0.1,0.3
171,12595689526,12595689521,0,28.332105879050864,0.8,0.9,0.1,0.3
172,12595689526,12595689528,0,7.4438736508188015,0.8,0.9,0.1,0.3
173,104855,5919449224,0,5.809621916738942,0.2,0.4,0.3,0.1
174,104855,2043096366,0,59.47658904510981,0.2,0.4,0.3,0.1
175,104855,6481238337,0,112.3091234252947,0.2,0.4,0.3,0.1
176,5919449224,104855,0,5.809621916738942,0.2,0.4,0.3,0.1
177,5919449224,5919449207,0,90.34202585431443,0.2,0.4,0.3,0.3
178,5919449224,5919449221,0,101.263987808361,0.2,0.9,0.1,0.3
179,2043096366,5919449206,0,5.901787843271464,0.8,0.4,0.3,0.3
180,2043096366,104855,0,59.47658904510982,0.2,0.4,0.3,0.1
181,2043096366,5794635161,0,107.73597228563449,0.8,0.4,0.3,0.3
182,6481238337,5919449192,0,21.56052820097649,0.2,0.4,0.3,0.3
183,6481238337,104855,0,112.3091234252947,0.2,0.4,0.3,0.1
184,6481238337,6481238325,0,65.6839365677214,0.2,0.9,0.1,0.3
185,6481238337,6481238332,0,81.17342200151238,0.2,0.9,0.1,0.3
186,5919449207,4661094416,0,39.008332125272155,0.2,0.4,0.3,0.3
187,5919449207,5919449224,0,90.34202585431444,0.2,0.4,0.3,0.3
188,5919449207,5919449209,0,49.62359201543493,0.2,0.4,0.3,0.3
189,5919449207,5919449198,0,72.17343690813831,0.2,0.4,0.3,0.3
190,5919449221,5919449224,0,101.263987808361,0.2,0.9,0.1,0.3
191,5919449221,11786838687,0,75.41909231987194,0.2,0.4,0.3,0.3
192,5919449221,5919449220,0,51.678776326092034,0.2,0.9,0.1,0.3
193,5919449206,2043096366,0,5.901787843271464,0.8,0.4,0.3,0.3
194,5919449206,300025247,0,47.34687323662149,0.8,0.4,0.3,0.3
195,5919449206,5919449201,0,160.0654526892594,0.2,0.4,0.3,0.3
196,5794635161,2043096366,0,107.73597228563449,0.8,0.4,0.3,0.3
197,5794635161,993186001,0,22.849062703210414,0.8,0.4,0.3,0.1
198,5794635161,5794635164,0,88.683650733622,0.8,0.4,0.3,0.1
199,5919449192,5919449201,0,14.37458214786101,0.2,0.4,0.3,0.3
200,5919449192,6481238337,0,21.56052820097649,0.2,0.4,0.3,0.3
201,5919449192,5919449198,0,82.13121978415703,0.2,0.4,0.3,0.3
202,6481238325,3842753611,0,10.56746838522179,0.2,0.4,0.3,0.3
203,6481238325,6481238332,0,29.998027863015295,0.2,0.9,0.1,0.3
204,6481238325,6481238337,0,65.6839365677214,0.2,0.9,0.1,0.3
205,6481238332,6481238337,0,81.17342200151238,0.2,0.9,0.1,0.3
206,6481238332,6481238325,0,29.998027863015295,0.2,0.9,0.1,0.3
207,6481238332,826736676,0,31.826211847172342,0.8,0.4,0.3,0.3
208,104858,1382113262,0,91.60030943138374,0.2,0.4,0.3,0.1
209,1382113262,9809981567,0,5.857361000670226,0.8,0.4,0.3,0.1
210,1382113262,435846358,0,33.91974955154288,0.8,0.4,0.3,0.1
211,1382113262,104858,0,91.60030943138374,0.2,0.4,0.3,0.1
212,9809981567,247834447,0,4.692471994878426,0.8,0.4,0.3,0.1
213,9809981567,1382113262,0,5.857361000670226,0.8,0.4,0.3,0.1
214,9809981567,1382252976,0,79.50532970764482,0.8,0.4,0.3,0.3
215,435846358,1382113262,0,33.91974955154288,0.8,0.4,0.3,0.1
216,435846358,2045184023,0,23.889674402762864,0.8,0.4,0.3,0.1
217,435846358,2627428303,0,88.54265857720037,0.2,0.9,0.1,0.3
218,104859,365559371,0,12.810913047219312,0.2,0.4,0.3,0.1
219,104859,17406787,0,74.5173629515327,0.2,0.4,0.3,0.1
220,104859,242578487,0,18.021712442471856,0.2,0.4,0.3,0.1
221,365559371,13288882110,0,4.018376207415736,0.2,0.9,0.1,0.1
222,365559371,104859,0,12.810913047219312,0.2,0.4,0.3,0.1
223,365559371,13288882109,0,7.042714221051232,0.2,0.4,0.3,0.1
224,17406787,242756955,0,23.31400221684916,0.2,0.4,0.3,0.1
225,17406787,12620942897,0,22.460092791094837,0.2,0.4,0.3,0.1
226,17406787,104859,0,74.51736295153272,0.2,0.4,0.3,0.1
227,242578487,13288882110,0,10.967330952959221,0.2,0.9,0.1,0.1
228,242578487,26153261,0,35.55844585471966,0.2,0.4,0.3,0.1
229,242578487,104859,0,18.021712442471856,0.2,0.4,0.3,0.1
230,13288882110,242578487,0,10.967330952959221,0.2,0.9,0.1,0.1
231,13288882110,365559371,0,4.018376207415736,0.2,0.9,0.1,0.1
232,13288882109,12806902198,0,24.638218401064258,0.2,0.4,0.3,0.3
233,13288882109,365559371,0,7.042714221051232,0.2,0.4,0.3,0.1
234,242756955,2043096348,0,7.15325142079685,0.2,0.9,0.1,0.3
235,242756955,247834407,0,29.364653898601645,0.8,0.4,0.3,0.3
236,242756955,17406787,0,23.31400221684916,0.2,0.4,0.3,0.1
237,12620942897,12620942896,0,3.947029120055624,0.2,0.9,0.1,0.1
238,12620942897,17406787,0,22.460092791094837,0.2,0.4,0.3,0.1
239,26153261,242578487,0,35.55844585471966,0.2,0.4,0.3,0.1
240,216601,3893231913,0,5.33705368600559,0.2,0.3,0.7,0.1
241,3893231913,216601,0,5.33705368600559,0.2,0.3,0.7,0.1
242,3893231913,5146144539,0,17.12404615031427,0.8,0.3,0.7,0.1
243,3893231913,12461273925,0,15.281727500941598,0.8,0.9,0.1,0.1
244,5146144539,3893231913,0,17.12404615031427,0.8,0.3,0.7,0.1
245,12461273925,3893231912,0,4.138799446700963,0.8,0.9,0.1,0.3
246,12461273925,3893231913,0,15.281727500941598,0.8,0.9,0.1,0.1
247,12461273925,8939668299,0,13.481453618233067,0.2,0.9,0.1,0.3
248,17396682,6281096706,0,4.283981171670719,0.2,0.3,0.7,0.1
249,17396682,366664563,0,29.29927582434395,0.2,0.3,0.7,0.1
250,17396682,12461273918,0,24.909603983484153,0.2,0.4,0.3,0.1
251,6281096706,17396682,0,4.283981171670719,0.2,0.3,0.7,0.1
252,6281096706,6281096705,0,29.616422137774908,0.2,0.9,0.1,0.1
253,6281096706,12023837911,0,36.579645446860155,0.2,0.3,0.7,0.1
254,366664563,5156816332,0,57.0939392716591,0.2,0.6,0.4,0.1
255,366664563,17396682,0,29.29927582434395,0.2,0.3,0.7,0.1
256,366664563,262440826,0,21.96689427468913,0.2,0.3,0.7,0.1
257,12461273918,17396682,0,24.909603983484153,0.2,0.4,0.3,0.1
258,12461273918,1500366483,0,13.236298240427864,0.8,0.4,0.3,0.1
259,12461273918,12461273917,0,2.584883547258289,0.8,0.9,0.1,0.1
260,6281096705,6281096703,0,2.3046274699438793,0.8,0.9,0.1,0.2
261,6281096705,6281096704,0,2.0437748584785416,0.8,0.9,0.1,0.2
262,6281096705,6281096706,0,29.616422137774908,0.2,0.9,0.1,0.1
263,12023837911,6281096650,0,24.12195417873917,0.2,0.3,0.7,0.1
264,12023837911,6281096706,0,36.579645446860155,0.2,0.3,0.7,0.1
265,12023837911,12023837913,0,35.56550593487164,0.2,0.4,0.3,0.1
266,5156816332,4878990043,0,31.04514194383513,0.2,0.4,0.3,0.1
267,5156816332,4878990036,0,27.175903989787948,0.2,0.6,0.4,0.1
268,5156816332,366664563,0,57.093939271659096,0.2,0.6,0.4,0.1
269,262440826,366664563,0,21.966894274689125,0.2,0.3,0.7,0.1
270,1500366483,537157926,0,53.86491325440897,0.8,0.4,0.3,0.1
271,1500366483,117678013,0,17.222705901316527,0.2,0.4,0.3,0.1
272,1500366483,12461273918,0,13.236298240427864,0.8,0.4,0.3,0.1
273,12461273917,5157651754,0,11.508376188512074,0.8,0.9,0.1,0.1
274,12461273917,12461273918,0,2.584883547258289,0.8,0.9,0.1,0.1
275,12461273917,12461273922,0,22.313672656733324,0.2,0.9,0.1,0.1
276,17405115,6824060862,0,8.873305344553396,0.8,0.4,0.3,0.1
277,17405115,5822644372,0,32.06047380265711,0.8,0.3,0.4,0.1
278,6824060862,17405115,0,8.873305344553396,0.8,0.4,0.3,0.1
279,12595689521,5822644372,0,6.260793451232258,0.8,0.9,0.1,0.1
280,12595689521,5822644369,0,26.318725902764726,0.8,0.9,0.1,0.3
281,12595689521,12595689526,0,28.332105879050864,0.8,0.9,0.1,0.3
282,2043096348,242756955,0,7.15325142079685,0.2,0.9,0.1,0.3
283,247834407,2045184023,0,12.201456163052812,0.8,0.4,0.3,0.1
284,247834407,242756955,0,29.364653898601645,0.8,0.4,0.3,0.3
285,247834407,1382252976,0,128.8609453275907,0.2,0.9,0.1,0.3
286,12620942896,12620942897,0,3.947029120055624,0.2,0.9,0.1,0.1
287,17406822,9402506778,0,29.434981534887076,0.2,0.4,0.3,0.1
288,17406822,11786838677,0,50.31083149708705,0.2,0.9,0.1,0.1
289,9402506778,17406822,0,29.434981534887072,0.2,0.4,0.3,0.1
290,9402506778,1382239390,0,6.959486970365305,0.8,0.4,0.3,0.1
291,9402506778,9402506784,0,7.275993657901621,0.8,0.4,0.3,0.1
292,11786838677,12806924704,0,2.7103162486645567,0.2,0.4,0.3,0.3
293,11786838677,2941119309,0,48.003022915396464,0.2,0.4,0.3,0.3
294,11786838677,17406822,0,50.31083149708705,0.2,0.9,0.1,0.1
295,1382239390,9402506778,0,6.959486970365305,0.8,0.4,0.3,0.1
296,9402506784,9402506775,0,2.974248218209774,0.8,0.4,0.3,0.1
297,9402506784,9402506778,0,7.275993657901621,0.8,0.4,0.3,0.1
298,12806924704,11786838677,0,2.7103162486645567,0.2,0.4,0.3,0.3
299,12806924704,12806924703,0,18.664002044441666,0.2,0.4,0.3,0.3
300,12806924704,12806924702,0,42.03518601522711,0.2,0.9,0.1,0.2
301,2941119309,5919449215,0,60.77386767168579,0.2,0.4,0.3,0.1
302,2941119309,11786838677,0,48.00302291539647,0.2,0.4,0.3,0.3
303,2941119309,5919449220,0,74.55051257521203,0.2,0.9,0.1,0.1
304,17476811,17476831,0,18.06566725626802,0.2,0.1,1.0,0.1
305,17476811,835468169,0,57.97798448297045,0.2,0.1,1.0,0.1
306,17476811,1242132603,0,39.24410496984093,0.2,0.4,0.3,0.1
307,17476831,17476811,0,18.06566725626802,0.2,0.1,1.0,0.1
308,17476831,1242132578,0,9.330560820428161,0.2,0.4,0.3,0.1
309,17476831,1242132577,0,96.58094096029988,0.2,0.1,1.0,0.1
310,835468169,17476815,0,31.32308008797845,0.2,0.1,1.0,0.1
311,835468169,11159894542,0,16.22458456229362,0.2,0.4,0.3,0.1
312,835468169,17476811,0,57.97798448297045,0.2,0.1,1.0,0.1
313,1242132603,5061066670,0,21.551383389458266,0.8,0.4,0.3,0.1
314,1242132603,17476811,0,39.24410496984094,0.2,0.4,0.3,0.1
315,1242132603,1242132578,0,60.65329024864202,0.8,0.9,0.1,0.1
316,1242132603,11159894542,0,11.33752695712871,0.8,0.9,0.1,0.1
317,1242132578,17476831,0,9.330560820428161,0.2,0.4,0.3,0.1
318,1242132578,117677937,0,13.82285629861718,0.8,0.4,0.3,0.1
319,1242132578,1242132604,0,7.7594663350592326,0.8,0.9,0.1,0.1
320,1242132578,1242132603,0,60.65329024864203,0.8,0.9,0.1,0.1
321,1242132577,6211451020,0,44.56220771186957,0.2,0.1,1.0,0.2
322,1242132577,17476831,0,96.58094096029987,0.2,0.1,1.0,0.1
323,1242132577,1242132604,0,33.379642659590225,0.2,0.9,0.1,0.3
324,1242132577,3860786634,0,6.70415143943703,0.2,0.9,0.1,0.3
325,17476815,835468169,0,31.32308008797845,0.2,0.1,1.0,0.1
326,17476815,436181749,0,27.024598251812794,0.2,0.1,1.0,0.1
327,17476815,1280674371,0,24.85794736528147,0.2,0.1,1.0,0.1
328,11159894542,835468169,0,16.22458456229362,0.2,0.4,0.3,0.1
329,11159894542,5834330062,0,34.39361426875316,0.8,0.4,0.3,0.1
330,11159894542,1242132603,0,11.33752695712871,0.8,0.9,0.1,0.1
331,11159894542,5834330053,0,60.2493624685363,0.8,0.9,0.1,0.1
332,5061066670,1242132603,0,21.55138338945827,0.8,0.4,0.3,0.1
333,5061066670,262442011,0,71.07511621341844,0.8,0.4,0.3,0.1
334,5061066670,1280674367,0,30.61238762657679,0.8,0.4,0.3,0.1
335,436181749,12613167913,0,5.377758585617883,0.2,0.9,0.1,0.1
336,436181749,17476815,0,27.02459825181279,0.2,0.1,1.0,0.1
337,436181749,17476820,0,100.15888039045336,0.2,0.1,1.0,0.1
338,436181749,3860745715,0,8.63203144902964,0.2,0.9,0.1,0.1
339,1280674371,364165249,0,10.75400618866031,0.2,0.1,1.0,0.1
340,1280674371,17476815,0,24.85794736528147,0.2,0.1,1.0,0.1
341,1280674371,17476875,0,13.947650611331737,0.2,0.9,0.1,0.1
342,1280674371,3860745715,0,11.67772493009105,0.2,0.9,0.1,0.3
343,12613167913,436181749,0,5.377758585617883,0.2,0.9,0.1,0.1
344,17476820,1280656209,0,7.598506945308884,0.2,0.4,0.3,0.1
345,17476820,302794082,0,15.332607043707647,0.2,0.4,0.3,0.1
346,17476820,17476821,0,25.22343509697784,0.2,0.1,1.0,0.1
347,17476820,436181749,0,100.15888039045336,0.2,0.1,1.0,0.1
348,3860745715,436181749,0,8.63203144902964,0.2,0.9,0.1,0.1
349,3860745715,1280674364,0,8.682218908386353,0.2,0.9,0.1,0.1
350,3860745715,1280674371,0,11.677724930091049,0.2,0.9,0.1,0.3
351,364165249,1280674371,0,10.75400618866031,0.2,0.1,1.0,0.1
352,364165249,1280674364,0,8.745284350449689,0.2,0.1,1.0,0.1
353,364165249,2433821534,0,7.278774082951393,0.2,0.1,1.0,0.1
354,364165249,17476875,0,6.710850396727056,0.2,0.1,1.0,0.1
355,17476875,364165249,0,6.710850396727056,0.2,0.1,1.0,0.1
356,17476875,2433821542,0,23.616169363527977,0.2,0.4,0.3,0.1
357,17476875,3860745718,0,5.959412118555461,0.2,0.9,0.1,0.1
358,17476875,1280674371,0,13.947650611331735,0.2,0.9,0.1,0.1
359,1280656209,17476820,0,7.598506945308884,0.2,0.4,0.3,0.1
360,1280656209,1280821651,0,27.540580067335107,0.8,0.4,0.3,0.1
361,1280656209,5834330053,0,106.62374023165506,0.8,0.9,0.1,0.3
362,1280656209,1280821702,0,25.97719033801213,0.8,0.9,0.1,0.3
363,302794082,17476820,0,15.332607043707647,0.2,0.4,0.3,0.1
364,302794082,17476874,0,64.76228913636453,0.2,0.1,1.0,0.1
365,302794082,17476871,0,34.99831829122162,0.2,0.1,1.0,0.1
366,17476821,17476820,0,25.22343509697784,0.2,0.1,1.0,0.1
367,17476821,1280821702,0,6.768847293436016,0.2,0.9,0.1,0.1
368,17476821,17476871,0,23.627404441245982,0.2,0.9,0.1,0.1
369,1280821651,262441816,0,20.972657471500522,0.8,0.4,0.3,0.3
370,1280821651,1280656209,0,27.540580067335107,0.8,0.4,0.3,0.1
371,1280821651,5919438954,0,30.995050950537266,0.8,0.4,0.3,0.3
372,5834330053,5834330054,0,20.864644796902446,0.8,0.9,0.1,0.3
373,5834330053,11159894542,0,60.2493624685363,0.8,0.9,0.1,0.1
374,5834330053,1280656209,0,106.62374023165506,0.8,0.9,0.1,0.3
375,1280821702,1280821720,0,29.46739115270409,0.8,0.9,0.1,0.3
376,1280821702,17476821,0,6.768847293436016,0.2,0.9,0.1,0.1
377,1280821702,1280656209,0,25.97719033801213,0.8,0.9,0.1,0.3
378,1280821702,3860810901,0,55.11966887081905,0.8,0.9,0.1,0.3
379,17476874,1280674364,0,28.997065425178032,0.2,0.1,1.0,0.1
380,17476874,385560628,0,27.031048822279118,0.2,0.1,1.0,0.1
381,17476874,302794082,0,64.76228913636454,0.2,0.1,1.0,0.1
382,17476871,302794082,0,34.99831829122162,0.2,0.1,1.0,0.1
383,17476871,17476842,0,100.94706011629017,0.2,0.1,1.0,0.1
384,17476871,17476821,0,23.627404441245982,0.2,0.9,0.1,0.1
385,17476871,2130610640,0,7.669203293458176,0.2,0.9,0.1,0.1
386,1280821720,1280821702,0,29.46739115270408,0.8,0.9,0.1,0.3
387,3860810901,12992899143,0,26.521420660242743,0.8,0.4,0.3,0.3
388,3860810901,2533775204,0,7.2075443991855765,0.2,0.4,0.3,0.1
389,3860810901,1280821702,0,55.11966887081905,0.8,0.9,0.1,0.3
390,3860810901,262440061,0,39.60680150457772,0.8,0.9,0.1,0.3
391,17476842,11124020086,0,29.220567243427574,0.2,0.4,0.3,0.1
392,17476842,260697232,0,34.8343429771934,0.2,0.1,1.0,0.1
393,17476842,17476871,0,100.94706011629017,0.2,0.1,1.0,0.1
394,2130610640,826736676,0,8.19309123884473,0.8,0.9,0.1,0.1
395,2130610640,2027862783,0,83.56716696033766,0.8,0.9,0.1,0.3
396,2130610640,17476871,0,7.669203293458176,0.2,0.9,0.1,0.1
397,117677937,262442011,0,17.064524755534038,0.8,0.4,0.3,0.1
398,117677937,1242132578,0,13.82285629861718,0.8,0.4,0.3,0.1
399,117677937,1242132572,0,14.162487475821793,0.8,0.4,0.3,0.1
400,1242132604,1242132572,0,5.1635840884136766,0.8,0.9,0.1,0.1
401,1242132604,1242132577,0,33.37964265959023,0.2,0.9,0.1,0.3
402,1242132604,1242132578,0,7.7594663350592326,0.8,0.9,0.1,0.1
403,3860786634,2433821542,0,139.89094984133305,0.2,0.9,0.1,0.3
404,3860786634,10901402914,0,11.05030896908141,0.2,0.9,0.1,0.3
405,3860786634,1242132577,0,6.70415143943703,0.2,0.9,0.1,0.3
406,11124020086,17476842,0,29.220567243427578,0.2,0.4,0.3,0.1
407,11124020086,1280281136,0,34.65330896405634,0.2,0.4,0.3,0.1
408,11124020086,260697232,0,18.93320274084983,0.2,0.9,0.1,0.1
409,11124020086,492221099,0,12.771561223815024,0.2,0.9,0.1,0.2
410,260697232,17476842,0,34.8343429771934,0.2,0.1,1.0,0.1
411,260697232,262441802,0,26.808933096155357,0.2,0.9,0.1,0.1
412,260697232,11124020086,0,18.933202740849826,0.2,0.9,0.1,0.1
413,1280281136,12649817254,0,6.605362462465347,0.2,0.4,0.3,0.2
414,1280281136,11124020086,0,34.653308964056336,0.2,0.4,0.3,0.1
415,492221099,2027862783,0,50.22192693598066,0.8,0.9,0.1,0.3
416,492221099,11124020086,0,12.771561223815024,0.2,0.9,0.1,0.2
417,492221099,12649817254,0,41.13470464047072,0.8,0.9,0.1,0.2
418,262441802,6056055380,0,14.789106125127788,0.8,0.9,0.1,0.3
419,262441802,260697232,0,26.80893309615536,0.2,0.9,0.1,0.1
420,262441802,262440061,0,30.961971355258818,0.8,0.9,0.1,0.3
421,826736676,2130610640,0,8.19309123884473,0.8,0.9,0.1,0.1
422,826736676,2433821537,0,103.43077776530295,0.8,0.9,0.1,0.3
423,826736676,6481238332,0,31.826211847172342,0.8,0.4,0.3,0.3
424,2027862783,2130610640,0,83.56716696033766,0.8,0.9,0.1,0.3
425,2027862783,492221099,0,50.221926935980655,0.8,0.9,0.1,0.3
426,2027862783,5919449198,0,56.73855842338145,0.2,0.4,0.3,0.3
427,1280674364,364165249,0,8.745284350449689,0.2,0.1,1.0,0.1
428,1280674364,17476874,0,28.997065425178032,0.2,0.1,1.0,0.1
429,1280674364,3860745715,0,8.682218908386353,0.2,0.9,0.1,0.1
430,1280674364,2433821535,0,6.99536028879007,0.2,0.9,0.1,0.1
431,385560628,2433821534,0,43.131949762833806,0.2,0.1,1.0,0.1
432,385560628,17476874,0,27.031048822279118,0.2,0.1,1.0,0.1
433,385560628,2433821537,0,9.566502398493704,0.2,0.9,0.1,0.3
434,385560628,2433821535,0,6.120756158692862,0.2,0.9,0.1,0.1
435,2433821535,1280674364,0,6.99536028879007,0.2,0.9,0.1,0.1
436,2433821535,385560628,0,6.120756158692862,0.2,0.9,0.1,0.1
437,2433821535,2433821534,0,8.30235338649769,0.2,0.9,0.1,0.1
438,2433821534,364165249,0,7.278774082951393,0.2,0.1,1.0,0.1
439,2433821534,385560628,0,43.131949762833806,0.2,0.1,1.0,0.1
440,2433821534,2433821535,0,8.30235338649769,0.2,0.9,0.1,0.1
441,2433821534,3860745718,0,8.531677698854658,0.2,0.9,0.1,0.1
442,2433821537,385560628,0,9.566502398493704,0.2,0.9,0.1,0.3
443,2433821537,492212322,0,35.762155194735044,0.2,0.9,0.1,0.3
444,2433821537,826736676,0,103.43077776530295,0.8,0.9,0.1,0.3
445,2433821542,262442262,0,40.37079055076603,0.2,0.4,0.3,0.1
446,2433821542,17476875,0,23.616169363527977,0.2,0.4,0.3,0.1
447,2433821542,2433821544,0,13.462919783373177,0.2,0.9,0.1,0.3
448,2433821542,3860786634,0,139.89094984133303,0.2,0.9,0.1,0.3
449,3860745718,17476875,0,5.959412118555461,0.2,0.9,0.1,0.1
450,3860745718,2433821534,0,8.531677698854658,0.2,0.9,0.1,0.1
451,3860745718,2433821544,0,19.232110745979355,0.2,0.9,0.1,0.1
452,262442262,364165243,0,23.291741790565478,0.2,0.4,0.3,0.1
453,262442262,262442266,0,54.894508222675015,0.2,0.6,0.4,0.1
454,262442262,2433821542,0,40.37079055076603,0.2,0.4,0.3,0.1
455,2433821544,2179076502,0,60.13133196094268,0.8,0.9,0.1,0.3
456,2433821544,3860745718,0,19.232110745979355,0.2,0.9,0.1,0.1
457,2433821544,2433821542,0,13.462919783373177,0.2,0.9,0.1,0.3
458,17660703,1247839593,0,18.594344299507124,0.2,0.1,1.0,0.1
459,17660703,5065034057,0,87.53709561673355,0.2,0.1,1.0,0.1
460,17660703,1280853195,0,27.94351914084968,0.2,0.1,1.0,0.1
461,1247839593,17660703,0,18.594344299507124,0.2,0.1,1.0,0.1
462,5065034057,17660703,0,87.53709561673354,0.2,0.1,1.0,0.1
463,1280853195,3696173720,0,14.705284371757527,0.2,0.3,0.7,0.1
464,1280853195,644926923,0,15.35962040617326,0.2,0.1,1.0,0.1
465,1280853195,17660703,0,27.94351914084968,0.2,0.1,1.0,0.1
466,3696173720,1280853195,0,14.705284371757527,0.2,0.3,0.7,0.1
467,3696173720,287226495,0,59.20560174300669,0.8,0.3,0.7,0.1
468,3696173720,1280853193,0,8.581555735456487,0.8,0.9,0.1,0.1
469,3696173720,9464338656,0,9.813006902665336,0.8,0.9,0.1,0.3
470,644926923,1280853195,0,15.35962040617326,0.2,0.1,1.0,0.1
471,644926923,17660738,0,19.51653265780479,0.2,0.1,1.0,0.1
472,644926923,5823455892,0,6.510143961697775,0.2,0.9,0.1,0.3
473,644926923,9464338656,0,9.423669985560203,0.2,0.9,0.1,0.1
474,17660726,17660738,0,119.9387793782565,0.2,0.1,1.0,0.1
475,17660738,644926968,0,19.601212038118152,0.2,0.3,0.7,0.1
476,17660738,644926923,0,19.51653265780479,0.2,0.1,1.0,0.1
477,17660738,17660726,0,119.9387793782565,0.2,0.1,1.0,0.1
478,644926968,13002072656,0,3.2915443963654125,0.8,0.9,0.1,0.1
479,644926968,17660738,0,19.601212038118156,0.2,0.3,0.7,0.1
480,644926968,3332266272,0,64.5900076897189,0.8,0.3,0.7,0.1
481,644926968,9464338656,0,6.902443370772216,0.8,0.9,0.1,0.1
482,13002072656,644926968,0,3.2915443963654125,0.8,0.9,0.1,0.1
483,3332266272,364165253,0,7.82670860725016,0.8,0.3,0.7,0.1
484,3332266272,3332266269,0,6.940909574609109,0.2,0.9,0.1,0.1
485,3332266272,644926968,0,64.59000768971892,0.8,0.3,0.7,0.1
486,3332266272,3332266271,0,14.677487997333657,0.8,0.9,0.1,0.3
487,9464338656,3696173720,0,9.813006902665336,0.8,0.9,0.1,0.3
488,9464338656,644926968,0,6.902443370772216,0.8,0.9,0.1,0.1
489,9464338656,644926923,0,9.423669985560203,0.2,0.9,0.1,0.1
490,5823455892,3329881929,0,145.65078830751847,0.2,0.4,0.3,0.3
491,5823455892,3329881929,1,42.013029443819974,0.2,0.4,0.3,0.3
492,5823455892,644926923,0,6.510143961697775,0.2,0.9,0.1,0.3
493,19871255,859323119,0,38.47491729957173,0.2,0.6,0.4,0.1
494,19871255,859323057,0,2.784192217762617,0.2,0.4,0.3,0.1
495,19871255,859323159,0,31.796707649582324,0.2,0.6,0.4,0.1
496,859323119,2433778866,0,2.35792778300024,0.2,0.6,0.4,0.1
497,859323119,19871255,0,38.47491729957173,0.2,0.6,0.4,0.1
498,859323119,859323159,0,30.486251056312724,0.2,0.6,0.4,0.1
499,859323057,364165243,0,31.95221787098571,0.2,0.4,0.3,0.1
500,859323057,262442292,0,55.60594733285539,0.2,0.4,0.3,0.1
501,859323057,19871255,0,2.784192217762617,0.2,0.4,0.3,0.1
502,859323159,3811627140,0,16.314814760709186,0.2,0.6,0.4,0.1
503,859323159,859323119,0,30.486251056312724,0.2,0.6,0.4,0.1
504,859323159,19871255,0,31.796707649582327,0.2,0.6,0.4,0.1
505,2433778866,859323119,0,2.35792778300024,0.2,0.6,0.4,0.1
506,2433778866,3811627143,0,12.38660212351134,0.2,0.6,0.4,0.1
507,2433778866,2433764639,0,55.715893471961444,0.2,0.9,0.1,0.1
508,364165243,262442262,0,23.291741790565478,0.2,0.4,0.3,0.1
509,364165243,859323057,0,31.95221787098571,0.2,0.4,0.3,0.1
510,364165243,2204308507,0,27.237631578225542,0.2,0.6,0.4,0.1
511,262442292,5435157624,0,38.735122326668126,0.2,0.6,0.4,0.1
512,262442292,19871274,0,85.0388930704271,0.2,0.4,0.3,0.1
513,262442292,859323057,0,55.60594733285539,0.2,0.4,0.3,0.1
514,262442292,2433764639,0,42.530392930060074,0.2,0.9,0.1,0.1
515,3811627140,859323159,0,16.314814760709186,0.2,0.6,0.4,0.1
516,3811627140,2433778872,0,14.728314473316615,0.2,0.6,0.4,0.1
517,3811627140,1968413548,0,7.1519195554998305,0.2,0.9,0.1,0.1
518,19871260,1247839597,0,22.910833236034634,0.2,0.6,0.4,0.2
519,19871260,859323141,0,15.04034389710583,0.2,0.6,0.4,0.2
520,19871260,2433778870,0,14.425744681732606,0.2,0.6,0.4,0.2
521,19871260,1968413560,0,10.005188158626314,0.2,0.9,0.1,0.2
522,1247839597,19871260,0,22.910833236034634,0.2,0.6,0.4,0.2
523,1247839597,25280232,0,92.77319475393196,0.2,0.6,0.4,0.1
524,1247839597,5423487737,0,21.979885470864392,0.2,0.4,0.3,0.1
525,859323141,19871260,0,15.04034389710583,0.2,0.6,0.4,0.2
526,859323141,19871261,0,38.38137524319833,0.2,0.6,0.4,0.2
527,859323141,859323188,0,36.12767419311018,0.2,0.6,0.4,0.2
528,2433778870,19871260,0,14.425744681732606,0.2,0.6,0.4,0.2
529,2433778870,2433778872,0,32.58590595255451,0.2,0.6,0.4,0.2
530,2433778870,2433778874,0,37.69117542003878,0.2,0.6,0.4,0.1
531,1968413560,19871260,0,10.005188158626314,0.2,0.9,0.1,0.2
532,1968413560,1968413548,0,47.545069680819445,0.2,0.9,0.1,0.1
533,1968413560,1968413578,0,49.10395660740706,0.2,0.9,0.1,0.2
534,25280232,262442627,0,9.843514562279045,0.2,0.4,0.3,0.1
535,25280232,25280229,0,58.53173423972486,0.2,0.4,0.3,0.1
536,25280232,1247839597,0,92.77319475393196,0.2,0.6,0.4,0.1
537,25280232,262442297,0,41.96152775118982,0.2,0.9,0.1,0.1
538,5423487737,1247839597,0,21.979885470864392,0.2,0.4,0.3,0.1
539,19871261,287225971,0,39.961324690828015,0.2,0.4,0.3,0.2
540,19871261,859323141,0,38.38137524319833,0.2,0.6,0.4,0.2
541,19871261,859323188,0,29.1656131277284,0.2,0.6,0.4,0.2
542,859323188,3811627145,0,16.812045647419897,0.2,0.6,0.4,0.1
543,859323188,859323141,0,36.12767419311018,0.2,0.6,0.4,0.2
544,859323188,19871261,0,29.165613127728395,0.2,0.6,0.4,0.2
545,2433778872,2433778870,0,32.58590595255451,0.2,0.6,0.4,0.2
546,2433778872,3811627140,0,14.728314473316615,0.2,0.6,0.4,0.1
547,2433778872,2433778874,0,28.901482612172735,0.2,0.6,0.4,0.1
548,2433778874,25280231,0,5.062507557395503,0.2,0.4,0.3,0.1
549,2433778874,2433778870,0,37.69117542003878,0.2,0.6,0.4,0.1
550,2433778874,2433778872,0,28.901482612172735,0.2,0.6,0.4,0.1
551,1968413548,1968413567,0,43.76057076789402,0.2,0.9,0.1,0.1
552,1968413548,1968413560,0,47.54506968081945,0.2,0.9,0.1,0.1
553,1968413548,3811627140,0,7.1519195554998305,0.2,0.9,0.1,0.1
554,1968413578,1968413560,0,49.10395660740706,0.2,0.9,0.1,0.2
555,1968413578,1968413567,0,47.341934910038894,0.2,0.9,0.1,0.2
556,1968413578,3811627145,0,9.639414287360415,0.2,0.9,0.1,0.2
557,364165242,287225971,0,72.35683802684447,0.2,0.4,0.3,0.1
558,364165242,364165239,0,32.29106291995238,0.8,0.4,0.3,0.1
559,364165242,19875363,0,61.60069569471027,0.2,0.4,0.3,0.1
560,3811627145,2433779953,0,6.574836505654488,0.2,0.6,0.4,0.1
561,3811627145,859323188,0,16.812045647419897,0.2,0.6,0.4,0.1
562,3811627145,1968413578,0,9.639414287360415,0.2,0.9,0.1,0.2
563,19871266,3811627143,0,20.57352189241612,0.2,0.6,0.4,0.1
564,19871266,2433779947,0,40.11159778345596,0.2,0.6,0.4,0.2
565,19871266,2433779953,0,37.08677050897218,0.2,0.6,0.4,0.1
566,3811627143,2433778866,0,12.38660212351134,0.2,0.6,0.4,0.1
567,3811627143,19871266,0,20.57352189241612,0.2,0.6,0.4,0.1
568,3811627143,1968413567,0,10.938859601087982,0.2,0.9,0.1,0.2
569,2433779947,364165239,0,6.857463411549641,0.2,0.4,0.3,0.2
570,2433779947,19871266,0,40.11159778345596,0.2,0.6,0.4,0.2
571,2433779947,2433779953,0,31.29192828713866,0.2,0.6,0.4,0.1
572,2433779953,3811627145,0,6.574836505654488,0.2,0.6,0.4,0.1
573,2433779953,19871266,0,37.08677050897218,0.2,0.6,0.4,0.1
574,2433779953,2433779947,0,31.291928287138656,0.2,0.6,0.4,0.1
575,1968413567,1968413578,0,47.34193491003889,0.2,0.9,0.1,0.2
576,1968413567,1968413548,0,43.76057076789402,0.2,0.9,0.1,0.1
577,1968413567,3811627143,0,10.938859601087982,0.2,0.9,0.1,0.2
578,364165239,10681863998,0,64.79828025979114,0.8,0.6,0.4,0.1
579,364165239,2433779947,0,6.857463411549641,0.2,0.4,0.3,0.2
580,364165239,364165242,0,32.29106291995238,0.8,0.4,0.3,0.1
581,5753086713,19871274,0,46.8205600387419,0.2,0.9,0.1,0.1
582,5753086713,10901402907,0,0.5650061312467551,0.8,0.4,0.3,0.1
583,5753086713,10901402911,0,11.545163083952719,0.8,0.4,0.3,0.1
584,10901402907,5753086713,0,0.5650061312467551,0.8,0.4,0.3,0.1
585,10901402907,10901402908,0,5.327794435907831,0.8,0.9,0.1,0.1
586,10901402907,10901402906,0,19.825614116796306,0.8,0.4,0.3,0.1
587,10901402911,5753086713,0,11.545163083952719,0.8,0.4,0.3,0.1
588,10901402911,262442261,0,18.118140145084592,0.2,0.4,0.3,0.1
589,10901402911,10901402910,0,23.514263616184763,0.8,0.4,0.3,0.1
590,5435157624,262442292,0,38.735122326668126,0.2,0.6,0.4,0.1
591,5435157624,262442266,0,13.350680047633025,0.2,0.6,0.4,0.1
592,5435157624,5435157625,0,4.362302194663907,0.2,0.4,0.3,0.1
593,2433764639,2433778866,0,55.715893471961444,0.2,0.9,0.1,0.1
594,2433764639,262442292,0,42.530392930060074,0.2,0.9,0.1,0.1
595,2433764639,2433764834,0,47.479732547946014,0.8,0.9,0.1,0.1
596,2433764639,2433764671,0,51.5015680615714,0.8,0.9,0.1,0.1
597,5906108611,5906108608,0,19.650825861718523,0.2,0.4,0.3,0.1
598,4795736877,293907316,0,4.002973546472964,0.8,0.4,0.3,0.1
599,4795736877,1079986909,0,136.0422098712396,0.2,0.4,0.3,0.1
600,4795736877,4795736874,0,23.777763897111207,0.8,0.4,0.3,0.1
601,5900430626,5900430623,0,24.160914752822546,0.2,0.4,0.3,0.1
602,21309748,12248092928,0,55.24815390206593,0.8,0.3,0.7,0.1
603,21309748,4794218449,0,119.76576496020468,0.8,0.4,0.3,0.1
604,21309748,21309820,0,43.01276472726515,0.8,0.3,0.7,0.1
605,4794218446,4794218449,0,17.58794138973343,0.8,0.9,0.1,0.3
606,21238592,3860908591,0,10.200898301803834,0.2,0.4,0.3,0.1
607,3860908591,2179076283,0,62.645242832039195,0.2,0.9,0.1,0.3
608,3860908591,21238592,0,10.200898301803834,0.2,0.4,0.3,0.1
609,3860908591,25280228,0,39.04679452259612,0.8,0.4,0.3,0.3
610,3860908591,2920948566,0,68.13786762668651,0.8,0.9,0.1,0.3
611,2179076283,2179076266,0,5.48471873361356,0.8,0.9,0.1,0.3
612,2179076283,3860908591,0,62.645242832039195,0.2,0.9,0.1,0.3
613,2179076283,5111590153,0,19.64465900908515,0.8,0.9,0.1,0.3
614,25280228,25280229,0,58.92598067061114,0.8,0.4,0.3,0.1
615,25280228,3860908591,0,39.04679452259612,0.8,0.4,0.3,0.3
616,25280228,262442297,0,41.13079659845923,0.8,0.9,0.1,0.1
617,25280228,25280227,0,58.52999899339048,0.2,0.4,0.3,0.1
618,2920948566,3860908593,0,5.890282813098679,0.8,0.9,0.1,0.3
619,2920948566,3860908593,1,51.938118102700464,0.8,0.4,0.3,0.3
620,2920948566,3860908591,0,68.13786762668651,0.8,0.9,0.1,0.3
621,2920948566,2920948564,0,9.357621475395138,0.2,0.4,0.3,0.1
622,21257368,13275305469,0,18.006833667049012,0.2,0.3,0.7,0.1
623,21257368,6226112849,0,17.949571196851593,0.2,0.3,0.7,0.1
624,13275305469,21257368,0,18.006833667049012,0.2,0.3,0.7,0.1
625,13275305469,13275305468,0,58.02115870074397,0.2,0.6,0.3,0.1
626,6226112849,21257368,0,17.949571196851593,0.2,0.3,0.7,0.1
627,6226112849,21309452,0,18.94649583154292,0.2,0.3,0.7,0.1
628,6226112849,6226112846,0,19.29771393311054,0.2,0.9,0.1,0.1
629,13275305468,13275305469,0,58.02115870074396,0.2,0.6,0.3,0.1
630,21309452,6226112849,0,18.94649583154292,0.2,0.3,0.7,0.1
631,21309452,26466665,0,26.328878390619657,0.2,0.3,0.7,0.1
632,6226112846,6226112849,0,19.29771393311054,0.2,0.9,0.1,0.1
633,21309349,21309350,0,24.409665913248865,0.8,0.9,0.1,0.1
634,21309350,21309349,0,24.409665913248865,0.8,0.9,0.1,0.1
635,21309350,21309366,0,15.558646583074895,0.8,0.4,0.3,0.1
636,21309366,21309372,0,14.837571628044312,0.8,0.4,0.3,0.1
637,21309366,21309350,0,15.558646583074895,0.8,0.4,0.3,0.1
638,21309372,826648048,0,13.982467241321983,0.8,0.3,0.4,0.1
639,21309372,21309366,0,14.837571628044312,0.8,0.4,0.3,0.1
640,826648048,5822644363,0,23.839985920633737,0.2,0.3,0.4,0.1
641,826648048,21309372,0,13.982467241321983,0.8,0.3,0.4,0.1
642,826648048,5822644367,0,17.78840654062551,0.8,0.9,0.1,0.1
643,5822644363,826648048,0,23.839985920633737,0.2,0.3,0.4,0.1
644,5822644363,5822644348,0,13.949919150422224,0.2,0.9,0.1,0.1
645,5822644363,12595689538,0,21.822793961579958,0.2,0.3,0.4,0.1
646,5822644363,5919449209,0,49.76558635530472,0.2,0.9,0.1,0.1
647,5822644367,826648048,0,17.78840654062551,0.8,0.9,0.1,0.1
648,5822644367,826648042,0,23.36819331225753,0.8,0.9,0.1,0.1
649,5822644367,5822644358,0,22.171123777808827,0.8,0.9,0.1,0.1
650,26466665,1080015188,0,48.345630092227566,0.2,0.4,0.3,0.1
651,26466665,21309452,0,26.328878390619657,0.2,0.3,0.7,0.1
652,26466665,12248092928,0,29.061480367797927,0.2,0.3,0.7,0.1
653,1080015188,26466665,0,48.34563009222756,0.2,0.4,0.3,0.1
654,1080015188,1081318805,0,33.089864631904746,0.2,0.6,0.4,0.1
655,1080015188,10816632963,0,63.50876583428857,0.2,0.6,0.4,0.1
656,12248092928,21309748,0,55.24815390206593,0.8,0.3,0.7,0.1
657,12248092928,26466665,0,29.061480367797927,0.2,0.3,0.7,0.1
658,12248092928,12248092926,0,12.540787996397814,0.8,0.9,0.1,0.1
659,21309820,21309822,0,9.055245902907405,0.8,0.3,0.7,0.1
660,21309820,5905199219,0,12.120652174101705,0.8,0.3,0.7,0.1
661,21309820,21309748,0,43.01276472726515,0.8,0.3,0.7,0.1
662,12248092926,12248092928,0,12.540787996397814,0.8,0.9,0.1,0.1
663,21309822,21309820,0,9.055245902907405,0.8,0.3,0.7,0.1
664,21309822,21309823,0,66.80883624898665,0.2,0.4,0.3,0.1
665,21309822,21309821,0,93.05769385644459,0.8,0.3,0.7,0.1
666,5905199219,21309820,0,12.120652174101705,0.8,0.3,0.7,0.1
667,5905199219,4610359742,0,6.79242968092605,0.8,0.3,0.7,0.1
668,5905199219,5905199213,0,6.88019218550482,0.8,0.3,0.7,0.1
669,21309749,365559388,0,12.658519768086325,0.8,0.3,0.7,0.1
670,21309749,4654496419,0,6.3783049824890385,0.8,0.3,0.7,0.1
671,21309749,6111856719,0,5.754088561949804,0.8,0.4,0.3,0.1
672,365559388,21309749,0,12.658519768086325,0.8,0.3,0.7,0.1
673,365559388,1247760876,0,31.432082449045705,0.8,0.4,0.3,0.1
674,365559388,6225987537,0,44.15682015927804,0.8,0.3,0.7,0.1
675,4654496419,21309749,0,6.3783049824890385,0.8,0.3,0.7,0.1
676,4654496419,3860964491,0,15.905974084228689,0.8,0.3,0.7,0.1
677,4654496419,4654496416,0,15.371864095838504,0.8,0.3,0.7,0.1
678,6111856719,21309749,0,5.754088561949804,0.8,0.4,0.3,0.1
679,6111856719,6111856716,0,10.660390231084396,0.8,0.4,0.3,0.1
680,6111856719,6111856710,0,6.604633643430423,0.8,0.4,0.3,0.1
681,1247760876,1247760905,0,5.868664384353735,0.8,0.4,0.3,0.1
682,1247760876,1247760948,0,8.218713590324692,0.8,0.4,0.3,0.1
683,1247760876,365559388,0,31.432082449045705,0.8,0.4,0.3,0.1
684,6225987537,6225987531,0,9.666103824937693,0.8,0.3,0.7,0.1
685,6225987537,6225987532,0,9.81461367315287,0.8,0.3,0.7,0.1
686,6225987537,365559388,0,44.15682015927804,0.8,0.3,0.7,0.1
687,3860964491,4654496419,0,15.905974084228689,0.8,0.3,0.7,0.1
688,3860964491,6111856716,0,13.134629245005243,0.8,0.9,0.1,0.1
689,3860964491,4654496416,0,5.5683315205286,0.8,0.9,0.1,0.1
690,3860964491,5905199213,0,59.383640595535326,0.8,0.3,0.7,0.1
691,4654496416,3860964491,0,5.5683315205286,0.8,0.9,0.1,0.1
692,4654496416,4610359742,0,58.63946811573689,0.8,0.3,0.7,0.1
693,4654496416,4654496419,0,15.371864095838504,0.8,0.3,0.7,0.1
694,6111856716,6111856718,0,2.8690427554774307,0.2,0.4,0.3,0.1
695,6111856716,6111856719,0,10.660390231084396,0.8,0.4,0.3,0.1
696,6111856716,6111856710,0,6.7329170985453475,0.8,0.9,0.1,0.1
697,6111856716,3860964491,0,13.134629245005243,0.8,0.9,0.1,0.1
698,6111856710,6111856716,0,6.7329170985453475,0.8,0.9,0.1,0.1
699,6111856710,6111856719,0,6.604633643430423,0.8,0.4,0.3,0.1
700,6111856710,6111856718,0,8.074995708346755,0.2,0.4,0.3,0.1
701,21309750,1081318790,0,5.401961299861645,0.2,0.6,0.4,0.1
702,21309750,6471108988,0,21.320969735661667,0.2,0.3,0.7,0.1
703,21309750,364165253,0,33.33751848738481,0.2,0.3,0.7,0.1
704,1081318790,21309750,0,5.401961299861645,0.2,0.6,0.4,0.1
705,1081318790,1281318363,0,38.69910170311863,0.2,0.9,0.1,0.1
706,1081318790,374166815,0,20.782030660004963,0.2,0.6,0.4,0.1
707,1081318790,3332266267,0,37.66790065408331,0.2,0.9,0.1,0.1
708,6471108988,3332266271,0,54.47030052091708,0.8,0.3,0.7,0.1
709,6471108988,21309750,0,21.320969735661667,0.2,0.3,0.7,0.1
710,6471108988,1281318363,0,17.281620490916932,0.2,0.3,0.7,0.1
711,364165253,3332266267,0,7.789349953923451,0.2,0.6,0.4,0.1
712,364165253,3332266272,0,7.82670860725016,0.8,0.3,0.7,0.1
713,364165253,21309750,0,33.33751848738481,0.2,0.3,0.7,0.1
714,1281318363,1081318790,0,38.69910170311863,0.2,0.9,0.1,0.1
715,1281318363,6225987538,0,26.45124565107333,0.2,0.3,0.7,0.1
716,1281318363,3332266270,0,68.54678066374187,0.2,0.9,0.1,0.1
717,1281318363,6471108988,0,17.281620490916932,0.2,0.3,0.7,0.1
718,374166815,2743760828,0,71.67845106973328,0.2,0.6,0.4,0.1
719,374166815,287226633,0,72.53163610803604,0.2,0.6,0.4,0.1
720,374166815,1081318790,0,20.782030660004963,0.2,0.6,0.4,0.1
721,3332266267,364165253,0,7.789349953923451,0.2,0.6,0.4,0.1
722,3332266267,3332266269,0,8.410752308409855,0.2,0.9,0.1,0.1
723,3332266267,287226719,0,50.04293475493353,0.2,0.6,0.4,0.1
724,3332266267,1081318790,0,37.66790065408331,0.2,0.9,0.1,0.1
725,3332266271,287226495,0,8.247266841351841,0.8,0.3,0.7,0.1
726,3332266271,3332266270,0,4.944406795722346,0.2,0.9,0.1,0.1
727,3332266271,6471108988,0,54.47030052091708,0.8,0.3,0.7,0.1
728,3332266271,3332266272,0,14.677487997333657,0.8,0.9,0.1,0.3
729,21309823,1079382178,0,32.130281467631654,0.2,0.6,0.4,0.1
730,21309823,21309822,0,66.80883624898665,0.2,0.4,0.3,0.1
731,21309823,1080015181,0,18.982730138543964,0.2,0.6,0.4,0.1
732,21309821,30239268,0,38.034256372002176,0.8,0.4,0.3,0.1
733,21309821,1227136503,0,45.42451546885198,0.2,0.3,0.7,0.1
734,21309821,1247760948,0,16.536042432010078,0.8,0.4,0.3,0.1
735,21309821,21309822,0,93.05769385644459,0.8,0.3,0.7,0.1
736,4610359742,5905199219,0,6.79242968092605,0.8,0.3,0.7,0.1
737,4610359742,4654496416,0,58.63946811573689,0.8,0.3,0.7,0.1
738,4610359742,5905199213,0,4.343557573595995,0.8,0.9,0.1,0.1
739,5905199213,4610359742,0,4.343557573595995,0.8,0.9,0.1,0.1
740,5905199213,3860964491,0,59.38364059553531,0.8,0.3,0.7,0.1
741,5905199213,5905199219,0,6.88019218550482,0.8,0.3,0.7,0.1
742,30239268,21309821,0,38.034256372002176,0.8,0.4,0.3,0.1
743,30239268,30239270,0,66.66095847273377,0.2,0.6,0.4,0.1
744,30239268,30239256,0,27.815436030439443,0.2,0.9,0.1,0.1
745,1227136503,21309821,0,45.42451546885198,0.2,0.3,0.7,0.1
746,1227136503,5359925883,0,20.693938956866884,0.2,0.3,0.7,0.1
747,1227136503,1227136451,0,65.58778078453197,0.2,0.6,0.4,0.1
748,1247760948,1247760876,0,8.218713590324692,0.8,0.4,0.3,0.1
749,1247760948,21309821,0,16.536042432010078,0.8,0.4,0.3,0.1
750,1247760948,1247761041,0,11.446215234301603,0.8,0.4,0.3,0.1
751,30239270,1079382178,0,9.054472539676524,0.2,0.6,0.4,0.1
752,30239270,30239268,0,66.66095847273377,0.2,0.6,0.4,0.1
753,30239270,30239256,0,47.465270162730185,0.2,0.6,0.4,0.1
754,30239256,30239270,0,47.465270162730185,0.2,0.6,0.4,0.1
755,30239256,1079382215,0,7.655257290551127,0.2,0.6,0.4,0.1
756,30239256,30239268,0,27.815436030439443,0.2,0.9,0.1,0.1
757,5359925883,1227136503,0,20.693938956866884,0.2,0.3,0.7,0.1
758,5359925883,30239264,0,31.941357982846863,0.2,0.3,0.7,0.1
759,5359925883,5359925880,0,24.109435934878366,0.8,0.4,0.3,0.1
760,1227136451,1079382215,0,34.18652538618526,0.2,0.6,0.4,0.1
761,1227136451,1227136503,0,65.58778078453197,0.2,0.6,0.4,0.1
762,1247761041,1247760948,0,11.446215234301603,0.8,0.4,0.3,0.1
763,1079382178,21309823,0,32.130281467631654,0.2,0.6,0.4,0.1
764,1079382178,30239270,0,9.054472539676524,0.2,0.6,0.4,0.1
765,1079382178,10816643847,0,4.216586148880981,0.2,0.4,0.3,0.1
766,1080015181,6211575728,0,31.487626680985564,0.2,0.4,0.3,0.1
767,1080015181,21309823,0,18.982730138543964,0.2,0.6,0.4,0.1
768,1080015181,10816632963,0,15.49171820492629,0.2,0.6,0.4,0.1
769,10816643847,1079382178,0,4.216586148880981,0.2,0.4,0.3,0.1
770,10816643847,10816643907,0,8.81023137836541,0.8,0.4,0.3,0.1
771,10816643847,10816643874,0,8.823295797527134,0.8,0.9,0.1,0.1
772,10816643847,10816643839,0,51.83112083676238,0.8,0.9,0.1,0.1
773,6211575728,1080015181,0,31.487626680985564,0.2,0.4,0.3,0.1
774,10816632963,10816643038,0,9.51785772820055,0.2,0.4,0.3,0.1
775,10816632963,1080015188,0,63.50876583428857,0.2,0.6,0.4,0.1
776,10816632963,1080015181,0,15.49171820492629,0.2,0.6,0.4,0.1
777,859323223,859323071,0,102.98675752117053,0.8,0.4,0.3,0.1
778,859323223,2882617932,0,11.72161889585286,0.8,0.4,0.3,0.1
779,859323223,2882617940,0,47.16763002947642,0.8,0.4,0.3,0.1
780,835468062,21591973,0,7.298544405774302,0.8,0.4,0.3,0.1
781,835468062,3980721935,0,16.485420556916146,0.8,0.6,0.4,0.1
782,3980721935,835468062,0,16.485420556916146,0.8,0.6,0.4,0.1
783,3980721935,835468061,0,18.75296346946253,0.8,0.6,0.4,0.1
784,3980721935,3980721951,0,14.328304790996972,0.8,0.9,0.1,0.1
785,262442627,25280232,0,9.843514562279045,0.2,0.4,0.3,0.1
786,262442627,25280227,0,49.07514655208435,0.2,0.4,0.3,0.1
787,262442627,262442694,0,38.52133007291603,0.8,0.9,0.1,0.1
788,262442297,25280228,0,41.13079659845923,0.8,0.9,0.1,0.1
789,262442297,25280232,0,41.96152775118982,0.2,0.9,0.1,0.1
790,262442297,25280227,0,42.11109616028839,0.2,0.9,0.1,0.1
791,262442297,25280229,0,40.991547871483604,0.8,0.9,0.1,0.1
792,287226447,5750157404,0,58.003332723930214,0.8,0.9,0.1,0.3
793,287226447,25280227,0,87.43138095068281,0.2,0.6,0.4,0.2
794,287226447,5750157402,0,7.640339201781957,0.8,0.6,0.4,0.2
795,262442694,2515293881,0,18.52448230892557,0.8,0.9,0.1,0.3
796,262442694,262442627,0,38.52133007291602,0.8,0.9,0.1,0.1
797,262442694,2515293876,0,61.182855986505885,0.8,0.9,0.1,0.3
798,25280229,5111590153,0,34.938768149290205,0.8,0.6,0.4,0.1
799,25280229,25280232,0,58.53173423972486,0.2,0.4,0.3,0.1
800,25280229,25280228,0,58.92598067061114,0.8,0.4,0.3,0.1
801,25280229,25280231,0,124.46905147716612,0.8,0.4,0.3,0.1
802,25280229,262442297,0,40.991547871483604,0.8,0.9,0.1,0.1
803,5750157404,3860908599,0,26.962588499278752,0.8,0.9,0.1,0.3
804,5750157404,1280853191,0,24.1779376130943,0.8,0.9,0.1,0.3
805,5750157404,287226447,0,58.00333272393023,0.8,0.9,0.1,0.3
806,5750157402,287226447,0,7.640339201781957,0.8,0.6,0.4,0.2
807,5111590153,2179077577,0,26.727723310161455,0.8,0.4,0.3,0.3
808,5111590153,25280229,0,34.938768149290205,0.8,0.6,0.4,0.1
809,5111590153,2179076283,0,19.64465900908515,0.8,0.9,0.1,0.3
810,25280231,2433778874,0,5.062507557395503,0.2,0.4,0.3,0.1
811,25280231,2179076476,0,35.7742410121069,0.2,0.6,0.4,0.1
812,25280231,25280229,0,124.46905147716612,0.8,0.4,0.3,0.1
813,2179077577,5111590153,0,26.727723310161455,0.8,0.4,0.3,0.3
814,2179076476,25280231,0,35.7742410121069,0.2,0.6,0.4,0.1
815,2179076476,2204308509,0,31.080787951990676,0.2,0.6,0.4,0.1
816,2179076476,2179076502,0,71.86006542231246,0.2,0.6,0.4,0.3
817,2179076476,6284335747,0,29.3589316230205,0.2,0.4,0.3,0.1
818,2204308509,2179076476,0,31.080787951990676,0.2,0.6,0.4,0.1
819,2204308509,2204308507,0,14.176737155741964,0.2,0.6,0.4,0.3
820,2204308509,6284334868,0,4.077675933306456,0.2,0.4,0.3,0.3
821,2179076502,3860890366,0,8.964489020359103,0.8,0.9,0.1,0.2
822,2179076502,2433821544,0,60.13133196094268,0.8,0.9,0.1,0.3
823,2179076502,3860890364,0,8.124772550885382,0.2,0.6,0.4,0.1
824,2179076502,2179076476,0,71.86006542231246,0.2,0.6,0.4,0.3
825,6284335747,6284335748,0,5.213042198906101,0.8,0.4,0.3,0.1
826,6284335747,6284335749,0,22.64019963065853,0.8,0.4,0.3,0.1
827,6284335747,2179076476,0,29.3589316230205,0.2,0.4,0.3,0.1
828,26151671,1081318900,0,12.217622570477415,0.2,0.6,0.4,0.1
829,26151671,293091734,0,71.03959101248809,0.2,0.6,0.4,0.1
830,26151671,264261495,0,61.71439712943897,0.2,0.6,0.4,0.1
831,1081318900,26151671,0,12.217622570477415,0.2,0.6,0.4,0.1
832,1081318900,1081318805,0,8.246773661527905,0.2,0.6,0.4,0.1
833,293091734,943619136,0,48.41493608211785,0.8,0.6,0.4,0.1
834,293091734,26151671,0,71.03959101248809,0.2,0.6,0.4,0.1
835,264261495,26151671,0,61.71439712943897,0.2,0.6,0.4,0.1
836,1081318805,1081318900,0,8.246773661527905,0.2,0.6,0.4,0.1
837,1081318805,10816643047,0,3.66039090447884,0.2,0.4,0.3,0.1
838,1081318805,1080015188,0,33.089864631904746,0.2,0.6,0.4,0.1
839,943619136,293091734,0,48.41493608211785,0.8,0.6,0.4,0.1
840,1079382215,1227136451,0,34.18652538618526,0.2,0.6,0.4,0.1
841,1079382215,30239256,0,7.655257290551127,0.2,0.6,0.4,0.1
842,1079382215,1079382140,0,25.994070531703407,0.2,0.4,0.3,0.1
843,1079382140,1079382215,0,25.994070531703407,0.2,0.4,0.3,0.1
844,30239264,5359925883,0,31.941357982846863,0.2,0.3,0.7,0.1
845,30239264,2743760828,0,23.3553071827553,0.2,0.3,0.7,0.1
846,2743760828,374166815,0,71.67845106973328,0.2,0.6,0.4,0.1
847,2743760828,30239264,0,23.3553071827553,0.2,0.3,0.7,0.1
848,5359925880,5359925883,0,24.109435934878363,0.8,0.4,0.3,0.1
849,262442011,1280821711,0,44.58830042573078,0.8,0.4,0.3,0.1
850,262442011,117677937,0,17.064524755534038,0.8,0.4,0.3,0.1
851,262442011,5061066670,0,71.07511621341844,0.8,0.4,0.3,0.1
852,1242132572,117678033,0,70.8518991425314,0.2,0.4,0.3,0.1
853,1242132572,117677937,0,14.162487475821793,0.8,0.4,0.3,0.1
854,1242132572,5832845881,0,42.428382644985504,0.8,0.9,0.1,0.1
855,1242132572,1242132604,0,5.1635840884136766,0.8,0.9,0.1,0.1
856,1280821711,262442011,0,44.58830042573078,0.8,0.4,0.3,0.1
857,1280821711,117677944,0,13.051500058374954,0.2,0.4,0.3,0.1
858,1280821711,6327222250,0,17.581881368463012,0.8,0.4,0.3,0.1
859,117678033,1242132572,0,70.8518991425314,0.2,0.4,0.3,0.1
860,5832845881,117678115,0,42.2952165842662,0.8,0.9,0.1,0.1
861,5832845881,1242132572,0,42.428382644985504,0.8,0.9,0.1,0.1
862,5832845881,5832845874,0,113.64744169250251,0.2,0.9,0.1,0.1
863,117677944,1280821682,0,11.612922775170016,0.2,0.4,0.3,0.1
864,117677944,1280821711,0,13.051500058374954,0.2,0.4,0.3,0.1
865,117677944,6327222249,0,14.8991129573181,0.2,0.4,0.3,0.1
866,117677944,5425642852,0,32.95001661900871,0.2,0.4,0.3,0.1
867,1280821682,117677944,0,11.612922775170016,0.2,0.4,0.3,0.1
868,1280821682,117677946,0,10.710952110258463,0.2,0.4,0.3,0.1
869,1280821682,5834930883,0,35.59887920989091,0.8,0.4,0.3,0.1
870,6327222249,117677944,0,14.8991129573181,0.2,0.4,0.3,0.1
871,5425642852,5425642851,0,11.947092140528827,0.2,0.4,0.3,0.1
872,5425642852,5832845874,0,25.61067830956707,0.2,0.4,0.3,0.1
873,5425642852,117677944,0,32.95001661900871,0.2,0.4,0.3,0.1
874,117677946,1280821682,0,10.710952110258463,0.2,0.4,0.3,0.1
875,117677946,117678047,0,32.3553877934063,0.2,0.4,0.3,0.1
876,117677946,117677950,0,73.73230482310778,0.2,0.4,0.3,0.1
877,5834930883,1280821716,0,23.549623820996928,0.8,0.9,0.1,0.1
878,5834930883,117678047,0,13.067650314186773,0.2,0.9,0.1,0.1
879,5834930883,1280821682,0,35.5988792098909,0.8,0.4,0.3,0.1
880,6327222250,1280821711,0,17.581881368463012,0.8,0.4,0.3,0.1
881,5425642851,5425642852,0,11.947092140528827,0.2,0.4,0.3,0.1
882,5832845874,5425642850,0,16.694104784073616,0.2,0.4,0.3,0.1
883,5832845874,5425642852,0,25.61067830956707,0.2,0.4,0.3,0.1
884,5832845874,5832845881,0,113.64744169250251,0.2,0.9,0.1,0.1
885,117678047,117677946,0,32.3553877934063,0.2,0.4,0.3,0.1
886,117678047,5834930883,0,13.067650314186773,0.2,0.9,0.1,0.1
887,117678047,5834930882,0,24.586905565949348,0.2,0.4,0.3,0.1
888,117677950,117677951,0,57.93960211019579,0.2,0.4,0.3,0.1
889,117677950,5834330514,0,60.52039865456928,0.2,0.6,0.3,0.3
890,117677950,117677946,0,73.73230482310778,0.2,0.4,0.3,0.1
891,5834930882,117678043,0,19.397281512673498,0.2,0.4,0.3,0.1
892,5834930882,1280821716,0,13.766649946723774,0.2,0.9,0.1,0.1
893,5834930882,117678047,0,24.586905565949348,0.2,0.4,0.3,0.1
894,5834930882,6281096613,0,13.600881769030686,0.2,0.9,0.1,0.1
895,117677951,117677950,0,57.93960211019579,0.2,0.4,0.3,0.1
896,117677951,6407359799,0,5.42894055971518,0.2,0.6,0.4,0.1
897,117677951,6283115514,0,30.88353743858338,0.2,0.4,0.3,0.1
898,5834330514,5834330513,0,15.926856272644104,0.2,0.4,0.3,0.3
899,5834330514,12750591314,0,45.00450839935398,0.2,0.6,0.3,0.3
900,5834330514,117677950,0,60.52039865456928,0.2,0.6,0.3,0.3
901,6407359799,117677951,0,5.42894055971518,0.2,0.6,0.4,0.1
902,6407359799,6281096610,0,16.231956175339437,0.2,0.6,0.4,0.1
903,6407359799,6281096609,0,28.888227115189654,0.2,0.9,0.1,0.1
904,6283115514,6283115512,0,6.27569816925353,0.8,0.4,0.3,0.1
905,6283115514,117677951,0,30.88353743858338,0.2,0.4,0.3,0.1
906,5834330513,5834330514,0,15.926856272644104,0.2,0.4,0.3,0.3
907,12750591314,12750591315,0,4.3986274042838325,0.2,0.9,0.1,0.3
908,12750591314,117677989,0,18.424645797440753,0.2,0.6,0.3,0.1
909,12750591314,5834330514,0,45.00450839935398,0.2,0.6,0.3,0.3
910,6281096610,6407359799,0,16.231956175339437,0.2,0.6,0.4,0.1
911,6281096610,5834330523,0,57.64957939291605,0.2,0.6,0.4,0.1
912,6281096610,6281096609,0,32.89252414794372,0.2,0.9,0.1,0.1
913,6281096609,6281096610,0,32.89252414794372,0.2,0.9,0.1,0.1
914,6281096609,12989585399,0,3.148820373103323,0.8,0.9,0.1,0.2
915,6281096609,6407359799,0,28.888227115189654,0.2,0.9,0.1,0.1
916,6283115512,6283115514,0,6.27569816925353,0.8,0.4,0.3,0.1
917,117677976,5834330502,0,14.83382571369489,0.2,0.6,0.4,0.2
918,117677976,1280813728,0,34.373130731701906,0.2,0.6,0.4,0.2
919,117677976,5834330531,0,81.37050881367641,0.2,0.4,0.3,0.2
920,5834330502,1280813726,0,39.557474669871105,0.2,0.6,0.4,0.1
921,5834330502,117677976,0,14.833825713694889,0.2,0.6,0.4,0.2
922,5834330502,6281096660,0,77.34389535849431,0.2,0.4,0.3,0.1
923,1280813728,5834330523,0,7.302046619145691,0.2,0.6,0.4,0.1
924,1280813728,117677976,0,34.373130731701906,0.2,0.6,0.4,0.2
925,1280813728,1280813726,0,67.96405990970541,0.2,0.9,0.1,0.1
926,5834330531,5834330523,0,30.056381385288947,0.2,0.9,0.1,0.2
927,5834330531,12989585399,0,67.93790014592845,0.8,0.4,0.3,0.2
928,5834330531,117677976,0,81.37050881367642,0.2,0.4,0.3,0.2
929,1280813726,5834330502,0,39.557474669871105,0.2,0.6,0.4,0.1
930,1280813726,117677989,0,3.7342630088692683,0.2,0.6,0.4,0.1
931,1280813726,1280813728,0,67.9640599097054,0.2,0.9,0.1,0.1
932,6281096660,5834330512,0,8.053027349243253,0.2,0.4,0.3,0.1
933,6281096660,5834330502,0,77.34389535849431,0.2,0.4,0.3,0.1
934,6281096660,6281096653,0,11.903770650594526,0.2,0.9,0.1,0.1
935,5834330523,6281096610,0,57.64957939291605,0.2,0.6,0.4,0.1
936,5834330523,1280813728,0,7.302046619145691,0.2,0.6,0.4,0.1
937,5834330523,5834330531,0,30.05638138528895,0.2,0.9,0.1,0.2
938,12989585399,6281096609,0,3.148820373103323,0.8,0.9,0.1,0.2
939,12989585399,5834330531,0,67.93790014592847,0.8,0.4,0.3,0.2
940,117677989,1280813726,0,3.7342630088692683,0.2,0.6,0.4,0.1
941,117677989,12750591314,0,18.424645797440753,0.2,0.6,0.3,0.1
942,117677989,5834330512,0,49.18899307529202,0.2,0.6,0.4,0.1
943,5834330512,6281096660,0,8.053027349243253,0.2,0.4,0.3,0.1
944,5834330512,117677996,0,28.52742727802748,0.2,0.6,0.4,0.1
945,5834330512,117677989,0,49.18899307529202,0.2,0.6,0.4,0.1
946,12750591315,12750591314,0,4.3986274042838325,0.2,0.9,0.1,0.3
947,117677996,537157926,0,59.15933149508704,0.2,0.4,0.3,0.1
948,117677996,1280813702,0,51.324426393835424,0.2,0.4,0.3,0.1
949,117677996,5834330512,0,28.52742727802748,0.2,0.6,0.4,0.1
950,537157926,117677996,0,59.15933149508704,0.2,0.4,0.3,0.1
951,537157926,117678004,0,27.531694622241478,0.8,0.4,0.3,0.1
952,537157926,1500366483,0,53.86491325440897,0.8,0.4,0.3,0.1
953,1280813702,117678000,0,17.48146172612635,0.8,0.4,0.3,0.1
954,1280813702,117677996,0,51.324426393835424,0.2,0.4,0.3,0.1
955,1280813702,5834930843,0,23.609104964956487,0.8,0.9,0.1,0.1
956,117678004,117678013,0,46.99168696747999,0.2,0.4,0.3,0.1
957,117678004,1280267499,0,58.80187147372463,0.8,0.4,0.3,0.1
958,117678004,537157926,0,27.531694622241478,0.8,0.4,0.3,0.1
959,117678004,537157945,0,53.12774157917587,0.8,0.4,0.3,0.1
960,117678000,1280267499,0,29.416074145884927,0.8,0.4,0.3,0.1
961,117678000,1280813702,0,17.48146172612635,0.8,0.4,0.3,0.1
962,117678000,13176630418,0,21.98341969666397,0.8,0.4,0.3,0.1
963,5834930843,13176630418,0,12.742817177753722,0.8,0.9,0.1,0.1
964,5834930843,1280813702,0,23.60910496495649,0.8,0.9,0.1,0.1
965,5834930843,5919438953,0,39.77588163933132,0.8,0.9,0.1,0.1
966,1280267499,117678004,0,58.80187147372463,0.8,0.4,0.3,0.1
967,1280267499,117678000,0,29.416074145884927,0.8,0.4,0.3,0.1
968,1280267499,1280267492,0,37.41951403909337,0.8,0.9,0.1,0.1
969,13176630418,5834930843,0,12.742817177753722,0.8,0.9,0.1,0.1
970,13176630418,117678000,0,21.98341969666397,0.8,0.4,0.3,0.1
971,13176630418,1280267492,0,41.30343353460481,0.8,0.9,0.1,0.1
972,13176630418,2045184012,0,19.14729744864398,0.8,0.4,0.3,0.2
973,1280267492,5834930803,0,50.862419241295456,0.8,0.9,0.1,0.1
974,1280267492,13176630418,0,41.30343353460481,0.8,0.9,0.1,0.1
975,1280267492,1280267499,0,37.41951403909336,0.8,0.9,0.1,0.1
976,1280267492,2519732440,0,21.495640883597027,0.8,0.9,0.1,0.1
977,2045184012,5919438953,0,24.721747306291917,0.8,0.4,0.3,0.2
978,2045184012,5448085793,0,22.516810321741914,0.8,0.4,0.3,0.2
979,2045184012,13176630418,0,19.14729744864398,0.8,0.4,0.3,0.2
980,117678013,117678004,0,46.99168696747999,0.2,0.4,0.3,0.1
981,117678013,1280267501,0,8.287011638934853,0.2,0.4,0.3,0.2
982,117678013,1500366483,0,17.222705901316527,0.2,0.4,0.3,0.1
983,537157945,5834930818,0,30.67166464294779,0.2,0.4,0.3,0.2
984,537157945,117678004,0,53.12774157917587,0.8,0.4,0.3,0.1
985,537157945,537157950,0,43.677090945701714,0.8,0.4,0.3,0.1
986,1280267501,117678013,0,8.287011638934853,0.2,0.4,0.3,0.2
987,1280267501,537157950,0,33.743512460287185,0.8,0.4,0.3,0.2
988,1280267501,12461273922,0,34.03823660524075,0.2,0.9,0.1,0.2
989,5834930818,537141811,0,46.66777715769157,0.8,0.4,0.3,0.1
990,5834930818,537157945,0,30.671664642947785,0.2,0.4,0.3,0.2
991,5834930818,5834930803,0,13.922479234366637,0.8,0.9,0.1,0.2
992,537157950,1280267501,0,33.743512460287185,0.8,0.4,0.3,0.2
993,537157950,537157945,0,43.67709094570171,0.8,0.4,0.3,0.1
994,12461273922,8942202643,0,21.216188197805792,0.2,0.9,0.1,0.3
995,12461273922,1280267501,0,34.03823660524075,0.2,0.9,0.1,0.2
996,12461273922,12461273917,0,22.31367265673332,0.2,0.9,0.1,0.1
997,117678036,2533775206,0,26.760595109098606,0.2,0.4,0.3,0.1
998,2533775206,5834930877,0,37.127157381456946,0.8,0.4,0.3,0.1
999,2533775206,117678036,0,26.760595109098606,0.2,0.4,0.3,0.1
1000,2533775206,5919438954,0,13.982799997836693,0.8,0.4,0.3,0.1
1001,5834930877,2533775206,0,37.127157381456946,0.8,0.4,0.3,0.1
1002,5834930877,5919438953,0,5.046950730525594,0.8,0.4,0.3,0.2
1003,5834930877,5834930878,0,8.756290214110395,0.8,0.4,0.3,0.2
1004,5919438954,2533775206,0,13.982799997836693,0.8,0.4,0.3,0.1
1005,5919438954,5061067470,0,29.806381515945684,0.8,0.9,0.1,0.1
1006,5919438954,1280821651,0,30.995050950537266,0.8,0.4,0.3,0.3
1007,117678038,5834930881,0,2.3275151610869087,0.2,0.4,0.3,0.1
1008,117678038,6258642284,0,27.802692140163643,0.2,0.4,0.3,0.1
1009,117678038,6258646185,0,15.279935789638062,0.2,0.4,0.3,0.1
1010,5834930881,11776527150,0,1.107425238994889,0.2,0.4,0.3,0.1
1011,5834930881,117678038,0,2.3275151610869087,0.2,0.4,0.3,0.1
1012,5834930881,5834930880,0,18.42294011795454,0.2,0.9,0.1,0.1
1013,6258642284,117678038,0,27.802692140163643,0.2,0.4,0.3,0.1
1014,6258642284,5061067239,0,5.127586554997375,0.2,0.4,0.3,0.1
1015,6258642284,6258642280,0,11.521394485538346,0.2,0.9,0.1,0.1
1016,6258646185,6258642278,0,26.220079116404204,0.8,0.4,0.3,0.1
1017,6258646185,117678038,0,15.279935789638062,0.2,0.4,0.3,0.1
1018,6258646185,6258646186,0,25.744831707323016,0.8,0.4,0.3,0.1
1019,11776527150,5834930881,0,1.107425238994889,0.2,0.4,0.3,0.1
1020,11776527150,117678043,0,24.732712933349298,0.2,0.4,0.3,0.1
1021,11776527150,11776527151,0,21.013310741379122,0.2,0.4,0.3,0.1
1022,5834930880,5061066696,0,34.81183345473853,0.8,0.9,0.1,0.1
1023,5834930880,1280821715,0,23.54675380520728,0.8,0.9,0.1,0.1
1024,5834930880,5834930881,0,18.42294011795454,0.2,0.9,0.1,0.1
1025,5061067239,6258642284,0,5.127586554997375,0.2,0.4,0.3,0.1
1026,5061067239,5061066696,0,20.066436376964607,0.2,0.9,0.1,0.1
1027,5061067239,5061067317,0,32.77140270639159,0.2,0.4,0.3,0.1
1028,6258642280,6258642278,0,7.702565881388928,0.8,0.4,0.3,0.1
1029,6258642280,6258642278,1,7.717675933331325,0.8,0.9,0.1,0.1
1030,6258642280,6258642284,0,11.521394485538346,0.2,0.9,0.1,0.1
1031,6258642278,6258646185,0,26.220079116404204,0.8,0.4,0.3,0.1
1032,6258642278,6258642280,0,7.717675933331325,0.8,0.9,0.1,0.1
1033,6258642278,6258642280,1,7.702565881388927,0.8,0.4,0.3,0.1
1034,6258646186,6258646185,0,25.744831707323016,0.8,0.4,0.3,0.1
1035,117678043,5834930882,0,19.397281512673498,0.2,0.4,0.3,0.1
1036,117678043,1280821715,0,15.4370836902091,0.2,0.9,0.1,0.1
1037,117678043,11776527150,0,24.732712933349298,0.2,0.4,0.3,0.1
1038,1280821715,5834930880,0,23.54675380520728,0.8,0.9,0.1,0.1
1039,1280821715,1280821716,0,17.12249872066351,0.8,0.9,0.1,0.1
1040,1280821715,117678043,0,15.4370836902091,0.2,0.9,0.1,0.1
1041,1280821716,1280821715,0,17.12249872066351,0.8,0.9,0.1,0.1
1042,1280821716,5834930883,0,23.549623820996928,0.8,0.9,0.1,0.1
1043,1280821716,5834930882,0,13.766649946723774,0.2,0.9,0.1,0.1
1044,6281096613,5834930882,0,13.600881769030684,0.2,0.9,0.1,0.1
1045,11776527151,11776527150,0,21.013310741379122,0.2,0.4,0.3,0.1
1046,117678074,117678111,0,92.13692223504823,0.2,0.4,0.3,0.1
1047,117678074,5425642850,0,34.86346711840699,0.2,0.4,0.3,0.1
1048,117678111,1282009243,0,92.54127285645497,0.8,0.4,0.3,0.1
1049,117678111,117678115,0,22.926462165056304,0.8,0.4,0.3,0.1
1050,117678111,117678074,0,92.13692223504823,0.2,0.4,0.3,0.1
1051,5425642850,117678074,0,34.86346711840699,0.2,0.4,0.3,0.1
1052,5425642850,5832845874,0,16.694104784073616,0.2,0.4,0.3,0.1
1053,5425642850,6403206657,0,15.007310664689614,0.2,0.4,0.3,0.1
1054,1282009243,117678111,0,92.54127285645497,0.8,0.4,0.3,0.1
1055,1282009243,1282009249,0,17.68626428774794,0.8,0.4,0.3,0.1
1056,1282009243,5832538474,0,90.95031911179353,0.8,0.4,0.3,0.1
1057,117678115,117678111,0,22.926462165056304,0.8,0.4,0.3,0.1
1058,117678115,5832845881,0,42.2952165842662,0.8,0.9,0.1,0.1
1059,117678115,5832845865,0,19.502779922785592,0.8,0.9,0.1,0.1
1060,6403206657,6403206658,0,23.106498423751436,0.8,0.4,0.3,0.1
1061,6403206657,6403206658,1,62.98537976817357,0.8,0.4,0.3,0.1
1062,6403206657,5425642850,0,15.007310664689612,0.2,0.4,0.3,0.1
1063,1282009249,1282009249,0,77.86667534469409,0.8,0.4,0.3,0.1
1064,1282009249,1282009249,1,77.86667534469409,0.8,0.4,0.3,0.1
1065,1282009249,1282009243,0,17.68626428774794,0.8,0.4,0.3,0.1
1066,5832538474,1282009243,0,90.95031911179353,0.8,0.4,0.3,0.1
1067,5832845865,5832845867,0,18.16089336512149,0.8,0.4,0.3,0.1
1068,5832845865,5832845867,1,65.43371682300558,0.8,0.4,0.3,0.1
1069,5832845865,117678115,0,19.502779922785592,0.8,0.9,0.1,0.1
1070,5832845867,6403206658,0,18.116097232039714,0.8,0.4,0.3,0.1
1071,5832845867,5832845865,0,18.16089336512149,0.8,0.4,0.3,0.1
1072,5832845867,5832845865,1,65.43371682300558,0.8,0.4,0.3,0.1
1073,2045184023,247834407,0,12.201456163052812,0.8,0.4,0.3,0.1
1074,2045184023,2045184010,0,42.84402516310358,0.8,0.4,0.3,0.1
1075,2045184023,435846358,0,23.889674402762864,0.8,0.4,0.3,0.1
1076,1382252976,9809981567,0,79.50532970764483,0.8,0.4,0.3,0.3
1077,1382252976,247834407,0,128.8609453275907,0.2,0.9,0.1,0.3
1078,1382252976,1280853173,0,30.62910097867408,0.8,0.9,0.1,0.1
1079,2045184010,2045184023,0,42.84402516310358,0.8,0.4,0.3,0.1
1080,2045184010,2045184014,0,5.7926929854956395,0.8,0.4,0.3,0.1
1081,2045184010,2045184007,0,10.835553710654267,0.8,0.4,0.3,0.1
1082,1280853173,6937982874,0,38.589339164020295,0.8,0.9,0.1,0.3
1083,1280853173,1382252976,0,30.62910097867408,0.8,0.9,0.1,0.1
1084,1280853173,645089864,0,54.872188289798665,0.8,0.9,0.1,0.3
1085,247834447,9809981557,0,1.2714603002630795,0.8,0.4,0.3,0.1
1086,247834447,9809981567,0,4.692471994878426,0.8,0.4,0.3,0.1
1087,247834447,2268865236,0,12.1841203712197,0.8,0.9,0.1,0.1
1088,9809981557,247834447,0,1.2714603002630795,0.8,0.4,0.3,0.1
1089,9809981557,9809981574,0,49.226352867177354,0.8,0.4,0.3,0.1
1090,9809981557,5919449223,0,57.79574051648841,0.2,0.4,0.3,0.3
1091,2268865236,247834447,0,12.1841203712197,0.8,0.9,0.1,0.1
1092,9809981574,9809981557,0,49.226352867177354,0.8,0.4,0.3,0.1
1093,5919449223,993186001,0,59.757576570015026,0.2,0.4,0.3,0.3
1094,5919449223,9809981557,0,57.79574051648841,0.2,0.4,0.3,0.3
1095,5919449223,11786838687,0,107.40897460757182,0.2,0.4,0.3,0.3
1096,6056055380,262441802,0,14.789106125127788,0.8,0.9,0.1,0.3
1097,262440061,12992899143,0,47.70346112506296,0.8,0.9,0.1,0.3
1098,262440061,3860810901,0,39.60680150457772,0.8,0.9,0.1,0.3
1099,262440061,262441802,0,30.961971355258818,0.8,0.9,0.1,0.3
1100,12992899143,5448085793,0,4.70295943131223,0.8,0.4,0.3,0.3
1101,12992899143,3860810901,0,26.521420660242743,0.8,0.4,0.3,0.3
1102,12992899143,262440061,0,47.70346112506296,0.8,0.9,0.1,0.3
1103,5448085793,2045184012,0,22.516810321741914,0.8,0.4,0.3,0.2
1104,5448085793,12992899143,0,4.70295943131223,0.8,0.4,0.3,0.3
1105,5448085793,5448085792,0,14.305480963618688,0.8,0.4,0.3,0.3
1106,2533775204,3860810901,0,7.2075443991855765,0.2,0.4,0.3,0.1
1107,262441816,1280821651,0,20.972657471500522,0.8,0.4,0.3,0.3
1108,1280674367,5061066670,0,30.61238762657679,0.8,0.4,0.3,0.1
1109,262442261,262442266,0,56.56648037266385,0.2,0.6,0.4,0.1
1110,262442261,287226297,0,6.664661611080928,0.2,0.6,0.4,0.1
1111,262442261,10901402911,0,18.118140145084592,0.2,0.4,0.3,0.1
1112,262442266,262442262,0,54.894508222675015,0.2,0.6,0.4,0.1
1113,262442266,262442261,0,56.56648037266385,0.2,0.6,0.4,0.1
1114,262442266,5435157624,0,13.350680047633025,0.2,0.6,0.4,0.1
1115,287226297,262442261,0,6.664661611080928,0.2,0.6,0.4,0.1
1116,10901402910,10901402911,0,23.514263616184763,0.8,0.4,0.3,0.1
1117,2204308507,2204308509,0,14.176737155741964,0.2,0.6,0.4,0.3
1118,2204308507,364165243,0,27.237631578225542,0.2,0.6,0.4,0.1
1119,2204308507,6284334867,0,5.138976634110533,0.2,0.4,0.3,0.3
1120,5435157625,5435157624,0,4.362302194663907,0.2,0.4,0.3,0.1
1121,2433764834,2433764766,0,1.7639237626078903,0.8,0.9,0.1,0.1
1122,2433764834,2433764742,0,11.046318406790931,0.8,0.9,0.1,0.1
1123,2433764834,2433764639,0,47.479732547946014,0.8,0.9,0.1,0.1
1124,2433764671,2433764742,0,15.496319905969704,0.8,0.9,0.1,0.1
1125,2433764671,2433764880,0,83.11336253153658,0.8,0.9,0.1,0.1
1126,2433764671,2433764639,0,51.50156806157139,0.8,0.9,0.1,0.1
1127,2515293881,262442695,0,16.831893647385353,0.8,0.9,0.1,0.3
1128,2515293881,262442694,0,18.52448230892557,0.8,0.9,0.1,0.3
1129,2515293881,6047257804,0,88.34216335100228,0.8,0.9,0.1,0.3
1130,2515293876,2515293875,0,9.64022301904878,0.8,0.9,0.1,0.3
1131,2515293876,262442698,0,11.111330750647811,0.8,0.9,0.1,0.3
1132,2515293876,262442694,0,61.18285598650587,0.8,0.9,0.1,0.3
1133,262442695,2515293881,0,16.831893647385353,0.8,0.9,0.1,0.3
1134,262442695,2515293875,0,30.520116054521505,0.8,0.9,0.1,0.3
1135,262442695,262442706,0,16.743764575072124,0.8,0.9,0.1,0.3
1136,6047257804,6047257804,0,7.549884232312094,0.8,0.9,0.1,0.3
1137,6047257804,6047257804,1,7.549884232312093,0.8,0.9,0.1,0.3
1138,6047257804,2515293881,0,88.34216335100228,0.8,0.9,0.1,0.3
1139,2515293875,262442698,0,11.483110440234432,0.8,0.9,0.1,0.3
1140,2515293875,262442695,0,30.520116054521505,0.8,0.9,0.1,0.3
1141,2515293875,2515293876,0,9.64022301904878,0.8,0.9,0.1,0.3
1142,262442698,262442706,0,70.2251839972669,0.8,0.9,0.1,0.3
1143,262442698,2515293875,0,11.483110440234432,0.8,0.9,0.1,0.3
1144,262442698,2515293876,0,11.111330750647811,0.8,0.9,0.1,0.3
1145,282238482,10681863998,0,27.855022641829116,0.8,0.6,0.4,0.1
1146,282238482,282238484,0,107.41966200856103,0.8,0.6,0.4,0.1
1147,282238482,2433764912,0,31.88741633836745,0.8,0.9,0.1,0.1
1148,835468055,2433764623,0,43.02748770450487,0.8,0.6,0.4,0.1
1149,835468055,835468057,0,37.31999247646744,0.8,0.4,0.3,0.1
1150,835468055,282238484,0,61.45349412333963,0.8,0.4,0.3,0.1
1151,10681863998,364165239,0,64.79828025979114,0.8,0.6,0.4,0.1
1152,10681863998,282238482,0,27.855022641829116,0.8,0.6,0.4,0.1
1153,10681863998,10681863994,0,28.590683586830103,0.8,0.4,0.3,0.1
1154,2433764912,282238482,0,31.88741633836745,0.8,0.9,0.1,0.1
1155,2433764912,2433764766,0,28.618698221803434,0.8,0.9,0.1,0.1
1156,2433764912,2433744240,0,90.82361949771817,0.8,0.9,0.1,0.1
1157,10681863994,10681863998,0,28.590683586830103,0.8,0.4,0.3,0.1
1158,2433764766,2433764834,0,1.7639237626078903,0.8,0.9,0.1,0.1
1159,2433764766,2433764912,0,28.618698221803434,0.8,0.9,0.1,0.1
1160,2433764766,2433764880,0,7.70972211074789,0.8,0.9,0.1,0.1
1161,2433744240,859323047,0,19.774216248427255,0.8,0.4,0.3,0.1
1162,2433744240,5438534268,0,34.82092523121401,0.8,0.4,0.3,0.1
1163,2433744240,2433764912,0,90.82361949771817,0.8,0.9,0.1,0.1
1164,2433764623,835468055,0,43.02748770450487,0.8,0.6,0.4,0.1
1165,2433764623,859323020,0,29.54155659597386,0.8,0.6,0.4,0.1
1166,2433764623,2433764891,0,17.35442360860062,0.8,0.9,0.1,0.1
1167,835468057,2433764693,0,22.340787568909395,0.8,0.6,0.4,0.1
1168,835468057,2433764756,0,12.371172996180459,0.8,0.4,0.3,0.1
1169,835468057,835468055,0,37.31999247646744,0.8,0.4,0.3,0.1
1170,283348229,283348168,0,56.66816616022893,0.8,0.4,0.3,0.1
1171,283348229,859323256,0,7.509207998278176,0.8,0.4,0.3,0.1
1172,283348229,283348164,0,117.67878708460879,0.8,0.6,0.4,0.1
1173,859323097,2433764759,0,59.35868503892104,0.8,0.9,0.1,0.1
1174,859323097,859323256,0,36.82442308200679,0.8,0.9,0.1,0.1
1175,859323097,835468054,0,21.228573826194733,0.8,0.9,0.1,0.1
1176,283348168,283348229,0,56.66816616022893,0.8,0.4,0.3,0.1
1177,283348168,3980721934,0,36.89577578558549,0.8,0.4,0.3,0.1
1178,283348168,6327865039,0,36.84153513730322,0.8,0.6,0.4,0.1
1179,3980721934,283348168,0,36.89577578558549,0.8,0.4,0.3,0.1
1180,3980721934,13191500421,0,5.0780781357255655,0.8,0.9,0.1,0.1
1181,3980721934,13191500418,0,34.46423739425564,0.8,0.4,0.3,0.1
1182,6327865039,283348168,0,36.84153513730322,0.8,0.6,0.4,0.1
1183,6327865039,6327865047,0,19.296969579853116,0.8,0.6,0.4,0.1
1184,6327865039,6327865036,0,12.509015851195949,0.8,0.9,0.1,0.1
1185,13191500421,3980721934,0,5.0780781357255655,0.8,0.9,0.1,0.1
1186,13191500421,13191500422,0,2.6679105620438244,0.8,0.4,0.3,0.1
1187,13191500421,13191500416,0,16.08785455860505,0.8,0.9,0.1,0.1
1188,13191500418,13191500416,0,26.495697857873452,0.8,0.9,0.1,0.1
1189,13191500418,3980721934,0,34.46423739425564,0.8,0.4,0.3,0.1
1190,6327865047,6327865039,0,19.296969579853116,0.8,0.6,0.4,0.1
1191,6327865047,6327865044,0,9.896711452579511,0.8,0.4,0.3,0.1
1192,6327865036,6327865039,0,12.50901585119595,0.8,0.9,0.1,0.1
1193,3860908599,5750157404,0,26.962588499278752,0.8,0.9,0.1,0.3
1194,3860908599,3860908593,0,45.22209987328304,0.8,0.9,0.1,0.3
1195,3860908599,1280853184,0,35.90553165678419,0.2,0.9,0.1,0.3
1196,1280853191,1280853180,0,13.59585020684415,0.8,0.9,0.1,0.3
1197,1280853191,5750157404,0,24.1779376130943,0.8,0.9,0.1,0.3
1198,1280853191,1280853184,0,14.97090979707404,0.2,0.4,0.3,0.3
1199,287226495,3332266271,0,8.247266841351841,0.8,0.3,0.7,0.1
1200,287226495,3332266263,0,4.712395449552413,0.2,0.6,0.4,0.1
1201,287226495,1247826786,0,18.250097665202556,0.8,0.3,0.7,0.1
1202,287226495,3696173720,0,59.20560174300669,0.8,0.3,0.7,0.1
1203,3332266270,3332266263,0,7.81981808234279,0.2,0.9,0.1,0.1
1204,3332266270,3332266271,0,4.944406795722346,0.2,0.9,0.1,0.1
1205,3332266270,1281318363,0,68.54678066374187,0.2,0.9,0.1,0.1
1206,1280853181,1247826811,0,5.831428366171796,0.2,0.4,0.3,0.1
1207,1280853181,1247826786,0,3.2579238948908658,0.2,0.4,0.3,0.1
1208,1280853181,3332266263,0,18.281528941939087,0.2,0.9,0.1,0.1
1209,1280853181,1280853180,0,40.94826173515107,0.2,0.9,0.1,0.3
1210,287226485,287226581,0,121.20826750100753,0.2,0.6,0.4,0.1
1211,287226485,1079986909,0,36.641315810985894,0.2,0.4,0.3,0.1
1212,287226485,859323071,0,21.14333964111244,0.2,0.4,0.3,0.1
1213,1079986909,6111856718,0,1.1979599954697262,0.2,0.4,0.3,0.1
1214,1079986909,287226485,0,36.641315810985894,0.2,0.4,0.3,0.1
1215,1079986909,4795736877,0,136.0422098712396,0.2,0.4,0.3,0.1
1216,859323071,859323223,0,102.98675752117053,0.8,0.4,0.3,0.1
1217,859323071,5240224498,0,23.093528833564342,0.8,0.4,0.3,0.1
1218,859323071,287226485,0,21.14333964111244,0.2,0.4,0.3,0.1
1219,6111856718,6111856716,0,2.8690427554774307,0.2,0.4,0.3,0.1
1220,6111856718,1079986909,0,1.1979599954697262,0.2,0.4,0.3,0.1
1221,6111856718,6111856710,0,8.074995708346755,0.2,0.4,0.3,0.1
1222,5240224498,364165254,0,20.51864377956385,0.8,0.4,0.3,0.1
1223,5240224498,859323071,0,23.093528833564342,0.8,0.4,0.3,0.1
1224,5240224498,5240224497,0,8.929281107760634,0.8,0.4,0.3,0.1
1225,1247826786,1280853181,0,3.2579238948908658,0.2,0.4,0.3,0.1
1226,1247826786,287226495,0,18.250097665202556,0.8,0.3,0.7,0.1
1227,1247826786,1280853193,0,40.66313662774567,0.8,0.3,0.7,0.1
1228,1280853193,1247826786,0,40.66313662774567,0.8,0.3,0.7,0.1
1229,1280853193,1280853180,0,5.895890543701346,0.8,0.9,0.1,0.3
1230,1280853193,3696173720,0,8.581555735456487,0.8,0.9,0.1,0.1
1231,5240224479,364165254,0,44.132684326128164,0.8,0.6,0.4,0.1
1232,5240224479,859323162,0,10.973283248718671,0.8,0.6,0.4,0.1
1233,5240224479,5240224480,0,7.37357436940522,0.8,0.6,0.4,0.1
1234,287226633,374166815,0,72.53163610803604,0.2,0.6,0.4,0.1
1235,287226633,287226719,0,27.41240322765072,0.8,0.6,0.4,0.1
1236,287226719,287226633,0,27.41240322765072,0.8,0.6,0.4,0.1
1237,287226719,13127907918,0,25.704448048774953,0.8,0.4,0.3,0.1
1238,287226719,3332266267,0,50.04293475493353,0.2,0.6,0.4,0.1
1239,13127907918,287226719,0,25.704448048774953,0.8,0.4,0.3,0.1
1240,3332266269,3332266267,0,8.410752308409855,0.2,0.9,0.1,0.1
1241,3332266269,3332266272,0,6.940909574609109,0.2,0.9,0.1,0.1
1242,3332266269,645089711,0,67.79418299736989,0.2,0.9,0.1,0.3
1243,4795736874,4795736877,0,23.777763897111207,0.8,0.4,0.3,0.1
1244,300025247,3860890371,0,10.838219571957332,0.8,0.9,0.1,0.3
1245,300025247,5919449206,0,47.346873236621484,0.8,0.4,0.3,0.3
1246,300025247,5064786728,0,142.83216120855437,0.8,0.9,0.1,0.3
1247,3860890371,300025247,0,10.838219571957332,0.8,0.9,0.1,0.3
1248,3860890371,2433863938,0,151.59263014838132,0.2,0.9,0.1,0.3
1249,3860890371,3860890367,0,40.16812934049306,0.2,0.9,0.1,0.3
1250,5064786728,492212322,0,8.821143225750346,0.2,0.9,0.1,0.3
1251,5064786728,300025247,0,142.83216120855434,0.8,0.9,0.1,0.3
1252,5064786728,3860890366,0,42.24963071840559,0.2,0.9,0.1,0.3
1253,2433863938,645089864,0,63.89246301609069,0.2,0.9,0.1,0.1
1254,2433863938,993186001,0,46.46524184693831,0.8,0.9,0.1,0.1
1255,2433863938,3860890371,0,151.59263014838132,0.2,0.9,0.1,0.3
1256,3860890367,2179076266,0,4.103689638522577,0.8,0.9,0.1,0.3
1257,3860890367,2179076479,0,38.04780667165879,0.8,0.9,0.1,0.3
1258,3860890367,3860890371,0,40.16812934049306,0.2,0.9,0.1,0.3
1259,5919449201,5919449192,0,14.37458214786101,0.2,0.4,0.3,0.3
1260,5919449201,5919449206,0,160.0654526892594,0.2,0.4,0.3,0.3
1261,5919449201,3842753611,0,20.69767777690229,0.2,0.4,0.3,0.3
1262,492212322,5064786728,0,8.821143225750346,0.2,0.9,0.1,0.3
1263,492212322,3842753611,0,47.46541779336871,0.2,0.4,0.3,0.3
1264,492212322,2433821537,0,35.762155194735044,0.2,0.9,0.1,0.3
1265,3860890366,2179076502,0,8.964489020359103,0.8,0.9,0.1,0.2
1266,3860890366,2179076344,0,19.616000147382785,0.8,0.9,0.1,0.3
1267,3860890366,5064786728,0,42.249630718405584,0.2,0.9,0.1,0.3
1268,6284334867,2204308507,0,5.138976634110533,0.2,0.4,0.3,0.3
1269,859323162,5240224479,0,10.973283248718671,0.8,0.6,0.4,0.1
1270,5240224480,5240224479,0,7.37357436940522,0.8,0.6,0.4,0.1
1271,5240224497,5240224498,0,8.929281107760634,0.8,0.4,0.3,0.1
1272,12806902198,12272057949,0,47.2799371104064,0.2,0.4,0.3,0.1
1273,12806902198,13288882109,0,24.638218401064258,0.2,0.4,0.3,0.3
1274,12806902198,12806924710,0,86.48460624557049,0.2,0.9,0.1,0.1
1275,1247760905,1247760876,0,5.868664384353735,0.8,0.4,0.3,0.1
1276,6225987531,6225987538,0,11.055510642072768,0.8,0.3,0.7,0.1
1277,6225987531,6225987537,0,9.666103824937693,0.8,0.3,0.7,0.1
1278,6225987531,6225987532,0,5.4900561179224034,0.8,0.9,0.1,0.1
1279,6225987532,6225987537,0,9.81461367315287,0.8,0.3,0.7,0.1
1280,6225987532,6225987538,0,11.032632756641881,0.8,0.3,0.7,0.1
1281,6225987532,6225987531,0,5.4900561179224034,0.8,0.9,0.1,0.1
1282,4878990043,5156816332,0,31.04514194383513,0.2,0.4,0.3,0.1
1283,4878990036,4878990037,0,10.020405833128567,0.2,0.9,0.1,0.1
1284,4878990036,5156816332,0,27.175903989787948,0.2,0.6,0.4,0.1
1285,2627428303,435846358,0,88.54265857720037,0.2,0.9,0.1,0.3
1286,835468063,2433742262,0,5.237001404698587,0.8,0.9,0.1,0.1
1287,859323102,859323002,0,43.96854325428429,0.8,0.9,0.1,0.1
1288,859323102,2433742262,0,24.990624110843957,0.8,0.9,0.1,0.1
1289,859323102,859323296,0,29.907497458917394,0.8,0.9,0.1,0.1
1290,3842753611,492212322,0,47.46541779336871,0.2,0.4,0.3,0.3
1291,3842753611,6481238325,0,10.56746838522179,0.2,0.4,0.3,0.3
1292,3842753611,5919449201,0,20.69767777690229,0.2,0.4,0.3,0.3
1293,12649817254,1280281136,0,6.605362462465347,0.2,0.4,0.3,0.2
1294,12649817254,492221099,0,41.13470464047073,0.8,0.9,0.1,0.2
1295,5919449198,2027862783,0,56.738558423381455,0.2,0.4,0.3,0.3
1296,5919449198,5919449207,0,72.17343690813831,0.2,0.4,0.3,0.3
1297,5919449198,5919449192,0,82.13121978415701,0.2,0.4,0.3,0.3
1298,537141811,5834930818,0,46.66777715769157,0.8,0.4,0.3,0.1
1299,537141811,1280269110,0,45.63947033708337,0.8,0.4,0.3,0.1
1300,1280269110,537141811,0,45.63947033708337,0.8,0.4,0.3,0.1
1301,1280269110,13136150089,0,21.814332525685618,0.8,0.4,0.3,0.1
1302,1280269110,1280269104,0,81.51956854840576,0.8,0.4,0.3,0.1
1303,5834930803,5834930818,0,13.922479234366637,0.8,0.9,0.1,0.2
1304,5834930803,1280267492,0,50.862419241295456,0.8,0.9,0.1,0.1
1305,5834930803,1280267505,0,18.09207386423877,0.8,0.9,0.1,0.2
1306,13136150089,1280269110,0,21.814332525685618,0.8,0.4,0.3,0.1
1307,1280269104,1280269110,0,81.51956854840576,0.8,0.4,0.3,0.1
1308,3329881929,3329881928,0,29.90804970013377,0.2,0.9,0.1,0.3
1309,3329881929,1280853184,0,58.73273737578306,0.2,0.9,0.1,0.3
1310,3329881929,645089708,0,44.858688831209975,0.2,0.9,0.1,0.3
1311,3329881929,6937982874,0,41.3682018319211,0.2,0.9,0.1,0.3
1312,3329881929,5823455892,0,145.65078830751847,0.2,0.4,0.3,0.3
1313,3329881929,5823455892,1,42.013029443819974,0.2,0.4,0.3,0.3
1314,645089694,645089696,0,6.737235014003865,0.8,0.4,0.3,0.1
1315,645089694,645089708,0,16.95078465373502,0.2,0.9,0.1,0.3
1316,645089694,1281268388,0,25.93306909896195,0.8,0.9,0.1,0.1
1317,645089696,645089694,0,6.737235014003865,0.8,0.4,0.3,0.1
1318,645089696,1281268388,0,31.934101955868243,0.8,0.9,0.1,0.1
1319,645089708,645089694,0,16.95078465373502,0.2,0.9,0.1,0.3
1320,645089708,645089711,0,13.745058766000795,0.2,0.4,0.3,0.3
1321,645089708,3329881929,0,44.858688831209975,0.2,0.9,0.1,0.3
1322,1281268388,645089711,0,4.964260889949728,0.8,0.9,0.1,0.1
1323,1281268388,645089694,0,25.93306909896195,0.8,0.9,0.1,0.1
1324,1281268388,645089696,0,31.934101955868243,0.8,0.9,0.1,0.1
1325,645089711,1281268388,0,4.964260889949728,0.8,0.9,0.1,0.1
1326,645089711,645089708,0,13.745058766000795,0.2,0.4,0.3,0.3
1327,645089711,3332266269,0,67.79418299736989,0.2,0.9,0.1,0.3
1328,3329881928,3329881929,0,29.90804970013377,0.2,0.9,0.1,0.3
1329,3329881928,1281294900,0,9.621470163859962,0.2,0.9,0.1,0.3
1330,3329881928,5823455446,0,8.19798245427282,0.2,0.4,0.3,0.3
1331,1280853184,3329881929,0,58.732737375783074,0.2,0.9,0.1,0.3
1332,1280853184,1280853191,0,14.97090979707404,0.2,0.4,0.3,0.3
1333,1280853184,3860908599,0,35.9055316567842,0.2,0.9,0.1,0.3
1334,6937982874,645089864,0,18.705355879920617,0.8,0.4,0.3,0.1
1335,6937982874,1280853173,0,38.589339164020295,0.8,0.9,0.1,0.3
1336,6937982874,3329881929,0,41.3682018319211,0.2,0.9,0.1,0.3
1337,645089864,2433863938,0,63.89246301609069,0.2,0.9,0.1,0.1
1338,645089864,6937982874,0,18.705355879920617,0.8,0.4,0.3,0.1
1339,645089864,1280853173,0,54.872188289798665,0.8,0.9,0.1,0.3
1340,993186001,5794635161,0,22.849062703210414,0.8,0.4,0.3,0.1
1341,993186001,5919449223,0,59.75757657001503,0.2,0.4,0.3,0.3
1342,993186001,2433863938,0,46.46524184693831,0.8,0.9,0.1,0.1
1343,826648017,826648042,0,27.642312575402592,0.8,0.4,0.3,0.1
1344,826648042,826648017,0,27.642312575402592,0.8,0.4,0.3,0.1
1345,826648042,5822644367,0,23.368193312257528,0.8,0.9,0.1,0.1
1346,826648042,5822644345,0,14.851933600106875,0.8,0.9,0.1,0.1
1347,5822644345,826648042,0,14.851933600106875,0.8,0.9,0.1,0.1
1348,5822644358,5822644367,0,22.171123777808827,0.8,0.9,0.1,0.1
1349,5822644348,5822644363,0,13.949919150422224,0.2,0.9,0.1,0.1
1350,12595689538,6018494689,0,4.106229292358075,0.8,0.3,0.4,0.1
1351,12595689538,5822644363,0,21.822793961579958,0.2,0.3,0.4,0.1
1352,12595689538,4661094416,0,21.743265857996235,0.8,0.9,0.1,0.1
1353,12595689538,12595689528,0,7.467299679263429,0.8,0.9,0.1,0.1
1354,5919449209,5919449215,0,22.69111526223134,0.2,0.4,0.3,0.3
1355,5919449209,5822644363,0,49.76558635530472,0.2,0.9,0.1,0.1
1356,5919449209,5919449207,0,49.62359201543493,0.2,0.4,0.3,0.3
1357,835468054,859323020,0,39.74387237114491,0.8,0.6,0.4,0.1
1358,835468054,2433764735,0,20.109663778039124,0.8,0.9,0.1,0.1
1359,835468054,859323097,0,21.228573826194733,0.8,0.9,0.1,0.1
1360,859323020,835468054,0,39.74387237114491,0.8,0.6,0.4,0.1
1361,859323020,2433764852,0,9.605518726881241,0.8,0.9,0.1,0.1
1362,859323020,2433764623,0,29.54155659597386,0.8,0.6,0.4,0.1
1363,2433764735,2433764788,0,48.842324042691054,0.8,0.9,0.1,0.1
1364,2433764735,2433764901,0,6.815628895572401,0.8,0.9,0.1,0.1
1365,2433764735,835468054,0,20.109663778039124,0.8,0.9,0.1,0.1
1366,2433764852,2433764788,0,5.4929222675289635,0.8,0.9,0.1,0.1
1367,2433764852,859323020,0,9.605518726881241,0.8,0.9,0.1,0.1
1368,2433764852,2433764891,0,21.72872207854695,0.8,0.9,0.1,0.1
1369,2433764788,2433764852,0,5.4929222675289635,0.8,0.9,0.1,0.1
1370,2433764788,2433764735,0,48.842324042691054,0.8,0.9,0.1,0.1
1371,2433764788,2433744230,0,23.60310060542931,0.8,0.9,0.1,0.1
1372,2433764901,2433764738,0,22.48724069542253,0.8,0.9,0.1,0.1
1373,2433764901,2433764735,0,6.815628895572401,0.8,0.9,0.1,0.1
1374,2433764901,2433764759,0,30.058073316021463,0.8,0.9,0.1,0.1
1375,2433764759,859323259,0,47.72974234979766,0.8,0.6,0.4,0.1
1376,2433764759,859323097,0,59.35868503892104,0.8,0.9,0.1,0.1
1377,2433764759,2433764901,0,30.058073316021463,0.8,0.9,0.1,0.1
1378,2433764891,2433764852,0,21.72872207854695,0.8,0.9,0.1,0.1
1379,2433764891,2433764893,0,39.8425963478984,0.8,0.9,0.1,0.1
1380,2433764891,2433764623,0,17.35442360860062,0.8,0.9,0.1,0.1
1381,2433764693,835468057,0,22.340787568909395,0.8,0.6,0.4,0.1
1382,2433764693,2433764668,0,12.080757361515918,0.8,0.9,0.1,0.1
1383,2433764693,3546758138,0,38.95881293566231,0.8,0.9,0.1,0.1
1384,2433764756,5438534268,0,7.293470247663063,0.8,0.4,0.3,0.1
1385,2433764756,835468057,0,12.371172996180459,0.8,0.4,0.3,0.1
1386,2433764756,2433764668,0,22.544573758003153,0.8,0.9,0.1,0.1
1387,2433764668,2433764693,0,12.080757361515918,0.8,0.9,0.1,0.1
1388,2433764668,2433764756,0,22.544573758003153,0.8,0.9,0.1,0.1
1389,2433764668,3546758138,0,25.98694746341491,0.8,0.9,0.1,0.1
1390,3546758138,2433764668,0,25.98694746341491,0.8,0.9,0.1,0.1
1391,3546758138,2433764893,0,3.4824341314655403,0.8,0.9,0.1,0.1
1392,3546758138,2433764693,0,38.95881293566231,0.8,0.9,0.1,0.1
1393,5438534268,2433764756,0,7.293470247663063,0.8,0.4,0.3,0.1
1394,5438534268,2433744240,0,34.82092523121401,0.8,0.4,0.3,0.1
1395,5438534268,8230223567,0,42.6292463088348,0.8,0.4,0.3,0.1
1396,835468061,6327939700,0,20.59729899118301,0.8,0.6,0.4,0.1
1397,835468061,3980721935,0,18.75296346946253,0.8,0.6,0.4,0.1
1398,835468061,6327939694,0,6.3396864783708695,0.8,0.6,0.4,0.1
1399,6327939700,835468061,0,20.59729899118301,0.8,0.6,0.4,0.1
1400,6327939700,6327939693,0,8.753124989104197,0.8,0.9,0.1,0.1
1401,6327939700,6327939696,0,20.754382793048954,0.8,0.6,0.4,0.1
1402,6327939694,835468061,0,6.3396864783708695,0.8,0.6,0.4,0.1
1403,6327939694,3980721920,0,4.5731196070473965,0.8,0.6,0.4,0.1
1404,6327939694,6327939555,0,15.34217205045876,0.8,0.9,0.1,0.1
1405,6327939693,6327939700,0,8.753124989104197,0.8,0.9,0.1,0.1
1406,6327939693,6327939555,0,5.308731050394048,0.8,0.9,0.1,0.1
1407,6327939693,6327939552,0,6.192421792440559,0.8,0.4,0.3,0.1
1408,6327939696,6327939698,0,9.406822563675878,0.8,0.6,0.4,0.1
1409,6327939696,6327939695,0,7.677961515002681,0.8,0.6,0.4,0.1
1410,6327939696,6327939700,0,20.754382793048954,0.8,0.6,0.4,0.1
1411,3980721951,3980721935,0,14.328304790996972,0.8,0.9,0.1,0.1
1412,3980721951,3980721932,0,6.478145484758165,0.8,0.9,0.1,0.1
1413,3980721951,3980721930,0,9.12946096520572,0.8,0.9,0.1,0.1
1414,3980721951,3980721955,0,26.177692508995875,0.8,0.9,0.1,0.1
1415,3980721920,6327939694,0,4.5731196070473965,0.8,0.6,0.4,0.1
1416,3980721920,859323259,0,6.6609871294968075,0.8,0.6,0.4,0.1
1417,3980721920,3980721930,0,14.236537593695004,0.8,0.9,0.1,0.1
1418,6327939555,6327939693,0,5.308731050394048,0.8,0.9,0.1,0.1
1419,6327939555,6327939694,0,15.34217205045876,0.8,0.9,0.1,0.1
1420,6327939555,6327939552,0,1.5043149101118083,0.8,0.4,0.3,0.1
1421,5834330062,5834330058,0,17.137948386519387,0.8,0.4,0.3,0.1
1422,5834330062,11159894542,0,34.39361426875316,0.8,0.4,0.3,0.1
1423,5834330062,1280674386,0,23.149306950366228,0.8,0.4,0.3,0.1
1424,859323002,859323296,0,33.57451039591191,0.8,0.9,0.1,0.1
1425,859323002,859323050,0,19.555719551098655,0.8,0.9,0.1,0.1
1426,859323002,859323102,0,43.96854325428429,0.8,0.9,0.1,0.1
1427,859323296,859323002,0,33.57451039591191,0.8,0.9,0.1,0.1
1428,859323296,859323259,0,33.9881000200086,0.8,0.9,0.1,0.1
1429,859323296,859323102,0,29.907497458917394,0.8,0.9,0.1,0.1
1430,859323050,859323002,0,19.555719551098655,0.8,0.9,0.1,0.1
1431,859323050,2433764738,0,6.338395194404337,0.8,0.9,0.1,0.1
1432,859323050,859323146,0,25.090210261402174,0.8,0.9,0.1,0.1
1433,859323259,3980721920,0,6.6609871294968075,0.8,0.6,0.4,0.1
1434,859323259,859323296,0,33.9881000200086,0.8,0.9,0.1,0.1
1435,859323259,2433764759,0,47.72974234979766,0.8,0.6,0.4,0.1
1436,2433764738,859323050,0,6.338395194404337,0.8,0.9,0.1,0.1
1437,2433764738,2433742220,0,41.995630906708264,0.8,0.9,0.1,0.1
1438,2433764738,2433764901,0,22.48724069542253,0.8,0.9,0.1,0.1
1439,859323146,859323083,0,41.061656573546486,0.8,0.9,0.1,0.1
1440,859323146,859323050,0,25.090210261402174,0.8,0.9,0.1,0.1
1441,859323146,859323023,0,49.73115525382373,0.8,0.9,0.1,0.1
1442,859323023,2433744231,0,8.142581669987319,0.8,0.9,0.1,0.1
1443,859323023,859323146,0,49.73115525382373,0.8,0.9,0.1,0.1
1444,859323023,2433744248,0,19.56022270713452,0.8,0.9,0.1,0.1
1445,2433744231,2433742220,0,20.76743358714752,0.8,0.9,0.1,0.1
1446,2433744231,859323023,0,8.142581669987319,0.8,0.9,0.1,0.1
1447,2433744231,2433744230,0,33.819201110939844,0.8,0.9,0.1,0.1
1448,2433744248,859323023,0,19.56022270713452,0.8,0.9,0.1,0.1
1449,2433744248,2433764650,0,10.709995347371848,0.8,0.9,0.1,0.1
1450,2433744248,2433744233,0,46.97004843658213,0.8,0.9,0.1,0.1
1451,2433742220,2433764738,0,41.995630906708264,0.8,0.9,0.1,0.1
1452,2433742220,2433744231,0,20.76743358714752,0.8,0.9,0.1,0.1
1453,2433742220,2433744230,0,11.023322914400456,0.8,0.9,0.1,0.1
1454,2433744230,2433744231,0,33.819201110939844,0.8,0.9,0.1,0.1
1455,2433744230,2433764788,0,23.60310060542931,0.8,0.9,0.1,0.1
1456,2433744230,2433742220,0,11.023322914400456,0.8,0.9,0.1,0.1
1457,859323083,859323146,0,41.061656573546486,0.8,0.9,0.1,0.1
1458,859323083,2433744233,0,62.08382089760402,0.8,0.6,0.4,0.1
1459,859323083,6327939492,0,25.589829285981644,0.8,0.6,0.4,0.1
1460,2433764650,2433744248,0,10.709995347371848,0.8,0.9,0.1,0.1
1461,2433764650,859323047,0,47.58888883123136,0.8,0.9,0.1,0.1
1462,2433764650,2433764893,0,21.360578643193648,0.8,0.9,0.1,0.1
1463,2433744233,859323083,0,62.08382089760402,0.8,0.6,0.4,0.1
1464,2433744233,2433744248,0,46.97004843658214,0.8,0.9,0.1,0.1
1465,2433744233,859323047,0,67.97357026199249,0.8,0.9,0.1,0.1
1466,859323047,2433744240,0,19.774216248427255,0.8,0.4,0.3,0.1
1467,859323047,2433764650,0,47.58888883123136,0.8,0.9,0.1,0.1
1468,859323047,2433744233,0,67.97357026199249,0.8,0.9,0.1,0.1
1469,2433764893,3546758138,0,3.4824341314655403,0.8,0.9,0.1,0.1
1470,2433764893,2433764650,0,21.360578643193648,0.8,0.9,0.1,0.1
1471,2433764893,2433764891,0,39.8425963478984,0.8,0.9,0.1,0.1
1472,2882617932,859323223,0,11.72161889585286,0.8,0.4,0.3,0.1
1473,6327939491,6327939492,0,10.649747593738448,0.8,0.6,0.4,0.1
1474,3980721930,3980721932,0,6.116733935731095,0.8,0.9,0.1,0.1
1475,3980721930,3980721920,0,14.236537593695004,0.8,0.9,0.1,0.1
1476,3980721930,3980721933,0,22.632128285680892,0.8,0.9,0.1,0.1
1477,3980721930,3980721951,0,9.12946096520572,0.8,0.9,0.1,0.1
1478,5794635164,5794635163,0,30.01887807160366,0.8,0.4,0.3,0.1
1479,5794635164,5794635161,0,88.68365073362199,0.8,0.4,0.3,0.1
1480,5794635164,6106912892,0,36.536844086084194,0.2,0.4,0.3,0.3
1481,11786838687,5919449221,0,75.41909231987192,0.2,0.4,0.3,0.3
1482,11786838687,12248299110,0,35.60433584127432,0.2,0.4,0.3,0.3
1483,11786838687,11786838680,0,49.61478114232372,0.2,0.4,0.3,0.3
1484,11786838687,5919449223,0,107.40897460757184,0.2,0.4,0.3,0.3
1485,10816643907,10816643908,0,7.775627118536891,0.8,0.4,0.3,0.1
1486,10816643907,10816643847,0,8.81023137836541,0.8,0.4,0.3,0.1
1487,10816643907,10816643851,0,12.644399407328198,0.8,0.4,0.3,0.1
1488,10816643874,10816643857,0,44.15027521301487,0.8,0.9,0.1,0.1
1489,10816643874,10816643847,0,8.823295797527134,0.8,0.9,0.1,0.1
1490,10816643874,10816643854,0,24.73655862157691,0.8,0.9,0.1,0.1
1491,10816643839,10816643835,0,5.969348567659643,0.8,0.9,0.1,0.3
1492,10816643839,10816643847,0,51.83112083676238,0.8,0.9,0.1,0.1
1493,10816643839,10816643831,0,17.075992965751894,0.8,0.9,0.1,0.3
1494,1079382229,10816974040,0,8.453827487583597,0.8,0.9,0.1,0.1
1495,10816974040,1079382229,0,8.453827487583597,0.8,0.9,0.1,0.1
1496,10816974040,10816643864,0,7.988088842869606,0.8,0.9,0.1,0.1
1497,10816974040,10816974035,0,69.53347365258014,0.8,0.4,0.3,0.1
1498,10816643864,10816974040,0,7.988088842869606,0.8,0.9,0.1,0.1
1499,10816643864,10816974038,0,0.359685230843326,0.8,0.9,0.1,0.1
1500,10816643864,10816643857,0,26.810384378829028,0.8,0.4,0.3,0.1
1501,10816974035,10816643852,0,9.203993920917814,0.8,0.9,0.1,0.1
1502,10816974035,10816974040,0,69.53347365258014,0.8,0.4,0.3,0.1
1503,10816974035,10816974038,0,53.4905604680351,0.8,0.9,0.1,0.1
1504,10816643038,10816643831,0,2.8511447855365164,0.8,0.9,0.1,0.3
1505,10816643038,10816632963,0,9.51785772820055,0.2,0.4,0.3,0.1
1506,10816643038,10816643793,0,71.70344315868142,0.2,0.9,0.1,0.1
1507,10816643038,10816643042,0,11.465687493639166,0.8,0.4,0.3,0.1
1508,10816643047,10816643813,0,3.5143726616213815,0.2,0.4,0.3,0.1
1509,10816643047,1081318805,0,3.66039090447884,0.2,0.4,0.3,0.1
1510,10816643047,10816643793,0,12.190845821950969,0.2,0.9,0.1,0.1
1511,10816643047,10816643706,0,9.37891601783405,0.2,0.9,0.1,0.1
1512,6225987538,1281318363,0,26.45124565107333,0.2,0.3,0.7,0.1
1513,6225987538,6225987531,0,11.055510642072768,0.8,0.3,0.7,0.1
1514,6225987538,6225987532,0,11.032632756641881,0.8,0.3,0.7,0.1
1515,10816643813,10816643047,0,3.5143726616213815,0.2,0.4,0.3,0.1
1516,10816643813,10816643900,0,62.92148552149718,0.8,0.4,0.3,0.1
1517,10816643813,10848175178,0,64.39600772229157,0.2,0.4,0.3,0.1
1518,10816643793,10816643038,0,71.70344315868144,0.2,0.9,0.1,0.1
1519,10816643793,10816643900,0,74.41397734165687,0.2,0.9,0.1,0.1
1520,10816643793,10816643047,0,12.190845821950969,0.2,0.9,0.1,0.1
1521,10816643706,10848175178,0,68.88036529257413,0.2,0.9,0.1,0.1
1522,10816643706,10816643047,0,9.37891601783405,0.2,0.9,0.1,0.1
1523,10901402914,3860786634,0,11.05030896908141,0.2,0.9,0.1,0.3
1524,1247826811,1280853181,0,5.831428366171796,0.2,0.4,0.3,0.1
1525,1280853180,1280853191,0,13.59585020684415,0.8,0.9,0.1,0.3
1526,1280853180,1280853181,0,40.94826173515107,0.2,0.9,0.1,0.3
1527,1280853180,1280853193,0,5.895890543701346,0.8,0.9,0.1,0.3
1528,2519732440,1280267492,0,21.49564088359703,0.8,0.9,0.1,0.1
1529,1280267505,5834930803,0,18.09207386423877,0.8,0.9,0.1,0.2
1530,8942202643,12461273922,0,21.216188197805792,0.2,0.9,0.1,0.3
1531,8942202643,8939668299,0,48.28834011392587,0.2,0.9,0.1,0.3
1532,8942202643,8942202648,0,49.85809519494339,0.2,0.9,0.1,0.3
1533,5834330054,5834330053,0,20.864644796902446,0.8,0.9,0.1,0.3
1534,5834330054,5834330058,0,47.823838430042684,0.8,0.4,0.3,0.3
1535,5834330054,5834330057,0,25.458795907106893,0.8,0.4,0.3,0.3
1536,1280674386,5834330062,0,23.149306950366224,0.8,0.4,0.3,0.1
1537,5834330058,5834330057,0,16.500683218136064,0.8,0.4,0.3,0.1
1538,5834330058,5834330062,0,17.137948386519387,0.8,0.4,0.3,0.1
1539,5834330058,5834330054,0,47.82383843004269,0.8,0.4,0.3,0.3
1540,5919438953,5834930877,0,5.046950730525594,0.8,0.4,0.3,0.2
1541,5919438953,2045184012,0,24.721747306291917,0.8,0.4,0.3,0.2
1542,5919438953,5834930843,0,39.77588163933132,0.8,0.9,0.1,0.1
1543,5061067470,5061066696,0,35.5120972271921,0.8,0.9,0.1,0.1
1544,5061067470,5919438954,0,29.80638151594568,0.8,0.9,0.1,0.1
1545,5061067470,5061067317,0,15.226053186539698,0.2,0.9,0.1,0.1
1546,5061066696,5061067470,0,35.5120972271921,0.8,0.9,0.1,0.1
1547,5061066696,5834930880,0,34.81183345473853,0.8,0.9,0.1,0.1
1548,5061066696,5061067239,0,20.066436376964607,0.2,0.9,0.1,0.1
1549,3860908593,2920948566,0,5.890282813098679,0.8,0.9,0.1,0.3
1550,3860908593,2920948566,1,51.938118102700464,0.8,0.4,0.3,0.3
1551,3860908593,3860908599,0,45.22209987328304,0.8,0.9,0.1,0.3
1552,3860908593,1382113164,0,10.567861525321906,0.2,0.4,0.3,0.1
1553,1281294900,3329881928,0,9.621470163859962,0.2,0.9,0.1,0.3
1554,5823455446,3329881928,0,8.19798245427282,0.2,0.4,0.3,0.3
1555,1282135928,1297069020,0,5.3019720247085,0.2,0.9,0.1,0.1
1556,1382113164,3860908593,0,10.567861525321906,0.2,0.4,0.3,0.1
1557,1722968881,1722968890,0,9.804726547040493,0.8,0.4,0.3,0.1
1558,1722968925,1722968890,0,48.73900078335072,0.8,0.4,0.3,0.1
1559,2045184007,2045184010,0,10.835553710654267,0.8,0.4,0.3,0.1
1560,2045184014,2045184010,0,5.7926929854956395,0.8,0.4,0.3,0.1
1561,5448085792,5448085793,0,14.305480963618688,0.8,0.4,0.3,0.3
1562,2179076266,3860890367,0,4.103689638522577,0.8,0.9,0.1,0.3
1563,2179076266,2179076283,0,5.48471873361356,0.8,0.9,0.1,0.3
1564,2179076266,2179076472,0,46.480592210288,0.8,0.9,0.1,0.3
1565,2179076472,2179076479,0,18.61701914143023,0.8,0.4,0.3,0.3
1566,2179076472,2179076266,0,46.480592210288,0.8,0.9,0.1,0.3
1567,2179076472,2179076532,0,17.224052082262027,0.8,0.9,0.1,0.3
1568,2179076479,2179076472,0,18.61701914143023,0.8,0.4,0.3,0.3
1569,2179076479,2179076344,0,77.22147905567971,0.8,0.9,0.1,0.3
1570,2179076479,3860890367,0,38.04780667165879,0.8,0.9,0.1,0.3
1571,2179076532,2179076472,0,17.224052082262027,0.8,0.9,0.1,0.3
1572,2179076344,3860890366,0,19.616000147382785,0.8,0.9,0.1,0.3
1573,2179076344,2179076479,0,77.22147905567971,0.8,0.9,0.1,0.3
1574,2179076344,2179076449,0,21.405359812286306,0.8,0.9,0.1,0.3
1575,2179076449,2179076344,0,21.40535981228631,0.8,0.9,0.1,0.3
1576,6284334868,2204308509,0,4.077675933306456,0.2,0.4,0.3,0.3
1577,3860890364,2179076502,0,8.124772550885382,0.2,0.6,0.4,0.1
1578,6284335748,6284335747,0,5.213042198906101,0.8,0.4,0.3,0.1
1579,6284335749,6284335747,0,22.64019963065853,0.8,0.4,0.3,0.1
1580,8230223567,5438534268,0,42.6292463088348,0.8,0.4,0.3,0.1
1581,2433764742,2433764880,0,7.731653645739709,0.8,0.9,0.1,0.1
1582,2433764742,2433764671,0,15.496319905969704,0.8,0.9,0.1,0.1
1583,2433764742,2433764834,0,11.04631840679093,0.8,0.9,0.1,0.1
1584,2433764880,2433764671,0,83.11336253153657,0.8,0.9,0.1,0.1
1585,2433764880,2433764742,0,7.731653645739709,0.8,0.9,0.1,0.1
1586,2433764880,2433764766,0,7.70972211074789,0.8,0.9,0.1,0.1
1587,5834930878,5834930877,0,8.756290214110395,0.8,0.4,0.3,0.2
1588,2920948564,2920948566,0,9.357621475395138,0.2,0.4,0.3,0.1
1589,5919449215,5919449209,0,22.69111526223134,0.2,0.4,0.3,0.3
1590,5919449215,2941119309,0,60.77386767168579,0.2,0.4,0.3,0.1
1591,5919449215,5919449220,0,91.29054595102576,0.2,0.9,0.1,0.1
1592,5919449220,5919449221,0,51.678776326092034,0.2,0.9,0.1,0.3
1593,5919449220,2941119309,0,74.55051257521201,0.2,0.9,0.1,0.1
1594,5919449220,5919449215,0,91.29054595102576,0.2,0.9,0.1,0.1
1595,3307418825,12806924702,0,35.37909318686928,0.8,0.9,0.1,0.2
1596,3307418825,12806924710,0,52.745700103858525,0.8,0.9,0.1,0.2
1597,3307418825,12806902199,0,73.96789198563707,0.2,0.9,0.1,0.2
1598,12806924702,3307418825,0,35.37909318686928,0.8,0.9,0.1,0.2
1599,12806924702,12806924704,0,42.03518601522711,0.2,0.9,0.1,0.2
1600,12806924702,12806924703,0,45.870131365105244,0.2,0.9,0.1,0.2
1601,12806924710,3307418825,0,52.745700103858525,0.8,0.9,0.1,0.2
1602,12806924710,12806924705,0,14.285062446709556,0.8,0.4,0.3,0.2
1603,12806924710,12806902198,0,86.4846062455705,0.2,0.9,0.1,0.1
1604,12806902199,12272057948,0,7.378799829090071,0.2,0.4,0.3,0.3
1605,12806902199,12248299111,0,25.32876403419298,0.2,0.4,0.3,0.3
1606,12806902199,3307418825,0,73.96789198563707,0.2,0.9,0.1,0.2
1607,12806924703,12806924704,0,18.664002044441666,0.2,0.4,0.3,0.3
1608,12806924703,12272098112,0,3.4295418135555575,0.2,0.4,0.3,0.3
1609,12806924703,12806924702,0,45.870131365105244,0.2,0.9,0.1,0.2
1610,12806924705,12806924710,0,14.285062446709556,0.8,0.4,0.3,0.2
1611,12272057948,12806902199,0,7.378799829090071,0.2,0.4,0.3,0.3
1612,12272057948,12272057949,0,23.532971145981044,0.2,0.4,0.3,0.3
1613,12272057948,12272057949,1,23.810715241973092,0.2,0.4,0.3,0.3
1614,12248299111,12248299110,0,23.656651739346415,0.2,0.4,0.3,0.3
1615,12248299111,12248299110,1,23.639866867063592,0.2,0.4,0.3,0.3
1616,12248299111,12806902199,0,25.32876403419298,0.2,0.4,0.3,0.3
1617,3893231912,12461273925,0,4.138799446700963,0.8,0.9,0.1,0.3
1618,8939668299,8942202643,0,48.28834011392587,0.2,0.9,0.1,0.3
1619,8939668299,12461273925,0,13.481453618233067,0.2,0.9,0.1,0.3
1620,3980721932,3980721951,0,6.478145484758165,0.8,0.9,0.1,0.1
1621,3980721932,3980721933,0,17.258767807626537,0.8,0.9,0.1,0.1
1622,3980721932,3980721955,0,16.977492521882258,0.8,0.9,0.1,0.1
1623,3980721932,3980721930,0,6.116733935731095,0.8,0.9,0.1,0.1
1624,3980721933,3980721932,0,17.258767807626537,0.8,0.9,0.1,0.1
1625,3980721933,13191500416,0,3.9292841156615466,0.8,0.9,0.1,0.1
1626,3980721933,3980721955,0,24.90910376744091,0.8,0.9,0.1,0.1
1627,3980721933,3980721930,0,22.632128285680892,0.8,0.9,0.1,0.1
1628,3980721955,3980721932,0,16.977492521882258,0.8,0.9,0.1,0.1
1629,3980721955,3980721951,0,26.17769250899587,0.8,0.9,0.1,0.1
1630,3980721955,3980721933,0,24.909103767440907,0.8,0.9,0.1,0.1
1631,13191500416,3980721933,0,3.9292841156615466,0.8,0.9,0.1,0.1
1632,13191500416,13191500417,0,1.8129563972350737,0.8,0.9,0.1,0.1
1633,13191500416,13191500418,0,26.495697857873452,0.8,0.9,0.1,0.1
1634,13191500416,13191500421,0,16.08785455860505,0.8,0.9,0.1,0.1
1635,13191500417,13191500416,0,1.8129563972350737,0.8,0.9,0.1,0.1
1636,13191500417,13191500419,0,11.143737252148687,0.8,0.9,0.1,0.1
1637,13191500417,13191500424,0,2.558621927111002,0.8,0.4,0.3,0.1
1638,13191500422,13191500421,0,2.6679105620438244,0.8,0.4,0.3,0.1
1639,8910794148,8910794156,0,11.524809381186628,0.8,0.4,0.3,0.1
1640,8910794148,8910794149,0,8.383796025931638,0.8,0.9,0.1,0.1
1641,8910794148,6824060867,0,10.837874948997937,0.8,0.4,0.3,0.1
1642,4661094416,5919449207,0,39.008332125272155,0.2,0.4,0.3,0.3
1643,4661094416,6824060867,0,20.10067004082335,0.8,0.9,0.1,0.1
1644,4661094416,12595689538,0,21.743265857996235,0.8,0.9,0.1,0.1
1645,12595689528,12595689538,0,7.467299679263429,0.8,0.9,0.1,0.1
1646,12595689528,5822644360,0,16.2190652102418,0.8,0.9,0.1,0.3
1647,12595689528,12595689526,0,7.4438736508188015,0.8,0.9,0.1,0.3
1648,6018494689,12595689538,0,4.106229292358075,0.8,0.3,0.4,0.1
1649,4878990037,4878990036,0,10.020405833128567,0.2,0.9,0.1,0.1
1650,4878990037,4878990038,0,6.275908969861647,0.2,0.9,0.1,0.1
1651,4878990038,4878990037,0,6.275908969861647,0.2,0.9,0.1,0.1
1652,5061067317,5061067239,0,32.77140270639159,0.2,0.4,0.3,0.1
1653,5061067317,5061067470,0,15.226053186539698,0.2,0.9,0.1,0.1
1654,5061067317,12960802960,0,17.075382567998293,0.2,0.9,0.1,0.1
1655,12960802960,5061067317,0,17.075382567998293,0.2,0.9,0.1,0.1
1656,5157651754,12461273917,0,11.508376188512074,0.8,0.9,0.1,0.1
1657,6403206658,5832845867,0,18.116097232039714,0.8,0.4,0.3,0.1
1658,6403206658,6403206657,0,23.106498423751436,0.8,0.4,0.3,0.1
1659,6403206658,6403206657,1,62.98537976817357,0.8,0.4,0.3,0.1
1660,10901402908,10901402907,0,5.327794435907831,0.8,0.9,0.1,0.1
1661,10901402906,10901402907,0,19.825614116796306,0.8,0.4,0.3,0.1
1662,5794635163,5794635164,0,30.01887807160366,0.8,0.4,0.3,0.1
1663,6106912892,5794635164,0,36.53684408608419,0.2,0.4,0.3,0.3
1664,5822644360,12595689528,0,16.2190652102418,0.8,0.9,0.1,0.3
1665,5822644369,12595689521,0,26.318725902764733,0.8,0.9,0.1,0.3
1666,5834330057,5834330058,0,16.500683218136064,0.8,0.4,0.3,0.1
1667,5834330057,5834330055,0,34.904334458004286,0.8,0.4,0.3,0.1
1668,5834330057,5834330054,0,25.458795907106893,0.8,0.4,0.3,0.3
1669,5834330055,5834330057,0,34.904334458004286,0.8,0.4,0.3,0.1
1670,6281096653,6281096660,0,11.903770650594527,0.2,0.9,0.1,0.1
1671,12248299110,11786838687,0,35.60433584127432,0.2,0.4,0.3,0.3
1672,12248299110,12248299111,0,23.639866867063596,0.2,0.4,0.3,0.3
1673,12248299110,12248299111,1,23.65665173934642,0.2,0.4,0.3,0.3
1674,11786838680,11786838687,0,49.61478114232372,0.2,0.4,0.3,0.3
1675,11786838680,12272098112,0,17.988035604166633,0.2,0.4,0.3,0.3
1676,11786838680,12272098112,1,20.59603878613977,0.2,0.4,0.3,0.3
1677,6281096639,6281096640,0,4.139972659927897,0.8,0.9,0.1,0.1
1678,6281096640,6281096639,0,4.139972659927897,0.8,0.9,0.1,0.1
1679,6281096640,6281096649,0,0.8406088663073645,0.8,0.9,0.1,0.1
1680,6281096640,6281096650,0,16.41023532595382,0.2,0.9,0.1,0.1
1681,6281096649,6281096640,0,0.8406088663073645,0.8,0.9,0.1,0.1
1682,6281096650,6281096640,0,16.41023532595382,0.2,0.9,0.1,0.1
1683,6281096650,12023837911,0,24.12195417873917,0.2,0.3,0.7,0.1
1684,12023837913,12023837911,0,35.56550593487164,0.2,0.4,0.3,0.1
1685,6281096703,6281096705,0,2.3046274699438793,0.8,0.9,0.1,0.2
1686,6281096704,6281096705,0,2.0437748584785416,0.8,0.9,0.1,0.2
1687,6327865044,6327865047,0,9.89671145257951,0.8,0.4,0.3,0.1
1688,6327939552,6327939553,0,0.8105677165240337,0.8,0.9,0.1,0.1
1689,6327939552,6327939693,0,6.192421792440559,0.8,0.4,0.3,0.1
1690,6327939552,6327939555,0,1.5043149101118083,0.8,0.4,0.3,0.1
1691,6327939553,6327939552,0,0.8105677165240337,0.8,0.9,0.1,0.1
1692,6327939695,6327939696,0,7.677961515002681,0.8,0.6,0.4,0.1
1693,6327939698,6327939696,0,9.406822563675878,0.8,0.6,0.4,0.1
1694,6824060866,8910794149,0,5.530929932296848,0.8,0.9,0.1,0.1
1695,8910794149,6824060866,0,5.530929932296848,0.8,0.9,0.1,0.1
1696,8910794149,8910794148,0,8.383796025931638,0.8,0.9,0.1,0.1
1697,8910794149,8910794147,0,8.363071366769729,0.8,0.9,0.1,0.1
1698,8910794149,8910794161,0,4.9995475117268064,0.8,0.4,0.3,0.1
1699,8910794147,8910794146,0,3.967991912630688,0.8,0.9,0.1,0.1
1700,8910794147,8910794149,0,8.363071366769729,0.8,0.9,0.1,0.1
1701,8910794147,8910794150,0,11.543523760712684,0.8,0.9,0.1,0.1
1702,8910794161,8910794149,0,4.9995475117268064,0.8,0.4,0.3,0.1
1703,8910794156,8910794148,0,11.524809381186628,0.8,0.4,0.3,0.1
1704,8910794146,8910794147,0,3.967991912630688,0.8,0.9,0.1,0.1
1705,8910794150,8910794147,0,11.543523760712686,0.8,0.9,0.1,0.1
1706,8942202648,8942202643,0,49.85809519494339,0.2,0.9,0.1,0.3
1707,9402506775,9402506784,0,2.974248218209774,0.8,0.4,0.3,0.1
1708,10816643831,10816643038,0,2.8511447855365164,0.8,0.9,0.1,0.3
1709,10816643831,10816643839,0,17.075992965751894,0.8,0.9,0.1,0.3
1710,10816643831,10816643835,0,18.58000956768156,0.8,0.9,0.1,0.3
1711,10816643042,10816643038,0,11.465687493639164,0.8,0.4,0.3,0.1
1712,10816643835,10816643839,0,5.969348567659643,0.8,0.9,0.1,0.3
1713,10816643835,10816643831,0,18.580009567681557,0.8,0.9,0.1,0.3
1714,10816643835,10816643836,0,8.927431092181466,0.8,0.9,0.1,0.3
1715,10816643900,10816643793,0,74.41397734165686,0.2,0.9,0.1,0.1
1716,10816643900,10816643908,0,128.59680623502254,0.8,0.4,0.3,0.1
1717,10816643900,10816643813,0,62.921485521497175,0.8,0.4,0.3,0.1
1718,10848175178,10816643706,0,68.88036529257413,0.2,0.9,0.1,0.1
1719,10848175178,10816643908,0,73.25596592520166,0.8,0.4,0.3,0.1
1720,10848175178,10816643813,0,64.39600772229157,0.2,0.4,0.3,0.1
1721,10816643908,10816643907,0,7.775627118536891,0.8,0.4,0.3,0.1
1722,10816643908,10816643900,0,128.5968062350225,0.8,0.4,0.3,0.1
1723,10816643908,10848175178,0,73.25596592520169,0.8,0.4,0.3,0.1
1724,10816643836,10816643835,0,8.927431092181466,0.8,0.9,0.1,0.3
1725,10816643851,10816643907,0,12.644399407328198,0.8,0.4,0.3,0.1
1726,10816643857,10816643874,0,44.15027521301487,0.8,0.9,0.1,0.1
1727,10816643857,10816643890,0,18.58466670918513,0.8,0.9,0.1,0.1
1728,10816643857,10816643864,0,26.810384378829024,0.8,0.4,0.3,0.1
1729,10816643854,10816643852,0,5.39045213068721,0.8,0.9,0.1,0.1
1730,10816643854,10816643890,0,23.241369232400082,0.8,0.9,0.1,0.1
1731,10816643854,10816643874,0,24.73655862157691,0.8,0.9,0.1,0.1
1732,10816643852,10816974035,0,9.203993920917814,0.8,0.9,0.1,0.1
1733,10816643852,10816643854,0,5.39045213068721,0.8,0.9,0.1,0.1
1734,10816643852,10816643893,0,32.14634083214235,0.8,0.9,0.1,0.1
1735,10816643893,10816643890,0,4.238812791844242,0.8,0.9,0.1,0.1
1736,10816643893,10816974038,0,18.388087066598032,0.8,0.9,0.1,0.1
1737,10816643893,10816643852,0,32.14634083214235,0.8,0.9,0.1,0.1
1738,10816974038,10816643864,0,0.359685230843326,0.8,0.9,0.1,0.1
1739,10816974038,10816643893,0,18.388087066598032,0.8,0.9,0.1,0.1
1740,10816974038,10816974035,0,53.4905604680351,0.8,0.9,0.1,0.1
1741,10816643890,10816643854,0,23.24136923240008,0.8,0.9,0.1,0.1
1742,10816643890,10816643893,0,4.238812791844241,0.8,0.9,0.1,0.1
1743,10816643890,10816643857,0,18.58466670918513,0.8,0.9,0.1,0.1
1744,12272098112,12806924703,0,3.4295418135555575,0.2,0.4,0.3,0.3
1745,12272098112,11786838680,0,20.59603878613977,0.2,0.4,0.3,0.3
1746,12272098112,11786838680,1,17.988035604166633,0.2,0.4,0.3,0.3
1747,12272057949,12806902198,0,47.2799371104064,0.2,0.4,0.3,0.1
1748,12272057949,12272057948,0,23.810715241973092,0.2,0.4,0.3,0.3
1749,12272057949,12272057948,1,23.532971145981044,0.2,0.4,0.3,0.3
1750,13191500419,13191500417,0,11.143737252148687,0.8,0.9,0.1,0.1
1751,13191500424,13191500417,0,2.558621927111002,0.8,0.4,0.3,0.1
