u,v,key,osmid,highway,maxspeed,name,oneway,reversed,length,geometry,lit,surface,lanes,ref,service,tunnel,access,bridge,junction
104804,283348151,0,3878220,unclassified,20 mph,Grosvenor Road,False,True,57.64124565669188,"LINESTRING (-2.5848588 51.4630034, -2.5842715 51.4633706)",no,asphalt,,,,,,,
104804,21591965,0,8172814,residential,20 mph,Brighton Street,False,False,41.06142069481122,"LINESTRING (-2.5848588 51.4630034, -2.5852504 51.4632806)",no,asphalt,,,,,,,
104804,282237615,0,3878220,unclassified,20 mph,Grosvenor Road,False,False,12.31565596019496,"LINESTRING (-2.5848588 51.4630034, -2.5849097 51.4629614, -2.5849703 51.4629172)",no,asphalt,,,,,,,
283348151,104804,0,3878220,unclassified,20 mph,Grosvenor Road,False,False,57.64124565669188,"LINESTRING (-2.5842715 51.4633706, -2.5848588 51.4630034)",no,asphalt,,,,,,,
283348151,859323256,0,3878220,unclassified,20 mph,Grosvenor Road,False,True,51.566663379537005,"LINESTRING (-2.5842715 51.4633706, -2.5837332 51.4636909)",no,asphalt,,,,,,,
283348151,283348057,0,72343201,residential,20 mph,Campbell Street,False,True,124.16104153791507,"LINESTRING (-2.5842715 51.4633706, -2.5854158 51.46423)",no,asphalt,,,,,,,
21591965,104808,0,8172814,residential,20 mph,Brighton Street,False,False,91.4131992531357,"LINESTRING (-2.5852504 51.4632806, -2.586081 51.4639194)",no,asphalt,,,,,,,
21591965,104804,0,8172814,residential,20 mph,Brighton Street,False,True,41.06142069481122,"LINESTRING (-2.5852504 51.4632806, -2.5848588 51.4630034)",no,asphalt,,,,,,,
21591965,21591966,0,72343248,residential,20 mph,Argyle Road,False,False,99.5467313971337,"LINESTRING (-2.5852504 51.4632806, -2.5860289 51.4629135, -2.5863995 51.4627431)",yes,asphalt,,,,,,,
282237615,19875363,0,487066776,unclassified,20 mph,Wilder Street,False,True,95.82893611306103,"LINESTRING (-2.5849703 51.4629172, -2.5860455 51.462375)",yes,asphalt,,,,,,,
282237615,104804,0,3878220,unclassified,20 mph,Grosvenor Road,False,True,12.31565596019496,"LINESTRING (-2.5849703 51.4629172, -2.5849097 51.4629614, -2.5848588 51.4630034)",no,asphalt,,,,,,,
282237615,282238484,0,43590867,residential,20 mph,Little Bishop Street,False,True,11.540698161040826,"LINESTRING (-2.5849703 51.4629172, -2.5849206 51.4628767, -2.584889 51.4628277)",no,asphalt,,,,,,,
859323256,283348151,0,3878220,unclassified,20 mph,Grosvenor Road,False,False,51.566663379537005,"LINESTRING (-2.5837332 51.4636909, -2.5842715 51.4633706)",no,asphalt,,,,,,,
859323256,283348229,0,3878220,unclassified,20 mph,Grosvenor Road,False,True,7.509207998278176,"LINESTRING (-2.5837332 51.4636909, -2.5837031 51.4637089, -2.5836549 51.4637376)",no,asphalt,,,,,,,
859323256,859323097,0,69892598,footway,,,False,False,36.82442308200678,"LINESTRING (-2.5837332 51.4636909, -2.5834685 51.4636858, -2.5834172 51.4636908, -2.5832655 51.4637172, -2.5832225 51.4637408)",no,asphalt,,,,,,,
283348057,283348151,0,72343201,residential,20 mph,Campbell Street,False,False,124.16104153791507,"LINESTRING (-2.5854158 51.46423, -2.5842715 51.4633706)",no,asphalt,,,,,,,
283348057,104808,0,193994529,unclassified,20 mph,City Road,False,True,57.58776569352625,"LINESTRING (-2.5854158 51.46423, -2.586081 51.4639194)",no,asphalt,2,,,,,,
283348057,283348164,0,193994529,unclassified,20 mph,City Road,False,False,57.554629227666226,"LINESTRING (-2.5854158 51.46423, -2.5851323 51.4643647, -2.5847552 51.4645439)",no,asphalt,2,,,,,,
104808,21591965,0,8172814,residential,20 mph,Brighton Street,False,True,91.4131992531357,"LINESTRING (-2.586081 51.4639194, -2.5852504 51.4632806)",no,asphalt,,,,,,,
104808,283348057,0,193994529,unclassified,20 mph,City Road,False,False,57.58776569352625,"LINESTRING (-2.586081 51.4639194, -2.5854158 51.46423)",no,asphalt,2,,,,,,
104808,104833,0,"[4832798, 72343207]",unclassified,20 mph,Drummond Road,False,False,61.59965379604079,"LINESTRING (-2.586081 51.4639194, -2.5862741 51.464075, -2.5866486 51.4643456)",no,asphalt,,,,,,,
104808,19875367,0,193994529,unclassified,20 mph,City Road,False,True,89.19212914497304,"LINESTRING (-2.586081 51.4639194, -2.5863379 51.4637955, -2.5870991 51.4634284)",yes,asphalt,2,,,,,,
21591966,19875363,0,24359420,unclassified,20 mph,Brigstocke Road,False,False,47.71557510560345,"LINESTRING (-2.5863995 51.4627431, -2.5860455 51.462375)",yes,asphalt,,,,,,,
21591966,19875367,0,24359420,unclassified,20 mph,Brigstocke Road,False,True,90.30885378591174,"LINESTRING (-2.5863995 51.4627431, -2.5870991 51.4634284)",yes,asphalt,,,,,,,
21591966,21591967,0,72343248,residential,20 mph,Argyle Road,False,False,107.93223316873032,"LINESTRING (-2.5863995 51.4627431, -2.5876224 51.4621417)",yes,asphalt,,,,,,,
21591966,21591965,0,72343248,residential,20 mph,Argyle Road,False,True,99.5467313971337,"LINESTRING (-2.5863995 51.4627431, -2.5860289 51.4629135, -2.5852504 51.4632806)",yes,asphalt,,,,,,,
19875363,21591966,0,24359420,unclassified,20 mph,Brigstocke Road,False,True,47.71557510560345,"LINESTRING (-2.5860455 51.462375, -2.5863995 51.4627431)",yes,asphalt,,,,,,,
19875363,364165242,0,43590865,unclassified,20 mph,Dean Street,False,False,61.60069569471027,"LINESTRING (-2.5860455 51.462375, -2.585654 51.4618776)",yes,asphalt,,,,,,,
19875363,282237615,0,487066776,unclassified,20 mph,Wilder Street,False,False,95.82893611306103,"LINESTRING (-2.5860455 51.462375, -2.5849703 51.4629172)",yes,asphalt,,,,,,,
19875363,5906108608,0,24359413,unclassified,20 mph,Wilder Street,False,True,47.839200580996604,"LINESTRING (-2.5860455 51.462375, -2.5860941 51.4623508, -2.5865848 51.4621063)",yes,asphalt,,,,,,,
282238484,282237615,0,43590867,residential,20 mph,Little Bishop Street,False,False,11.540698161040826,"LINESTRING (-2.584889 51.4628277, -2.5849206 51.4628767, -2.5849703 51.4629172)",no,asphalt,,,,,,,
282238484,282238482,0,43590867,residential,20 mph,Little Bishop Street,False,True,107.41966200856102,"LINESTRING (-2.584889 51.4628277, -2.584877 51.4627988, -2.5848946 51.4627329, -2.5849241 51.4626782, -2.5849136 51.4626245, -2.584515 51.4622622, -2.5843315 51.4620917, -2.5842743 51.4619844)",no,asphalt,,,,,,,
282238484,835468055,0,72343224,unclassified,20 mph,Prince's Street,False,False,61.45349412333963,"LINESTRING (-2.584889 51.4628277, -2.584735 51.4628594, -2.5845544 51.4629233, -2.584398 51.4630136, -2.5841821 51.4628803)",no,asphalt,,,,,,,
104833,19875368,0,8302427,residential,20 mph,Gwyn Street,False,True,81.40750362863251,"LINESTRING (-2.5866486 51.4643456, -2.5875944 51.4639111)",yes,asphalt,,,,,,,
104833,104808,0,"[4832798, 72343207]",unclassified,20 mph,Drummond Road,False,True,61.59965379604079,"LINESTRING (-2.5866486 51.4643456, -2.5862741 51.464075, -2.586081 51.4639194)",no,asphalt,,,,,,,
19875367,21591966,0,24359420,unclassified,20 mph,Brigstocke Road,False,False,90.30885378591174,"LINESTRING (-2.5870991 51.4634284, -2.5863995 51.4627431)",yes,asphalt,,,,,,,
19875367,19875368,0,24359420,unclassified,20 mph,Brigstocke Road,False,True,63.704127665862664,"LINESTRING (-2.5870991 51.4634284, -2.5875944 51.4639111)",yes,asphalt,,,,,,,
19875367,104808,0,193994529,unclassified,20 mph,City Road,False,False,89.19212914497304,"LINESTRING (-2.5870991 51.4634284, -2.5863379 51.4637955, -2.586081 51.4639194)",yes,asphalt,2,,,,,,
19875367,293907316,0,193994529,unclassified,20 mph,City Road,False,True,116.07255995202004,"LINESTRING (-2.5870991 51.4634284, -2.5875474 51.4632256, -2.5884548 51.462815)",yes,asphalt,2,,,,,,
283348164,283348229,0,25974236,residential,20 mph,Denbigh Street,False,False,117.67878708460879,"LINESTRING (-2.5847552 51.4645439, -2.5836957 51.4637675, -2.5836549 51.4637376)",no,asphalt,,,,,,,
283348164,283348057,0,193994529,unclassified,20 mph,City Road,False,True,57.554629227666226,"LINESTRING (-2.5847552 51.4645439, -2.5851323 51.4643647, -2.5854158 51.46423)",no,asphalt,2,,,,,,
19875368,104833,0,8302427,residential,20 mph,Gwyn Street,False,False,81.40750362863251,"LINESTRING (-2.5875944 51.4639111, -2.5866486 51.4643456)",yes,asphalt,,,,,,,
19875368,19875367,0,24359420,unclassified,20 mph,Brigstocke Road,False,False,63.704127665862664,"LINESTRING (-2.5875944 51.4639111, -2.5870991 51.4634284)",yes,asphalt,,,,,,,
19875368,5900430623,0,24359420,unclassified,20 mph,Brigstocke Road,False,True,67.27636254848716,"LINESTRING (-2.5875944 51.4639111, -2.5881204 51.4644197)",yes,asphalt,,,,,,,
19875368,4794218449,0,26792514,residential,20 mph,Hepburn Road,False,False,66.07768775637653,"LINESTRING (-2.5875944 51.4639111, -2.5883427 51.4635426)",yes,asphalt,,,,,,,
293907316,2882617940,0,4234845,unclassified,20 mph,Brunswick Street,False,False,48.57795779798697,"LINESTRING (-2.5884548 51.462815, -2.5880269 51.4624689)",no,asphalt,,,,,,,
293907316,4795736877,0,193994529,unclassified,20 mph,City Road,False,True,4.002973546472964,"LINESTRING (-2.5884548 51.462815, -2.5885015 51.4627938)",no,asphalt,2,,,,,,
293907316,19875367,0,193994529,unclassified,20 mph,City Road,False,False,116.07255995202004,"LINESTRING (-2.5884548 51.462815, -2.5875474 51.4632256, -2.5870991 51.4634284)",yes,asphalt,2,,,,,,
104812,358460226,0,4013287,unclassified,20 mph,Saint Nicholas Road,False,False,37.356639000736365,"LINESTRING (-2.580726 51.4639673, -2.5803047 51.4637576)",no,asphalt,,,,,,,
104812,462979246,0,4013287,unclassified,20 mph,Saint Nicholas Road,False,True,16.262032346440073,"LINESTRING (-2.580726 51.4639673, -2.5809042 51.4640625)",no,asphalt,,,,,,,
104812,6327939494,0,72343233,residential,20 mph,Halston Drive,False,False,55.49085518510246,"LINESTRING (-2.580726 51.4639673, -2.5808686 51.4638346, -2.5809972 51.4637148, -2.5811616 51.4635486)",no,asphalt,,,,,,,
358460226,104814,0,4013287,unclassified,20 mph,Saint Nicholas Road,False,False,54.81433032611129,"LINESTRING (-2.5803047 51.4637576, -2.5796921 51.4634456)",no,asphalt,,,,,,,
358460226,104812,0,4013287,unclassified,20 mph,Saint Nicholas Road,False,True,37.356639000736365,"LINESTRING (-2.5803047 51.4637576, -2.580726 51.4639673)",no,asphalt,,,,,,,
462979246,104812,0,4013287,unclassified,20 mph,Saint Nicholas Road,False,False,16.262032346440073,"LINESTRING (-2.5809042 51.4640625, -2.580726 51.4639673)",no,asphalt,,,,,,,
462979246,21591973,0,4013287,unclassified,20 mph,Saint Nicholas Road,False,True,54.36514764403247,"LINESTRING (-2.5809042 51.4640625, -2.5815125 51.4643714)",no,asphalt,,,,,,,
462979246,2433742262,0,72343229,footway,,,False,False,41.493795269779206,"LINESTRING (-2.5809042 51.4640625, -2.5813233 51.4637959)",no,asphalt,,,,,,,
6327939494,6327939493,0,675713052,residential,20 mph,Halston Drive,False,False,9.301526846266007,"LINESTRING (-2.5811616 51.4635486, -2.5812571 51.4636074)",no,asphalt,,,,,,,
6327939494,6327939492,0,72343233,residential,20 mph,Halston Drive,False,False,41.25242210341515,"LINESTRING (-2.5811616 51.4635486, -2.5812192 51.4634904, -2.5814741 51.4632328)",no,asphalt,,,,,,,
6327939494,104812,0,72343233,residential,20 mph,Halston Drive,False,True,55.49085518510246,"LINESTRING (-2.5811616 51.4635486, -2.5809972 51.4637148, -2.5808686 51.4638346, -2.580726 51.4639673)",no,asphalt,,,,,,,
104814,358460226,0,4013287,unclassified,20 mph,Saint Nicholas Road,False,True,54.81433032611129,"LINESTRING (-2.5796921 51.4634456, -2.5803047 51.4637576)",no,asphalt,,,,,,,
21591973,462979246,0,4013287,unclassified,20 mph,Saint Nicholas Road,False,False,54.36514764403247,"LINESTRING (-2.5815125 51.4643714, -2.5809042 51.4640625)",no,asphalt,,,,,,,
21591973,835468062,0,4013287,unclassified,20 mph,Saint Nicholas Road,False,True,7.298544405774302,"LINESTRING (-2.5815125 51.4643714, -2.5815921 51.4644144)",no,asphalt,,,,,,,
2433742262,462979246,0,72343229,footway,,,False,True,41.493795269779206,"LINESTRING (-2.5813233 51.4637959, -2.5809042 51.4640625)",no,asphalt,,,,,,,
2433742262,835468063,0,235292522,footway,,,False,False,5.237001404698587,"LINESTRING (-2.5813233 51.4637959, -2.5813795 51.4638274)",no,asphalt,,,,,,,
2433742262,859323102,0,72343229,footway,,,False,False,24.990624110843957,"LINESTRING (-2.5813233 51.4637959, -2.5814142 51.4637426, -2.5815839 51.4636405)",no,asphalt,,,,,,,
6327939493,6327939494,0,675713052,residential,20 mph,Halston Drive,False,True,9.301526846266007,"LINESTRING (-2.5812571 51.4636074, -2.5811616 51.4635486)",no,asphalt,,,,,,,
6327939492,6327939491,0,675713051,residential,20 mph,Halston Drive,False,False,10.649747593738448,"LINESTRING (-2.5814741 51.4632328, -2.5815855 51.4632988)",no,asphalt,,,,,,,
6327939492,859323083,0,72343233,residential,20 mph,Halston Drive,False,False,25.58982928598164,"LINESTRING (-2.5814741 51.4632328, -2.5815048 51.4632018, -2.5815705 51.463149, -2.5817001 51.4630511)",no,asphalt,,,,,,,
6327939492,6327939494,0,72343233,residential,20 mph,Halston Drive,False,True,41.25242210341515,"LINESTRING (-2.5814741 51.4632328, -2.5812192 51.4634904, -2.5811616 51.4635486)",no,asphalt,,,,,,,
104829,1242132583,0,3877714,unclassified,20 mph,,False,True,68.65888115570544,"LINESTRING (-2.5807185 51.461573, -2.5807331 51.4615131, -2.5807499 51.4614412, -2.5807947 51.4614031, -2.5812664 51.4610797)",yes,asphalt,,,,,,,
104829,19871273,0,"[72343225, 72343218, 3877715]",unclassified,20 mph,"['Wilson Place', 'Dove Lane', 'Wilson Street']",False,"[False, True]",153.82310067403628,"LINESTRING (-2.5807185 51.461573, -2.5807835 51.4615883, -2.5808392 51.4616164, -2.5812657 51.4619366, -2.5819786 51.4615184, -2.5822897 51.4613315)",yes,asphalt,,,,,,,
104829,1722968878,0,"[4013288, 1364006095]",unclassified,,Newfoundland Road,False,False,125.97538068128651,"LINESTRING (-2.5807185 51.461573, -2.5806395 51.4615793, -2.580548 51.461617, -2.5803651 51.4617659, -2.5797481 51.4624144, -2.5796845 51.4624764)",yes,asphalt,,,,,,,
1242132583,104829,0,3877714,unclassified,20 mph,,False,False,68.65888115570544,"LINESTRING (-2.5812664 51.4610797, -2.5807947 51.4614031, -2.5807499 51.4614412, -2.5807331 51.4615131, -2.5807185 51.461573)",yes,asphalt,,,,,,,
1242132583,17476836,0,3877714,unclassified,20 mph,,False,True,33.10760408385856,"LINESTRING (-2.5812664 51.4610797, -2.5814732 51.4609357, -2.5815743 51.4608523)",yes,asphalt,,,,,,,
1242132583,6211451020,0,663625161,service,,,False,False,112.12882522943798,"LINESTRING (-2.5812664 51.4610797, -2.5814505 51.4611842, -2.5815471 51.4612209, -2.5815833 51.4612259, -2.5816275 51.4612134, -2.5818756 51.4610964, -2.5819708 51.4610622, -2.5820352 51.4610405, -2.5820942 51.4610204, -2.5821278 51.4609945, -2.5821385 51.4609519, -2.5821345 51.4609001, -2.582109 51.4608608, -2.5820634 51.460824, -2.5818705 51.4607148)",yes,asphalt,,,,,,,
19871273,19871274,0,72343225,unclassified,20 mph,Wilson Street,False,True,44.85446045280386,"LINESTRING (-2.5822897 51.4613315, -2.5828657 51.4611473)",yes,asphalt,,,,,,,
19871273,104829,0,"[72343225, 72343218, 3877715]",unclassified,20 mph,"['Wilson Place', 'Dove Lane', 'Wilson Street']",False,"[False, True]",153.82310067403628,"LINESTRING (-2.5822897 51.4613315, -2.5819786 51.4615184, -2.5812657 51.4619366, -2.5808392 51.4616164, -2.5807835 51.4615883, -2.5807185 51.461573)",yes,asphalt,,,,,,,
19871273,6211450986,0,663625146,service,,,False,False,38.12521605469308,"LINESTRING (-2.5822897 51.4613315, -2.5823617 51.4614219, -2.5825341 51.4616387)",yes,asphalt,,,,,,,
1722968878,1722968890,0,160234170,service,,,False,False,22.93897229740086,"LINESTRING (-2.5796845 51.4624764, -2.5799636 51.4625874)",yes,asphalt,,,,,,,
1722968878,1297069020,0,1364006095,unclassified,,Newfoundland Road,False,False,39.12080435493503,"LINESTRING (-2.5796845 51.4624764, -2.5793882 51.4627759)",yes,asphalt,,,,,,,
1722968878,104829,0,"[4013288, 1364006095]",unclassified,,Newfoundland Road,False,True,125.97538068128651,"LINESTRING (-2.5796845 51.4624764, -2.5797481 51.4624144, -2.5803651 51.4617659, -2.580548 51.461617, -2.5806395 51.4615793, -2.5807185 51.461573)",yes,asphalt,,,,,,,
17476836,6211451020,0,3526935,trunk,30 mph,Newfoundland Way,False,True,25.5903383724923,"LINESTRING (-2.5815743 51.4608523, -2.5818705 51.4607148)",yes,asphalt,2,A4032,,,,,
17476836,1242132583,0,3877714,unclassified,20 mph,,False,False,33.10760408385856,"LINESTRING (-2.5815743 51.4608523, -2.5814732 51.4609357, -2.5812664 51.4610797)",yes,asphalt,,,,,,,
6211451020,17476836,0,3526935,trunk,30 mph,Newfoundland Way,False,False,25.5903383724923,"LINESTRING (-2.5818705 51.4607148, -2.5815743 51.4608523)",yes,asphalt,2,A4032,,,,,
6211451020,1242132577,0,3526935,trunk,30 mph,Newfoundland Way,False,True,44.56220771186957,"LINESTRING (-2.5818705 51.4607148, -2.5819001 51.460701, -2.5822928 51.4605368, -2.5824038 51.4604908)",yes,paved,2,A4032,,,,,
6211451020,1242132583,0,663625161,service,,,False,True,112.12882522943795,"LINESTRING (-2.5818705 51.4607148, -2.5820634 51.460824, -2.582109 51.4608608, -2.5821345 51.4609001, -2.5821385 51.4609519, -2.5821278 51.4609945, -2.5820942 51.4610204, -2.5820352 51.4610405, -2.5819708 51.4610622, -2.5818756 51.4610964, -2.5816275 51.4612134, -2.5815833 51.4612259, -2.5815471 51.4612209, -2.5814505 51.4611842, -2.5812664 51.4610797)",yes,asphalt,,,,,,,
19871274,5753086713,0,26230276,footway,,,False,False,46.8205600387419,"LINESTRING (-2.5828657 51.4611473, -2.5825756 51.460767)",yes,asphalt,,,,,,,
19871274,19871273,0,72343225,unclassified,20 mph,Wilson Street,False,False,44.85446045280386,"LINESTRING (-2.5828657 51.4611473, -2.5822897 51.4613315)",yes,asphalt,,,,,,,
19871274,262442292,0,72343225,unclassified,20 mph,Wilson Street,False,True,85.0388930704271,"LINESTRING (-2.5828657 51.4611473, -2.58397 51.4608134)",yes,concrete,,,,,,,
6211450986,19871273,0,663625146,service,,,False,True,38.12521605469308,"LINESTRING (-2.5825341 51.4616387, -2.5823617 51.4614219, -2.5822897 51.4613315)",yes,asphalt,,,,,,,
1722968890,1722968878,0,160234170,service,,,False,True,22.93897229740086,"LINESTRING (-2.5799636 51.4625874, -2.5796845 51.4624764)",yes,asphalt,,,,,,,
1722968890,1722968881,0,160234171,service,,,False,False,9.804726547040493,"LINESTRING (-2.5799636 51.4625874, -2.5800337 51.4625108)",no,asphalt,,,parking_aisle,,,,
1722968890,1722968925,0,160234171,service,,,False,True,48.73900078335072,"LINESTRING (-2.5799636 51.4625874, -2.5796152 51.4629682)",no,asphalt,,,parking_aisle,,,,
1297069020,1282135928,0,114515396,footway,,,False,False,5.3019720247085,"LINESTRING (-2.5793882 51.4627759, -2.5793249 51.4627491)",yes,asphalt,,,,,,,
1297069020,1722968878,0,1364006095,unclassified,,Newfoundland Road,False,True,39.12080435493503,"LINESTRING (-2.5793882 51.4627759, -2.5796845 51.4624764)",yes,asphalt,,,,,,,
5900430623,19875368,0,24359420,unclassified,20 mph,Brigstocke Road,False,False,67.27636254848716,"LINESTRING (-2.5881204 51.4644197, -2.5875944 51.4639111)",yes,asphalt,,,,,,,
5900430623,5900430626,0,"[624866104, 624866105, 624866103]",service,,,False,True,24.160914752822542,"LINESTRING (-2.5881204 51.4644197, -2.5882184 51.4643888, -2.5883799 51.464338, -2.5884316 51.4643216)",yes,asphalt,,,,building_passage,,,
4794218449,19875368,0,26792514,residential,20 mph,Hepburn Road,False,True,66.07768775637653,"LINESTRING (-2.5883427 51.4635426, -2.5875944 51.4639111)",yes,asphalt,,,,,,,
4794218449,21309748,0,"[26792514, 94255692]","['service', 'residential']",20 mph,Hepburn Road,False,False,119.76576496020468,"LINESTRING (-2.5883427 51.4635426, -2.5889975 51.4632201, -2.5890837 51.463187, -2.5891775 51.4631827, -2.5898705 51.4632387)",no,asphalt,,,,,,,
4794218449,4794218446,0,"[486880427, 486880428, 486880429]",footway,,,False,False,17.58794138973343,"LINESTRING (-2.5883427 51.4635426, -2.5883772 51.4635699, -2.5884539 51.4636308, -2.5884995 51.463667)",no,paving_stones,,,,building_passage,,,
104837,21591967,0,4234845,unclassified,20 mph,Brunswick Street,False,True,47.466898558256716,"LINESTRING (-2.5872167 51.4617977, -2.5876224 51.4621417)",yes,asphalt,,,,,,,
104837,19875366,0,24359413,unclassified,20 mph,Wilder Street,False,False,29.830050997914846,"LINESTRING (-2.5872167 51.4617977, -2.5868757 51.4619615)",yes,asphalt,,,,,,,
104837,5906030287,0,24359413,unclassified,20 mph,Wilder Street,False,True,21.07662222925079,"LINESTRING (-2.5872167 51.4617977, -2.5873944 51.4617055, -2.5874519 51.4616775)",yes,asphalt,,,,,,,
21591967,104837,0,4234845,unclassified,20 mph,Brunswick Street,False,False,47.466898558256716,"LINESTRING (-2.5876224 51.4621417, -2.5872167 51.4617977)",yes,asphalt,,,,,,,
21591967,2882617940,0,4234845,unclassified,20 mph,Brunswick Street,False,True,45.923918683251834,"LINESTRING (-2.5876224 51.4621417, -2.5880269 51.4624689)",no,asphalt,,,,,,,
21591967,21591966,0,72343248,residential,20 mph,Argyle Road,False,True,107.93223316873032,"LINESTRING (-2.5876224 51.4621417, -2.5863995 51.4627431)",yes,asphalt,,,,,,,
19875366,287225971,0,3878218,unclassified,20 mph,Cave Street,False,True,45.00066433656381,"LINESTRING (-2.5868757 51.4619615, -2.5865958 51.4615963)",yes,asphalt,,,,,,,
19875366,5906108608,0,24359413,unclassified,20 mph,Wilder Street,False,False,25.795125279711797,"LINESTRING (-2.5868757 51.4619615, -2.5865848 51.4621063)",yes,asphalt,,,,,,,
19875366,104837,0,24359413,unclassified,20 mph,Wilder Street,False,True,29.830050997914846,"LINESTRING (-2.5868757 51.4619615, -2.5872167 51.4617977)",yes,asphalt,,,,,,,
5906030287,262442708,0,24359413,unclassified,20 mph,Wilder Street,False,True,64.24283798699834,"LINESTRING (-2.5874519 51.4616775, -2.588183 51.4613221)",yes,paving_stones,,,,,,,
5906030287,104837,0,24359413,unclassified,20 mph,Wilder Street,False,False,21.07662222925079,"LINESTRING (-2.5874519 51.4616775, -2.5873944 51.4617055, -2.5872167 51.4617977)",yes,asphalt,,,,,,,
5906030287,5906030290,0,"[625529176, 625529174, 625529175]",service,,,False,True,16.79986808423033,"LINESTRING (-2.5874519 51.4616775, -2.5874019 51.4616375, -2.5873273 51.4615778, -2.5873029 51.4615583)",yes,asphalt,,,,building_passage,,,
2882617940,21591967,0,4234845,unclassified,20 mph,Brunswick Street,False,False,45.923918683251834,"LINESTRING (-2.5880269 51.4624689, -2.5876224 51.4621417)",no,asphalt,,,,,,,
2882617940,293907316,0,4234845,unclassified,20 mph,Brunswick Street,False,True,48.57795779798697,"LINESTRING (-2.5880269 51.4624689, -2.5884548 51.462815)",no,asphalt,,,,,,,
2882617940,859323223,0,"[284531833, 72343206]","['footway', 'unclassified']",20 mph,Backfields Lane,False,"[False, True]",47.16763002947642,"LINESTRING (-2.5880269 51.4624689, -2.5881795 51.4623941, -2.5881654 51.462381, -2.5880795 51.4624218, -2.5880633 51.4624082, -2.5881696 51.4623586, -2.5881806 51.4623669, -2.5883204 51.4623002)",no,asphalt,,,,,,,
287225971,19875366,0,3878218,unclassified,20 mph,Cave Street,False,False,45.00066433656381,"LINESTRING (-2.5865958 51.4615963, -2.5868757 51.4619615)",yes,asphalt,,,,,,,
287225971,19871261,0,3878218,unclassified,20 mph,Cave Street,False,True,39.961324690828015,"LINESTRING (-2.5865958 51.4615963, -2.586359 51.4612686)",yes,paved,,,,,,,
287225971,364165242,0,26230258,service,,Chapter Street,False,True,72.35683802684447,"LINESTRING (-2.5865958 51.4615963, -2.585654 51.4618776)",yes,asphalt,,,,,,,
5906108608,19875366,0,24359413,unclassified,20 mph,Wilder Street,False,True,25.795125279711797,"LINESTRING (-2.5865848 51.4621063, -2.5868757 51.4619615)",yes,asphalt,,,,,,,
5906108608,19875363,0,24359413,unclassified,20 mph,Wilder Street,False,False,47.839200580996604,"LINESTRING (-2.5865848 51.4621063, -2.5860941 51.4623508, -2.5860455 51.462375)",yes,asphalt,,,,,,,
5906108608,5906108611,0,"[625536892, 625536893, 625536894]",service,,,False,True,19.650825861718523,"LINESTRING (-2.5865848 51.4621063, -2.586534 51.4620542, -2.5864831 51.4620063, -2.5864331 51.461957)",yes,asphalt,,,,building_passage,,,
262442708,5906030287,0,24359413,unclassified,20 mph,Wilder Street,False,False,64.24283798699834,"LINESTRING (-2.588183 51.4613221, -2.5874519 51.4616775)",yes,paving_stones,,,,,,,
262442708,104838,0,24359413,unclassified,20 mph,Wilder Street,False,True,47.60920218995218,"LINESTRING (-2.588183 51.4613221, -2.5887285 51.4610617)",yes,asphalt,,,,,,,
262442708,262442706,0,24239238,footway,,,False,True,19.541553699696188,"LINESTRING (-2.588183 51.4613221, -2.5881547 51.4612986, -2.5880054 51.4611856)",yes,paving_stones,,,,,,,
5906030290,5906030287,0,"[625529176, 625529174, 625529175]",service,,,False,False,16.799868084230333,"LINESTRING (-2.5873029 51.4615583, -2.5873273 51.4615778, -2.5874019 51.4616375, -2.5874519 51.4616775)",yes,asphalt,,,,building_passage,,,
104838,5240224448,0,4012533,unclassified,20 mph,Upper York Street,False,False,29.73596811658433,"LINESTRING (-2.5887285 51.4610617, -2.5886121 51.4608043)",yes,asphalt,,,,,,,
104838,262442708,0,24359413,unclassified,20 mph,Wilder Street,False,False,47.60920218995218,"LINESTRING (-2.5887285 51.4610617, -2.588183 51.4613221)",yes,asphalt,,,,,,,
104838,5240224464,0,204097711,unclassified,20 mph,Upper York Street,False,True,28.11919707116186,"LINESTRING (-2.5887285 51.4610617, -2.5889677 51.461266)",yes,asphalt,,,,,,,
104838,287226483,0,"[541977753, 26230303]","['path', 'unclassified']",20 mph,Wilder Street,False,False,151.29401512397186,"LINESTRING (-2.5887285 51.4610617, -2.5899687 51.4604879, -2.5900083 51.460521, -2.5900172 51.4605275, -2.5901628 51.4606631, -2.5903862 51.4605933, -2.5904285 51.4605801)",yes,asphalt,,,,,,,
5240224448,25280227,0,4012533,unclassified,20 mph,Upper York Street,False,False,49.58730298441685,"LINESTRING (-2.5886121 51.4608043, -2.5884195 51.4603748)",yes,asphalt,,,,,,,
5240224448,104838,0,4012533,unclassified,20 mph,Upper York Street,False,True,29.73596811658433,"LINESTRING (-2.5886121 51.4608043, -2.5887285 51.4610617)",yes,asphalt,,,,,,,
5240224448,5240224447,0,541977748,service,,,False,False,20.12383450563039,"LINESTRING (-2.5886121 51.4608043, -2.5884856 51.4608258, -2.5883319 51.460852)",yes,asphalt,,,,,,,
5240224464,104838,0,204097711,unclassified,20 mph,Upper York Street,False,False,28.11919707116186,"LINESTRING (-2.5889677 51.461266, -2.5887285 51.4610617)",yes,asphalt,,,,,,,
5240224464,364165254,0,204097711,unclassified,20 mph,Upper York Street,False,True,21.403977166575633,"LINESTRING (-2.5889677 51.461266, -2.5891498 51.4614215)",no,asphalt,,,,,,,
5240224464,5240224465,0,541977756,service,,,False,True,10.012148074549893,"LINESTRING (-2.5889677 51.461266, -2.589082 51.4612109)",no,asphalt,,,,,,,
287226483,3332266263,0,26230299,residential,20 mph,Moon Street,False,False,27.651886231189813,"LINESTRING (-2.5904285 51.4605801, -2.5907851 51.4604684)",yes,asphalt,,,,,,,
287226483,287226581,0,26230298,residential,20 mph,Moon Street,False,True,32.14222113023852,"LINESTRING (-2.5904285 51.4605801, -2.5904014 51.4606188, -2.5902981 51.4608571)",yes,asphalt,,,,,,,
287226483,104838,0,"[541977753, 26230303]","['path', 'unclassified']",20 mph,Wilder Street,False,True,151.29401512397186,"LINESTRING (-2.5904285 51.4605801, -2.5903862 51.4605933, -2.5901628 51.4606631, -2.5900172 51.4605275, -2.5900083 51.460521, -2.5899687 51.4604879, -2.5887285 51.4610617)",yes,asphalt,,,,,,,
25280227,5240224448,0,4012533,unclassified,20 mph,Upper York Street,False,True,49.58730298441685,"LINESTRING (-2.5884195 51.4603748, -2.5886121 51.4608043)",yes,asphalt,,,,,,,
25280227,262442627,0,4234841,unclassified,20 mph,Brunswick Square,False,True,49.07514655208435,"LINESTRING (-2.5884195 51.4603748, -2.588283 51.460397, -2.587734 51.460486)",yes,asphalt,,,,,,,
25280227,262442297,0,24239200,footway,,,False,True,42.11109616028839,"LINESTRING (-2.5884195 51.4603748, -2.5882438 51.4603033, -2.5878976 51.460181)",yes,asphalt,,,,,,,
25280227,25280228,0,425631539,unclassified,20 mph,York Street,False,False,58.52999899339048,"LINESTRING (-2.5884195 51.4603748, -2.5883804 51.4602812, -2.588238 51.4599404, -2.5882067 51.4598654)",yes,asphalt,,,,,,,
25280227,287226447,0,606486360,residential,20 mph,Cumberland Street,False,True,87.43138095068281,"LINESTRING (-2.5884195 51.4603748, -2.5886231 51.4603354, -2.5895984 51.4600951)",yes,paved,,,,,,,
5240224447,5240224448,0,541977748,service,,,False,True,20.12383450563039,"LINESTRING (-2.5883319 51.460852, -2.5884856 51.4608258, -2.5886121 51.4608043)",yes,asphalt,,,,,,,
262442706,262442698,0,24239231,footway,,,False,True,70.22518399726691,"LINESTRING (-2.5880054 51.4611856, -2.5877175 51.4613271, -2.5876611 51.4613455, -2.5876008 51.461358, -2.5875425 51.4613659, -2.5874808 51.4613684, -2.5874197 51.4613655, -2.5873742 51.461355, -2.587342 51.4613396, -2.5873205 51.4613249, -2.5873084 51.4613045, -2.5872997 51.4612832, -2.587299 51.4612615, -2.5873062 51.4612298, -2.5873268 51.461195)",no,paving_stones,,,,,,,
262442706,262442708,0,24239238,footway,,,False,False,19.541553699696188,"LINESTRING (-2.5880054 51.4611856, -2.5881547 51.4612986, -2.588183 51.4613221)",yes,paving_stones,,,,,,,
262442706,262442695,0,24239238,footway,,,False,True,16.743764575072124,"LINESTRING (-2.5880054 51.4611856, -2.587878 51.4610872, -2.5878613 51.4610654)",no,paving_stones,,,,,,,
364165254,5240224479,0,26230308,residential,20 mph,Backfields,False,True,44.132684326128164,"LINESTRING (-2.5891498 51.4614215, -2.5886428 51.4616618)",no,asphalt,,,,,,,
364165254,5240224464,0,204097711,unclassified,20 mph,Upper York Street,False,False,21.403977166575633,"LINESTRING (-2.5891498 51.4614215, -2.5889677 51.461266)",no,asphalt,,,,,,,
364165254,5240224498,0,204097711,unclassified,20 mph,Upper York Street,False,True,20.51864377956385,"LINESTRING (-2.5891498 51.4614215, -2.5893214 51.4615719)",no,asphalt,,,,,,,
364165254,287226581,0,541977762,residential,20 mph,Backfields,False,False,101.32831125667413,"LINESTRING (-2.5891498 51.4614215, -2.5902981 51.4608571)",yes,asphalt,,,,,,,
5240224465,5240224464,0,541977756,service,,,False,False,10.012148074549893,"LINESTRING (-2.589082 51.4612109, -2.5889677 51.461266)",no,asphalt,,,,,,,
3332266263,287226495,0,26230299,residential,20 mph,Moon Street,False,False,4.712395449552413,"LINESTRING (-2.5907851 51.4604684, -2.5908459 51.4604494)",yes,asphalt,,,,,,,
3332266263,287226483,0,26230299,residential,20 mph,Moon Street,False,True,27.651886231189813,"LINESTRING (-2.5907851 51.4604684, -2.5904285 51.4605801)",yes,asphalt,,,,,,,
3332266263,3332266270,0,326565331,footway,,,False,False,7.81981808234279,"LINESTRING (-2.5907851 51.4604684, -2.5908274 51.4605336)",yes,asphalt,,,,,,,
3332266263,1280853181,0,326565331,footway,,,False,True,18.281528941939087,"LINESTRING (-2.5907851 51.4604684, -2.5906746 51.4603191)",yes,asphalt,,,,,,,
287226581,364165254,0,541977762,residential,20 mph,Backfields,False,True,101.32831125667413,"LINESTRING (-2.5902981 51.4608571, -2.5891498 51.4614215)",yes,asphalt,,,,,,,
287226581,287226485,0,670195723,residential,20 mph,Moon Street,False,False,121.20826750100753,"LINESTRING (-2.5902981 51.4608571, -2.5897108 51.4618839)",yes,asphalt,,,,,,,
287226581,287226483,0,26230298,residential,20 mph,Moon Street,False,False,32.14222113023852,"LINESTRING (-2.5902981 51.4608571, -2.5904014 51.4606188, -2.5904285 51.4605801)",yes,asphalt,,,,,,,
104854,4661094415,0,711114417,tertiary,20 mph,Lower Castle Street,False,True,10.133575264560282,"LINESTRING (-2.5858771 51.4570684, -2.585816 51.4569856)",no,asphalt,3,,,,,,
4661094415,104854,0,711114417,tertiary,20 mph,Lower Castle Street,False,False,10.133575264560282,"LINESTRING (-2.585816 51.4569856, -2.5858771 51.4570684)",no,asphalt,3,,,,,,
4661094415,5822644372,0,"[711114417, 22634258]",tertiary,20 mph,Lower Castle Street,False,True,30.799457931446373,"LINESTRING (-2.585816 51.4569856, -2.5857752 51.4569297, -2.5857456 51.4568859, -2.585655 51.4567441, -2.5856446 51.4567301)",no,asphalt,3,,,,,,
4661094415,6824060867,0,"[1360635499, 1360635500]",footway,,,False,False,17.471431133587114,"LINESTRING (-2.585816 51.4569856, -2.5857647 51.4570137, -2.5857407 51.4570218, -2.5857914 51.4571141)",no,asphalt,,,,,,,
4661094415,12595689526,0,"[1360635498, 1360635499]",footway,,,False,True,7.930851853979606,"LINESTRING (-2.585816 51.4569856, -2.5858788 51.4569511, -2.5859043 51.4569404)",no,paving_stones,,,,,,,
5822644372,17405115,0,22634258,tertiary,20 mph,Lower Castle Street,False,True,32.06047380265711,"LINESTRING (-2.5856446 51.4567301, -2.5854634 51.4564648)",no,asphalt,3,,,,,,
5822644372,12595689521,0,1360635497,footway,,,False,True,6.260793451232258,"LINESTRING (-2.5856446 51.4567301, -2.58573 51.4567117)",no,asphalt,,,,,,,
5822644372,4661094415,0,"[711114417, 22634258]",tertiary,20 mph,Lower Castle Street,False,False,30.799457931446373,"LINESTRING (-2.5856446 51.4567301, -2.585655 51.4567441, -2.5857456 51.4568859, -2.5857752 51.4569297, -2.585816 51.4569856)",no,asphalt,3,,,,,,
6824060867,8910794148,0,"[963320040, 963320041, 963320042]","['steps', 'footway']",,,False,False,10.837874948997937,"LINESTRING (-2.5857914 51.4571141, -2.5857039 51.4570843, -2.5856761 51.4570773, -2.5856513 51.4570711)",no,concrete,,,,,,,
6824060867,4661094415,0,"[1360635499, 1360635500]",footway,,,False,True,17.471431133587114,"LINESTRING (-2.5857914 51.4571141, -2.5857407 51.4570218, -2.5857647 51.4570137, -2.585816 51.4569856)",no,asphalt,,,,,,,
6824060867,4661094416,0,"[1360635504, 1360635505]",footway,,,False,True,20.100670040823353,"LINESTRING (-2.5857914 51.4571141, -2.5858024 51.4571337, -2.5858432 51.4572068, -2.5858761 51.4571978, -2.5858877 51.4571947, -2.585966 51.4571757)",no,asphalt,,,,,,,
12595689526,4661094415,0,"[1360635498, 1360635499]",footway,,,False,False,7.930851853979606,"LINESTRING (-2.5859043 51.4569404, -2.5858788 51.4569511, -2.585816 51.4569856)",no,paving_stones,,,,,,,
12595689526,12595689521,0,1360635501,footway,,,False,False,28.332105879050864,"LINESTRING (-2.5859043 51.4569404, -2.5858657 51.456913, -2.58573 51.4567117)",no,paving_stones,,,,,,,
12595689526,12595689528,0,1360635501,footway,,,False,True,7.4438736508188015,"LINESTRING (-2.5859043 51.4569404, -2.5859568 51.456957, -2.5860048 51.4569616)",no,paving_stones,,,,,,,
104855,5919449224,0,22634693,unclassified,20 mph,Penn Street,False,False,5.809621916738942,"LINESTRING (-2.5867257 51.4582949, -2.5866966 51.4582459)",yes,asphalt,1,,,,,,
104855,2043096366,0,3512235,unclassified,20 mph,The Horsefair,False,True,59.47658904510981,"LINESTRING (-2.5867257 51.4582949, -2.5868182 51.4584249, -2.5869547 51.4586169, -2.5870329 51.4587086, -2.5871231 51.4587639)",yes,asphalt,1,,,,,,
104855,6481238337,0,627040442,pedestrian,,George White Street,False,False,112.3091234252947,"LINESTRING (-2.5867257 51.4582949, -2.5864644 51.4583115, -2.5861764 51.4583294, -2.5858861 51.4583541, -2.5854117 51.4584442, -2.5851494 51.4585052)",yes,asphalt,,,,,permissive,,
5919449224,104855,0,22634693,unclassified,20 mph,Penn Street,False,True,5.809621916738942,"LINESTRING (-2.5866966 51.4582459, -2.5867257 51.4582949)",yes,asphalt,1,,,,,,
5919449224,5919449207,0,22634693,unclassified,20 mph,Penn Street,False,False,90.34202585431443,"LINESTRING (-2.5866966 51.4582459, -2.5864451 51.4578807, -2.5862506 51.4575891, -2.5862148 51.4575354, -2.5861884 51.4574977)",yes,paving_stones,1,,,,,,
5919449224,5919449221,0,"[627040448, 85621228]","['pedestrian', 'footway']",,Broadmead,False,True,101.263987808361,"LINESTRING (-2.5866966 51.4582459, -2.5867192 51.4582421, -2.5869933 51.458184, -2.5875726 51.4580824, -2.5880806 51.4579563)",yes,paving_stones,,,,,,,
2043096366,5919449206,0,22988906,pedestrian,,Hanover Court,False,False,5.901787843271464,"LINESTRING (-2.5871231 51.4587639, -2.5870757 51.458808)",no,paving_stones,,,,,,,
2043096366,104855,0,3512235,unclassified,20 mph,The Horsefair,False,False,59.47658904510982,"LINESTRING (-2.5871231 51.4587639, -2.5870329 51.4587086, -2.5869547 51.4586169, -2.5868182 51.4584249, -2.5867257 51.4582949)",yes,asphalt,1,,,,,,
2043096366,5794635161,0,3512235,unclassified,20 mph,The Horsefair,False,True,107.73597228563449,"LINESTRING (-2.5871231 51.4587639, -2.5872102 51.4587988, -2.5874252 51.4588242, -2.5876383 51.4588345, -2.5881518 51.4588176, -2.5885084 51.458809, -2.5886556 51.4588173)",no,paving_stones,1,,,,,,
6481238337,5919449192,0,"[690763193, 380989807]","['pedestrian', 'steps']",,,False,False,21.56052820097649,"LINESTRING (-2.5851494 51.4585052, -2.5849745 51.4585276, -2.5848568 51.4585657)",yes,paving_stones,,,,,permissive,,
6481238337,104855,0,627040442,pedestrian,,George White Street,False,True,112.3091234252947,"LINESTRING (-2.5851494 51.4585052, -2.5854117 51.4584442, -2.5858861 51.4583541, -2.5861764 51.4583294, -2.5864644 51.4583115, -2.5867257 51.4582949)",yes,asphalt,,,,,permissive,,
6481238337,6481238325,0,"[690763185, 690763187, 690763190]",footway,,,False,False,65.6839365677214,"LINESTRING (-2.5851494 51.4585052, -2.5851519 51.4586359, -2.5852011 51.458712, -2.58517 51.4588134, -2.5847302 51.4587939)",yes,paving_stones,,,,,permissive,yes,
6481238337,6481238332,0,"[690763185, 690763186, 690763190]",footway,,,False,True,81.17342200151238,"LINESTRING (-2.5851494 51.4585052, -2.5851795 51.4584337, -2.5849949 51.4583572, -2.5848754 51.4583178, -2.584766 51.4582879, -2.5845094 51.4585761, -2.5844914 51.4586036)",yes,paving_stones,,,,,permissive,yes,
5919449207,4661094416,0,"[711114418, 22634693]",unclassified,20 mph,Penn Street,False,False,39.008332125272155,"LINESTRING (-2.5861884 51.4574977, -2.5861662 51.4574662, -2.5861396 51.457434, -2.5860016 51.457239, -2.5859803 51.4572012, -2.585966 51.4571757)",yes,paving_stones,"['1', '3']",,,,,,
5919449207,5919449224,0,22634693,unclassified,20 mph,Penn Street,False,True,90.34202585431444,"LINESTRING (-2.5861884 51.4574977, -2.5862148 51.4575354, -2.5862506 51.4575891, -2.5864451 51.4578807, -2.5866966 51.4582459)",yes,paving_stones,1,,,,,,
5919449207,5919449209,0,627040444,pedestrian,,Philadelphia Street,False,True,49.62359201543493,"LINESTRING (-2.5861884 51.4574977, -2.5862407 51.4574763, -2.5867832 51.4572491)",yes,paving_stones,,,,,,,
5919449207,5919449198,0,690763184,pedestrian,,Brigstowe Street,False,False,72.17343690813831,"LINESTRING (-2.5861884 51.4574977, -2.5860072 51.457575, -2.5857778 51.4576928, -2.5854145 51.4579288)",yes,paving_stones,,,,,permissive,,
5919449221,5919449224,0,"[627040448, 85621228]","['pedestrian', 'footway']",,Broadmead,False,False,101.263987808361,"LINESTRING (-2.5880806 51.4579563, -2.5875726 51.4580824, -2.5869933 51.458184, -2.5867192 51.4582421, -2.5866966 51.4582459)",yes,paving_stones,,,,,,,
5919449221,11786838687,0,85621228,pedestrian,,Broadmead,False,True,75.41909231987194,"LINESTRING (-2.5880806 51.4579563, -2.5882204 51.4579216, -2.5884303 51.4578706, -2.5887152 51.4578152, -2.5890827 51.457696)",yes,paving_stones,,,,,,,
5919449221,5919449220,0,627040445,footway,,,False,False,51.678776326092034,"LINESTRING (-2.5880806 51.4579563, -2.5880528 51.4579188, -2.587804 51.4575407, -2.587795 51.457527)",yes,paving_stones,,,,,,,
5919449206,2043096366,0,22988906,pedestrian,,Hanover Court,False,True,5.901787843271464,"LINESTRING (-2.5870757 51.458808, -2.5871231 51.4587639)",no,paving_stones,,,,,,,
5919449206,300025247,0,22988906,pedestrian,,Hanover Court,False,False,47.34687323662149,"LINESTRING (-2.5870757 51.458808, -2.5870455 51.4588661, -2.5869575 51.4590027, -2.5868431 51.4591779, -2.5868248 51.4592039)",no,paving_stones,,,,,,,
5919449206,5919449201,0,"[627040443, 690763181, 690763182, 690763183]","['pedestrian', 'steps']",,Concorde Street,False,False,160.0654526892594,"LINESTRING (-2.5870757 51.458808, -2.5868461 51.4587977, -2.5863386 51.4587137, -2.5857803 51.4586717, -2.585219 51.4586635, -2.5851211 51.4586782, -2.5851102 51.4586785, -2.584791 51.4586883)",yes,paving_stones,,,,,permissive,,
5794635161,2043096366,0,3512235,unclassified,20 mph,The Horsefair,False,False,107.73597228563449,"LINESTRING (-2.5886556 51.4588173, -2.5885084 51.458809, -2.5881518 51.4588176, -2.5876383 51.4588345, -2.5874252 51.4588242, -2.5872102 51.4587988, -2.5871231 51.4587639)",no,paving_stones,1,,,,,,
5794635161,993186001,0,3512235,unclassified,20 mph,The Horsefair,False,True,22.849062703210414,"LINESTRING (-2.5886556 51.4588173, -2.5887195 51.4588196, -2.5888719 51.4588141, -2.5889848 51.4588096)",no,asphalt,1,,,,,,
5794635161,5794635164,0,612092247,service,,Callowhill Court,False,False,88.683650733622,"LINESTRING (-2.5886556 51.4588173, -2.5884402 51.4584831, -2.5878716 51.4585496, -2.5878367 51.4584758)",no,asphalt,,,,,,,
5919449192,5919449201,0,690763194,pedestrian,,Brigstowe Street,False,False,14.37458214786101,"LINESTRING (-2.5848568 51.4585657, -2.584791 51.4586883)",yes,paving_stones,,,,,permissive,,
5919449192,6481238337,0,"[690763193, 380989807]","['pedestrian', 'steps']",,,False,True,21.56052820097649,"LINESTRING (-2.5848568 51.4585657, -2.5849745 51.4585276, -2.5851494 51.4585052)",yes,paving_stones,,,,,permissive,,
5919449192,5919449198,0,690763194,pedestrian,,Brigstowe Street,False,True,82.13121978415703,"LINESTRING (-2.5848568 51.4585657, -2.5848919 51.4584087, -2.5851394 51.4581692, -2.5854145 51.4579288)",yes,paving_stones,,,,,permissive,,
6481238325,3842753611,0,27330986,pedestrian,,Stratton Lane,False,False,10.56746838522179,"LINESTRING (-2.5847302 51.4587939, -2.5847219 51.4588714, -2.5847497 51.4588726)",yes,paving_stones,,,,,permissive,,
6481238325,6481238332,0,690763190,footway,,,False,False,29.998027863015295,"LINESTRING (-2.5847302 51.4587939, -2.5846691 51.4587884, -2.5844694 51.4586313, -2.5844914 51.4586036)",yes,paving_stones,,,,,permissive,,
6481238325,6481238337,0,"[690763185, 690763187, 690763190]",footway,,,False,True,65.6839365677214,"LINESTRING (-2.5847302 51.4587939, -2.58517 51.4588134, -2.5852011 51.458712, -2.5851519 51.4586359, -2.5851494 51.4585052)",yes,paving_stones,,,,,permissive,yes,
6481238332,6481238337,0,"[690763185, 690763186, 690763190]",footway,,,False,False,81.17342200151238,"LINESTRING (-2.5844914 51.4586036, -2.5845094 51.4585761, -2.584766 51.4582879, -2.5848754 51.4583178, -2.5849949 51.4583572, -2.5851795 51.4584337, -2.5851494 51.4585052)",yes,paving_stones,,,,,permissive,yes,
6481238332,6481238325,0,690763190,footway,,,False,True,29.998027863015295,"LINESTRING (-2.5844914 51.4586036, -2.5844694 51.4586313, -2.5846691 51.4587884, -2.5847302 51.4587939)",yes,paving_stones,,,,,permissive,,
6481238332,826736676,0,690763192,pedestrian,,Milk Street,False,True,31.826211847172342,"LINESTRING (-2.5844914 51.4586036, -2.5841146 51.4584857, -2.5840801 51.4584762)",no,paving_stones,,,,,permissive,,
104858,1382113262,0,"[16198701, 124100375]",pedestrian,,The Arcade,False,False,91.60030943138374,"LINESTRING (-2.5899842 51.4575365, -2.5905454 51.4581743, -2.5906244 51.4582572)",yes,asphalt,,,,yes,,,
1382113262,9809981567,0,3512235,unclassified,20 mph,The Horsefair,False,False,5.857361000670226,"LINESTRING (-2.5906244 51.4582572, -2.5905499 51.4582821)",no,asphalt,1,,,,,,
1382113262,435846358,0,3512235,unclassified,20 mph,The Horsefair,False,True,33.91974955154288,"LINESTRING (-2.5906244 51.4582572, -2.5908011 51.4581919, -2.5910454 51.4581015)",no,asphalt,1,,,,,,
1382113262,104858,0,"[16198701, 124100375]",pedestrian,,The Arcade,False,True,91.60030943138374,"LINESTRING (-2.5906244 51.4582572, -2.5905454 51.4581743, -2.5899842 51.4575365)",yes,asphalt,,,,yes,,,
9809981567,247834447,0,3512235,unclassified,20 mph,The Horsefair,False,False,4.692471994878426,"LINESTRING (-2.5905499 51.4582821, -2.5904907 51.4583026)",no,asphalt,1,,,,,,
9809981567,1382113262,0,3512235,unclassified,20 mph,The Horsefair,False,True,5.857361000670226,"LINESTRING (-2.5905499 51.4582821, -2.5906244 51.4582572)",no,asphalt,1,,,,,,
9809981567,1382252976,0,"[326498362, 217596269, 1248005678, 1248005679]","['footway', 'steps']",,,False,False,79.50532970764482,"LINESTRING (-2.5905499 51.4582821, -2.5906028 51.4583569, -2.5906446 51.4584189, -2.5906231 51.4584252, -2.590613 51.4584291, -2.5907574 51.4586118, -2.5908773 51.4586677, -2.5908521 51.4586957, -2.5911335 51.4588197)",no,paving_stones,,,,,,,
435846358,1382113262,0,3512235,unclassified,20 mph,The Horsefair,False,False,33.91974955154288,"LINESTRING (-2.5910454 51.4581015, -2.5908011 51.4581919, -2.5906244 51.4582572)",no,asphalt,1,,,,,,
435846358,2045184023,0,3512235,unclassified,20 mph,The Horsefair,False,True,23.889674402762864,"LINESTRING (-2.5910454 51.4581015, -2.5912987 51.4580315, -2.5913606 51.4580144)",no,asphalt,1,,,,,,
435846358,2627428303,0,"[727603379, 727603380]",footway,,,False,False,88.54265857720037,"LINESTRING (-2.5910454 51.4581015, -2.5909944 51.458029, -2.5905331 51.457372)",yes,paving_stones,,,,,,,
104859,365559371,0,1413277837,unclassified,20 mph,Union Street,False,True,12.810913047219312,"LINESTRING (-2.5914231 51.4570992, -2.5913488 51.4569937)",yes,asphalt,1,,,,,,
104859,17406787,0,"[1458524044, 3512236]",unclassified,20 mph,Union Street,False,False,74.5173629515327,"LINESTRING (-2.5914231 51.4570992, -2.5915109 51.4572225, -2.5915653 51.4572748, -2.591787 51.4575362, -2.5919179 51.4576936)",yes,asphalt,,,,,,,
104859,242578487,0,171255692,unclassified,20 mph,Broadmead,False,True,18.021712442471856,"LINESTRING (-2.5914231 51.4570992, -2.5914531 51.4570501, -2.5914758 51.4570191, -2.5915056 51.4569953, -2.5915603 51.4569655)",yes,asphalt,1,,,,,,
365559371,13288882110,0,461464740,footway,,,False,False,4.018376207415736,"LINESTRING (-2.5913488 51.4569937, -2.5914055 51.4569861)",yes,asphalt,,,,,,,
365559371,104859,0,1413277837,unclassified,20 mph,Union Street,False,False,12.810913047219312,"LINESTRING (-2.5913488 51.4569937, -2.5914231 51.4570992)",yes,asphalt,1,,,,,,
365559371,13288882109,0,"[1323620723, 1269037380]",pedestrian,,Broadmead,False,False,7.042714221051232,"LINESTRING (-2.5913488 51.4569937, -2.5912971 51.4570097, -2.5912617 51.4570259)",yes,asphalt,,,,,,,
17406787,242756955,0,3512235,unclassified,20 mph,The Horsefair,False,False,23.31400221684916,"LINESTRING (-2.5919179 51.4576936, -2.5919906 51.4577793, -2.5919914 51.4578095, -2.591962 51.4578508, -2.5919169 51.4578754)",yes,asphalt,1,,,,,,
17406787,12620942897,0,"[37354499, 572213301]",service,20 mph,Union Street,False,False,22.460092791094837,"LINESTRING (-2.5919179 51.4576936, -2.5920306 51.4577229, -2.5921501 51.4577495, -2.5921603 51.4577514, -2.5922227 51.4577616)",yes,asphalt,,,,,,,
17406787,104859,0,"[3512236, 1458524044]",unclassified,20 mph,Union Street,False,True,74.51736295153272,"LINESTRING (-2.5919179 51.4576936, -2.591787 51.4575362, -2.5915653 51.4572748, -2.5915109 51.4572225, -2.5914231 51.4570992)",yes,asphalt,,,,,,,
242578487,13288882110,0,461464740,footway,,,False,True,10.967330952959221,"LINESTRING (-2.5915603 51.4569655, -2.5914055 51.4569861)",yes,asphalt,,,,,,,
242578487,26153261,0,22612814,unclassified,20 mph,Broadmead,False,True,35.55844585471966,"LINESTRING (-2.5915603 51.4569655, -2.5916499 51.4569361, -2.5918935 51.4568962, -2.5920411 51.4568576)",yes,asphalt,1,,,,,,
242578487,104859,0,171255692,unclassified,20 mph,Broadmead,False,False,18.021712442471856,"LINESTRING (-2.5915603 51.4569655, -2.5915056 51.4569953, -2.5914758 51.4570191, -2.5914531 51.4570501, -2.5914231 51.4570992)",yes,asphalt,1,,,,,,
13288882110,242578487,0,461464740,footway,,,False,False,10.967330952959221,"LINESTRING (-2.5914055 51.4569861, -2.5915603 51.4569655)",yes,asphalt,,,,,,,
13288882110,365559371,0,461464740,footway,,,False,True,4.018376207415736,"LINESTRING (-2.5914055 51.4569861, -2.5913488 51.4569937)",yes,asphalt,,,,,,,
13288882109,12806902198,0,1323620723,pedestrian,,Broadmead,False,False,24.638218401064258,"LINESTRING (-2.5912617 51.4570259, -2.5912088 51.4570502, -2.5910029 51.4571255, -2.590956 51.4571382)",yes,paving_stones,,,,,,,
13288882109,365559371,0,"[1323620723, 1269037380]",pedestrian,,Broadmead,False,True,7.042714221051232,"LINESTRING (-2.5912617 51.4570259, -2.5912971 51.4570097, -2.5913488 51.4569937)",yes,asphalt,,,,,,,
242756955,2043096348,0,193799343,footway,,,False,False,7.15325142079685,"LINESTRING (-2.5919169 51.4578754, -2.5920071 51.4579067)",yes,paving_stones,,,,,,,
242756955,247834407,0,3512235,unclassified,20 mph,The Horsefair,False,False,29.364653898601645,"LINESTRING (-2.5919169 51.4578754, -2.5918145 51.4579077, -2.5917048 51.4579328, -2.5915244 51.4579741)",no,paving_stones,1,,,,,,
242756955,17406787,0,3512235,unclassified,20 mph,The Horsefair,False,True,23.31400221684916,"LINESTRING (-2.5919169 51.4578754, -2.591962 51.4578508, -2.5919914 51.4578095, -2.5919906 51.4577793, -2.5919179 51.4576936)",yes,asphalt,1,,,,,,
12620942897,12620942896,0,1363125950,footway,,,False,True,3.947029120055624,"LINESTRING (-2.5922227 51.4577616, -2.5922107 51.4577963)",yes,asphalt,,,,,,,
12620942897,17406787,0,"[37354499, 572213301]",service,20 mph,Union Street,False,True,22.460092791094837,"LINESTRING (-2.5922227 51.4577616, -2.5921603 51.4577514, -2.5921501 51.4577495, -2.5920306 51.4577229, -2.5919179 51.4576936)",yes,asphalt,,,,,,,
26153261,242578487,0,22612814,unclassified,20 mph,Broadmead,False,False,35.55844585471966,"LINESTRING (-2.5920411 51.4568576, -2.5918935 51.4568962, -2.5916499 51.4569361, -2.5915603 51.4569655)",yes,asphalt,1,,,,,,
216601,3893231913,0,529808768,primary,30 mph,West Street,False,True,5.33705368600559,"LINESTRING (-2.5799256 51.4564587, -2.5798558 51.456479)",yes,asphalt,2,A420,,,,,
3893231913,216601,0,529808768,primary,30 mph,West Street,False,False,5.33705368600559,"LINESTRING (-2.5798558 51.456479, -2.5799256 51.4564587)",yes,asphalt,2,A420,,,,,
3893231913,5146144539,0,529808768,primary,30 mph,West Street,False,True,17.12404615031427,"LINESTRING (-2.5798558 51.456479, -2.5797958 51.4564962, -2.579744 51.4565111, -2.5796264 51.4565357)",no,asphalt,2,A420,,,,,
3893231913,12461273925,0,"[1347126814, 1347126815]",footway,,,False,"[False, True]",15.281727500941598,"LINESTRING (-2.5798558 51.456479, -2.5798782 51.4565056, -2.5799256 51.4565556, -2.5799626 51.4565992)",no,asphalt,,,,,,,
5146144539,3893231913,0,529808768,primary,30 mph,West Street,False,False,17.12404615031427,"LINESTRING (-2.5796264 51.4565357, -2.579744 51.4565111, -2.5797958 51.4564962, -2.5798558 51.456479)",no,asphalt,2,A420,,,,,
12461273925,3893231912,0,1347126815,footway,,,False,True,4.138799446700963,"LINESTRING (-2.5799626 51.4565992, -2.5800025 51.4566269)",no,paving_stones,,,,,,,
12461273925,3893231913,0,"[1347126814, 1347126815]",footway,,,False,"[False, True]",15.281727500941598,"LINESTRING (-2.5799626 51.4565992, -2.5799256 51.4565556, -2.5798782 51.4565056, -2.5798558 51.456479)",no,asphalt,,,,,,,
12461273925,8939668299,0,"[1413471972, 529808772, 1413471973]",footway,,,False,True,13.481453618233067,"LINESTRING (-2.5799626 51.4565992, -2.5799965 51.4565881, -2.5800445 51.456575, -2.5801179 51.4565549, -2.5801416 51.4565547)",yes,paving_stones,,,,,,,
17396682,6281096706,0,42899133,primary,30 mph,Lamb Street,False,False,4.283981171670719,"LINESTRING (-2.580242 51.4574095, -2.5802176 51.4574449)",yes,asphalt,2,A420,,,,,
17396682,366664563,0,42899133,primary,30 mph,Lamb Street,False,True,29.29927582434395,"LINESTRING (-2.580242 51.4574095, -2.5803157 51.4572854, -2.5803731 51.4571592)",yes,asphalt,2,A420,,,,,
17396682,12461273918,0,824590056,unclassified,,Saint Matthias Park,False,True,24.909603983484153,"LINESTRING (-2.580242 51.4574095, -2.5805056 51.4572909, -2.5805373 51.4572826)",yes,asphalt,,,,,,,
6281096706,17396682,0,42899133,primary,30 mph,Lamb Street,False,True,4.283981171670719,"LINESTRING (-2.5802176 51.4574449, -2.580242 51.4574095)",yes,asphalt,2,A420,,,,,
6281096706,6281096705,0,670726177,footway,,Pinnel Street,False,False,29.616422137774908,"LINESTRING (-2.5802176 51.4574449, -2.580539 51.4576205)",yes,asphalt,,,,,,,
6281096706,12023837911,0,42899133,primary,30 mph,Lamb Street,False,False,36.579645446860155,"LINESTRING (-2.5802176 51.4574449, -2.5800779 51.4575823, -2.5799275 51.4577197)",yes,asphalt,2,A420,,,,,
366664563,5156816332,0,"[531217986, 32606701]",residential,20 mph,Bragg's Lane,False,False,57.0939392716591,"LINESTRING (-2.5803731 51.4571592, -2.5802906 51.4571807, -2.5801914 51.4572062, -2.5801323 51.4572244, -2.5800214 51.4572605, -2.5797339 51.4573613, -2.5796369 51.4573885)",yes,asphalt,,,,,,,
366664563,17396682,0,42899133,primary,30 mph,Lamb Street,False,False,29.29927582434395,"LINESTRING (-2.5803731 51.4571592, -2.5803157 51.4572854, -2.580242 51.4574095)",yes,asphalt,2,A420,,,,,
366664563,262440826,0,42899133,primary,30 mph,Lamb Street,False,True,21.96689427468913,"LINESTRING (-2.5803731 51.4571592, -2.58038 51.4571335, -2.5803984 51.4570412, -2.5804001 51.4570054, -2.5803924 51.456963)",yes,asphalt,2,A420,,,,,
12461273918,17396682,0,824590056,unclassified,,Saint Matthias Park,False,False,24.909603983484153,"LINESTRING (-2.5805373 51.4572826, -2.5805056 51.4572909, -2.580242 51.4574095)",yes,asphalt,,,,,,,
12461273918,1500366483,0,"[824590056, 1347126807]",unclassified,,Saint Matthias Park,False,True,13.236298240427864,"LINESTRING (-2.5805373 51.4572826, -2.5805994 51.4572662, -2.5807172 51.4572429)",no,asphalt,,,,,,,
12461273918,12461273917,0,1347126810,footway,,,False,True,2.584883547258289,"LINESTRING (-2.5805373 51.4572826, -2.5805269 51.4572689, -2.5805213 51.4572616)",no,asphalt,,,,,,,
6281096705,6281096703,0,670726176,footway,,,False,False,2.3046274699438793,"LINESTRING (-2.580539 51.4576205, -2.5805609 51.4576049)",no,paved,,,,,,,
6281096705,6281096704,0,670726177,footway,,Pinnel Street,False,False,2.0437748584785416,"LINESTRING (-2.580539 51.4576205, -2.5805197 51.4576344)",no,paved,,,,,,,
6281096705,6281096706,0,670726177,footway,,Pinnel Street,False,True,29.616422137774908,"LINESTRING (-2.580539 51.4576205, -2.5802176 51.4574449)",yes,asphalt,,,,,,,
12023837911,6281096650,0,42899133,primary,30 mph,Lamb Street,False,False,24.12195417873917,"LINESTRING (-2.5799275 51.4577197, -2.5798391 51.4577878, -2.5796998 51.4578837)",yes,asphalt,2,A420,,,,,
12023837911,6281096706,0,42899133,primary,30 mph,Lamb Street,False,True,36.579645446860155,"LINESTRING (-2.5799275 51.4577197, -2.5800779 51.4575823, -2.5802176 51.4574449)",yes,asphalt,2,A420,,,,,
12023837911,12023837913,0,1297793664,service,,,False,True,35.56550593487164,"LINESTRING (-2.5799275 51.4577197, -2.5798625 51.4576844, -2.5796568 51.4575702, -2.5795183 51.4576086)",yes,asphalt,,,,,,,
5156816332,4878990043,0,496181298,service,5 mph,,False,False,31.04514194383513,"LINESTRING (-2.5796369 51.4573885, -2.5794241 51.4571428)",yes,asphalt,,,,,,,
5156816332,4878990036,0,531217986,residential,20 mph,Bragg's Lane,False,False,27.175903989787948,"LINESTRING (-2.5796369 51.4573885, -2.5794965 51.4574187, -2.5792643 51.4574648)",yes,asphalt,,,,,,,
5156816332,366664563,0,"[531217986, 32606701]",residential,20 mph,Bragg's Lane,False,True,57.093939271659096,"LINESTRING (-2.5796369 51.4573885, -2.5797339 51.4573613, -2.5800214 51.4572605, -2.5801323 51.4572244, -2.5801914 51.4572062, -2.5802906 51.4571807, -2.5803731 51.4571592)",yes,asphalt,,,,,,,
262440826,366664563,0,42899133,primary,30 mph,Lamb Street,False,False,21.966894274689125,"LINESTRING (-2.5803924 51.456963, -2.5804001 51.4570054, -2.5803984 51.4570412, -2.58038 51.4571335, -2.5803731 51.4571592)",yes,asphalt,2,A420,,,,,
1500366483,537157926,0,353946716,unclassified,,New Street,False,True,53.86491325440897,"LINESTRING (-2.5807172 51.4572429, -2.5813786 51.4574975)",no,asphalt,,,,,,,
1500366483,117678013,0,824590055,unclassified,,Saint Matthias Park,False,True,17.222705901316527,"LINESTRING (-2.5807172 51.4572429, -2.5809583 51.4572052)",yes,asphalt,,,,,,,
1500366483,12461273918,0,"[824590056, 1347126807]",unclassified,,Saint Matthias Park,False,False,13.236298240427864,"LINESTRING (-2.5807172 51.4572429, -2.5805994 51.4572662, -2.5805373 51.4572826)",no,asphalt,,,,,,,
12461273917,5157651754,0,1347126809,footway,,,False,False,11.508376188512074,"LINESTRING (-2.5805213 51.4572616, -2.5804246 51.4572884, -2.5803653 51.4572951)",no,asphalt,,,,,,,
12461273917,12461273918,0,1347126810,footway,,,False,False,2.584883547258289,"LINESTRING (-2.5805213 51.4572616, -2.5805269 51.4572689, -2.5805373 51.4572826)",no,asphalt,,,,,,,
12461273917,12461273922,0,"[1347126810, 1347126811]",footway,,,False,True,22.313672656733324,"LINESTRING (-2.5805213 51.4572616, -2.5805071 51.4572429, -2.580502 51.4572357, -2.5804939 51.4572244, -2.5805608 51.4571348, -2.5805824 51.4571157, -2.5806339 51.4570962)",yes,asphalt,,,,,,,
17405115,6824060862,0,20340852,service,,,False,False,8.873305344553396,"LINESTRING (-2.5854634 51.4564648, -2.5853501 51.456502)",no,asphalt,,,,,,,
17405115,5822644372,0,22634258,tertiary,20 mph,Lower Castle Street,False,False,32.06047380265711,"LINESTRING (-2.5854634 51.4564648, -2.5856446 51.4567301)",no,asphalt,3,,,,,,
6824060862,17405115,0,20340852,service,,,False,True,8.873305344553396,"LINESTRING (-2.5853501 51.456502, -2.5854634 51.4564648)",no,asphalt,,,,,,,
12595689521,5822644372,0,1360635497,footway,,,False,False,6.260793451232258,"LINESTRING (-2.58573 51.4567117, -2.5856446 51.4567301)",no,asphalt,,,,,,,
12595689521,5822644369,0,615789164,footway,,,False,True,26.318725902764726,"LINESTRING (-2.58573 51.4567117, -2.5857604 51.4567216, -2.5858352 51.456754, -2.5859252 51.4567791, -2.5860024 51.4567944, -2.5860767 51.4568)",no,paving_stones,,,,,,,
12595689521,12595689526,0,1360635501,footway,,,False,True,28.332105879050864,"LINESTRING (-2.58573 51.4567117, -2.5858657 51.456913, -2.5859043 51.4569404)",no,paving_stones,,,,,,,
2043096348,242756955,0,193799343,footway,,,False,True,7.15325142079685,"LINESTRING (-2.5920071 51.4579067, -2.5919169 51.4578754)",yes,paving_stones,,,,,,,
247834407,2045184023,0,3512235,unclassified,20 mph,The Horsefair,False,False,12.201456163052812,"LINESTRING (-2.5915244 51.4579741, -2.5913606 51.4580144)",no,asphalt,1,,,,,,
247834407,242756955,0,3512235,unclassified,20 mph,The Horsefair,False,True,29.364653898601645,"LINESTRING (-2.5915244 51.4579741, -2.5917048 51.4579328, -2.5918145 51.4579077, -2.5919169 51.4578754)",no,paving_stones,1,,,,,,
247834407,1382252976,0,326498364,footway,,,False,True,128.8609453275907,"LINESTRING (-2.5915244 51.4579741, -2.591757 51.4579964, -2.5918591 51.458045, -2.5919072 51.458101, -2.5918714 51.4581708, -2.5916609 51.4583456, -2.5911335 51.4588197)",yes,paving_stones,,,,,,,
12620942896,12620942897,0,1363125950,footway,,,False,False,3.947029120055624,"LINESTRING (-2.5922107 51.4577963, -2.5922227 51.4577616)",yes,asphalt,,,,,,,
17406822,9402506778,0,4322380,unclassified,20 mph,Fairfax Street,False,True,29.434981534887076,"LINESTRING (-2.5882945 51.4565938, -2.5883414 51.456613, -2.5884014 51.4566251, -2.5884648 51.456623, -2.5885806 51.4565848, -2.5886734 51.4565467)",yes,asphalt,2,,,,,,
17406822,11786838677,0,"[1326368872, 665168406]","['pedestrian', 'footway']",,Merchant Street,False,True,50.31083149708705,"LINESTRING (-2.5882945 51.4565938, -2.5882767 51.4566173, -2.5882868 51.4566552, -2.5884732 51.4568708, -2.5885701 51.4570006)",yes,asphalt,,,,,,,
9402506778,17406822,0,4322380,unclassified,20 mph,Fairfax Street,False,False,29.434981534887072,"LINESTRING (-2.5886734 51.4565467, -2.5885806 51.4565848, -2.5884648 51.456623, -2.5884014 51.4566251, -2.5883414 51.456613, -2.5882945 51.4565938)",yes,asphalt,2,,,,,,
9402506778,1382239390,0,1019440527,service,,,False,True,6.959486970365305,"LINESTRING (-2.5886734 51.4565467, -2.5886726 51.4565152, -2.5886249 51.4565061)",no,asphalt,,,,,,,
9402506778,9402506784,0,"[1388013306, 4322381]",unclassified,20 mph,Fairfax Street,False,True,7.275993657901621,"LINESTRING (-2.5886734 51.4565467, -2.5887104 51.4565311, -2.5887575 51.4565076)",no,concrete,2,,,building_passage,,,
11786838677,12806924704,0,1326368872,pedestrian,,Merchant Street,False,True,2.7103162486645567,"LINESTRING (-2.5885701 51.4570006, -2.5885866 51.4570227)",yes,paving_stones,,,,,,,
11786838677,2941119309,0,627040444,pedestrian,,Philadelphia Street,False,False,48.003022915396464,"LINESTRING (-2.5885701 51.4570006, -2.5884024 51.4570099, -2.5880769 51.4570188, -2.5880631 51.4569914, -2.5879118 51.4570036)",yes,paving_stones,,,,,,,
11786838677,17406822,0,"[1326368872, 665168406]","['pedestrian', 'footway']",,Merchant Street,False,False,50.31083149708705,"LINESTRING (-2.5885701 51.4570006, -2.5884732 51.4568708, -2.5882868 51.4566552, -2.5882767 51.4566173, -2.5882945 51.4565938)",yes,asphalt,,,,,,,
1382239390,9402506778,0,1019440527,service,,,False,False,6.959486970365305,"LINESTRING (-2.5886249 51.4565061, -2.5886726 51.4565152, -2.5886734 51.4565467)",no,asphalt,,,,,,,
9402506784,9402506775,0,4322381,unclassified,20 mph,Fairfax Street,False,True,2.974248218209774,"LINESTRING (-2.5887575 51.4565076, -2.5887919 51.4564916)",no,concrete,,,,building_passage,,,
9402506784,9402506778,0,"[1388013306, 4322381]",unclassified,20 mph,Fairfax Street,False,False,7.275993657901621,"LINESTRING (-2.5887575 51.4565076, -2.5887104 51.4565311, -2.5886734 51.4565467)",no,concrete,2,,,building_passage,,,
12806924704,11786838677,0,1326368872,pedestrian,,Merchant Street,False,False,2.7103162486645567,"LINESTRING (-2.5885866 51.4570227, -2.5885701 51.4570006)",yes,paving_stones,,,,,,,
12806924704,12806924703,0,1326368872,pedestrian,,Merchant Street,False,True,18.664002044441666,"LINESTRING (-2.5885866 51.4570227, -2.5886888 51.457178)",yes,paving_stones,,,,,,,
12806924704,12806924702,0,"[1383346681, 1383346683]",footway,,,False,True,42.03518601522711,"LINESTRING (-2.5885866 51.4570227, -2.5889765 51.4569057, -2.5891472 51.4569265)",yes,paved,,,,building_passage,,,
2941119309,5919449215,0,627040444,pedestrian,,Philadelphia Street,False,False,60.77386767168579,"LINESTRING (-2.5879118 51.4570036, -2.5875543 51.4570445, -2.5872215 51.4571114, -2.5870702 51.4571508)",yes,concrete,,,,,,,
2941119309,11786838677,0,627040444,pedestrian,,Philadelphia Street,False,True,48.00302291539647,"LINESTRING (-2.5879118 51.4570036, -2.5880631 51.4569914, -2.5880769 51.4570188, -2.5884024 51.4570099, -2.5885701 51.4570006)",yes,paving_stones,,,,,,,
2941119309,5919449220,0,627040446,footway,,,False,True,74.55051257521203,"LINESTRING (-2.5879118 51.4570036, -2.5879249 51.4570399, -2.5881126 51.4574404, -2.587795 51.457527)",yes,concrete,,,,,,,
17476811,17476831,0,3526937,trunk,30 mph,Newfoundland Circus,False,True,18.06566725626802,"LINESTRING (-2.582482 51.4601039, -2.5823311 51.4602364)",yes,asphalt,4,,,,,,
17476811,835468169,0,"[3526937, 1413912970]",trunk,30 mph,Newfoundland Circus,False,False,57.97798448297045,"LINESTRING (-2.582482 51.4601039, -2.5829031 51.4599276, -2.5829501 51.4599079, -2.5831765 51.459813)",yes,asphalt,4,,,,,,
17476811,1242132603,0,69892652,service,,Dale Street,False,False,39.24410496984093,"LINESTRING (-2.582482 51.4601039, -2.5824956 51.4600629, -2.5825062 51.4600337, -2.5825359 51.4600028, -2.5827566 51.4599055, -2.5827851 51.4598931, -2.5828009 51.4598805, -2.5828124 51.4598642, -2.5828171 51.4598432)",yes,asphalt,1,,,,,,
17476831,17476811,0,3526937,trunk,30 mph,Newfoundland Circus,False,False,18.06566725626802,"LINESTRING (-2.5823311 51.4602364, -2.582482 51.4601039)",yes,asphalt,4,,,,,,
17476831,1242132578,0,332983350,unclassified,,Houlton Street,False,True,9.330560820428161,"LINESTRING (-2.5823311 51.4602364, -2.5822096 51.4602002)",yes,asphalt,,,,,,,
17476831,1242132577,0,"[3526934, 3526935]",trunk,30 mph,"['Newfoundland Circus', 'Newfoundland Way']",False,"[False, True]",96.58094096029988,"LINESTRING (-2.5823311 51.4602364, -2.5825112 51.4602927, -2.5825948 51.4603133, -2.5826941 51.4603119, -2.5827983 51.4602954, -2.5829821 51.4602485, -2.5826486 51.4603958, -2.582468 51.4604658, -2.5824038 51.4604908)",yes,asphalt,2,A4032,,,,,
835468169,17476815,0,1413912970,trunk,30 mph,Newfoundland Circus,False,False,31.32308008797845,"LINESTRING (-2.5831765 51.459813, -2.5835558 51.4596597)",yes,asphalt,4,,,,,,
835468169,11159894542,0,519404173,service,,Dale Street,False,True,16.22458456229362,"LINESTRING (-2.5831765 51.459813, -2.5830954 51.4598259, -2.5830558 51.4598286, -2.5830162 51.4598272, -2.5829874 51.4598213, -2.5829623 51.4598109, -2.5829545 51.4598065)",yes,asphalt,3,,,,,,
835468169,17476811,0,"[3526937, 1413912970]",trunk,30 mph,Newfoundland Circus,False,True,57.97798448297045,"LINESTRING (-2.5831765 51.459813, -2.5829501 51.4599079, -2.5829031 51.4599276, -2.582482 51.4601039)",yes,asphalt,4,,,,,,
1242132603,5061066670,0,69892652,service,,Dale Street,False,False,21.551383389458266,"LINESTRING (-2.5828171 51.4598432, -2.5828141 51.4598238, -2.5828043 51.459804, -2.5827866 51.4597806, -2.5826734 51.4596741)",no,asphalt,1,,,,,,
1242132603,17476811,0,69892652,service,,Dale Street,False,True,39.24410496984094,"LINESTRING (-2.5828171 51.4598432, -2.5828124 51.4598642, -2.5828009 51.4598805, -2.5827851 51.4598931, -2.5827566 51.4599055, -2.5825359 51.4600028, -2.5825062 51.4600337, -2.5824956 51.4600629, -2.582482 51.4601039)",yes,asphalt,1,,,,,,
1242132603,1242132578,0,"[1413912977, 1413912979, 1413912982]",footway,,,False,False,60.65329024864202,"LINESTRING (-2.5828171 51.4598432, -2.582777 51.4598424, -2.5827514 51.4598418, -2.582745 51.4598636, -2.5827339 51.4598809, -2.5827172 51.4598934, -2.5826899 51.4599048, -2.5826317 51.4599289, -2.5824329 51.4600169, -2.5824058 51.4600317, -2.582242 51.460159, -2.5822096 51.4602002)",no,asphalt,,,,,,,
1242132603,11159894542,0,"[1413912979, 1413912980, 1413912981]",footway,,,False,True,11.33752695712871,"LINESTRING (-2.5828171 51.4598432, -2.582871 51.4598444, -2.5828951 51.4598449, -2.5829153 51.4598319, -2.5829545 51.4598065)",no,asphalt,,,,,,,
1242132578,17476831,0,332983350,unclassified,,Houlton Street,False,False,9.330560820428161,"LINESTRING (-2.5822096 51.4602002, -2.5823311 51.4602364)",yes,asphalt,,,,,,,
1242132578,117677937,0,332983350,unclassified,,Houlton Street,False,True,13.82285629861718,"LINESTRING (-2.5822096 51.4602002, -2.5821653 51.4601865, -2.5820373 51.4601377)",no,asphalt,,,,,,,
1242132578,1242132604,0,"[1413912976, 1413912977]",footway,,,False,False,7.7594663350592326,"LINESTRING (-2.5822096 51.4602002, -2.5821863 51.4602297, -2.5821657 51.4602643)",no,asphalt,,,,,,,
1242132578,1242132603,0,"[1413912977, 1413912979, 1413912982]",footway,,,False,True,60.65329024864203,"LINESTRING (-2.5822096 51.4602002, -2.582242 51.460159, -2.5824058 51.4600317, -2.5824329 51.4600169, -2.5826317 51.4599289, -2.5826899 51.4599048, -2.5827172 51.4598934, -2.5827339 51.4598809, -2.582745 51.4598636, -2.5827514 51.4598418, -2.582777 51.4598424, -2.5828171 51.4598432)",no,asphalt,,,,,,,
1242132577,6211451020,0,3526935,trunk,30 mph,Newfoundland Way,False,False,44.56220771186957,"LINESTRING (-2.5824038 51.4604908, -2.5822928 51.4605368, -2.5819001 51.460701, -2.5818705 51.4607148)",yes,paved,2,A4032,,,,,
1242132577,17476831,0,"[3526934, 3526935]",trunk,30 mph,"['Newfoundland Circus', 'Newfoundland Way']",False,"[False, True]",96.58094096029987,"LINESTRING (-2.5824038 51.4604908, -2.582468 51.4604658, -2.5826486 51.4603958, -2.5829821 51.4602485, -2.5827983 51.4602954, -2.5826941 51.4603119, -2.5825948 51.4603133, -2.5825112 51.4602927, -2.5823311 51.4602364)",yes,asphalt,2,A4032,,,,,
1242132577,1242132604,0,"[382869602, 1413912972, 1413912973, 1413912974]",footway,,,False,False,33.379642659590225,"LINESTRING (-2.5824038 51.4604908, -2.5823674 51.4604535, -2.5823543 51.4604309, -2.5823734 51.460369, -2.5823614 51.4603503, -2.5823075 51.4603246, -2.5822546 51.4603028, -2.5821963 51.4602794, -2.5821657 51.4602643)",yes,paving_stones,,,,,,,
1242132577,3860786634,0,"[1413912971, 1413912972]",footway,,,False,True,6.70415143943703,"LINESTRING (-2.5824038 51.4604908, -2.5824387 51.4605265, -2.5824556 51.4605417)",yes,paving_stones,,,,,,,
17476815,835468169,0,1413912970,trunk,30 mph,Newfoundland Circus,False,True,31.32308008797845,"LINESTRING (-2.5835558 51.4596597, -2.5831765 51.459813)",yes,asphalt,4,,,,,,
17476815,436181749,0,3526939,trunk,30 mph,Bond Street South,False,False,27.024598251812794,"LINESTRING (-2.5835558 51.4596597, -2.5836472 51.4595859, -2.5837314 51.4595394, -2.5837632 51.4595037, -2.5837864 51.4594676)",yes,asphalt,2,A4044,,,,,
17476815,1280674371,0,3527219,trunk,30 mph,Newfoundland Circus,False,False,24.85794736528147,"LINESTRING (-2.5835558 51.4596597, -2.5836998 51.4596406, -2.5838986 51.4595955)",yes,asphalt,2,,,,,,
11159894542,835468169,0,519404173,service,,Dale Street,False,False,16.22458456229362,"LINESTRING (-2.5829545 51.4598065, -2.5829623 51.4598109, -2.5829874 51.4598213, -2.5830162 51.4598272, -2.5830558 51.4598286, -2.5830954 51.4598259, -2.5831765 51.459813)",yes,asphalt,3,,,,,,
11159894542,5834330062,0,519404173,service,,Dale Street,False,True,34.39361426875316,"LINESTRING (-2.5829545 51.4598065, -2.5829243 51.4597831, -2.5826779 51.4595498)",no,asphalt,3,,,,,,
11159894542,1242132603,0,"[1413912979, 1413912980, 1413912981]",footway,,,False,False,11.33752695712871,"LINESTRING (-2.5829545 51.4598065, -2.5829153 51.4598319, -2.5828951 51.4598449, -2.582871 51.4598444, -2.5828171 51.4598432)",no,asphalt,,,,,,,
11159894542,5834330053,0,"[108234586, 1413912981]",footway,,,False,True,60.2493624685363,"LINESTRING (-2.5829545 51.4598065, -2.5830026 51.4597753, -2.5830639 51.4597645, -2.5835586 51.4595629, -2.5836283 51.4595175, -2.5836486 51.4594928)",no,asphalt,,,,,,,
5061066670,1242132603,0,69892652,service,,Dale Street,False,True,21.55138338945827,"LINESTRING (-2.5826734 51.4596741, -2.5827866 51.4597806, -2.5828043 51.459804, -2.5828141 51.4598238, -2.5828171 51.4598432)",no,asphalt,1,,,,,,
5061066670,262442011,0,518932210,service,,,False,False,71.07511621341844,"LINESTRING (-2.5826734 51.4596741, -2.5819715 51.4599588, -2.5819331 51.4599854, -2.5818425 51.4600443)",no,asphalt,,,,,,,
5061066670,1280674367,0,1204048168,service,,Dale Street,False,False,30.61238762657679,"LINESTRING (-2.5826734 51.4596741, -2.582563 51.4595685, -2.5825315 51.4595417, -2.582512 51.4595294, -2.5824892 51.4595174, -2.5824617 51.4595066, -2.5824414 51.4595016, -2.5824171 51.4594977, -2.5823921 51.4594966, -2.5823682 51.4594989)",no,asphalt,2,,,,,,
436181749,12613167913,0,1362339433,footway,,,False,False,5.377758585617883,"LINESTRING (-2.5837864 51.4594676, -2.5837122 51.4594534)",yes,asphalt,,,,,,,
436181749,17476815,0,3526939,trunk,30 mph,Bond Street South,False,True,27.02459825181279,"LINESTRING (-2.5837864 51.4594676, -2.5837632 51.4595037, -2.5837314 51.4595394, -2.5836472 51.4595859, -2.5835558 51.4596597)",yes,asphalt,2,A4044,,,,,
436181749,17476820,0,"[382873493, 762556982]",trunk,30 mph,Bond Street South,False,False,100.15888039045336,"LINESTRING (-2.5837864 51.4594676, -2.5837995 51.4594344, -2.5837974 51.4593682, -2.5837762 51.4592985, -2.5836874 51.4591768, -2.5836276 51.4590326, -2.5835991 51.4588605, -2.5836056 51.4587142, -2.5836427 51.4585889)",yes,asphalt,2,A4044,,,,,
436181749,3860745715,0,"[1362339433, 382866321]",footway,,,False,True,8.63203144902964,"LINESTRING (-2.5837864 51.4594676, -2.583851 51.4594795, -2.5838939 51.4595031)",yes,asphalt,,,,,,,
1280674371,364165249,0,3527219,trunk,30 mph,Newfoundland Circus,False,False,10.75400618866031,"LINESTRING (-2.5838986 51.4595955, -2.5840459 51.459565)",yes,asphalt,2,,,,,,
1280674371,17476815,0,3527219,trunk,30 mph,Newfoundland Circus,False,True,24.85794736528147,"LINESTRING (-2.5838986 51.4595955, -2.5836998 51.4596406, -2.5835558 51.4596597)",yes,asphalt,2,,,,,,
1280674371,17476875,0,"[382866322, 1362339429, 1362339430]",footway,,,False,False,13.947650611331737,"LINESTRING (-2.5838986 51.4595955, -2.5839161 51.459618, -2.5839296 51.4596345, -2.5839802 51.45963, -2.5840601 51.4596247)",yes,asphalt,,,,,,,
1280674371,3860745715,0,"[1362339430, 1362339431]",footway,,,False,True,11.67772493009105,"LINESTRING (-2.5838986 51.4595955, -2.5838699 51.4595517, -2.5838582 51.4595305, -2.5838939 51.4595031)",yes,paving_stones,,,,,,,
12613167913,436181749,0,1362339433,footway,,,False,True,5.377758585617883,"LINESTRING (-2.5837122 51.4594534, -2.5837864 51.4594676)",yes,asphalt,,,,,,,
17476820,1280656209,0,12853099,unclassified,,,False,True,7.598506945308884,"LINESTRING (-2.5836427 51.4585889, -2.5835423 51.4585614)",yes,asphalt,,,,,,,
17476820,302794082,0,117066430,unclassified,,,False,False,15.332607043707647,"LINESTRING (-2.5836427 51.4585889, -2.5838283 51.458664)",yes,asphalt,,,,,,,
17476820,17476821,0,762556983,trunk,30 mph,Bond Street South,False,False,25.22343509697784,"LINESTRING (-2.5836427 51.4585889, -2.5837823 51.4583794)",yes,asphalt,,A4044,,,,,
17476820,436181749,0,"[382873493, 762556982]",trunk,30 mph,Bond Street South,False,True,100.15888039045336,"LINESTRING (-2.5836427 51.4585889, -2.5836056 51.4587142, -2.5835991 51.4588605, -2.5836276 51.4590326, -2.5836874 51.4591768, -2.5837762 51.4592985, -2.5837974 51.4593682, -2.5837995 51.4594344, -2.5837864 51.4594676)",yes,asphalt,2,A4044,,,,,
3860745715,436181749,0,"[382866321, 1362339433]",footway,,,False,False,8.63203144902964,"LINESTRING (-2.5838939 51.4595031, -2.583851 51.4594795, -2.5837864 51.4594676)",yes,asphalt,,,,,,,
3860745715,1280674364,0,"[382866321, 1362339434]",footway,,,False,True,8.682218908386353,"LINESTRING (-2.5838939 51.4595031, -2.5839388 51.4595008, -2.5840166 51.4594885)",yes,asphalt,,,,,,,
3860745715,1280674371,0,"[1362339430, 1362339431]",footway,,,False,False,11.677724930091049,"LINESTRING (-2.5838939 51.4595031, -2.5838582 51.4595305, -2.5838699 51.4595517, -2.5838986 51.4595955)",yes,paving_stones,,,,,,,
364165249,1280674371,0,3527219,trunk,30 mph,Newfoundland Circus,False,True,10.75400618866031,"LINESTRING (-2.5840459 51.459565, -2.5838986 51.4595955)",yes,asphalt,2,,,,,,
364165249,1280674364,0,37282832,trunk,30 mph,Bond Street South,False,True,8.745284350449689,"LINESTRING (-2.5840459 51.459565, -2.5840166 51.4594885)",yes,asphalt,2,A4044,,,,,
364165249,2433821534,0,108234587,trunk,30 mph,Bond Street,False,False,7.278774082951393,"LINESTRING (-2.5840459 51.459565, -2.5841445 51.4595424)",yes,asphalt,2,,,,,,
364165249,17476875,0,108234591,trunk,30 mph,Bond Street South,False,False,6.710850396727056,"LINESTRING (-2.5840459 51.459565, -2.5840601 51.4596247)",yes,asphalt,,A4044,,,,,
17476875,364165249,0,108234591,trunk,30 mph,Bond Street South,False,True,6.710850396727056,"LINESTRING (-2.5840601 51.4596247, -2.5840459 51.459565)",yes,asphalt,,A4044,,,,,
17476875,2433821542,0,"[24038082, 108234591]","['trunk', 'unclassified']",30 mph,"['Bond Street South', 'Saint Paul Street']",False,False,23.616169363527977,"LINESTRING (-2.5840601 51.4596247, -2.584071 51.4597003, -2.5840666 51.4597591, -2.5841194 51.4598294)",yes,asphalt,,A4044,,,,,
17476875,3860745718,0,"[382866322, 1362339428]",footway,,,False,False,5.959412118555461,"LINESTRING (-2.5840601 51.4596247, -2.584106 51.4596219, -2.5841455 51.4596184)",yes,asphalt,,,,,,,
17476875,1280674371,0,"[382866322, 1362339429, 1362339430]",footway,,,False,True,13.947650611331735,"LINESTRING (-2.5840601 51.4596247, -2.5839802 51.45963, -2.5839296 51.4596345, -2.5839161 51.459618, -2.5838986 51.4595955)",yes,asphalt,,,,,,,
1280656209,17476820,0,12853099,unclassified,,,False,False,7.598506945308884,"LINESTRING (-2.5835423 51.4585614, -2.5836427 51.4585889)",yes,asphalt,,,,,,,
1280656209,1280821651,0,12853099,unclassified,,,False,True,27.540580067335107,"LINESTRING (-2.5835423 51.4585614, -2.5834509 51.4585484, -2.5833303 51.4585629, -2.5831687 51.4586136)",no,asphalt,,,,,,,
1280656209,5834330053,0,"[108234586, 1413912983]",footway,,,False,False,106.62374023165506,"LINESTRING (-2.5835423 51.4585614, -2.5835202 51.4586084, -2.5834984 51.4586949, -2.5835238 51.4589255, -2.5835628 51.459049, -2.5836191 51.4591896, -2.5837009 51.4593016, -2.5837036 51.4593778, -2.5836822 51.4594511, -2.5836486 51.4594928)",no,paving_stones,,,,,,,
1280656209,1280821702,0,"[1413912984, 1413912983]",footway,,,False,True,25.97719033801213,"LINESTRING (-2.5835423 51.4585614, -2.5835627 51.458515, -2.5836972 51.4583495)",no,paving_stones,,,,,,,
302794082,17476820,0,117066430,unclassified,,,False,True,15.332607043707647,"LINESTRING (-2.5838283 51.458664, -2.5836427 51.4585889)",yes,asphalt,,,,,,,
302794082,17476874,0,27326073,trunk,30 mph,Bond Street South,False,False,64.76228913636453,"LINESTRING (-2.5838283 51.458664, -2.5837992 51.4588208, -2.5837996 51.4589253, -2.5838179 51.4590246, -2.5838602 51.4591327, -2.5839225 51.4592344)",yes,asphalt,5,A4044,,,,,
302794082,17476871,0,27326073,trunk,30 mph,Bond Street South,False,True,34.99831829122162,"LINESTRING (-2.5838283 51.458664, -2.5839207 51.4585201, -2.5840314 51.458376)",yes,asphalt,5,A4044,,,,,
17476821,17476820,0,762556983,trunk,30 mph,Bond Street South,False,True,25.22343509697784,"LINESTRING (-2.5837823 51.4583794, -2.5836427 51.4585889)",yes,asphalt,,A4044,,,,,
17476821,1280821702,0,"[1413912969, 1413912966]",footway,,,False,False,6.768847293436016,"LINESTRING (-2.5837823 51.4583794, -2.583727 51.45836, -2.5836972 51.4583495)",yes,asphalt,,,,,,,
17476821,17476871,0,"[1413912968, 1413912969, 27326075]",footway,,,False,True,23.627404441245982,"LINESTRING (-2.5837823 51.4583794, -2.5838258 51.4583945, -2.5838483 51.4584023, -2.5839101 51.4583336, -2.5839385 51.4583435, -2.5840314 51.458376)",yes,asphalt,,,,,,,
1280821651,262441816,0,24239162,service,,,False,False,20.972657471500522,"LINESTRING (-2.5831687 51.4586136, -2.5829167 51.4587181)",no,paving_stones,,,,,,,
1280821651,1280656209,0,12853099,unclassified,,,False,False,27.540580067335107,"LINESTRING (-2.5831687 51.4586136, -2.5833303 51.4585629, -2.5834509 51.4585484, -2.5835423 51.4585614)",no,asphalt,,,,,,,
1280821651,5919438954,0,"[991645736, 42878902]","['pedestrian', 'unclassified']",,"['Tucker Street', 'Champion Square']",False,True,30.995050950537266,"LINESTRING (-2.5831687 51.4586136, -2.5829699 51.458407, -2.582941 51.4583737)",no,paving_stones,,,,,,,
5834330053,5834330054,0,617175638,footway,,,False,True,20.864644796902446,"LINESTRING (-2.5836486 51.4594928, -2.5833527 51.4594579)",no,paving_stones,,,,,,,
5834330053,11159894542,0,"[108234586, 1413912981]",footway,,,False,False,60.2493624685363,"LINESTRING (-2.5836486 51.4594928, -2.5836283 51.4595175, -2.5835586 51.4595629, -2.5830639 51.4597645, -2.5830026 51.4597753, -2.5829545 51.4598065)",no,asphalt,,,,,,,
5834330053,1280656209,0,"[108234586, 1413912983]",footway,,,False,True,106.62374023165506,"LINESTRING (-2.5836486 51.4594928, -2.5836822 51.4594511, -2.5837036 51.4593778, -2.5837009 51.4593016, -2.5836191 51.4591896, -2.5835628 51.459049, -2.5835238 51.4589255, -2.5834984 51.4586949, -2.5835202 51.4586084, -2.5835423 51.4585614)",no,paving_stones,,,,,,,
1280821702,1280821720,0,"[477207163, 477207164, 382871997]",footway,,,False,False,29.46739115270409,"LINESTRING (-2.5836972 51.4583495, -2.5835801 51.4583491, -2.5833226 51.4582783, -2.5833106 51.458275, -2.5832981 51.4582716)",no,paving_stones,,,,building_passage,,,
1280821702,17476821,0,"[1413912969, 1413912966]",footway,,,False,True,6.768847293436016,"LINESTRING (-2.5836972 51.4583495, -2.583727 51.45836, -2.5837823 51.4583794)",yes,asphalt,,,,,,,
1280821702,1280656209,0,"[1413912984, 1413912983]",footway,,,False,False,25.97719033801213,"LINESTRING (-2.5836972 51.4583495, -2.5835627 51.458515, -2.5835423 51.4585614)",no,paving_stones,,,,,,,
1280821702,3860810901,0,1413912984,footway,,,False,True,55.11966887081905,"LINESTRING (-2.5836972 51.4583495, -2.5840322 51.4579532, -2.5840679 51.4579109)",no,paving_stones,,,,,,,
17476874,1280674364,0,37282832,trunk,30 mph,Bond Street South,False,False,28.997065425178032,"LINESTRING (-2.5839225 51.4592344, -2.5840166 51.4594885)",yes,asphalt,2,A4044,,,,,
17476874,385560628,0,3527218,trunk,30 mph,Bond Street South,False,False,27.031048822279118,"LINESTRING (-2.5839225 51.4592344, -2.584071 51.4593542, -2.5841128 51.4593884, -2.5841639 51.4594253)",yes,asphalt,3,A4044,,,,,
17476874,302794082,0,27326073,trunk,30 mph,Bond Street South,False,True,64.76228913636454,"LINESTRING (-2.5839225 51.4592344, -2.5838602 51.4591327, -2.5838179 51.4590246, -2.5837996 51.4589253, -2.5837992 51.4588208, -2.5838283 51.458664)",yes,asphalt,5,A4044,,,,,
17476871,302794082,0,27326073,trunk,30 mph,Bond Street South,False,False,34.99831829122162,"LINESTRING (-2.5840314 51.458376, -2.5839207 51.4585201, -2.5838283 51.458664)",yes,asphalt,5,A4044,,,,,
17476871,17476842,0,202761594,trunk,30 mph,Bond Street South,False,True,100.94706011629017,"LINESTRING (-2.5840314 51.458376, -2.5843267 51.4579579, -2.5844747 51.4577549, -2.5846117 51.4575434)",yes,asphalt,4,A4044,,,,,
17476871,17476821,0,"[1413912968, 1413912969, 27326075]",footway,,,False,False,23.627404441245982,"LINESTRING (-2.5840314 51.458376, -2.5839385 51.4583435, -2.5839101 51.4583336, -2.5838483 51.4584023, -2.5838258 51.4583945, -2.5837823 51.4583794)",yes,asphalt,,,,,,,
17476871,2130610640,0,"[1413912968, 1413912967]",footway,,,False,True,7.669203293458176,"LINESTRING (-2.5840314 51.458376, -2.5841144 51.4584042, -2.5841286 51.458409)",yes,asphalt,,,,,,,
1280821720,1280821702,0,"[477207163, 477207164, 382871997]",footway,,,False,True,29.46739115270408,"LINESTRING (-2.5832981 51.4582716, -2.5833106 51.458275, -2.5833226 51.4582783, -2.5835801 51.4583491, -2.5836972 51.4583495)",no,paving_stones,,,,building_passage,,,
3860810901,12992899143,0,991645735,pedestrian,,Champion Square,False,False,26.521420660242743,"LINESTRING (-2.5840679 51.4579109, -2.5837209 51.4578102)",no,paving_stones,,,,,,,
3860810901,2533775204,0,991645735,pedestrian,,Champion Square,False,True,7.2075443991855765,"LINESTRING (-2.5840679 51.4579109, -2.5841624 51.457938)",yes,asphalt,,,,,,,
3860810901,1280821702,0,1413912984,footway,,,False,False,55.11966887081905,"LINESTRING (-2.5840679 51.4579109, -2.5840322 51.4579532, -2.5836972 51.4583495)",no,paving_stones,,,,,,,
3860810901,262440061,0,1413912984,footway,,,False,True,39.60680150457772,"LINESTRING (-2.5840679 51.4579109, -2.5841005 51.4578727, -2.5842333 51.4576855, -2.5842915 51.4575835)",no,paving_stones,,,,,,,
17476842,11124020086,0,22988932,trunk_link,30 mph,Bond Street South,False,True,29.220567243427574,"LINESTRING (-2.5846117 51.4575434, -2.5847312 51.4574137, -2.5847624 51.4573597, -2.5847833 51.4573054)",yes,asphalt,3,A420,,,,,
17476842,260697232,0,39247714,trunk,30 mph,Bond Street South,False,True,34.8343429771934,"LINESTRING (-2.5846117 51.4575434, -2.5846027 51.4574126, -2.5846097 51.4572303)",yes,asphalt,2,A4044,,,,,
17476842,17476871,0,202761594,trunk,30 mph,Bond Street South,False,False,100.94706011629017,"LINESTRING (-2.5846117 51.4575434, -2.5844747 51.4577549, -2.5843267 51.4579579, -2.5840314 51.458376)",yes,asphalt,4,A4044,,,,,
2130610640,826736676,0,40554731,footway,,,False,False,8.19309123884473,"LINESTRING (-2.5841286 51.458409, -2.5840801 51.4584762)",no,asphalt,,,,,,,
2130610640,2027862783,0,40554731,footway,,,False,True,83.56716696033766,"LINESTRING (-2.5841286 51.458409, -2.5842546 51.458266, -2.5844142 51.4580538, -2.5846005 51.457839, -2.584674 51.4577391)",no,paving_stones,,,,,,,
2130610640,17476871,0,"[1413912968, 1413912967]",footway,,,False,False,7.669203293458176,"LINESTRING (-2.5841286 51.458409, -2.5841144 51.4584042, -2.5840314 51.458376)",yes,asphalt,,,,,,,
117677937,262442011,0,166522672,unclassified,,Houlton Street,False,True,17.064524755534038,"LINESTRING (-2.5820373 51.4601377, -2.5819569 51.4601052, -2.5818425 51.4600443)",no,asphalt,,,,,,,
117677937,1242132578,0,332983350,unclassified,,Houlton Street,False,False,13.82285629861718,"LINESTRING (-2.5820373 51.4601377, -2.5821653 51.4601865, -2.5822096 51.4602002)",no,asphalt,,,,,,,
117677937,1242132572,0,382869604,trunk_link,,,False,True,14.162487475821793,"LINESTRING (-2.5820373 51.4601377, -2.5820935 51.4602162, -2.582092 51.4602576)",no,asphalt,,,,,,,
1242132604,1242132572,0,"[1413912974, 1413912975]",footway,,,False,False,5.1635840884136766,"LINESTRING (-2.5821657 51.4602643, -2.5821211 51.4602594, -2.582092 51.4602576)",no,asphalt,,,,,,,
1242132604,1242132577,0,"[382869602, 1413912972, 1413912973, 1413912974]",footway,,,False,True,33.37964265959023,"LINESTRING (-2.5821657 51.4602643, -2.5821963 51.4602794, -2.5822546 51.4603028, -2.5823075 51.4603246, -2.5823614 51.4603503, -2.5823734 51.460369, -2.5823543 51.4604309, -2.5823674 51.4604535, -2.5824038 51.4604908)",yes,paving_stones,,,,,,,
1242132604,1242132578,0,"[1413912976, 1413912977]",footway,,,False,True,7.7594663350592326,"LINESTRING (-2.5821657 51.4602643, -2.5821863 51.4602297, -2.5822096 51.4602002)",no,asphalt,,,,,,,
3860786634,2433821542,0,"[382869601, 235300325]",footway,,,False,"[False, True]",139.89094984133305,"LINESTRING (-2.5824556 51.4605417, -2.5826862 51.4604479, -2.5838363 51.4599626, -2.5840746 51.4598509, -2.5841194 51.4598294)",yes,paving_stones,,,,,,,
3860786634,10901402914,0,1173237856,footway,,,False,False,11.05030896908141,"LINESTRING (-2.5824556 51.4605417, -2.5823967 51.4605657, -2.5824401 51.4606142)",yes,paving_stones,,,,,,,
3860786634,1242132577,0,"[1413912971, 1413912972]",footway,,,False,False,6.70415143943703,"LINESTRING (-2.5824556 51.4605417, -2.5824387 51.4605265, -2.5824038 51.4604908)",yes,paving_stones,,,,,,,
11124020086,17476842,0,22988932,trunk_link,30 mph,Bond Street South,False,False,29.220567243427578,"LINESTRING (-2.5847833 51.4573054, -2.5847624 51.4573597, -2.5847312 51.4574137, -2.5846117 51.4575434)",yes,asphalt,3,A420,,,,,
11124020086,1280281136,0,22988932,trunk_link,30 mph,Bond Street South,False,True,34.65330896405634,"LINESTRING (-2.5847833 51.4573054, -2.5848035 51.4572545, -2.5848053 51.4572374, -2.5848077 51.4572064, -2.5848086 51.457195, -2.5848056 51.4571534, -2.5848005 51.4571183, -2.5847876 51.4570846, -2.584744 51.4570008)",yes,asphalt,3,A420,,,,,
11124020086,260697232,0,"[1413912961, 1413912964, 1413912965]",footway,,,False,False,18.93320274084983,"LINESTRING (-2.5847833 51.4573054, -2.5847071 51.4572956, -2.5846855 51.4572929, -2.5846836 51.4572309, -2.5846451 51.4572306, -2.5846097 51.4572303)",yes,asphalt,,,,,,,
11124020086,492221099,0,"[1413912965, 42878901]",footway,,,False,True,12.771561223815024,"LINESTRING (-2.5847833 51.4573054, -2.5848584 51.4573151, -2.5849638 51.4573287)",yes,paved,,,,,,,
260697232,17476842,0,39247714,trunk,30 mph,Bond Street South,False,False,34.8343429771934,"LINESTRING (-2.5846097 51.4572303, -2.5846027 51.4574126, -2.5846117 51.4575434)",yes,asphalt,2,A4044,,,,,
260697232,262441802,0,"[24038080, 1413912961, 1413912962, 1413912963]",footway,,,False,False,26.808933096155357,"LINESTRING (-2.5846097 51.4572303, -2.5845502 51.4572298, -2.5845244 51.4572297, -2.5845238 51.4573086, -2.5845016 51.4573085, -2.5844331 51.4573083, -2.5843832 51.4573082, -2.5843488 51.4573081)",yes,asphalt,,,,,,,
260697232,11124020086,0,"[1413912961, 1413912964, 1413912965]",footway,,,False,True,18.933202740849826,"LINESTRING (-2.5846097 51.4572303, -2.5846451 51.4572306, -2.5846836 51.4572309, -2.5846855 51.4572929, -2.5847071 51.4572956, -2.5847833 51.4573054)",yes,asphalt,,,,,,,
1280281136,12649817254,0,1258648261,service,,,False,False,6.605362462465347,"LINESTRING (-2.584744 51.4570008, -2.584829 51.4569739)",yes,paved,,,,,,,
1280281136,11124020086,0,22988932,trunk_link,30 mph,Bond Street South,False,False,34.653308964056336,"LINESTRING (-2.584744 51.4570008, -2.5847876 51.4570846, -2.5848005 51.4571183, -2.5848056 51.4571534, -2.5848086 51.457195, -2.5848077 51.4572064, -2.5848053 51.4572374, -2.5848035 51.4572545, -2.5847833 51.4573054)",yes,asphalt,3,A420,,,,,
492221099,2027862783,0,40554731,footway,,,False,False,50.22192693598066,"LINESTRING (-2.5849638 51.4573287, -2.5849235 51.4573899, -2.5848715 51.4574347, -2.5848387 51.4574746, -2.5848336 51.4575075, -2.5847592 51.4576005, -2.584674 51.4577391)",no,paving_stones,,,,,,,
492221099,11124020086,0,"[42878901, 1413912965]",footway,,,False,False,12.771561223815024,"LINESTRING (-2.5849638 51.4573287, -2.5848584 51.4573151, -2.5847833 51.4573054)",yes,paved,,,,,,,
492221099,12649817254,0,1365972622,footway,,,False,True,41.13470464047072,"LINESTRING (-2.5849638 51.4573287, -2.5849705 51.4572357, -2.5848935 51.457066, -2.584829 51.4569739)",no,paved,,,,,,,
262441802,6056055380,0,954084490,footway,,,False,True,14.789106125127788,"LINESTRING (-2.5843488 51.4573081, -2.5843375 51.4572172, -2.5843242 51.4571762)",no,paving_stones,,,,,,,
262441802,260697232,0,"[24038080, 1413912961, 1413912962, 1413912963]",footway,,,False,True,26.80893309615536,"LINESTRING (-2.5843488 51.4573081, -2.5843832 51.4573082, -2.5844331 51.4573083, -2.5845016 51.4573085, -2.5845238 51.4573086, -2.5845244 51.4572297, -2.5845502 51.4572298, -2.5846097 51.4572303)",yes,asphalt,,,,,,,
262441802,262440061,0,1413912985,footway,,,False,False,30.961971355258818,"LINESTRING (-2.5843488 51.4573081, -2.5843419 51.4574186, -2.5842915 51.4575835)",no,paving_stones,,,,,,,
826736676,2130610640,0,40554731,footway,,,False,True,8.19309123884473,"LINESTRING (-2.5840801 51.4584762, -2.5841286 51.458409)",no,asphalt,,,,,,,
826736676,2433821537,0,"[1266443937, 1266443938, 1266443939, 40554731, 1266443933, 1266443934]",footway,,,False,False,103.43077776530295,"LINESTRING (-2.5840801 51.4584762, -2.5840369 51.4585147, -2.5839685 51.458731, -2.5839629 51.4587934, -2.5839542 51.4588392, -2.5839951 51.4590359, -2.5840294 51.4591144, -2.5840983 51.4592165, -2.5842187 51.4593375, -2.5842405 51.4593539)",no,paving_stones,,,,,,,
826736676,6481238332,0,690763192,pedestrian,,Milk Street,False,False,31.826211847172342,"LINESTRING (-2.5840801 51.4584762, -2.5841146 51.4584857, -2.5844914 51.4586036)",no,paving_stones,,,,,permissive,,
2027862783,2130610640,0,40554731,footway,,,False,False,83.56716696033766,"LINESTRING (-2.584674 51.4577391, -2.5846005 51.457839, -2.5844142 51.4580538, -2.5842546 51.458266, -2.5841286 51.458409)",no,paving_stones,,,,,,,
2027862783,492221099,0,40554731,footway,,,False,True,50.221926935980655,"LINESTRING (-2.584674 51.4577391, -2.5847592 51.4576005, -2.5848336 51.4575075, -2.5848387 51.4574746, -2.5848715 51.4574347, -2.5849235 51.4573899, -2.5849638 51.4573287)",no,paving_stones,,,,,,,
2027862783,5919449198,0,192224369,pedestrian,,Hollister Street,False,False,56.73855842338145,"LINESTRING (-2.584674 51.4577391, -2.5847076 51.45775, -2.5852821 51.4579368, -2.5854145 51.4579288)",yes,paving_stones,,,,,permissive,,
1280674364,364165249,0,37282832,trunk,30 mph,Bond Street South,False,False,8.745284350449689,"LINESTRING (-2.5840166 51.4594885, -2.5840459 51.459565)",yes,asphalt,2,A4044,,,,,
1280674364,17476874,0,37282832,trunk,30 mph,Bond Street South,False,True,28.997065425178032,"LINESTRING (-2.5840166 51.4594885, -2.5839225 51.4592344)",yes,asphalt,2,A4044,,,,,
1280674364,3860745715,0,"[382866321, 1362339434]",footway,,,False,False,8.682218908386353,"LINESTRING (-2.5840166 51.4594885, -2.5839388 51.4595008, -2.5838939 51.4595031)",yes,asphalt,,,,,,,
1280674364,2433821535,0,"[1362339434, 1362339435]",footway,,,False,True,6.99536028879007,"LINESTRING (-2.5840166 51.4594885, -2.5840576 51.4594808, -2.5841133 51.4594704)",yes,asphalt,,,,,,,
385560628,2433821534,0,"[3527218, 108234587]",trunk,30 mph,"['Bond Street South', 'Bond Street']",False,"[False, True]",43.131949762833806,"LINESTRING (-2.5841639 51.4594253, -2.5841847 51.459438, -2.58424 51.4594579, -2.5843118 51.4594649, -2.5844447 51.4594665, -2.5841445 51.4595424)",yes,asphalt,"['3', '2']",A4044,,,,,
385560628,17476874,0,3527218,trunk,30 mph,Bond Street South,False,True,27.031048822279118,"LINESTRING (-2.5841639 51.4594253, -2.5841128 51.4593884, -2.584071 51.4593542, -2.5839225 51.4592344)",yes,asphalt,3,A4044,,,,,
385560628,2433821537,0,"[1362339440, 1266443935]",footway,,,False,False,9.566502398493704,"LINESTRING (-2.5841639 51.4594253, -2.5842124 51.4593846, -2.5842405 51.4593539)",yes,paving_stones,,,,,,,
385560628,2433821535,0,"[1362339440, 1362339439]",footway,,,False,True,6.120756158692862,"LINESTRING (-2.5841639 51.4594253, -2.5841411 51.4594444, -2.5841133 51.4594704)",yes,asphalt,,,,,,,
2433821535,1280674364,0,"[1362339434, 1362339435]",footway,,,False,False,6.99536028879007,"LINESTRING (-2.5841133 51.4594704, -2.5840576 51.4594808, -2.5840166 51.4594885)",yes,asphalt,,,,,,,
2433821535,385560628,0,"[1362339440, 1362339439]",footway,,,False,False,6.120756158692862,"LINESTRING (-2.5841133 51.4594704, -2.5841411 51.4594444, -2.5841639 51.4594253)",yes,asphalt,,,,,,,
2433821535,2433821534,0,"[1362339438, 1362339439]",footway,,,False,True,8.30235338649769,"LINESTRING (-2.5841133 51.4594704, -2.5841308 51.4595039, -2.5841445 51.4595424)",yes,asphalt,,,,,,,
2433821534,364165249,0,108234587,trunk,30 mph,Bond Street,False,True,7.278774082951393,"LINESTRING (-2.5841445 51.4595424, -2.5840459 51.459565)",yes,asphalt,2,,,,,,
2433821534,385560628,0,"[3527218, 108234587]",trunk,30 mph,"['Bond Street South', 'Bond Street']",False,"[False, True]",43.131949762833806,"LINESTRING (-2.5841445 51.4595424, -2.5844447 51.4594665, -2.5843118 51.4594649, -2.58424 51.4594579, -2.5841847 51.459438, -2.5841639 51.4594253)",yes,asphalt,"['3', '2']",A4044,,,,,
2433821534,2433821535,0,"[1362339438, 1362339439]",footway,,,False,False,8.30235338649769,"LINESTRING (-2.5841445 51.4595424, -2.5841308 51.4595039, -2.5841133 51.4594704)",yes,asphalt,,,,,,,
2433821534,3860745718,0,"[1362339437, 1362339438]",footway,,,False,True,8.531677698854658,"LINESTRING (-2.5841445 51.4595424, -2.5841525 51.4595647, -2.5841455 51.4596184)",yes,asphalt,,,,,,,
2433821537,385560628,0,"[1362339440, 1266443935]",footway,,,False,True,9.566502398493704,"LINESTRING (-2.5842405 51.4593539, -2.5842124 51.4593846, -2.5841639 51.4594253)",yes,paving_stones,,,,,,,
2433821537,492212322,0,"[1266443936, 235300629]",footway,,,False,False,35.762155194735044,"LINESTRING (-2.5842405 51.4593539, -2.5842735 51.4593705, -2.5843305 51.4593894, -2.5844137 51.4593887, -2.5844935 51.459378, -2.584579 51.4593526, -2.5846996 51.4592974)",yes,paving_stones,,,,,,,
2433821537,826736676,0,"[1266443937, 1266443938, 1266443939, 40554731, 1266443933, 1266443934]",footway,,,False,True,103.43077776530295,"LINESTRING (-2.5842405 51.4593539, -2.5842187 51.4593375, -2.5840983 51.4592165, -2.5840294 51.4591144, -2.5839951 51.4590359, -2.5839542 51.4588392, -2.5839629 51.4587934, -2.5839685 51.458731, -2.5840369 51.4585147, -2.5840801 51.4584762)",no,paving_stones,,,,,,,
2433821542,262442262,0,24038082,unclassified,30 mph,Saint Paul Street,False,False,40.37079055076603,"LINESTRING (-2.5841194 51.4598294, -2.5841586 51.4598819, -2.5843634 51.4601591)",yes,asphalt,,,,,,,
2433821542,17476875,0,"[24038082, 108234591]","['trunk', 'unclassified']",30 mph,"['Bond Street South', 'Saint Paul Street']",False,True,23.616169363527977,"LINESTRING (-2.5841194 51.4598294, -2.5840666 51.4597591, -2.584071 51.4597003, -2.5840601 51.4596247)",yes,asphalt,,A4044,,,,,
2433821542,2433821544,0,"[1362339427, 235300325]",footway,,,False,False,13.462919783373177,"LINESTRING (-2.5841194 51.4598294, -2.5841492 51.4598181, -2.5842825 51.4597636)",yes,paving_stones,,,,,,,
2433821542,3860786634,0,"[382869601, 235300325]",footway,,,False,"[False, True]",139.89094984133303,"LINESTRING (-2.5841194 51.4598294, -2.5840746 51.4598509, -2.5838363 51.4599626, -2.5826862 51.4604479, -2.5824556 51.4605417)",yes,paving_stones,,,,,,,
3860745718,17476875,0,"[382866322, 1362339428]",footway,,,False,True,5.959412118555461,"LINESTRING (-2.5841455 51.4596184, -2.584106 51.4596219, -2.5840601 51.4596247)",yes,asphalt,,,,,,,
3860745718,2433821534,0,"[1362339437, 1362339438]",footway,,,False,False,8.531677698854658,"LINESTRING (-2.5841455 51.4596184, -2.5841525 51.4595647, -2.5841445 51.4595424)",yes,asphalt,,,,,,,
3860745718,2433821544,0,"[1362339427, 1362339436, 1362339437]",footway,,,False,True,19.232110745979355,"LINESTRING (-2.5841455 51.4596184, -2.5841459 51.4596465, -2.5842083 51.4596995, -2.5842605 51.4597475, -2.5842825 51.4597636)",yes,asphalt,,,,,,,
262442262,364165243,0,3877718,unclassified,20 mph,Saint Paul Street,False,True,23.291741790565478,"LINESTRING (-2.5843634 51.4601591, -2.5845136 51.4603465)",yes,asphalt,2,,,,,,
262442262,262442266,0,24239206,residential,20 mph,Orange Street,False,True,54.894508222675015,"LINESTRING (-2.5843634 51.4601591, -2.5836602 51.4603866)",yes,asphalt,,,,,,,
262442262,2433821542,0,24038082,unclassified,30 mph,Saint Paul Street,False,True,40.37079055076603,"LINESTRING (-2.5843634 51.4601591, -2.5841586 51.4598819, -2.5841194 51.4598294)",yes,asphalt,,,,,,,
2433821544,2179076502,0,382880571,footway,,,False,False,60.13133196094268,"LINESTRING (-2.5842825 51.4597636, -2.5850318 51.4594907)",no,paving_stones,,,,,,,
2433821544,3860745718,0,"[1362339427, 1362339436, 1362339437]",footway,,,False,False,19.232110745979355,"LINESTRING (-2.5842825 51.4597636, -2.5842605 51.4597475, -2.5842083 51.4596995, -2.5841459 51.4596465, -2.5841455 51.4596184)",yes,asphalt,,,,,,,
2433821544,2433821542,0,"[1362339427, 235300325]",footway,,,False,True,13.462919783373177,"LINESTRING (-2.5842825 51.4597636, -2.5841492 51.4598181, -2.5841194 51.4598294)",yes,paving_stones,,,,,,,
17660703,1247839593,0,3527220,trunk,20 mph,Bond Street,False,False,18.594344299507124,"LINESTRING (-2.5901682 51.4596839, -2.5899505 51.4595861)",yes,asphalt,2,A4044,,,,,
17660703,5065034057,0,"[365406619, 38696934]",trunk,20 mph,"[""St James' Barton"", 'Bond Street']",False,"[False, True]",87.53709561673355,"LINESTRING (-2.5901682 51.4596839, -2.5901487 51.4596026, -2.5901284 51.4595574, -2.5901129 51.4594792, -2.5901384 51.4593965, -2.5902104 51.4593056, -2.5900195 51.459313, -2.5899697 51.4593135, -2.5899337 51.4593135, -2.5895789 51.4593167)",yes,asphalt,3,"['A4044', 'A38']",,,,,circular
17660703,1280853195,0,"[1414930796, 202755223]",trunk,20 mph,St James' Barton,False,True,27.94351914084968,"LINESTRING (-2.5901682 51.4596839, -2.5903723 51.4598031, -2.5904855 51.459834)",yes,asphalt,"['2', '4']",A38,,,,,circular
1247839593,17660703,0,3527220,trunk,20 mph,Bond Street,False,True,18.594344299507124,"LINESTRING (-2.5899505 51.4595861, -2.5901682 51.4596839)",yes,asphalt,2,A4044,,,,,
5065034057,17660703,0,"[365406619, 38696934]",trunk,20 mph,"[""St James' Barton"", 'Bond Street']",False,"[False, True]",87.53709561673354,"LINESTRING (-2.5895789 51.4593167, -2.5899337 51.4593135, -2.5899697 51.4593135, -2.5900195 51.459313, -2.5902104 51.4593056, -2.5901384 51.4593965, -2.5901129 51.4594792, -2.5901284 51.4595574, -2.5901487 51.4596026, -2.5901682 51.4596839)",yes,asphalt,3,"['A4044', 'A38']",,,,,circular
1280853195,3696173720,0,382889005,primary,20 mph,North Street,False,True,14.705284371757527,"LINESTRING (-2.5904855 51.459834, -2.5906137 51.4599394)",yes,asphalt,2,A38,,,,,
1280853195,644926923,0,202755224,trunk,20 mph,St James' Barton,False,True,15.35962040617326,"LINESTRING (-2.5904855 51.459834, -2.5906121 51.4598411, -2.5907039 51.4598269)",yes,asphalt,2,A38,,,,,circular
1280853195,17660703,0,"[1414930796, 202755223]",trunk,20 mph,St James' Barton,False,False,27.94351914084968,"LINESTRING (-2.5904855 51.459834, -2.5903723 51.4598031, -2.5901682 51.4596839)",yes,asphalt,"['2', '4']",A38,,,,,circular
3696173720,1280853195,0,382889005,primary,20 mph,North Street,False,False,14.705284371757527,"LINESTRING (-2.5906137 51.4599394, -2.5904855 51.459834)",yes,asphalt,2,A38,,,,,
3696173720,287226495,0,"[112748680, 112748673, 112748674]",primary,20 mph,North Street,False,True,59.20560174300669,"LINESTRING (-2.5906137 51.4599394, -2.5906409 51.4599725, -2.5906626 51.4600111, -2.5907333 51.4601458, -2.5908029 51.4602772, -2.5908459 51.4604494)",no,asphalt,"['1', '2']",A38,,,,,
3696173720,1280853193,0,"[1414930802, 1414930803, 1091051221]",footway,,,False,False,8.581555735456487,"LINESTRING (-2.5906137 51.4599394, -2.5905721 51.4599496, -2.5905427 51.4599568, -2.5904984 51.4599676)",no,asphalt,,,,,,,
3696173720,9464338656,0,"[326498369, 1091051221]",footway,,,False,True,9.813006902665336,"LINESTRING (-2.5906137 51.4599394, -2.5906534 51.4599297, -2.5907457 51.4599074)",no,paving_stones,,,,,,,
644926923,1280853195,0,202755224,trunk,20 mph,St James' Barton,False,False,15.35962040617326,"LINESTRING (-2.5907039 51.4598269, -2.5906121 51.4598411, -2.5904855 51.459834)",yes,asphalt,2,A38,,,,,circular
644926923,17660738,0,202755224,trunk,20 mph,St James' Barton,False,True,19.51653265780479,"LINESTRING (-2.5907039 51.4598269, -2.5907513 51.4598148, -2.5909588 51.4597523)",yes,asphalt,2,A38,,,,,circular
644926923,5823455892,0,"[1026516206, 1414930799]",footway,,,False,False,6.510143961697775,"LINESTRING (-2.5907039 51.4598269, -2.5906808 51.4597892, -2.5906704 51.4597722)",yes,paving_stones,,,,,,,
644926923,9464338656,0,"[1414930798, 1026516206]",footway,,,False,True,9.423669985560203,"LINESTRING (-2.5907039 51.4598269, -2.5907317 51.4598726, -2.5907457 51.4599074)",yes,asphalt,,,,,,,
17660726,17660738,0,"[203035036, 37354482, 37283067, 38696932]",trunk,20 mph,St James' Barton,False,False,119.9387793782565,"LINESTRING (-2.5908112 51.4590827, -2.5909371 51.4590815, -2.5910401 51.4590883, -2.5911153 51.4591006, -2.5912229 51.4591251, -2.5913194 51.45917, -2.5913822 51.4592607, -2.5914535 51.4594061, -2.5914283 51.4594895, -2.5913738 51.4595638, -2.5912657 51.4596398, -2.5909588 51.4597523)",yes,asphalt,"['3', '2']",A38,,,,,circular
17660738,644926968,0,4019346,primary,20 mph,North Street,False,False,19.601212038118152,"LINESTRING (-2.5909588 51.4597523, -2.5909006 51.4598347, -2.5908607 51.4598757, -2.5908448 51.4599127)",yes,asphalt,2,A38,,,,,
17660738,644926923,0,202755224,trunk,20 mph,St James' Barton,False,False,19.51653265780479,"LINESTRING (-2.5909588 51.4597523, -2.5907513 51.4598148, -2.5907039 51.4598269)",yes,asphalt,2,A38,,,,,circular
17660738,17660726,0,"[37354482, 38696932, 37283067, 203035036]",trunk,20 mph,St James' Barton,False,True,119.9387793782565,"LINESTRING (-2.5909588 51.4597523, -2.5912657 51.4596398, -2.5913738 51.4595638, -2.5914283 51.4594895, -2.5914535 51.4594061, -2.5913822 51.4592607, -2.5913194 51.45917, -2.5912229 51.4591251, -2.5911153 51.4591006, -2.5910401 51.4590883, -2.5909371 51.4590815, -2.5908112 51.4590827)",yes,asphalt,"['3', '2']",A38,,,,,circular
644926968,13002072656,0,1091051222,footway,,,False,True,3.2915443963654125,"LINESTRING (-2.5908448 51.4599127, -2.5908923 51.4599133)",no,asphalt,,,,,,,
644926968,17660738,0,4019346,primary,20 mph,North Street,False,True,19.601212038118156,"LINESTRING (-2.5908448 51.4599127, -2.5908607 51.4598757, -2.5909006 51.4598347, -2.5909588 51.4597523)",yes,asphalt,2,A38,,,,,
644926968,3332266272,0,"[326498368, 108842670, 108842671]",primary,20 mph,North Street,False,False,64.5900076897189,"LINESTRING (-2.5908448 51.4599127, -2.5908444 51.4599429, -2.5908535 51.4600175, -2.5908856 51.4601139, -2.5908925 51.4601299, -2.5910267 51.4603591, -2.5910909 51.4604689)",no,asphalt,"['1', '2']",A38,,,,,
644926968,9464338656,0,"[326498369, 1091051222]",footway,,,False,False,6.902443370772216,"LINESTRING (-2.5908448 51.4599127, -2.5908003 51.4599121, -2.5907457 51.4599074)",no,asphalt,,,,,,,
13002072656,644926968,0,1091051222,footway,,,False,False,3.2915443963654125,"LINESTRING (-2.5908923 51.4599133, -2.5908448 51.4599127)",no,asphalt,,,,,,,
3332266272,364165253,0,108842670,primary,20 mph,North Street,False,False,7.82670860725016,"LINESTRING (-2.5910909 51.4604689, -2.591114 51.4605378)",no,asphalt,2,A38,,,,,
3332266272,3332266269,0,326565335,footway,,,False,True,6.940909574609109,"LINESTRING (-2.5910909 51.4604689, -2.5911841 51.460446)",yes,asphalt,,,,,,,
3332266272,644926968,0,"[326498368, 108842670, 108842671]",primary,20 mph,North Street,False,True,64.59000768971892,"LINESTRING (-2.5910909 51.4604689, -2.5910267 51.4603591, -2.5908925 51.4601299, -2.5908856 51.4601139, -2.5908535 51.4600175, -2.5908444 51.4599429, -2.5908448 51.4599127)",no,asphalt,"['1', '2']",A38,,,,,
3332266272,3332266271,0,"[1347073802, 1347073803, 326565335]",footway,,,False,False,14.677487997333657,"LINESTRING (-2.5910909 51.4604689, -2.5910421 51.4604809, -2.5909545 51.4605024, -2.5908938 51.4605173)",no,paving_stones,,,,,,,
9464338656,3696173720,0,"[326498369, 1091051221]",footway,,,False,False,9.813006902665336,"LINESTRING (-2.5907457 51.4599074, -2.5906534 51.4599297, -2.5906137 51.4599394)",no,paving_stones,,,,,,,
9464338656,644926968,0,"[326498369, 1091051222]",footway,,,False,True,6.902443370772216,"LINESTRING (-2.5907457 51.4599074, -2.5908003 51.4599121, -2.5908448 51.4599127)",no,asphalt,,,,,,,
9464338656,644926923,0,"[1026516206, 1414930798]",footway,,,False,False,9.423669985560203,"LINESTRING (-2.5907457 51.4599074, -2.5907317 51.4598726, -2.5907039 51.4598269)",yes,asphalt,,,,,,,
5823455892,3329881929,0,"[615874821, 1026516204, 1414930797, 615879525]","['steps', 'footway']",,,False,"[False, True]",145.65078830751847,"LINESTRING (-2.5906704 51.4597722, -2.5907332 51.4597604, -2.5911815 51.4596099, -2.591277 51.459535, -2.591314 51.459462, -2.5913063 51.4593449, -2.5912708 51.4592912, -2.5912277 51.4592374, -2.5911638 51.459196, -2.5910811 51.4591644, -2.5910562 51.4591956, -2.5910157 51.4591809, -2.5909736 51.4591786, -2.5909333 51.4591814, -2.5909031 51.4591876, -2.5908805 51.4592054, -2.5908687 51.459234, -2.5908593 51.4593018, -2.5907255 51.4594505)",yes,paving_stones,,,,,,,
5823455892,3329881929,1,"[615879526, 1414930804, 615874822]","['steps', 'footway']",,,False,False,42.013029443819974,"LINESTRING (-2.5906704 51.4597722, -2.5906553 51.4597361, -2.5907531 51.4597223, -2.5907665 51.4596998, -2.5907774 51.4596651, -2.590775 51.4596505, -2.5907587 51.4596282, -2.5907526 51.4596055, -2.590755 51.459565, -2.5907255 51.4594505)",yes,paving_stones,,,,,,,
5823455892,644926923,0,"[1026516206, 1414930799]",footway,,,False,True,6.510143961697775,"LINESTRING (-2.5906704 51.4597722, -2.5906808 51.4597892, -2.5907039 51.4598269)",yes,paving_stones,,,,,,,
19871255,859323119,0,692748721,residential,20 mph,Portland Square,False,True,38.47491729957173,"LINESTRING (-2.5847166 51.4606321, -2.5849499 51.4609461)",yes,asphalt,,,,,,,
19871255,859323057,0,1429271084,unclassified,20 mph,Saint Paul Street,False,False,2.784192217762617,"LINESTRING (-2.5847166 51.4606321, -2.5847023 51.4606087)",yes,asphalt,2,,,,,,
19871255,859323159,0,235296249,residential,20 mph,Portland Square,False,False,31.796707649582324,"LINESTRING (-2.5847166 51.4606321, -2.5847986 51.4606887, -2.5848709 51.4607231, -2.5849787 51.4607312, -2.5851028 51.460695)",yes,asphalt,1,,,,,,
859323119,2433778866,0,72343243,residential,20 mph,Portland Square,False,True,2.35792778300024,"LINESTRING (-2.5849499 51.4609461, -2.584964 51.4609654)",yes,asphalt,,,,,,,
859323119,19871255,0,692748721,residential,20 mph,Portland Square,False,False,38.47491729957173,"LINESTRING (-2.5849499 51.4609461, -2.5847166 51.4606321)",yes,asphalt,,,,,,,
859323119,859323159,0,72343243,residential,20 mph,Portland Square,False,False,30.486251056312724,"LINESTRING (-2.5849499 51.4609461, -2.584972 51.4608519, -2.5850424 51.4607393, -2.5851028 51.460695)",yes,asphalt,,,,,,,
859323057,364165243,0,3877718,unclassified,20 mph,Saint Paul Street,False,False,31.95221787098571,"LINESTRING (-2.5847023 51.4606087, -2.5845136 51.4603465)",yes,asphalt,2,,,,,,
859323057,262442292,0,72343225,unclassified,20 mph,Wilson Street,False,False,55.60594733285539,"LINESTRING (-2.5847023 51.4606087, -2.58397 51.4608134)",yes,asphalt,,,,,,,
859323057,19871255,0,1429271084,unclassified,20 mph,Saint Paul Street,False,True,2.784192217762617,"LINESTRING (-2.5847023 51.4606087, -2.5847166 51.4606321)",yes,asphalt,2,,,,,,
859323159,3811627140,0,72343243,residential,20 mph,Portland Square,False,False,16.314814760709186,"LINESTRING (-2.5851028 51.460695, -2.5853154 51.4606319)",yes,asphalt,,,,,,,
859323159,859323119,0,72343243,residential,20 mph,Portland Square,False,True,30.486251056312724,"LINESTRING (-2.5851028 51.460695, -2.5850424 51.4607393, -2.584972 51.4608519, -2.5849499 51.4609461)",yes,asphalt,,,,,,,
859323159,19871255,0,235296249,residential,20 mph,Portland Square,False,True,31.796707649582327,"LINESTRING (-2.5851028 51.460695, -2.5849787 51.4607312, -2.5848709 51.4607231, -2.5847986 51.4606887, -2.5847166 51.4606321)",yes,asphalt,1,,,,,,
2433778866,859323119,0,72343243,residential,20 mph,Portland Square,False,False,2.35792778300024,"LINESTRING (-2.584964 51.4609654, -2.5849499 51.4609461)",yes,asphalt,,,,,,,
2433778866,3811627143,0,72343243,residential,20 mph,Portland Square,False,True,12.38660212351134,"LINESTRING (-2.584964 51.4609654, -2.5850493 51.4610633)",yes,asphalt,,,,,,,
2433778866,2433764639,0,235295055,footway,,,False,True,55.715893471961444,"LINESTRING (-2.584964 51.4609654, -2.584224 51.4611616)",yes,asphalt,,,,,,,
364165243,262442262,0,3877718,unclassified,20 mph,Saint Paul Street,False,False,23.291741790565478,"LINESTRING (-2.5845136 51.4603465, -2.5843634 51.4601591)",yes,asphalt,2,,,,,,
364165243,859323057,0,3877718,unclassified,20 mph,Saint Paul Street,False,True,31.95221787098571,"LINESTRING (-2.5845136 51.4603465, -2.5847023 51.4606087)",yes,asphalt,2,,,,,,
364165243,2204308507,0,26230244,residential,20 mph,Norfolk Avenue,False,False,27.237631578225542,"LINESTRING (-2.5845136 51.4603465, -2.5848717 51.4602454)",yes,asphalt,,,,,,,
262442292,5435157624,0,24239207,residential,20 mph,Lemon Lane,False,True,38.735122326668126,"LINESTRING (-2.58397 51.4608134, -2.5837396 51.460496)",yes,asphalt,,,,,,,
262442292,19871274,0,72343225,unclassified,20 mph,Wilson Street,False,False,85.0388930704271,"LINESTRING (-2.58397 51.4608134, -2.5828657 51.4611473)",yes,concrete,,,,,,,
262442292,859323057,0,72343225,unclassified,20 mph,Wilson Street,False,True,55.60594733285539,"LINESTRING (-2.58397 51.4608134, -2.5847023 51.4606087)",yes,asphalt,,,,,,,
262442292,2433764639,0,"[235295043, 625159261]","['residential', 'footway']",20 mph,Lemon Lane,False,True,42.530392930060074,"LINESTRING (-2.58397 51.4608134, -2.5841618 51.4610736, -2.584224 51.4611616)",yes,concrete,,,,,,,
3811627140,859323159,0,72343243,residential,20 mph,Portland Square,False,True,16.314814760709186,"LINESTRING (-2.5853154 51.4606319, -2.5851028 51.460695)",yes,asphalt,,,,,,,
3811627140,2433778872,0,72343243,residential,20 mph,Portland Square,False,False,14.728314473316615,"LINESTRING (-2.5853154 51.4606319, -2.5854102 51.4606038, -2.5855161 51.4605919)",yes,asphalt,,,,,,,
3811627140,1968413548,0,377770966,footway,,,False,True,7.1519195554998305,"LINESTRING (-2.5853154 51.4606319, -2.5853334 51.460652, -2.5853622 51.4606892)",yes,asphalt,,,,,,,
19871260,1247839597,0,8385403,residential,20 mph,Surrey Street,False,True,22.910833236034634,"LINESTRING (-2.5860178 51.4608379, -2.5863133 51.4607454)",yes,paved,,,,,,,
19871260,859323141,0,72343243,residential,20 mph,Portland Square,False,False,15.04034389710583,"LINESTRING (-2.5860178 51.4608379, -2.5861067 51.4609613)",yes,paved,,,,,,,
19871260,2433778870,0,72343243,residential,20 mph,Portland Square,False,True,14.425744681732606,"LINESTRING (-2.5860178 51.4608379, -2.5859193 51.4607236)",yes,paved,,,,,,,
19871260,1968413560,0,186144151,footway,,,False,True,10.005188158626314,"LINESTRING (-2.5860178 51.4608379, -2.5859462 51.4608579, -2.5858885 51.4608778)",yes,paved,,,,,,,
1247839597,19871260,0,8385403,residential,20 mph,Surrey Street,False,False,22.910833236034634,"LINESTRING (-2.5863133 51.4607454, -2.5860178 51.4608379)",yes,paved,,,,,,,
1247839597,25280232,0,8385403,residential,20 mph,Surrey Street,False,True,92.77319475393196,"LINESTRING (-2.5863133 51.4607454, -2.5867742 51.4606471, -2.5875965 51.4605083)",yes,asphalt,,,,,,,
1247839597,5423487737,0,"[562592842, 562592844]",service,,,False,False,21.979885470864392,"LINESTRING (-2.5863133 51.4607454, -2.586266 51.4606859, -2.5861774 51.4605668)",yes,asphalt,,,,building_passage,,,
859323141,19871260,0,72343243,residential,20 mph,Portland Square,False,True,15.04034389710583,"LINESTRING (-2.5861067 51.4609613, -2.5860178 51.4608379)",yes,paved,,,,,,,
859323141,19871261,0,235296248,residential,20 mph,Portland Square,False,False,38.38137524319833,"LINESTRING (-2.5861067 51.4609613, -2.586359 51.4612686)",yes,paved,,,,,,,
859323141,859323188,0,72343243,residential,20 mph,Portland Square,False,False,36.12767419311018,"LINESTRING (-2.5861067 51.4609613, -2.5861206 51.4610759, -2.5860779 51.4611753, -2.5859738 51.4612605)",yes,paved,,,,,,,
2433778870,19871260,0,72343243,residential,20 mph,Portland Square,False,False,14.425744681732606,"LINESTRING (-2.5859193 51.4607236, -2.5860178 51.4608379)",yes,paved,,,,,,,
2433778870,2433778872,0,72343243,residential,20 mph,Portland Square,False,True,32.58590595255451,"LINESTRING (-2.5859193 51.4607236, -2.5857702 51.4606461, -2.5856324 51.4605958, -2.5855161 51.4605919)",yes,paved,,,,,,,
2433778870,2433778874,0,235295638,residential,20 mph,Portland Square,False,True,37.69117542003878,"LINESTRING (-2.5859193 51.4607236, -2.5857889 51.460489, -2.5857257 51.4604073)",yes,asphalt,,,,,,,
1968413560,19871260,0,186144151,footway,,,False,False,10.005188158626314,"LINESTRING (-2.5858885 51.4608778, -2.5859462 51.4608579, -2.5860178 51.4608379)",yes,paved,,,,,,,
1968413560,1968413548,0,186144152,footway,,,False,False,47.545069680819445,"LINESTRING (-2.5858885 51.4608778, -2.5858728 51.4608549, -2.5858409 51.4608136, -2.5858025 51.4607733, -2.5857655 51.4607434, -2.5857357 51.4607248, -2.5856946 51.4607072, -2.5856512 51.460692, -2.585621 51.4606843, -2.5855848 51.4606778, -2.5855402 51.4606751, -2.585502 51.4606755, -2.5854721 51.4606766, -2.5854161 51.4606818, -2.5853622 51.4606892)",yes,asphalt,,,,,,,
1968413560,1968413578,0,186144152,footway,,,False,True,49.10395660740706,"LINESTRING (-2.5858885 51.4608778, -2.5859027 51.4609011, -2.5859264 51.4609577, -2.5859402 51.4610156, -2.5859415 51.4610434, -2.5859354 51.4610758, -2.5859271 51.4611052, -2.5859117 51.4611345, -2.5858844 51.461161, -2.5858497 51.4611856, -2.5858304 51.4611972, -2.5858065 51.461208, -2.5857688 51.4612217, -2.5857264 51.4612354, -2.5856942 51.461245)",yes,paved,,,,,,,
25280232,262442627,0,4234841,unclassified,20 mph,Brunswick Square,False,False,9.843514562279045,"LINESTRING (-2.5875965 51.4605083, -2.587734 51.460486)",yes,asphalt,,,,,,,
25280232,25280229,0,4234841,unclassified,20 mph,Brunswick Square,False,True,58.53173423972486,"LINESTRING (-2.5875965 51.4605083, -2.5875574 51.4604147, -2.587415 51.4600739, -2.5873836 51.4599989)",yes,asphalt,,,,,,,
25280232,1247839597,0,8385403,residential,20 mph,Surrey Street,False,False,92.77319475393196,"LINESTRING (-2.5875965 51.4605083, -2.5867742 51.4606471, -2.5863133 51.4607454)",yes,asphalt,,,,,,,
25280232,262442297,0,24239199,footway,,,False,False,41.96152775118982,"LINESTRING (-2.5875965 51.4605083, -2.5876949 51.4603924, -2.5878976 51.460181)",yes,asphalt,,,,,,,
5423487737,1247839597,0,"[562592842, 562592844]",service,,,False,True,21.979885470864392,"LINESTRING (-2.5861774 51.4605668, -2.586266 51.4606859, -2.5863133 51.4607454)",yes,asphalt,,,,building_passage,,,
19871261,287225971,0,3878218,unclassified,20 mph,Cave Street,False,False,39.961324690828015,"LINESTRING (-2.586359 51.4612686, -2.5865958 51.4615963)",yes,paved,,,,,,,
19871261,859323141,0,235296248,residential,20 mph,Portland Square,False,True,38.38137524319833,"LINESTRING (-2.586359 51.4612686, -2.5861067 51.4609613)",yes,paved,,,,,,,
19871261,859323188,0,235296248,residential,20 mph,Portland Square,False,False,29.1656131277284,"LINESTRING (-2.586359 51.4612686, -2.5863143 51.461242, -2.5862482 51.4612246, -2.586159 51.4612177, -2.5859738 51.4612605)",yes,paved,,,,,,,
859323188,3811627145,0,72343243,residential,20 mph,Portland Square,False,False,16.812045647419897,"LINESTRING (-2.5859738 51.4612605, -2.5857532 51.4613235)",yes,asphalt,,,,,,,
859323188,859323141,0,72343243,residential,20 mph,Portland Square,False,True,36.12767419311018,"LINESTRING (-2.5859738 51.4612605, -2.5860779 51.4611753, -2.5861206 51.4610759, -2.5861067 51.4609613)",yes,paved,,,,,,,
859323188,19871261,0,235296248,residential,20 mph,Portland Square,False,True,29.165613127728395,"LINESTRING (-2.5859738 51.4612605, -2.586159 51.4612177, -2.5862482 51.4612246, -2.5863143 51.461242, -2.586359 51.4612686)",yes,paved,,,,,,,
2433778872,2433778870,0,72343243,residential,20 mph,Portland Square,False,False,32.58590595255451,"LINESTRING (-2.5855161 51.4605919, -2.5856324 51.4605958, -2.5857702 51.4606461, -2.5859193 51.4607236)",yes,paved,,,,,,,
2433778872,3811627140,0,72343243,residential,20 mph,Portland Square,False,True,14.728314473316615,"LINESTRING (-2.5855161 51.4605919, -2.5854102 51.4606038, -2.5853154 51.4606319)",yes,asphalt,,,,,,,
2433778872,2433778874,0,235295638,residential,20 mph,Portland Square,False,False,28.901482612172735,"LINESTRING (-2.5855161 51.4605919, -2.5856206 51.4605596, -2.5856997 51.4605341, -2.5857246 51.4605115, -2.5857286 51.460484, -2.5857257 51.4604073)",yes,asphalt,,,,,,,
2433778874,25280231,0,4234843,unclassified,20 mph,Pritchard Street,False,True,5.062507557395503,"LINESTRING (-2.5857257 51.4604073, -2.5856936 51.4603664)",yes,asphalt,,,,,,,
2433778874,2433778870,0,235295638,residential,20 mph,Portland Square,False,False,37.69117542003878,"LINESTRING (-2.5857257 51.4604073, -2.5857889 51.460489, -2.5859193 51.4607236)",yes,asphalt,,,,,,,
2433778874,2433778872,0,235295638,residential,20 mph,Portland Square,False,True,28.901482612172735,"LINESTRING (-2.5857257 51.4604073, -2.5857286 51.460484, -2.5857246 51.4605115, -2.5856997 51.4605341, -2.5856206 51.4605596, -2.5855161 51.4605919)",yes,asphalt,,,,,,,
1968413548,1968413567,0,186144152,footway,,,False,False,43.76057076789402,"LINESTRING (-2.5853622 51.4606892, -2.5853095 51.4607043, -2.5852804 51.4607152, -2.5852522 51.4607281, -2.5852257 51.4607444, -2.5852093 51.4607595, -2.5851956 51.4607739, -2.5851828 51.4607971, -2.5851727 51.4608213, -2.5851647 51.4608476, -2.5851609 51.4608741, -2.5851597 51.4609141, -2.5851648 51.4609557, -2.5851771 51.4609912, -2.5851946 51.4610248)",yes,asphalt,,,,,,,
1968413548,1968413560,0,186144152,footway,,,False,True,47.54506968081945,"LINESTRING (-2.5853622 51.4606892, -2.5854161 51.4606818, -2.5854721 51.4606766, -2.585502 51.4606755, -2.5855402 51.4606751, -2.5855848 51.4606778, -2.585621 51.4606843, -2.5856512 51.460692, -2.5856946 51.4607072, -2.5857357 51.4607248, -2.5857655 51.4607434, -2.5858025 51.4607733, -2.5858409 51.4608136, -2.5858728 51.4608549, -2.5858885 51.4608778)",yes,asphalt,,,,,,,
1968413548,3811627140,0,377770966,footway,,,False,False,7.1519195554998305,"LINESTRING (-2.5853622 51.4606892, -2.5853334 51.460652, -2.5853154 51.4606319)",yes,asphalt,,,,,,,
1968413578,1968413560,0,186144152,footway,,,False,False,49.10395660740706,"LINESTRING (-2.5856942 51.461245, -2.5857264 51.4612354, -2.5857688 51.4612217, -2.5858065 51.461208, -2.5858304 51.4611972, -2.5858497 51.4611856, -2.5858844 51.461161, -2.5859117 51.4611345, -2.5859271 51.4611052, -2.5859354 51.4610758, -2.5859415 51.4610434, -2.5859402 51.4610156, -2.5859264 51.4609577, -2.5859027 51.4609011, -2.5858885 51.4608778)",yes,paved,,,,,,,
1968413578,1968413567,0,186144152,footway,,,False,True,47.341934910038894,"LINESTRING (-2.5856942 51.461245, -2.5856495 51.4612531, -2.5856047 51.4612558, -2.5855591 51.4612554, -2.5855116 51.4612512, -2.5854868 51.4612466, -2.5854659 51.4612406, -2.585442 51.4612308, -2.5854181 51.4612198, -2.5853372 51.461176, -2.5852854 51.461138, -2.5852438 51.4610974, -2.5851946 51.4610248)",yes,paved,,,,,,,
1968413578,3811627145,0,377770964,footway,,,False,True,9.639414287360415,"LINESTRING (-2.5856942 51.461245, -2.5857148 51.4612738, -2.5857532 51.4613235)",yes,paved,,,,,,,
364165242,287225971,0,26230258,service,,Chapter Street,False,False,72.35683802684447,"LINESTRING (-2.585654 51.4618776, -2.5865958 51.4615963)",yes,asphalt,,,,,,,
364165242,364165239,0,43590865,unclassified,20 mph,Dean Street,False,False,32.29106291995238,"LINESTRING (-2.585654 51.4618776, -2.5854567 51.4616145)",no,asphalt,,,,,,,
364165242,19875363,0,43590865,unclassified,20 mph,Dean Street,False,True,61.60069569471027,"LINESTRING (-2.585654 51.4618776, -2.5860455 51.462375)",yes,asphalt,,,,,,,
3811627145,2433779953,0,72343243,residential,20 mph,Portland Square,False,False,6.574836505654488,"LINESTRING (-2.5857532 51.4613235, -2.5856669 51.4613481)",yes,asphalt,,,,,,,
3811627145,859323188,0,72343243,residential,20 mph,Portland Square,False,True,16.812045647419897,"LINESTRING (-2.5857532 51.4613235, -2.5859738 51.4612605)",yes,asphalt,,,,,,,
3811627145,1968413578,0,377770964,footway,,,False,False,9.639414287360415,"LINESTRING (-2.5857532 51.4613235, -2.5857148 51.4612738, -2.5856942 51.461245)",yes,paved,,,,,,,
19871266,3811627143,0,72343243,residential,20 mph,Portland Square,False,False,20.57352189241612,"LINESTRING (-2.585191 51.4612259, -2.5850493 51.4610633)",yes,asphalt,,,,,,,
19871266,2433779947,0,477207180,residential,20 mph,Portland Square,False,True,40.11159778345596,"LINESTRING (-2.585191 51.4612259, -2.5854163 51.4615582)",yes,paved,,,,,,,
19871266,2433779953,0,72343243,residential,20 mph,Portland Square,False,True,37.08677050897218,"LINESTRING (-2.585191 51.4612259, -2.5853082 51.4612932, -2.585501 51.461345, -2.5856669 51.4613481)",yes,asphalt,,,,,,,
3811627143,2433778866,0,72343243,residential,20 mph,Portland Square,False,False,12.38660212351134,"LINESTRING (-2.5850493 51.4610633, -2.584964 51.4609654)",yes,asphalt,,,,,,,
3811627143,19871266,0,72343243,residential,20 mph,Portland Square,False,True,20.57352189241612,"LINESTRING (-2.5850493 51.4610633, -2.585191 51.4612259)",yes,asphalt,,,,,,,
3811627143,1968413567,0,377770965,footway,,,False,True,10.938859601087982,"LINESTRING (-2.5850493 51.4610633, -2.58515 51.4610367, -2.5851946 51.4610248)",yes,paved,,,,,,,
2433779947,364165239,0,43590865,unclassified,20 mph,Dean Street,False,True,6.857463411549641,"LINESTRING (-2.5854163 51.4615582, -2.5854567 51.4616145)",yes,paved,,,,,,,
2433779947,19871266,0,477207180,residential,20 mph,Portland Square,False,False,40.11159778345596,"LINESTRING (-2.5854163 51.4615582, -2.585191 51.4612259)",yes,paved,,,,,,,
2433779947,2433779953,0,235296250,residential,20 mph,Portland Square,False,True,31.29192828713866,"LINESTRING (-2.5854163 51.4615582, -2.5854257 51.4614918, -2.58546 51.4614396, -2.58557 51.4613853, -2.5856669 51.4613481)",yes,asphalt,,,,,,,
2433779953,3811627145,0,72343243,residential,20 mph,Portland Square,False,True,6.574836505654488,"LINESTRING (-2.5856669 51.4613481, -2.5857532 51.4613235)",yes,asphalt,,,,,,,
2433779953,19871266,0,72343243,residential,20 mph,Portland Square,False,False,37.08677050897218,"LINESTRING (-2.5856669 51.4613481, -2.585501 51.461345, -2.5853082 51.4612932, -2.585191 51.4612259)",yes,asphalt,,,,,,,
2433779953,2433779947,0,235296250,residential,20 mph,Portland Square,False,False,31.291928287138656,"LINESTRING (-2.5856669 51.4613481, -2.58557 51.4613853, -2.58546 51.4614396, -2.5854257 51.4614918, -2.5854163 51.4615582)",yes,asphalt,,,,,,,
1968413567,1968413578,0,186144152,footway,,,False,False,47.34193491003889,"LINESTRING (-2.5851946 51.4610248, -2.5852438 51.4610974, -2.5852854 51.461138, -2.5853372 51.461176, -2.5854181 51.4612198, -2.585442 51.4612308, -2.5854659 51.4612406, -2.5854868 51.4612466, -2.5855116 51.4612512, -2.5855591 51.4612554, -2.5856047 51.4612558, -2.5856495 51.4612531, -2.5856942 51.461245)",yes,paved,,,,,,,
1968413567,1968413548,0,186144152,footway,,,False,True,43.76057076789402,"LINESTRING (-2.5851946 51.4610248, -2.5851771 51.4609912, -2.5851648 51.4609557, -2.5851597 51.4609141, -2.5851609 51.4608741, -2.5851647 51.4608476, -2.5851727 51.4608213, -2.5851828 51.4607971, -2.5851956 51.4607739, -2.5852093 51.4607595, -2.5852257 51.4607444, -2.5852522 51.4607281, -2.5852804 51.4607152, -2.5853095 51.4607043, -2.5853622 51.4606892)",yes,asphalt,,,,,,,
1968413567,3811627143,0,377770965,footway,,,False,False,10.938859601087982,"LINESTRING (-2.5851946 51.4610248, -2.58515 51.4610367, -2.5850493 51.4610633)",yes,paved,,,,,,,
364165239,10681863998,0,25874506,residential,20 mph,Bishop Street,False,False,64.79828025979114,"LINESTRING (-2.5854567 51.4616145, -2.5846082 51.4618597)",no,asphalt,,,,,,,
364165239,2433779947,0,43590865,unclassified,20 mph,Dean Street,False,False,6.857463411549641,"LINESTRING (-2.5854567 51.4616145, -2.5854163 51.4615582)",yes,paved,,,,,,,
364165239,364165242,0,43590865,unclassified,20 mph,Dean Street,False,True,32.29106291995238,"LINESTRING (-2.5854567 51.4616145, -2.585654 51.4618776)",no,asphalt,,,,,,,
5753086713,19871274,0,26230276,footway,,,False,True,46.8205600387419,"LINESTRING (-2.5825756 51.460767, -2.5828657 51.4611473)",yes,asphalt,,,,,,,
5753086713,10901402907,0,1173237852,service,,,False,False,0.5650061312467551,"LINESTRING (-2.5825756 51.460767, -2.5825685 51.4607695)",no,asphalt,,,,,,,
5753086713,10901402911,0,1173237852,service,,,False,True,11.545163083952719,"LINESTRING (-2.5825756 51.460767, -2.5827203 51.4607155)",no,asphalt,,,,,,,
10901402907,5753086713,0,1173237852,service,,,False,True,0.5650061312467551,"LINESTRING (-2.5825685 51.4607695, -2.5825756 51.460767)",no,asphalt,,,,,,,
10901402907,10901402908,0,1173237853,footway,,,False,False,5.327794435907831,"LINESTRING (-2.5825685 51.4607695, -2.5825333 51.4607269)",no,asphalt,,,,,,,
10901402907,10901402906,0,1173237852,service,,,False,False,19.825614116796306,"LINESTRING (-2.5825685 51.4607695, -2.5825209 51.4607865, -2.5823434 51.4608789)",no,asphalt,,,,,,,
10901402911,5753086713,0,1173237852,service,,,False,False,11.545163083952719,"LINESTRING (-2.5827203 51.4607155, -2.5825756 51.460767)",no,asphalt,,,,,,,
10901402911,262442261,0,1173237852,service,,,False,True,18.118140145084592,"LINESTRING (-2.5827203 51.4607155, -2.5829474 51.4606347)",yes,concrete,,,,,,,
10901402911,10901402910,0,1173237855,service,,,False,True,23.514263616184763,"LINESTRING (-2.5827203 51.4607155, -2.5828583 51.4609087)",no,asphalt,,,parking_aisle,,,,
5435157624,262442292,0,24239207,residential,20 mph,Lemon Lane,False,False,38.735122326668126,"LINESTRING (-2.5837396 51.460496, -2.58397 51.4608134)",yes,asphalt,,,,,,,
5435157624,262442266,0,24239207,residential,20 mph,Lemon Lane,False,True,13.350680047633025,"LINESTRING (-2.5837396 51.460496, -2.5836602 51.4603866)",yes,concrete,,,,,,,
5435157624,5435157625,0,564055130,service,,,False,True,4.362302194663907,"LINESTRING (-2.5837396 51.460496, -2.5837968 51.4604796)",yes,concrete,,,,,,,
2433764639,2433778866,0,235295055,footway,,,False,False,55.715893471961444,"LINESTRING (-2.584224 51.4611616, -2.584964 51.4609654)",yes,asphalt,,,,,,,
2433764639,262442292,0,"[235295043, 625159261]","['residential', 'footway']",20 mph,Lemon Lane,False,False,42.530392930060074,"LINESTRING (-2.584224 51.4611616, -2.5841618 51.4610736, -2.58397 51.4608134)",yes,concrete,,,,,,,
2433764639,2433764834,0,235295043,footway,,,False,True,47.479732547946014,"LINESTRING (-2.584224 51.4611616, -2.5841739 51.4612692, -2.5841363 51.4613385, -2.5840974 51.461372, -2.5840599 51.4613995, -2.5840196 51.4614304, -2.583907 51.4614889, -2.5838657 51.4615099)",no,asphalt,,,,,,,
2433764639,2433764671,0,235295055,footway,,,False,True,51.5015680615714,"LINESTRING (-2.584224 51.4611616, -2.5841444 51.4611915, -2.5840666 51.4612299, -2.5839942 51.4612617, -2.5839352 51.4612867, -2.5838802 51.4613043, -2.5837635 51.4613377, -2.583675 51.4613603, -2.5835709 51.4613704)",no,asphalt,,,,,,,
5906108611,5906108608,0,"[625536892, 625536893, 625536894]",service,,,False,False,19.650825861718523,"LINESTRING (-2.5864331 51.461957, -2.5864831 51.4620063, -2.586534 51.4620542, -2.5865848 51.4621063)",yes,asphalt,,,,building_passage,,,
4795736877,293907316,0,193994529,unclassified,20 mph,City Road,False,False,4.002973546472964,"LINESTRING (-2.5885015 51.4627938, -2.5884548 51.462815)",no,asphalt,2,,,,,,
4795736877,1079986909,0,193994529,unclassified,20 mph,City Road,False,True,136.0422098712396,"LINESTRING (-2.5885015 51.4627938, -2.588686 51.4627107, -2.589522 51.4623344, -2.5898146 51.4622071, -2.5901013 51.4620844)",yes,asphalt,2,,,,,,
4795736877,4795736874,0,"[487056552, 487056550, 487056551]",service,,,False,False,23.777763897111207,"LINESTRING (-2.5885015 51.4627938, -2.5885719 51.4628542, -2.5886709 51.4629433, -2.5886994 51.4629685)",no,asphalt,,,,building_passage,,,
5900430626,5900430623,0,"[624866104, 624866105, 624866103]",service,,,False,False,24.160914752822546,"LINESTRING (-2.5884316 51.4643216, -2.5883799 51.464338, -2.5882184 51.4643888, -2.5881204 51.4644197)",yes,asphalt,,,,building_passage,,,
21309748,12248092928,0,204097421,primary,20 mph,Stokes Croft,False,False,55.24815390206593,"LINESTRING (-2.5898705 51.4632387, -2.5897726 51.4637318)",no,asphalt,2,A38,,,,,
21309748,4794218449,0,"[26792514, 94255692]","['service', 'residential']",20 mph,Hepburn Road,False,True,119.76576496020468,"LINESTRING (-2.5898705 51.4632387, -2.5891775 51.4631827, -2.5890837 51.463187, -2.5889975 51.4632201, -2.5883427 51.4635426)",no,asphalt,,,,,,,
21309748,21309820,0,204097421,primary,20 mph,Stokes Croft,False,True,43.01276472726515,"LINESTRING (-2.5898705 51.4632387, -2.5899416 51.4629126, -2.5899541 51.4628554)",no,asphalt,2,A38,,,,,
4794218446,4794218449,0,"[486880427, 486880428, 486880429]",footway,,,False,True,17.58794138973343,"LINESTRING (-2.5884995 51.463667, -2.5884539 51.4636308, -2.5883772 51.4635699, -2.5883427 51.4635426)",no,paving_stones,,,,building_passage,,,
21238592,3860908591,0,4235038,unclassified,20 mph,York Street,False,True,10.200898301803834,"LINESTRING (-2.5880591 51.4594324, -2.5880706 51.4594825, -2.5880821 51.459523)",yes,asphalt,2,,,,,,
3860908591,2179076283,0,207653242,footway,,,False,False,62.645242832039195,"LINESTRING (-2.5880821 51.459523, -2.5871779 51.4595251)",yes,paving_stones,,,,,,,
3860908591,21238592,0,4235038,unclassified,20 mph,York Street,False,False,10.200898301803834,"LINESTRING (-2.5880821 51.459523, -2.5880706 51.4594825, -2.5880591 51.4594324)",yes,asphalt,2,,,,,,
3860908591,25280228,0,4235038,unclassified,20 mph,York Street,False,True,39.04679452259612,"LINESTRING (-2.5880821 51.459523, -2.5880909 51.459554, -2.5881242 51.4596518, -2.5882067 51.4598654)",no,paving_stones,2,,,,,,
3860908591,2920948566,0,207653242,footway,,,False,True,68.13786762668651,"LINESTRING (-2.5880821 51.459523, -2.5884411 51.45953, -2.5890621 51.45949)",no,paving_stones,,,,,,,
2179076283,2179076266,0,207653242,footway,,,False,False,5.48471873361356,"LINESTRING (-2.5871779 51.4595251, -2.5870988 51.4595231)",no,paving_stones,,,,,,,
2179076283,3860908591,0,207653242,footway,,,False,True,62.645242832039195,"LINESTRING (-2.5871779 51.4595251, -2.5880821 51.459523)",yes,paving_stones,,,,,,,
2179076283,5111590153,0,"[26792457, 525442076]","['residential', 'footway']",20 mph,Gloucester Street,False,False,19.64465900908515,"LINESTRING (-2.5871779 51.4595251, -2.5872245 51.4596439, -2.5872472 51.4596964)",no,paving_stones,,,,,,,
25280228,25280229,0,4234841,unclassified,20 mph,Brunswick Square,False,False,58.92598067061114,"LINESTRING (-2.5882067 51.4598654, -2.5880701 51.4598876, -2.5875211 51.4599766, -2.5873836 51.4599989)",no,asphalt,,,,,,,
25280228,3860908591,0,4235038,unclassified,20 mph,York Street,False,False,39.04679452259612,"LINESTRING (-2.5882067 51.4598654, -2.5881242 51.4596518, -2.5880909 51.459554, -2.5880821 51.459523)",no,paving_stones,2,,,,,,
25280228,262442297,0,24239199,footway,,,False,True,41.13079659845923,"LINESTRING (-2.5882067 51.4598654, -2.5881015 51.4599626, -2.5878976 51.460181)",no,asphalt,,,,,,,
25280228,25280227,0,425631539,unclassified,20 mph,York Street,False,True,58.52999899339048,"LINESTRING (-2.5882067 51.4598654, -2.588238 51.4599404, -2.5883804 51.4602812, -2.5884195 51.4603748)",yes,asphalt,,,,,,,
2920948566,3860908593,0,207653242,footway,,,False,True,5.890282813098679,"LINESTRING (-2.5890621 51.45949, -2.589147 51.4594872)",no,paving_stones,,,,,,,
2920948566,3860908593,1,"[519432811, 519432812, 124100406]",service,,,False,True,51.938118102700464,"LINESTRING (-2.5890621 51.45949, -2.5889633 51.4596587, -2.5889547 51.459681, -2.5889667 51.459691, -2.5889937 51.459697, -2.589018 51.4596886, -2.5890296 51.4596743, -2.589147 51.4594872)",no,paving_stones,,,,building_passage,,,
2920948566,3860908591,0,207653242,footway,,,False,False,68.13786762668651,"LINESTRING (-2.5890621 51.45949, -2.5884411 51.45953, -2.5880821 51.459523)",no,paving_stones,,,,,,,
2920948566,2920948564,0,519432811,service,,,False,False,9.357621475395138,"LINESTRING (-2.5890621 51.45949, -2.5890668 51.4594539, -2.589061 51.4594061)",yes,asphalt,,,,,,,
21257368,13275305469,0,154351381,secondary,20 mph,Ashley Road,False,False,18.006833667049012,"LINESTRING (-2.5892327 51.4643495, -2.5889891 51.464406)",yes,asphalt,,B4051,,,,,
21257368,6226112849,0,154351381,secondary,20 mph,Ashley Road,False,True,17.949571196851593,"LINESTRING (-2.5892327 51.4643495, -2.589472 51.4642876)",yes,asphalt,,B4051,,,,,
13275305469,21257368,0,154351381,secondary,20 mph,Ashley Road,False,True,18.006833667049012,"LINESTRING (-2.5889891 51.464406, -2.5892327 51.4643495)",yes,asphalt,,B4051,,,,,
13275305469,13275305468,0,1446865258,living_street,,Bullard close,False,False,58.02115870074397,"LINESTRING (-2.5889891 51.464406, -2.5889037 51.4643124, -2.588799 51.4641962, -2.5888955 51.4641569, -2.5887076 51.4639837)",yes,asphalt,,,,,,,
6226112849,21257368,0,154351381,secondary,20 mph,Ashley Road,False,False,17.949571196851593,"LINESTRING (-2.589472 51.4642876, -2.5892327 51.4643495)",yes,asphalt,,B4051,,,,,
6226112849,21309452,0,154351381,secondary,20 mph,Ashley Road,False,True,18.94649583154292,"LINESTRING (-2.589472 51.4642876, -2.5894864 51.4642839, -2.5897288 51.464229)",yes,asphalt,,B4051,,,,,
6226112849,6226112846,0,"[665195808, 665195809, 665195810]",footway,,,False,False,19.29771393311054,"LINESTRING (-2.589472 51.4642876, -2.5894915 51.4643369, -2.5895281 51.4644293, -2.5895387 51.4644561)",yes,asphalt,,,,building_passage,,,
13275305468,13275305469,0,1446865258,living_street,,Bullard close,False,True,58.02115870074396,"LINESTRING (-2.5887076 51.4639837, -2.5888955 51.4641569, -2.588799 51.4641962, -2.5889037 51.4643124, -2.5889891 51.464406)",yes,asphalt,,,,,,,
21309452,6226112849,0,154351381,secondary,20 mph,Ashley Road,False,False,18.94649583154292,"LINESTRING (-2.5897288 51.464229, -2.5894864 51.4642839, -2.589472 51.4642876)",yes,asphalt,,B4051,,,,,
21309452,26466665,0,382893358,primary,20 mph,Stokes Croft,False,True,26.328878390619657,"LINESTRING (-2.5897288 51.464229, -2.5897362 51.4640928, -2.5897394 51.4640488, -2.5897435 51.4639924)",yes,asphalt,3,A38,,,,,
6226112846,6226112849,0,"[665195808, 665195809, 665195810]",footway,,,False,True,19.29771393311054,"LINESTRING (-2.5895387 51.4644561, -2.5895281 51.4644293, -2.5894915 51.4643369, -2.589472 51.4642876)",yes,asphalt,,,,building_passage,,,
21309349,21309350,0,4019256,footway,,,False,True,24.409665913248865,"LINESTRING (-2.5864293 51.4565357, -2.5867816 51.4565355)",no,asphalt,,,,,,,
21309350,21309349,0,4019256,footway,,,False,False,24.409665913248865,"LINESTRING (-2.5867816 51.4565355, -2.5864293 51.4565357)",no,asphalt,,,,,,,
21309350,21309366,0,"[4019257, 20428738, 20428740]","['steps', 'footway']",,,False,False,15.558646583074895,"LINESTRING (-2.5867816 51.4565355, -2.5867871 51.4565557, -2.5866587 51.4565973, -2.5866786 51.4566238)",no,asphalt,,,,,,,
21309366,21309372,0,"[20428736, 126149544]","['footway', 'steps']",,,False,False,14.837571628044312,"LINESTRING (-2.5866786 51.4566238, -2.5866982 51.4566476, -2.5867821 51.4567406)",no,asphalt,,,,,,,
21309366,21309350,0,"[4019257, 20428738, 20428740]","['steps', 'footway']",,,False,True,15.558646583074895,"LINESTRING (-2.5866786 51.4566238, -2.5866587 51.4565973, -2.5867871 51.4565557, -2.5867816 51.4565355)",no,asphalt,,,,,,,
21309372,826648048,0,20343257,tertiary,20 mph,Broad Weir,False,False,13.982467241321983,"LINESTRING (-2.5867821 51.4567406, -2.5866044 51.4568002)",no,asphalt,2,,,,,,
21309372,21309366,0,"[126149544, 20428736]","['steps', 'footway']",,,False,True,14.837571628044312,"LINESTRING (-2.5867821 51.4567406, -2.5866982 51.4566476, -2.5866786 51.4566238)",no,asphalt,,,,,,,
826648048,5822644363,0,20343257,tertiary,20 mph,Broad Weir,False,False,23.839985920633737,"LINESTRING (-2.5866044 51.4568002, -2.5863137 51.4569149)",yes,asphalt,2,,,,,,
826648048,21309372,0,20343257,tertiary,20 mph,Broad Weir,False,True,13.982467241321983,"LINESTRING (-2.5866044 51.4568002, -2.5867821 51.4567406)",no,asphalt,2,,,,,,
826648048,5822644367,0,68800005,footway,,,False,True,17.78840654062551,"LINESTRING (-2.5866044 51.4568002, -2.5865331 51.4567272, -2.5864323 51.4566871)",no,asphalt,,,,,,,
5822644363,826648048,0,20343257,tertiary,20 mph,Broad Weir,False,True,23.839985920633737,"LINESTRING (-2.5863137 51.4569149, -2.5866044 51.4568002)",yes,asphalt,2,,,,,,
5822644363,5822644348,0,615789162,footway,,,False,True,13.949919150422224,"LINESTRING (-2.5863137 51.4569149, -2.58618 51.4568211)",yes,asphalt,,,,,,,
5822644363,12595689538,0,20343257,tertiary,20 mph,Broad Weir,False,False,21.822793961579958,"LINESTRING (-2.5863137 51.4569149, -2.5861693 51.4569787, -2.586109 51.4570058, -2.5860511 51.4570222)",yes,asphalt,2,,,,,,
5822644363,5919449209,0,627040439,footway,,,False,False,49.76558635530472,"LINESTRING (-2.5863137 51.4569149, -2.5863658 51.4569831, -2.5867313 51.4572161, -2.5867832 51.4572491)",yes,asphalt,,,,,,,
5822644367,826648048,0,68800005,footway,,,False,False,17.78840654062551,"LINESTRING (-2.5864323 51.4566871, -2.5865331 51.4567272, -2.5866044 51.4568002)",no,asphalt,,,,,,,
5822644367,826648042,0,68800005,footway,,,False,True,23.36819331225753,"LINESTRING (-2.5864323 51.4566871, -2.5864034 51.4566884, -2.5862494 51.4566701, -2.586109 51.4566346)",no,asphalt,,,,,,,
5822644367,5822644358,0,615789163,footway,,,False,True,22.171123777808827,"LINESTRING (-2.5864323 51.4566871, -2.5863965 51.4567288, -2.5863512 51.4567608, -2.5863073 51.456781, -2.5862649 51.4567886, -2.5861888 51.4567956)",no,asphalt,,,,,,,
26466665,1080015188,0,4345223,unclassified,20 mph,Ninetree Hill,False,False,48.345630092227566,"LINESTRING (-2.5897435 51.4639924, -2.5898698 51.4640089, -2.5899268 51.4640124, -2.5902186 51.4640304, -2.5902783 51.4640271, -2.5903261 51.4640185, -2.5904238 51.4639889)",yes,asphalt,,,,,,,
26466665,21309452,0,382893358,primary,20 mph,Stokes Croft,False,False,26.328878390619657,"LINESTRING (-2.5897435 51.4639924, -2.5897394 51.4640488, -2.5897362 51.4640928, -2.5897288 51.464229)",yes,asphalt,3,A38,,,,,
26466665,12248092928,0,"[204097421, 396598742]",primary,20 mph,Stokes Croft,False,True,29.061480367797927,"LINESTRING (-2.5897435 51.4639924, -2.5897597 51.4637967, -2.5897726 51.4637318)",yes,asphalt,"['3', '2']",A38,,,,,
1080015188,26466665,0,4345223,unclassified,20 mph,Ninetree Hill,False,True,48.34563009222756,"LINESTRING (-2.5904238 51.4639889, -2.5903261 51.4640185, -2.5902783 51.4640271, -2.5902186 51.4640304, -2.5899268 51.4640124, -2.5898698 51.4640089, -2.5897435 51.4639924)",yes,asphalt,,,,,,,
1080015188,1081318805,0,93281811,residential,20 mph,Ninetree Hill,False,False,33.089864631904746,"LINESTRING (-2.5904238 51.4639889, -2.590449 51.4640244, -2.5904679 51.4640381, -2.5904922 51.464049, -2.5905177 51.464057, -2.5905441 51.4640622, -2.5908412 51.4640889)",yes,asphalt,,,,,,,
1080015188,10816632963,0,106678895,residential,20 mph,Armada Place,False,True,63.50876583428857,"LINESTRING (-2.5904238 51.4639889, -2.5904181 51.4639715, -2.5904191 51.4639454, -2.590465 51.4638066, -2.5905452 51.4635638, -2.5905691 51.4635075, -2.5906116 51.4634326)",yes,asphalt,,,,,,,
12248092928,21309748,0,204097421,primary,20 mph,Stokes Croft,False,True,55.24815390206593,"LINESTRING (-2.5897726 51.4637318, -2.5898705 51.4632387)",no,asphalt,2,A38,,,,,
12248092928,26466665,0,"[204097421, 396598742]",primary,20 mph,Stokes Croft,False,False,29.061480367797927,"LINESTRING (-2.5897726 51.4637318, -2.5897597 51.4637967, -2.5897435 51.4639924)",yes,asphalt,"['3', '2']",A38,,,,,
12248092928,12248092926,0,"[1323594154, 1323594155]",footway,,,False,False,12.540787996397814,"LINESTRING (-2.5897726 51.4637318, -2.5896586 51.4637254, -2.5895923 51.4637217)",no,asphalt,,,,building_passage,,,
21309820,21309822,0,42879142,secondary,20 mph,Jamaica Street,False,True,9.055245902907405,"LINESTRING (-2.5899541 51.4628554, -2.5900655 51.4628128)",no,asphalt,2,B4051,,,,,
21309820,5905199219,0,625435530,primary,20 mph,Stokes Croft,False,True,12.120652174101705,"LINESTRING (-2.5899541 51.4628554, -2.5899555 51.4627464)",no,asphalt,2,A38,,,,,
21309820,21309748,0,204097421,primary,20 mph,Stokes Croft,False,False,43.01276472726515,"LINESTRING (-2.5899541 51.4628554, -2.5899416 51.4629126, -2.5898705 51.4632387)",no,asphalt,2,A38,,,,,
12248092926,12248092928,0,"[1323594154, 1323594155]",footway,,,False,True,12.540787996397814,"LINESTRING (-2.5895923 51.4637217, -2.5896586 51.4637254, -2.5897726 51.4637318)",no,asphalt,,,,building_passage,,,
21309822,21309820,0,42879142,secondary,20 mph,Jamaica Street,False,False,9.055245902907405,"LINESTRING (-2.5900655 51.4628128, -2.5899541 51.4628554)",no,asphalt,2,B4051,,,,,
21309822,21309823,0,4745128,unclassified,20 mph,Thomas Street,False,True,66.80883624898665,"LINESTRING (-2.5900655 51.4628128, -2.5901241 51.4628389, -2.5908505 51.4631618)",yes,asphalt,,,,,,,
21309822,21309821,0,42879142,secondary,20 mph,Jamaica Street,False,True,93.05769385644459,"LINESTRING (-2.5900655 51.4628128, -2.5901276 51.4627743, -2.5910172 51.4622222)",no,asphalt,2,B4051,,,,,
5905199219,21309820,0,625435530,primary,20 mph,Stokes Croft,False,False,12.120652174101705,"LINESTRING (-2.5899555 51.4627464, -2.5899541 51.4628554)",no,asphalt,2,A38,,,,,
5905199219,4610359742,0,382889002,primary,20 mph,Stokes Croft,False,True,6.79242968092605,"LINESTRING (-2.5899555 51.4627464, -2.5899886 51.4627228, -2.5899999 51.4626939)",no,asphalt,,A38,,,,,
5905199219,5905199213,0,625435528,primary,20 mph,Stokes Croft,False,False,6.88019218550482,"LINESTRING (-2.5899555 51.4627464, -2.589937 51.4627182, -2.5899383 51.4626868)",no,asphalt,,A38,,,,,
21309749,365559388,0,382888999,primary,20 mph,Stokes Croft,False,True,12.658519768086325,"LINESTRING (-2.5903385 51.4620041, -2.5903977 51.4618964)",no,asphalt,2,A38,,,,,
21309749,4654496419,0,471285351,primary,20 mph,Stokes Croft,False,False,6.3783049824890385,"LINESTRING (-2.5903385 51.4620041, -2.5903093 51.4620585)",no,asphalt,,A38,,,,,
21309749,6111856719,0,651817264,unclassified,20 mph,City Road,False,False,5.754088561949804,"LINESTRING (-2.5903385 51.4620041, -2.5902615 51.4620235)",no,asphalt,,,,,,,
365559388,21309749,0,382888999,primary,20 mph,Stokes Croft,False,False,12.658519768086325,"LINESTRING (-2.5903977 51.4618964, -2.5903385 51.4620041)",no,asphalt,2,A38,,,,,
365559388,1247760876,0,109197355,unclassified,20 mph,Hillgrove Street,False,True,31.432082449045705,"LINESTRING (-2.5903977 51.4618964, -2.5906045 51.4619974, -2.5907464 51.462077)",no,asphalt,,,,,,,
365559388,6225987537,0,"[665176847, 382888999]",primary,20 mph,Stokes Croft,False,True,44.15682015927804,"LINESTRING (-2.5903977 51.4618964, -2.5904587 51.4617908, -2.5905561 51.4616308, -2.5906236 51.4615251)",no,asphalt,2,A38,,,,,
4654496419,21309749,0,471285351,primary,20 mph,Stokes Croft,False,True,6.3783049824890385,"LINESTRING (-2.5903093 51.4620585, -2.5903385 51.4620041)",no,asphalt,,A38,,,,,
4654496419,3860964491,0,202761559,primary,20 mph,Stokes Croft,False,True,15.905974084228689,"LINESTRING (-2.5903093 51.4620585, -2.5902389 51.4621124, -2.5901855 51.462178)",no,asphalt,,A38,,,,,
4654496419,4654496416,0,471285354,primary,20 mph,Stokes Croft,False,False,15.371864095838504,"LINESTRING (-2.5903093 51.4620585, -2.5902985 51.4621212, -2.5902622 51.4621929)",no,asphalt,,A38,,,,,
6111856719,21309749,0,651817264,unclassified,20 mph,City Road,False,True,5.754088561949804,"LINESTRING (-2.5902615 51.4620235, -2.5903385 51.4620041)",no,asphalt,,,,,,,
6111856719,6111856716,0,4019424,unclassified,,City Road,False,False,10.660390231084396,"LINESTRING (-2.5902615 51.4620235, -2.5902495 51.4620511, -2.5901992 51.4620703, -2.5901569 51.4620857)",no,asphalt,,,,,,,
6111856719,6111856710,0,651817261,unclassified,,City Road,False,True,6.604633643430423,"LINESTRING (-2.5902615 51.4620235, -2.5902146 51.4620118, -2.5901764 51.4620264)",no,asphalt,,,,,,,
1247760876,1247760905,0,108832806,service,,,False,True,5.868664384353735,"LINESTRING (-2.5907464 51.462077, -2.5906917 51.4621173)",no,asphalt,,,,,,,
1247760876,1247760948,0,109197355,unclassified,20 mph,Hillgrove Street,False,True,8.218713590324692,"LINESTRING (-2.5907464 51.462077, -2.5908345 51.4621265)",no,asphalt,,,,,,,
1247760876,365559388,0,109197355,unclassified,20 mph,Hillgrove Street,False,False,31.432082449045705,"LINESTRING (-2.5907464 51.462077, -2.5906045 51.4619974, -2.5903977 51.4618964)",no,asphalt,,,,,,,
6225987537,6225987531,0,4019344,primary,20 mph,Stokes Croft,False,False,9.666103824937693,"LINESTRING (-2.5906236 51.4615251, -2.5906156 51.4614749, -2.5906351 51.4614405)",no,asphalt,,A38,,,,,
6225987537,6225987532,0,665176844,primary,20 mph,Stokes Croft,False,True,9.81461367315287,"LINESTRING (-2.5906236 51.4615251, -2.5906894 51.46149, -2.5907092 51.461458)",no,asphalt,,A38,,,,,
6225987537,365559388,0,"[382888999, 665176847]",primary,20 mph,Stokes Croft,False,False,44.15682015927804,"LINESTRING (-2.5906236 51.4615251, -2.5905561 51.4616308, -2.5904587 51.4617908, -2.5903977 51.4618964)",no,asphalt,2,A38,,,,,
3860964491,4654496419,0,202761559,primary,20 mph,Stokes Croft,False,False,15.905974084228689,"LINESTRING (-2.5901855 51.462178, -2.5902389 51.4621124, -2.5903093 51.4620585)",no,asphalt,,A38,,,,,
3860964491,6111856716,0,471285349,footway,,,False,False,13.134629245005243,"LINESTRING (-2.5901855 51.462178, -2.5901338 51.4621692, -2.5901569 51.4620857)",no,asphalt,,,,,,,
3860964491,4654496416,0,471285349,footway,,,False,True,5.5683315205286,"LINESTRING (-2.5901855 51.462178, -2.5902116 51.4621838, -2.590233 51.4621876, -2.5902622 51.4621929)",no,asphalt,,,,,,,
3860964491,5905199213,0,"[625435528, 471285353, 625435532]",primary,20 mph,Stokes Croft,False,True,59.383640595535326,"LINESTRING (-2.5901855 51.462178, -2.5901453 51.4622387, -2.5901074 51.4622933, -2.5900664 51.4623702, -2.5900222 51.4624492, -2.5899497 51.4626113, -2.5899404 51.4626527, -2.5899383 51.4626868)",no,asphalt,1,A38,,,,,
4654496416,3860964491,0,471285349,footway,,,False,False,5.5683315205286,"LINESTRING (-2.5902622 51.4621929, -2.590233 51.4621876, -2.5902116 51.4621838, -2.5901855 51.462178)",no,asphalt,,,,,,,
4654496416,4610359742,0,"[382889002, 471285354, 1255967452]",primary,20 mph,Stokes Croft,False,False,58.63946811573689,"LINESTRING (-2.5902622 51.4621929, -2.5901863 51.4623133, -2.5900238 51.4626353, -2.5899999 51.4626939)",no,asphalt,1,A38,,,,,
4654496416,4654496419,0,471285354,primary,20 mph,Stokes Croft,False,True,15.371864095838504,"LINESTRING (-2.5902622 51.4621929, -2.5902985 51.4621212, -2.5903093 51.4620585)",no,asphalt,,A38,,,,,
6111856716,6111856718,0,4019424,unclassified,,City Road,False,False,2.8690427554774307,"LINESTRING (-2.5901569 51.4620857, -2.5901167 51.4620795)",yes,asphalt,,,,,,,
6111856716,6111856719,0,4019424,unclassified,,City Road,False,True,10.660390231084396,"LINESTRING (-2.5901569 51.4620857, -2.5901992 51.4620703, -2.5902495 51.4620511, -2.5902615 51.4620235)",no,asphalt,,,,,,,
6111856716,6111856710,0,471285349,footway,,,False,False,6.7329170985453475,"LINESTRING (-2.5901569 51.4620857, -2.5901651 51.4620617, -2.5901713 51.4620452, -2.5901764 51.4620264)",no,asphalt,,,,,,,
6111856716,3860964491,0,471285349,footway,,,False,True,13.134629245005243,"LINESTRING (-2.5901569 51.4620857, -2.5901338 51.4621692, -2.5901855 51.462178)",no,asphalt,,,,,,,
6111856710,6111856716,0,471285349,footway,,,False,True,6.7329170985453475,"LINESTRING (-2.5901764 51.4620264, -2.5901713 51.4620452, -2.5901651 51.4620617, -2.5901569 51.4620857)",no,asphalt,,,,,,,
6111856710,6111856719,0,651817261,unclassified,,City Road,False,False,6.604633643430423,"LINESTRING (-2.5901764 51.4620264, -2.5902146 51.4620118, -2.5902615 51.4620235)",no,asphalt,,,,,,,
6111856710,6111856718,0,651817261,unclassified,,City Road,False,True,8.074995708346755,"LINESTRING (-2.5901764 51.4620264, -2.5901187 51.4620498, -2.5901167 51.4620795)",yes,asphalt,,,,,,,
21309750,1081318790,0,26230319,residential,20 mph,King Square Avenue,False,False,5.401961299861645,"LINESTRING (-2.5911007 51.4608348, -2.5911735 51.4608522)",yes,asphalt,,,,,,,
21309750,6471108988,0,108842670,primary,20 mph,North Street,False,False,21.320969735661667,"LINESTRING (-2.5911007 51.4608348, -2.5909992 51.4609845, -2.5909562 51.4609962)",yes,asphalt,2,A38,,,,,
21309750,364165253,0,108842670,primary,20 mph,North Street,False,True,33.33751848738481,"LINESTRING (-2.5911007 51.4608348, -2.5911356 51.4607137, -2.5911338 51.4606257, -2.5911202 51.4605688, -2.591114 51.4605378)",yes,asphalt,2,A38,,,,,
1081318790,21309750,0,26230319,residential,20 mph,King Square Avenue,False,True,5.401961299861645,"LINESTRING (-2.5911735 51.4608522, -2.5911007 51.4608348)",yes,asphalt,,,,,,,
1081318790,1281318363,0,326565334,footway,,,False,False,38.69910170311863,"LINESTRING (-2.5911735 51.4608522, -2.5908559 51.4611385)",yes,asphalt,,,,,,,
1081318790,374166815,0,26230319,residential,20 mph,King Square Avenue,False,False,20.782030660004963,"LINESTRING (-2.5911735 51.4608522, -2.5912698 51.4608655, -2.5914223 51.4609474)",yes,asphalt,,,,,,,
1081318790,3332266267,0,326565334,footway,,,False,True,37.66790065408331,"LINESTRING (-2.5911735 51.4608522, -2.5912325 51.4606984, -2.5912218 51.4605179)",yes,asphalt,,,,,,,
6471108988,3332266271,0,4019345,primary,20 mph,North Street,False,False,54.47030052091708,"LINESTRING (-2.5909562 51.4609962, -2.5909401 51.4609753, -2.5909666 51.4608324, -2.5909745 51.4607555, -2.5909662 51.4606611, -2.5909551 51.4606204, -2.5908938 51.4605173)",no,asphalt,2,A38,,,,,
6471108988,21309750,0,108842670,primary,20 mph,North Street,False,True,21.320969735661667,"LINESTRING (-2.5909562 51.4609962, -2.5909992 51.4609845, -2.5911007 51.4608348)",yes,asphalt,2,A38,,,,,
6471108988,1281318363,0,665176848,primary,20 mph,North Street,False,False,17.281620490916932,"LINESTRING (-2.5909562 51.4609962, -2.5909486 51.461007, -2.5908559 51.4611385)",yes,asphalt,2,A38,,,,,
364165253,3332266267,0,26230315,residential,20 mph,Cherry Lane,False,True,7.789349953923451,"LINESTRING (-2.591114 51.4605378, -2.5912218 51.4605179)",yes,asphalt,,,,,,,
364165253,3332266272,0,108842670,primary,20 mph,North Street,False,True,7.82670860725016,"LINESTRING (-2.591114 51.4605378, -2.5910909 51.4604689)",no,asphalt,2,A38,,,,,
364165253,21309750,0,108842670,primary,20 mph,North Street,False,False,33.33751848738481,"LINESTRING (-2.591114 51.4605378, -2.5911202 51.4605688, -2.5911338 51.4606257, -2.5911356 51.4607137, -2.5911007 51.4608348)",yes,asphalt,2,A38,,,,,
1281318363,1081318790,0,326565334,footway,,,False,True,38.69910170311863,"LINESTRING (-2.5908559 51.4611385, -2.5911735 51.4608522)",yes,asphalt,,,,,,,
1281318363,6225987538,0,689769011,primary,20 mph,Stokes Croft,False,False,26.45124565107333,"LINESTRING (-2.5908559 51.4611385, -2.5907256 51.4613621)",yes,asphalt,2,A38,,,,,
1281318363,3332266270,0,326565331,footway,,,False,True,68.54678066374187,"LINESTRING (-2.5908559 51.4611385, -2.590916 51.4608004, -2.5909133 51.46068, -2.5908274 51.4605336)",yes,asphalt,,,,,,,
1281318363,6471108988,0,665176848,primary,20 mph,North Street,False,True,17.281620490916932,"LINESTRING (-2.5908559 51.4611385, -2.5909486 51.461007, -2.5909562 51.4609962)",yes,asphalt,2,A38,,,,,
374166815,2743760828,0,26230319,residential,20 mph,King Square Avenue,False,False,71.67845106973328,"LINESTRING (-2.5914223 51.4609474, -2.5921642 51.4613967)",yes,asphalt,,,,,,,
374166815,287226633,0,26230324,residential,20 mph,Charles Street,False,False,72.53163610803604,"LINESTRING (-2.5914223 51.4609474, -2.5921277 51.4604654)",yes,asphalt,,,,,,,
374166815,1081318790,0,26230319,residential,20 mph,King Square Avenue,False,True,20.782030660004963,"LINESTRING (-2.5914223 51.4609474, -2.5912698 51.4608655, -2.5911735 51.4608522)",yes,asphalt,,,,,,,
3332266267,364165253,0,26230315,residential,20 mph,Cherry Lane,False,False,7.789349953923451,"LINESTRING (-2.5912218 51.4605179, -2.591114 51.4605378)",yes,asphalt,,,,,,,
3332266267,3332266269,0,326565334,footway,,,False,True,8.410752308409855,"LINESTRING (-2.5912218 51.4605179, -2.5911841 51.460446)",yes,asphalt,,,,,,,
3332266267,287226719,0,26230315,residential,20 mph,Cherry Lane,False,True,50.04293475493353,"LINESTRING (-2.5912218 51.4605179, -2.5912848 51.4605044, -2.5918455 51.4602926)",yes,asphalt,,,,,,,
3332266267,1081318790,0,326565334,footway,,,False,False,37.66790065408331,"LINESTRING (-2.5912218 51.4605179, -2.5912325 51.4606984, -2.5911735 51.4608522)",yes,asphalt,,,,,,,
3332266271,287226495,0,4019345,primary,20 mph,North Street,False,False,8.247266841351841,"LINESTRING (-2.5908938 51.4605173, -2.5908459 51.4604494)",no,asphalt,2,A38,,,,,
3332266271,3332266270,0,1347073803,footway,,,False,False,4.944406795722346,"LINESTRING (-2.5908938 51.4605173, -2.5908274 51.4605336)",yes,asphalt,,,,,,,
3332266271,6471108988,0,4019345,primary,20 mph,North Street,False,True,54.47030052091708,"LINESTRING (-2.5908938 51.4605173, -2.5909551 51.4606204, -2.5909662 51.4606611, -2.5909745 51.4607555, -2.5909666 51.4608324, -2.5909401 51.4609753, -2.5909562 51.4609962)",no,asphalt,2,A38,,,,,
3332266271,3332266272,0,"[1347073802, 1347073803, 326565335]",footway,,,False,True,14.677487997333657,"LINESTRING (-2.5908938 51.4605173, -2.5909545 51.4605024, -2.5910421 51.4604809, -2.5910909 51.4604689)",no,paving_stones,,,,,,,
21309823,1079382178,0,4861308,residential,20 mph,Dove Street South,False,True,32.130281467631654,"LINESTRING (-2.5908505 51.4631618, -2.5911706 51.4629527)",yes,asphalt,,,,,,,
21309823,21309822,0,4745128,unclassified,20 mph,Thomas Street,False,False,66.80883624898665,"LINESTRING (-2.5908505 51.4631618, -2.5901241 51.4628389, -2.5900655 51.4628128)",yes,asphalt,,,,,,,
21309823,1080015181,0,4861308,residential,20 mph,Dove Street South,False,False,18.982730138543964,"LINESTRING (-2.5908505 51.4631618, -2.5907886 51.4632158, -2.590743 51.4632609, -2.5907034 51.4633056)",yes,asphalt,,,,,,,
21309821,30239268,0,4745125,unclassified,20 mph,Hillgrove Street,False,True,38.034256372002176,"LINESTRING (-2.5910172 51.4622222, -2.591424 51.4624519)",no,asphalt,2,,,,,,
21309821,1227136503,0,42879142,secondary,20 mph,Jamaica Street,False,True,45.42451546885198,"LINESTRING (-2.5910172 51.4622222, -2.5914505 51.4619156)",yes,asphalt,2,B4051,,,,,
21309821,1247760948,0,109197355,unclassified,20 mph,Hillgrove Street,False,False,16.536042432010078,"LINESTRING (-2.5910172 51.4622222, -2.5908345 51.4621265)",no,asphalt,,,,,,,
21309821,21309822,0,42879142,secondary,20 mph,Jamaica Street,False,False,93.05769385644459,"LINESTRING (-2.5910172 51.4622222, -2.5901276 51.4627743, -2.5900655 51.4628128)",no,asphalt,2,B4051,,,,,
4610359742,5905199219,0,382889002,primary,20 mph,Stokes Croft,False,False,6.79242968092605,"LINESTRING (-2.5899999 51.4626939, -2.5899886 51.4627228, -2.5899555 51.4627464)",no,asphalt,,A38,,,,,
4610359742,4654496416,0,"[382889002, 1255967452, 471285354]",primary,20 mph,Stokes Croft,False,True,58.63946811573689,"LINESTRING (-2.5899999 51.4626939, -2.5900238 51.4626353, -2.5901863 51.4623133, -2.5902622 51.4621929)",no,asphalt,1,A38,,,,,
4610359742,5905199213,0,625435527,footway,,,False,False,4.343557573595995,"LINESTRING (-2.5899999 51.4626939, -2.5899895 51.4626931, -2.5899646 51.4626906, -2.5899383 51.4626868)",no,asphalt,,,,,,,
5905199213,4610359742,0,625435527,footway,,,False,True,4.343557573595995,"LINESTRING (-2.5899383 51.4626868, -2.5899646 51.4626906, -2.5899895 51.4626931, -2.5899999 51.4626939)",no,asphalt,,,,,,,
5905199213,3860964491,0,"[625435528, 471285353, 625435532]",primary,20 mph,Stokes Croft,False,False,59.38364059553531,"LINESTRING (-2.5899383 51.4626868, -2.5899404 51.4626527, -2.5899497 51.4626113, -2.5900222 51.4624492, -2.5900664 51.4623702, -2.5901074 51.4622933, -2.5901453 51.4622387, -2.5901855 51.462178)",no,asphalt,1,A38,,,,,
5905199213,5905199219,0,625435528,primary,20 mph,Stokes Croft,False,True,6.88019218550482,"LINESTRING (-2.5899383 51.4626868, -2.589937 51.4627182, -2.5899555 51.4627464)",no,asphalt,,A38,,,,,
30239268,21309821,0,4745125,unclassified,20 mph,Hillgrove Street,False,False,38.034256372002176,"LINESTRING (-2.591424 51.4624519, -2.5910172 51.4622222)",no,asphalt,2,,,,,,
30239268,30239270,0,4745127,residential,20 mph,Dalton Square,False,False,66.66095847273377,"LINESTRING (-2.591424 51.4624519, -2.5910166 51.4627372, -2.59126 51.4628933)",yes,asphalt,,,,,,,
30239268,30239256,0,81641119,footway,,,False,True,27.815436030439443,"LINESTRING (-2.591424 51.4624519, -2.5914805 51.4624525, -2.5915329 51.4624647, -2.5917413 51.4625895)",yes,asphalt,,,,,,,
1227136503,21309821,0,42879142,secondary,20 mph,Jamaica Street,False,False,45.42451546885198,"LINESTRING (-2.5914505 51.4619156, -2.5910172 51.4622222)",yes,asphalt,2,B4051,,,,,
1227136503,5359925883,0,42879142,secondary,20 mph,Jamaica Street,False,True,20.693938956866884,"LINESTRING (-2.5914505 51.4619156, -2.5916432 51.4617734)",yes,asphalt,2,B4051,,,,,
1227136503,1227136451,0,106678893,residential,20 mph,Lower Gay Street,False,False,65.58778078453197,"LINESTRING (-2.5914505 51.4619156, -2.5921504 51.4623128)",yes,asphalt,1,,,,,,
1247760948,1247760876,0,109197355,unclassified,20 mph,Hillgrove Street,False,False,8.218713590324692,"LINESTRING (-2.5908345 51.4621265, -2.5907464 51.462077)",no,asphalt,,,,,,,
1247760948,21309821,0,109197355,unclassified,20 mph,Hillgrove Street,False,True,16.536042432010078,"LINESTRING (-2.5908345 51.4621265, -2.5910172 51.4622222)",no,asphalt,,,,,,,
1247760948,1247761041,0,"[1257326145, 108832761]",service,,,False,True,11.446215234301603,"LINESTRING (-2.5908345 51.4621265, -2.5908617 51.4620854, -2.5908626 51.4620833, -2.5909029 51.4620329)",no,asphalt,,,,building_passage,,,
30239270,1079382178,0,4861308,residential,20 mph,Dove Street South,False,False,9.054472539676524,"LINESTRING (-2.59126 51.4628933, -2.5911706 51.4629527)",yes,asphalt,,,,,,,
30239270,30239268,0,4745127,residential,20 mph,Dalton Square,False,True,66.66095847273377,"LINESTRING (-2.59126 51.4628933, -2.5910166 51.4627372, -2.591424 51.4624519)",yes,asphalt,,,,,,,
30239270,30239256,0,4861308,residential,20 mph,Dove Street South,False,True,47.465270162730185,"LINESTRING (-2.59126 51.4628933, -2.5917253 51.4626, -2.5917413 51.4625895)",yes,asphalt,,,,,,,
30239256,30239270,0,4861308,residential,20 mph,Dove Street South,False,False,47.465270162730185,"LINESTRING (-2.5917413 51.4625895, -2.5917253 51.4626, -2.59126 51.4628933)",yes,asphalt,,,,,,,
30239256,1079382215,0,4861308,residential,20 mph,Dove Street South,False,True,7.655257290551127,"LINESTRING (-2.5917413 51.4625895, -2.5917845 51.4625639, -2.591819 51.4625406)",yes,asphalt,,,,,,,
30239256,30239268,0,81641119,footway,,,False,False,27.815436030439443,"LINESTRING (-2.5917413 51.4625895, -2.5915329 51.4624647, -2.5914805 51.4624525, -2.591424 51.4624519)",yes,asphalt,,,,,,,
5359925883,1227136503,0,42879142,secondary,20 mph,Jamaica Street,False,False,20.693938956866884,"LINESTRING (-2.5916432 51.4617734, -2.5914505 51.4619156)",yes,asphalt,2,B4051,,,,,
5359925883,30239264,0,42879142,secondary,20 mph,Jamaica Street,False,True,31.941357982846863,"LINESTRING (-2.5916432 51.4617734, -2.5919408 51.461554)",yes,asphalt,2,B4051,,,,,
5359925883,5359925880,0,"[555569877, 555569878, 555569879]",service,,,False,False,24.109435934878366,"LINESTRING (-2.5916432 51.4617734, -2.5915582 51.4617261, -2.5914361 51.4616582, -2.5913836 51.461629)",no,asphalt,,,,building_passage,,,
1227136451,1079382215,0,4861308,residential,20 mph,Dove Street South,False,False,34.18652538618526,"LINESTRING (-2.5921504 51.4623128, -2.591819 51.4625406)",yes,asphalt,,,,,,,
1227136451,1227136503,0,106678893,residential,20 mph,Lower Gay Street,False,True,65.58778078453197,"LINESTRING (-2.5921504 51.4623128, -2.5914505 51.4619156)",yes,asphalt,1,,,,,,
1247761041,1247760948,0,"[1257326145, 108832761]",service,,,False,False,11.446215234301603,"LINESTRING (-2.5909029 51.4620329, -2.5908626 51.4620833, -2.5908617 51.4620854, -2.5908345 51.4621265)",no,asphalt,,,,building_passage,,,
1079382178,21309823,0,4861308,residential,20 mph,Dove Street South,False,False,32.130281467631654,"LINESTRING (-2.5911706 51.4629527, -2.5908505 51.4631618)",yes,asphalt,,,,,,,
1079382178,30239270,0,4861308,residential,20 mph,Dove Street South,False,True,9.054472539676524,"LINESTRING (-2.5911706 51.4629527, -2.59126 51.4628933)",yes,asphalt,,,,,,,
1079382178,10816643847,0,93114288,service,,,False,True,4.216586148880981,"LINESTRING (-2.5911706 51.4629527, -2.5912135 51.4629796)",yes,asphalt,,,,,,,
1080015181,6211575728,0,663638698,service,,,False,True,31.487626680985564,"LINESTRING (-2.5907034 51.4633056, -2.5902978 51.4631778)",yes,asphalt,,,,,,,
1080015181,21309823,0,4861308,residential,20 mph,Dove Street South,False,True,18.982730138543964,"LINESTRING (-2.5907034 51.4633056, -2.590743 51.4632609, -2.5907886 51.4632158, -2.5908505 51.4631618)",yes,asphalt,,,,,,,
1080015181,10816632963,0,106678895,residential,20 mph,Armada Place,False,False,15.49171820492629,"LINESTRING (-2.5907034 51.4633056, -2.5906511 51.4633741, -2.5906116 51.4634326)",yes,asphalt,,,,,,,
10816643847,1079382178,0,93114288,service,,,False,False,4.216586148880981,"LINESTRING (-2.5912135 51.4629796, -2.5911706 51.4629527)",yes,asphalt,,,,,,,
10816643847,10816643907,0,93114288,service,,,False,True,8.81023137836541,"LINESTRING (-2.5912135 51.4629796, -2.5912954 51.4630309, -2.5913046 51.4630347)",no,asphalt,,,,,,,
10816643847,10816643874,0,"[1163066601, 1163066602]",footway,,,False,False,8.823295797527134,"LINESTRING (-2.5912135 51.4629796, -2.5912715 51.4629414, -2.5913011 51.462922)",no,asphalt,,,,,,,
10816643847,10816643839,0,"[1163066602, 1163066603, 1163066607]",footway,,,False,True,51.83112083676238,"LINESTRING (-2.5912135 51.4629796, -2.5911553 51.4630179, -2.591007 51.4631154, -2.5909328 51.4631664, -2.5908753 51.4632142, -2.5908702 51.46322, -2.5908676 51.4632253, -2.5908468 51.463345, -2.5908421 51.4633627)",no,asphalt,,,,,,,
6211575728,1080015181,0,663638698,service,,,False,False,31.487626680985564,"LINESTRING (-2.5902978 51.4631778, -2.5907034 51.4633056)",yes,asphalt,,,,,,,
10816632963,10816643038,0,1163067624,service,,,False,True,9.51785772820055,"LINESTRING (-2.5906116 51.4634326, -2.5906812 51.4635064)",yes,asphalt,,,,,,,
10816632963,1080015188,0,106678895,residential,20 mph,Armada Place,False,False,63.50876583428857,"LINESTRING (-2.5906116 51.4634326, -2.5905691 51.4635075, -2.5905452 51.4635638, -2.590465 51.4638066, -2.5904191 51.4639454, -2.5904181 51.4639715, -2.5904238 51.4639889)",yes,asphalt,,,,,,,
10816632963,1080015181,0,106678895,residential,20 mph,Armada Place,False,True,15.49171820492629,"LINESTRING (-2.5906116 51.4634326, -2.5906511 51.4633741, -2.5907034 51.4633056)",yes,asphalt,,,,,,,
859323223,859323071,0,72343206,unclassified,20 mph,Backfields Lane,False,True,102.98675752117053,"LINESTRING (-2.5883204 51.4623002, -2.5895087 51.4617437)",no,asphalt,,,,,,,
859323223,2882617932,0,284531768,unclassified,20 mph,Backfields Lane,False,False,11.72161889585286,"LINESTRING (-2.5883204 51.4623002, -2.5882186 51.462216)",no,asphalt,,,,,,,
859323223,2882617940,0,"[284531833, 72343206]","['footway', 'unclassified']",20 mph,Backfields Lane,False,"[False, True]",47.16763002947642,"LINESTRING (-2.5883204 51.4623002, -2.5881806 51.4623669, -2.5881696 51.4623586, -2.5880633 51.4624082, -2.5880795 51.4624218, -2.5881654 51.462381, -2.5881795 51.4623941, -2.5880269 51.4624689)",no,asphalt,,,,,,,
835468062,21591973,0,4013287,unclassified,20 mph,Saint Nicholas Road,False,False,7.298544405774302,"LINESTRING (-2.5815921 51.4644144, -2.5815125 51.4643714)",no,asphalt,,,,,,,
835468062,3980721935,0,72343257,residential,20 mph,Ludlow Close,False,True,16.485420556916146,"LINESTRING (-2.5815921 51.4644144, -2.5817541 51.4643058)",no,asphalt,,,,,,,
3980721935,835468062,0,72343257,residential,20 mph,Ludlow Close,False,False,16.485420556916146,"LINESTRING (-2.5817541 51.4643058, -2.5815921 51.4644144)",no,asphalt,,,,,,,
3980721935,835468061,0,72343257,residential,20 mph,Ludlow Close,False,True,18.75296346946253,"LINESTRING (-2.5817541 51.4643058, -2.5819464 51.4641871)",no,asphalt,,,,,,,
3980721935,3980721951,0,395171848,footway,,,False,True,14.328304790996972,"LINESTRING (-2.5817541 51.4643058, -2.5819609 51.4643035)",no,asphalt,,,,,,,
262442627,25280232,0,4234841,unclassified,20 mph,Brunswick Square,False,True,9.843514562279045,"LINESTRING (-2.587734 51.460486, -2.5875965 51.4605083)",yes,asphalt,,,,,,,
262442627,25280227,0,4234841,unclassified,20 mph,Brunswick Square,False,False,49.07514655208435,"LINESTRING (-2.587734 51.460486, -2.588283 51.460397, -2.5884195 51.4603748)",yes,asphalt,,,,,,,
262442627,262442694,0,24239238,footway,,,False,False,38.52133007291603,"LINESTRING (-2.587734 51.460486, -2.587764 51.4605233, -2.5878158 51.4607417, -2.5876978 51.4607822)",no,asphalt,,,,,,,
262442297,25280228,0,24239199,footway,,,False,False,41.13079659845923,"LINESTRING (-2.5878976 51.460181, -2.5881015 51.4599626, -2.5882067 51.4598654)",no,asphalt,,,,,,,
262442297,25280232,0,24239199,footway,,,False,True,41.96152775118982,"LINESTRING (-2.5878976 51.460181, -2.5876949 51.4603924, -2.5875965 51.4605083)",yes,asphalt,,,,,,,
262442297,25280227,0,24239200,footway,,,False,False,42.11109616028839,"LINESTRING (-2.5878976 51.460181, -2.5882438 51.4603033, -2.5884195 51.4603748)",yes,asphalt,,,,,,,
262442297,25280229,0,24239200,footway,,,False,True,40.991547871483604,"LINESTRING (-2.5878976 51.460181, -2.5875525 51.4600516, -2.5873836 51.4599989)",no,asphalt,,,,,,,
287226447,5750157404,0,"[629261550, 26230294, 629261551]",footway,,,False,True,58.003332723930214,"LINESTRING (-2.5895984 51.4600951, -2.5896325 51.4600487, -2.5898083 51.4600904, -2.589817 51.4600731, -2.5899142 51.4599206, -2.5900156 51.4597615)",no,paving_stones,,,,building_passage,,,
287226447,25280227,0,606486360,residential,20 mph,Cumberland Street,False,False,87.43138095068281,"LINESTRING (-2.5895984 51.4600951, -2.5886231 51.4603354, -2.5884195 51.4603748)",yes,paved,,,,,,,
287226447,5750157402,0,"[606486360, 606486358]",residential,20 mph,Cumberland Street,False,True,7.640339201781957,"LINESTRING (-2.5895984 51.4600951, -2.5896192 51.4600988, -2.5897037 51.4601155)",no,paved,,,,,,,
262442694,2515293881,0,24239238,footway,,,False,False,18.52448230892557,"LINESTRING (-2.5876978 51.4607822, -2.5877349 51.4608939, -2.5878103 51.4609174)",no,paving_stones,,,,,,,
262442694,262442627,0,24239238,footway,,,False,True,38.52133007291602,"LINESTRING (-2.5876978 51.4607822, -2.5878158 51.4607417, -2.587764 51.4605233, -2.587734 51.460486)",no,asphalt,,,,,,,
262442694,2515293876,0,244182195,footway,,,False,False,61.182855986505885,"LINESTRING (-2.5876978 51.4607822, -2.5872535 51.4608859, -2.5871934 51.4609026, -2.5871814 51.4609111, -2.5871794 51.4609228, -2.5871874 51.4609406, -2.5872544 51.4610208, -2.5872947 51.4610802, -2.5873054 51.461096)",no,paving_stones,,,,,,,
25280229,5111590153,0,382880574,residential,20 mph,Gloucester Street,False,True,34.938768149290205,"LINESTRING (-2.5873836 51.4599989, -2.5872472 51.4596964)",no,asphalt,,,,,,,
25280229,25280232,0,4234841,unclassified,20 mph,Brunswick Square,False,False,58.53173423972486,"LINESTRING (-2.5873836 51.4599989, -2.587415 51.4600739, -2.5875574 51.4604147, -2.5875965 51.4605083)",yes,asphalt,,,,,,,
25280229,25280228,0,4234841,unclassified,20 mph,Brunswick Square,False,True,58.92598067061114,"LINESTRING (-2.5873836 51.4599989, -2.5875211 51.4599766, -2.5880701 51.4598876, -2.5882067 51.4598654)",no,asphalt,,,,,,,
25280229,25280231,0,4234842,unclassified,20 mph,Pembroke Street,False,False,124.46905147716612,"LINESTRING (-2.5873836 51.4599989, -2.5865096 51.4601412, -2.5863432 51.4601771, -2.5856936 51.4603664)",no,asphalt,,,,,,,
25280229,262442297,0,24239200,footway,,,False,False,40.991547871483604,"LINESTRING (-2.5873836 51.4599989, -2.5875525 51.4600516, -2.5878976 51.460181)",no,asphalt,,,,,,,
5750157404,3860908599,0,112748677,footway,,,False,False,26.962588499278752,"LINESTRING (-2.5900156 51.4597615, -2.5897942 51.4596276, -2.5897536 51.4595842)",no,paving_stones,,,,,,,
5750157404,1280853191,0,112748677,footway,,,False,True,24.1779376130943,"LINESTRING (-2.5900156 51.4597615, -2.5902051 51.4598713, -2.5902843 51.4598982)",no,paving_stones,,,,,,,
5750157404,287226447,0,"[26230294, 629261550, 629261551]",footway,,,False,False,58.00333272393023,"LINESTRING (-2.5900156 51.4597615, -2.5899142 51.4599206, -2.589817 51.4600731, -2.5898083 51.4600904, -2.5896325 51.4600487, -2.5895984 51.4600951)",no,paving_stones,,,,building_passage,,,
5750157402,287226447,0,"[606486360, 606486358]",residential,20 mph,Cumberland Street,False,False,7.640339201781957,"LINESTRING (-2.5897037 51.4601155, -2.5896192 51.4600988, -2.5895984 51.4600951)",no,paved,,,,,,,
5111590153,2179077577,0,207653452,service,,,False,False,26.727723310161455,"LINESTRING (-2.5872472 51.4596964, -2.5868746 51.4597587)",no,paving_stones,,,,,,,
5111590153,25280229,0,382880574,residential,20 mph,Gloucester Street,False,False,34.938768149290205,"LINESTRING (-2.5872472 51.4596964, -2.5873836 51.4599989)",no,asphalt,,,,,,,
5111590153,2179076283,0,"[26792457, 525442076]","['residential', 'footway']",20 mph,Gloucester Street,False,True,19.64465900908515,"LINESTRING (-2.5872472 51.4596964, -2.5872245 51.4596439, -2.5871779 51.4595251)",no,paving_stones,,,,,,,
25280231,2433778874,0,4234843,unclassified,20 mph,Pritchard Street,False,False,5.062507557395503,"LINESTRING (-2.5856936 51.4603664, -2.5857257 51.4604073)",yes,asphalt,,,,,,,
25280231,2179076476,0,25874409,residential,20 mph,Pritchard Street,False,False,35.7742410121069,"LINESTRING (-2.5856936 51.4603664, -2.5854667 51.4600774)",yes,asphalt,,,,,,,
25280231,25280229,0,4234842,unclassified,20 mph,Pembroke Street,False,True,124.46905147716612,"LINESTRING (-2.5856936 51.4603664, -2.5863432 51.4601771, -2.5865096 51.4601412, -2.5873836 51.4599989)",no,asphalt,,,,,,,
2179077577,5111590153,0,207653452,service,,,False,True,26.727723310161455,"LINESTRING (-2.5868746 51.4597587, -2.5872472 51.4596964)",no,paving_stones,,,,,,,
2179076476,25280231,0,25874409,residential,20 mph,Pritchard Street,False,True,35.7742410121069,"LINESTRING (-2.5854667 51.4600774, -2.5856936 51.4603664)",yes,asphalt,,,,,,,
2179076476,2204308509,0,26230244,residential,20 mph,Norfolk Avenue,False,True,31.080787951990676,"LINESTRING (-2.5854667 51.4600774, -2.5850581 51.4601928)",yes,asphalt,,,,,,,
2179076476,2179076502,0,382880572,residential,20 mph,Pritchard Street,False,False,71.86006542231246,"LINESTRING (-2.5854667 51.4600774, -2.5850655 51.4595361, -2.5850318 51.4594907)",yes,paving_stones,,,,,,,
2179076476,6284335747,0,"[671082507, 671082510]",service,,,False,False,29.3589316230205,"LINESTRING (-2.5854667 51.4600774, -2.5857181 51.4600104, -2.585855 51.4599717)",yes,asphalt,,,,,,,
2204308509,2179076476,0,26230244,residential,20 mph,Norfolk Avenue,False,False,31.080787951990676,"LINESTRING (-2.5850581 51.4601928, -2.5854667 51.4600774)",yes,asphalt,,,,,,,
2204308509,2204308507,0,26230244,residential,20 mph,Norfolk Avenue,False,True,14.176737155741964,"LINESTRING (-2.5850581 51.4601928, -2.5848717 51.4602454)",yes,paving_stones,,,,,,,
2204308509,6284334868,0,671082497,service,,,False,True,4.077675933306456,"LINESTRING (-2.5850581 51.4601928, -2.5850338 51.4601594)",yes,paving_stones,,,parking_aisle,,,,
2179076502,3860890366,0,207653242,footway,,,False,True,8.964489020359103,"LINESTRING (-2.5850318 51.4594907, -2.5851507 51.4594589)",no,paved,,,,,,,
2179076502,2433821544,0,382880571,footway,,,False,True,60.13133196094268,"LINESTRING (-2.5850318 51.4594907, -2.5842825 51.4597636)",no,paving_stones,,,,,,,
2179076502,3860890364,0,382880572,residential,20 mph,Pritchard Street,False,False,8.124772550885382,"LINESTRING (-2.5850318 51.4594907, -2.5849869 51.4594232)",yes,asphalt,,,,,,,
2179076502,2179076476,0,382880572,residential,20 mph,Pritchard Street,False,True,71.86006542231246,"LINESTRING (-2.5850318 51.4594907, -2.5850655 51.4595361, -2.5854667 51.4600774)",yes,paving_stones,,,,,,,
6284335747,6284335748,0,671082508,service,,,False,False,5.213042198906101,"LINESTRING (-2.585855 51.4599717, -2.5859235 51.4599523)",no,asphalt,,,,,,,
6284335747,6284335749,0,207653243,service,,,False,False,22.64019963065853,"LINESTRING (-2.585855 51.4599717, -2.5858631 51.4599653, -2.5858688 51.459958, -2.5858735 51.4599465, -2.5858745 51.4599331, -2.5858724 51.4599212, -2.5858661 51.4599064, -2.5858547 51.4598938, -2.5858406 51.4598832, -2.5858222 51.4598748, -2.5857973 51.4598683, -2.5857776 51.4598662, -2.5857538 51.4598667, -2.5857333 51.459869, -2.5857135 51.4598731, -2.585681 51.4598823)",no,asphalt,,,,,,,
6284335747,2179076476,0,"[671082507, 671082510]",service,,,False,True,29.3589316230205,"LINESTRING (-2.585855 51.4599717, -2.5857181 51.4600104, -2.5854667 51.4600774)",yes,asphalt,,,,,,,
26151671,1081318900,0,93281811,residential,20 mph,Ninetree Hill,False,True,12.217622570477415,"LINESTRING (-2.591134 51.4641133, -2.5909592 51.4640987)",yes,asphalt,,,,,,,
26151671,293091734,0,4313965,residential,20 mph,Dove Street,False,True,71.03959101248809,"LINESTRING (-2.591134 51.4641133, -2.5911896 51.464043, -2.5912136 51.4640101, -2.5912201 51.463997, -2.5912349 51.4639458, -2.5912479 51.4639202, -2.5912781 51.4638744, -2.5912981 51.4638509, -2.5913277 51.4638234, -2.5913753 51.4637896, -2.5916821 51.4635883)",yes,asphalt,,,,,,,
26151671,264261495,0,"[93281811, 80931404]","['residential', 'pedestrian']",20 mph,"['Ninetree Hill', 'Nine Tree Hill']",False,False,61.71439712943897,"LINESTRING (-2.591134 51.4641133, -2.5919339 51.4641677, -2.59202 51.4641704)",yes,asphalt,,,,,,,
1081318900,26151671,0,93281811,residential,20 mph,Ninetree Hill,False,False,12.217622570477415,"LINESTRING (-2.5909592 51.4640987, -2.591134 51.4641133)",yes,asphalt,,,,,,,
1081318900,1081318805,0,93281811,residential,20 mph,Ninetree Hill,False,True,8.246773661527905,"LINESTRING (-2.5909592 51.4640987, -2.5908412 51.4640889)",yes,asphalt,,,,,,,
293091734,943619136,0,4313987,residential,20 mph,Thomas Street North,False,False,48.41493608211785,"LINESTRING (-2.5916821 51.4635883, -2.5922092 51.4638742)",no,asphalt,,,,,,,
293091734,26151671,0,4313965,residential,20 mph,Dove Street,False,False,71.03959101248809,"LINESTRING (-2.5916821 51.4635883, -2.5913753 51.4637896, -2.5913277 51.4638234, -2.5912981 51.4638509, -2.5912781 51.4638744, -2.5912479 51.4639202, -2.5912349 51.4639458, -2.5912201 51.463997, -2.5912136 51.4640101, -2.5911896 51.464043, -2.591134 51.4641133)",yes,asphalt,,,,,,,
264261495,26151671,0,"[93281811, 80931404]","['residential', 'pedestrian']",20 mph,"['Ninetree Hill', 'Nine Tree Hill']",False,True,61.71439712943897,"LINESTRING (-2.59202 51.4641704, -2.5919339 51.4641677, -2.591134 51.4641133)",yes,asphalt,,,,,,,
1081318805,1081318900,0,93281811,residential,20 mph,Ninetree Hill,False,False,8.246773661527905,"LINESTRING (-2.5908412 51.4640889, -2.5909592 51.4640987)",yes,asphalt,,,,,,,
1081318805,10816643047,0,1163115987,service,,,False,False,3.66039090447884,"LINESTRING (-2.5908412 51.4640889, -2.5908496 51.4640564)",yes,asphalt,,,,,,,
1081318805,1080015188,0,93281811,residential,20 mph,Ninetree Hill,False,True,33.089864631904746,"LINESTRING (-2.5908412 51.4640889, -2.5905441 51.4640622, -2.5905177 51.464057, -2.5904922 51.464049, -2.5904679 51.4640381, -2.590449 51.4640244, -2.5904238 51.4639889)",yes,asphalt,,,,,,,
943619136,293091734,0,4313987,residential,20 mph,Thomas Street North,False,True,48.41493608211785,"LINESTRING (-2.5922092 51.4638742, -2.5916821 51.4635883)",no,asphalt,,,,,,,
1079382215,1227136451,0,4861308,residential,20 mph,Dove Street South,False,True,34.18652538618526,"LINESTRING (-2.591819 51.4625406, -2.5921504 51.4623128)",yes,asphalt,,,,,,,
1079382215,30239256,0,4861308,residential,20 mph,Dove Street South,False,False,7.655257290551127,"LINESTRING (-2.591819 51.4625406, -2.5917845 51.4625639, -2.5917413 51.4625895)",yes,asphalt,,,,,,,
1079382215,1079382140,0,93114292,service,,,False,False,25.994070531703407,"LINESTRING (-2.591819 51.4625406, -2.5918968 51.4625884, -2.5920878 51.4627037)",yes,asphalt,,,,,,,
1079382140,1079382215,0,93114292,service,,,False,True,25.994070531703407,"LINESTRING (-2.5920878 51.4627037, -2.5918968 51.4625884, -2.591819 51.4625406)",yes,asphalt,,,,,,,
30239264,5359925883,0,42879142,secondary,20 mph,Jamaica Street,False,False,31.941357982846863,"LINESTRING (-2.5919408 51.461554, -2.5916432 51.4617734)",yes,asphalt,2,B4051,,,,,
30239264,2743760828,0,42879142,secondary,20 mph,Jamaica Street,False,True,23.3553071827553,"LINESTRING (-2.5919408 51.461554, -2.5921642 51.4613967)",yes,asphalt,2,B4051,,,,,
2743760828,374166815,0,26230319,residential,20 mph,King Square Avenue,False,True,71.67845106973328,"LINESTRING (-2.5921642 51.4613967, -2.5914223 51.4609474)",yes,asphalt,,,,,,,
2743760828,30239264,0,42879142,secondary,20 mph,Jamaica Street,False,False,23.3553071827553,"LINESTRING (-2.5921642 51.4613967, -2.5919408 51.461554)",yes,asphalt,2,B4051,,,,,
5359925880,5359925883,0,"[555569877, 555569878, 555569879]",service,,,False,True,24.109435934878363,"LINESTRING (-2.5913836 51.461629, -2.5914361 51.4616582, -2.5915582 51.4617261, -2.5916432 51.4617734)",no,asphalt,,,,building_passage,,,
262442011,1280821711,0,166522672,unclassified,,Houlton Street,False,True,44.58830042573078,"LINESTRING (-2.5818425 51.4600443, -2.5813726 51.4597703)",no,asphalt,,,,,,,
262442011,117677937,0,166522672,unclassified,,Houlton Street,False,False,17.064524755534038,"LINESTRING (-2.5818425 51.4600443, -2.5819569 51.4601052, -2.5820373 51.4601377)",no,asphalt,,,,,,,
262442011,5061066670,0,518932210,service,,,False,True,71.07511621341844,"LINESTRING (-2.5818425 51.4600443, -2.5819331 51.4599854, -2.5819715 51.4599588, -2.5826734 51.4596741)",no,asphalt,,,,,,,
1242132572,117678033,0,12853072,trunk_link,,,False,True,70.8518991425314,"LINESTRING (-2.582092 51.4602576, -2.5820801 51.4603022, -2.5820631 51.46034, -2.5819898 51.4604071, -2.5815818 51.4605888, -2.5814422 51.460722)",yes,asphalt,,,,,,,
1242132572,117677937,0,382869604,trunk_link,,,False,False,14.162487475821793,"LINESTRING (-2.582092 51.4602576, -2.5820935 51.4602162, -2.5820373 51.4601377)",no,asphalt,,,,,,,
1242132572,5832845881,0,"[382869603, 1413912975]",footway,,Clement Street,False,False,42.428382644985504,"LINESTRING (-2.582092 51.4602576, -2.5820608 51.4602556, -2.5820373 51.4602556, -2.5820006 51.4602892, -2.5816155 51.4604803)",no,asphalt,,,,,,,
1242132572,1242132604,0,"[1413912974, 1413912975]",footway,,,False,True,5.1635840884136766,"LINESTRING (-2.582092 51.4602576, -2.5821211 51.4602594, -2.5821657 51.4602643)",no,asphalt,,,,,,,
1280821711,262442011,0,166522672,unclassified,,Houlton Street,False,False,44.58830042573078,"LINESTRING (-2.5813726 51.4597703, -2.5818425 51.4600443)",no,asphalt,,,,,,,
1280821711,117677944,0,166522672,unclassified,,Houlton Street,False,True,13.051500058374954,"LINESTRING (-2.5813726 51.4597703, -2.5812375 51.4596885)",yes,asphalt,,,,,,,
1280821711,6327222250,0,675633593,service,,,False,False,17.581881368463012,"LINESTRING (-2.5813726 51.4597703, -2.5814887 51.4596297)",no,asphalt,,,,,,,
117678033,1242132572,0,12853072,trunk_link,,,False,False,70.8518991425314,"LINESTRING (-2.5814422 51.460722, -2.5815818 51.4605888, -2.5819898 51.4604071, -2.5820631 51.46034, -2.5820801 51.4603022, -2.582092 51.4602576)",yes,asphalt,,,,,,,
5832845881,117678115,0,382869603,footway,,Clement Street,False,False,42.2952165842662,"LINESTRING (-2.5816155 51.4604803, -2.5812007 51.4607214, -2.5811598 51.4607127)",no,asphalt,,,,,,,
5832845881,1242132572,0,"[382869603, 1413912975]",footway,,Clement Street,False,True,42.428382644985504,"LINESTRING (-2.5816155 51.4604803, -2.5820006 51.4602892, -2.5820373 51.4602556, -2.5820608 51.4602556, -2.582092 51.4602576)",no,asphalt,,,,,,,
5832845881,5832845874,0,"[617001681, 690766130, 690766131, 690766132, 690766129]",footway,,,False,False,113.64744169250251,"LINESTRING (-2.5816155 51.4604803, -2.5816006 51.4604705, -2.5815195 51.4604233, -2.5812249 51.4602489, -2.5809908 51.4604024, -2.5809193 51.4603597, -2.5808677 51.4603303, -2.5805771 51.4601574, -2.5806087 51.4600402)",yes,asphalt,,,,,,,
117677944,1280821682,0,12853075,unclassified,,Houlton Street,False,True,11.612922775170016,"LINESTRING (-2.5812375 51.4596885, -2.5811121 51.4596192)",yes,asphalt,,,,,,,
117677944,1280821711,0,166522672,unclassified,,Houlton Street,False,False,13.051500058374954,"LINESTRING (-2.5812375 51.4596885, -2.5813726 51.4597703)",yes,asphalt,,,,,,,
117677944,6327222249,0,675633592,service,,,False,True,14.8991129573181,"LINESTRING (-2.5812375 51.4596885, -2.5813949 51.4595972)",yes,asphalt,,,,,,,
117677944,5425642852,0,12853092,unclassified,,Wellington Road,False,False,32.95001661900871,"LINESTRING (-2.5812375 51.4596885, -2.5810363 51.4598074, -2.5808903 51.459891)",yes,asphalt,,,,,,,
1280821682,117677944,0,12853075,unclassified,,Houlton Street,False,False,11.612922775170016,"LINESTRING (-2.5811121 51.4596192, -2.5812375 51.4596885)",yes,asphalt,,,,,,,
1280821682,117677946,0,12853075,unclassified,,Houlton Street,False,True,10.710952110258463,"LINESTRING (-2.5811121 51.4596192, -2.5809909 51.4595594)",yes,asphalt,,,,,,,
1280821682,5834930883,0,"[112746818, 518932212, 518932214]","['steps', 'footway']",,River Street,False,False,35.59887920989091,"LINESTRING (-2.5811121 51.4596192, -2.5811796 51.4595761, -2.5811649 51.4595618, -2.5813271 51.4593526, -2.5813347 51.4593431)",no,asphalt,,,,,,,
6327222249,117677944,0,675633592,service,,,False,False,14.8991129573181,"LINESTRING (-2.5813949 51.4595972, -2.5812375 51.4596885)",yes,asphalt,,,,,,,
5425642852,5425642851,0,562901653,service,,,False,False,11.947092140528827,"LINESTRING (-2.5808903 51.459891, -2.5810094 51.4599687)",yes,asphalt,,,,,,,
5425642852,5832845874,0,12853092,unclassified,,Wellington Road,False,False,25.61067830956707,"LINESTRING (-2.5808903 51.459891, -2.5807716 51.4599551, -2.5806087 51.4600402)",yes,asphalt,,,,,,,
5425642852,117677944,0,12853092,unclassified,,Wellington Road,False,True,32.95001661900871,"LINESTRING (-2.5808903 51.459891, -2.5810363 51.4598074, -2.5812375 51.4596885)",yes,asphalt,,,,,,,
117677946,1280821682,0,12853075,unclassified,,Houlton Street,False,False,10.710952110258463,"LINESTRING (-2.5809909 51.4595594, -2.5811121 51.4596192)",yes,asphalt,,,,,,,
117677946,117678047,0,24239164,unclassified,,River Street,False,True,32.3553877934063,"LINESTRING (-2.5809909 51.4595594, -2.5811666 51.4592898)",yes,asphalt,,,,,,,
117677946,117677950,0,562901656,unclassified,20 mph,Wade Street,False,True,73.73230482310778,"LINESTRING (-2.5809909 51.4595594, -2.5807236 51.4594169, -2.5801921 51.4591213)",yes,asphalt,,,,,,,
5834930883,1280821716,0,112746818,footway,,River Street,False,False,23.549623820996928,"LINESTRING (-2.5813347 51.4593431, -2.5814868 51.4591537)",no,asphalt,,,,,,,
5834930883,117678047,0,617239010,footway,,,False,False,13.067650314186773,"LINESTRING (-2.5813347 51.4593431, -2.5811666 51.4592898)",yes,asphalt,,,,,,,
5834930883,1280821682,0,"[112746818, 518932212, 518932214]","['steps', 'footway']",,River Street,False,True,35.5988792098909,"LINESTRING (-2.5813347 51.4593431, -2.5813271 51.4593526, -2.5811649 51.4595618, -2.5811796 51.4595761, -2.5811121 51.4596192)",no,asphalt,,,,,,,
6327222250,1280821711,0,675633593,service,,,False,True,17.581881368463012,"LINESTRING (-2.5814887 51.4596297, -2.5813726 51.4597703)",no,asphalt,,,,,,,
5425642851,5425642852,0,562901653,service,,,False,True,11.947092140528827,"LINESTRING (-2.5810094 51.4599687, -2.5808903 51.459891)",yes,asphalt,,,,,,,
5832845874,5425642850,0,12853092,unclassified,,Wellington Road,False,False,16.694104784073616,"LINESTRING (-2.5806087 51.4600402, -2.5805412 51.4600703, -2.5804078 51.460123)",yes,asphalt,,,,,,,
5832845874,5425642852,0,12853092,unclassified,,Wellington Road,False,True,25.61067830956707,"LINESTRING (-2.5806087 51.4600402, -2.5807716 51.4599551, -2.5808903 51.459891)",yes,asphalt,,,,,,,
5832845874,5832845881,0,"[690766129, 690766130, 690766131, 690766132, 617001681]",footway,,,False,True,113.64744169250251,"LINESTRING (-2.5806087 51.4600402, -2.5805771 51.4601574, -2.5808677 51.4603303, -2.5809193 51.4603597, -2.5809908 51.4604024, -2.5812249 51.4602489, -2.5815195 51.4604233, -2.5816006 51.4604705, -2.5816155 51.4604803)",yes,asphalt,,,,,,,
117678047,117677946,0,24239164,unclassified,,River Street,False,False,32.3553877934063,"LINESTRING (-2.5811666 51.4592898, -2.5809909 51.4595594)",yes,asphalt,,,,,,,
117678047,5834930883,0,617239010,footway,,,False,True,13.067650314186773,"LINESTRING (-2.5811666 51.4592898, -2.5813347 51.4593431)",yes,asphalt,,,,,,,
117678047,5834930882,0,24239164,unclassified,,River Street,False,True,24.586905565949348,"LINESTRING (-2.5811666 51.4592898, -2.5811734 51.4592805, -2.5813058 51.4591035, -2.5813169 51.4590895)",yes,asphalt,,,,,,,
117677950,117677951,0,12853074,unclassified,20 mph,Wade Street,False,True,57.93960211019579,"LINESTRING (-2.5801921 51.4591213, -2.5795691 51.4587737)",yes,asphalt,,,,,,,
117677950,5834330514,0,12853078,living_street,20 mph,Great George Street,False,False,60.52039865456928,"LINESTRING (-2.5801921 51.4591213, -2.580326 51.4590238, -2.5806512 51.4588002, -2.5807727 51.4587147)",yes,paving_stones,1,,,,,,
117677950,117677946,0,562901656,unclassified,20 mph,Wade Street,False,False,73.73230482310778,"LINESTRING (-2.5801921 51.4591213, -2.5807236 51.4594169, -2.5809909 51.4595594)",yes,asphalt,,,,,,,
5834930882,117678043,0,24239164,unclassified,,River Street,False,True,19.397281512673498,"LINESTRING (-2.5813169 51.4590895, -2.5814651 51.4589415)",yes,asphalt,,,,,,,
5834930882,1280821716,0,617239009,footway,,,False,True,13.766649946723774,"LINESTRING (-2.5813169 51.4590895, -2.5814868 51.4591537)",yes,asphalt,,,,,,,
5834930882,117678047,0,24239164,unclassified,,River Street,False,False,24.586905565949348,"LINESTRING (-2.5813169 51.4590895, -2.5813058 51.4591035, -2.5811734 51.4592805, -2.5811666 51.4592898)",yes,asphalt,,,,,,,
5834930882,6281096613,0,617239009,footway,,,False,False,13.600881769030686,"LINESTRING (-2.5813169 51.4590895, -2.5812709 51.4590721, -2.5811736 51.4590354, -2.5811509 51.4590244)",yes,asphalt,,,,,,,
117677951,117677950,0,12853074,unclassified,20 mph,Wade Street,False,False,57.93960211019579,"LINESTRING (-2.5795691 51.4587737, -2.5801921 51.4591213)",yes,asphalt,,,,,,,
117677951,6407359799,0,42899174,residential,,Great Ann Street,False,True,5.42894055971518,"LINESTRING (-2.5795691 51.4587737, -2.5796181 51.4587356)",yes,asphalt,,,,,,,
117677951,6283115514,0,12853088,unclassified,,Little Ann Street,False,False,30.88353743858338,"LINESTRING (-2.5795691 51.4587737, -2.5795264 51.4588068, -2.579278 51.458984)",yes,asphalt,,,,,,,
5834330514,5834330513,0,617175647,service,,,False,False,15.926856272644104,"LINESTRING (-2.5807727 51.4587147, -2.5806043 51.4586172)",yes,paving_stones,,,parking_aisle,,,,
5834330514,12750591314,0,12853078,living_street,20 mph,Great George Street,False,False,45.00450839935398,"LINESTRING (-2.5807727 51.4587147, -2.580968 51.4585774, -2.5812133 51.4584174)",yes,paving_stones,1,,,,,,
5834330514,117677950,0,12853078,living_street,20 mph,Great George Street,False,True,60.52039865456928,"LINESTRING (-2.5807727 51.4587147, -2.5806512 51.4588002, -2.580326 51.4590238, -2.5801921 51.4591213)",yes,paving_stones,1,,,,,,
6407359799,117677951,0,42899174,residential,,Great Ann Street,False,False,5.42894055971518,"LINESTRING (-2.5796181 51.4587356, -2.5795691 51.4587737)",yes,asphalt,,,,,,,
6407359799,6281096610,0,42899174,residential,,Great Ann Street,False,True,16.231956175339437,"LINESTRING (-2.5796181 51.4587356, -2.5797672 51.458623)",yes,asphalt,,,,,,,
6407359799,6281096609,0,1413471966,footway,,,False,True,28.888227115189654,"LINESTRING (-2.5796181 51.4587356, -2.5795845 51.4587147, -2.5795186 51.4586988, -2.5792995 51.4585722)",yes,asphalt,,,,,,,
6283115514,6283115512,0,670954364,service,,,False,False,6.27569816925353,"LINESTRING (-2.579278 51.458984, -2.5793464 51.459021)",no,asphalt,,,parking_aisle,,,,
6283115514,117677951,0,12853088,unclassified,,Little Ann Street,False,True,30.88353743858338,"LINESTRING (-2.579278 51.458984, -2.5795264 51.4588068, -2.5795691 51.4587737)",yes,asphalt,,,,,,,
5834330513,5834330514,0,617175647,service,,,False,True,15.926856272644104,"LINESTRING (-2.5806043 51.4586172, -2.5807727 51.4587147)",yes,paving_stones,,,parking_aisle,,,,
12750591314,12750591315,0,1377064496,path,,Bull Lane,False,False,4.3986274042838325,"LINESTRING (-2.5812133 51.4584174, -2.5812617 51.458443)",yes,paving_stones,,,,,,,
12750591314,117677989,0,12853078,living_street,20 mph,Great George Street,False,False,18.424645797440753,"LINESTRING (-2.5812133 51.4584174, -2.581298 51.4583622, -2.5813919 51.4582947)",yes,asphalt,1,,,,,,
12750591314,5834330514,0,12853078,living_street,20 mph,Great George Street,False,True,45.00450839935398,"LINESTRING (-2.5812133 51.4584174, -2.580968 51.4585774, -2.5807727 51.4587147)",yes,paving_stones,1,,,,,,
6281096610,6407359799,0,42899174,residential,,Great Ann Street,False,False,16.231956175339437,"LINESTRING (-2.5797672 51.458623, -2.5796181 51.4587356)",yes,asphalt,,,,,,,
6281096610,5834330523,0,42899174,residential,,Great Ann Street,False,True,57.64957939291605,"LINESTRING (-2.5797672 51.458623, -2.5803218 51.4582365)",yes,asphalt,,,,,,,
6281096610,6281096609,0,617175650,footway,,,False,False,32.89252414794372,"LINESTRING (-2.5797672 51.458623, -2.5792995 51.4585722)",yes,asphalt,,,,,,,
6281096609,6281096610,0,617175650,footway,,,False,True,32.89252414794372,"LINESTRING (-2.5792995 51.4585722, -2.5797672 51.458623)",yes,asphalt,,,,,,,
6281096609,12989585399,0,1413471966,footway,,,False,True,3.148820373103323,"LINESTRING (-2.5792995 51.4585722, -2.5792658 51.4585532)",no,paved,,,,,,,
6281096609,6407359799,0,1413471966,footway,,,False,False,28.888227115189654,"LINESTRING (-2.5792995 51.4585722, -2.5795186 51.4586988, -2.5795845 51.4587147, -2.5796181 51.4587356)",yes,asphalt,,,,,,,
6283115512,6283115514,0,670954364,service,,,False,True,6.27569816925353,"LINESTRING (-2.5793464 51.459021, -2.579278 51.458984)",no,asphalt,,,parking_aisle,,,,
117677976,5834330502,0,12853087,residential,,Great Ann Street,False,True,14.83382571369489,"LINESTRING (-2.580739 51.4579767, -2.5808051 51.4579831, -2.5808658 51.4580058, -2.5809231 51.4580373)",yes,paved,,,,,,,
117677976,1280813728,0,42899174,residential,,Great Ann Street,False,False,34.373130731701906,"LINESTRING (-2.580739 51.4579767, -2.5806806 51.4579841, -2.5806193 51.4580175, -2.5803905 51.4581867)",yes,paved,,,,,,,
117677976,5834330531,0,"[617175652, 670726181]",service,,,False,False,81.37050881367641,"LINESTRING (-2.580739 51.4579767, -2.580732 51.4579473, -2.5807266 51.4579368, -2.5807196 51.4579287, -2.5807099 51.4579193, -2.5806934 51.4579078, -2.580496 51.4578006, -2.5804852 51.457796, -2.5804722 51.4577914, -2.5804574 51.457789, -2.5804442 51.457789, -2.5804302 51.4577916, -2.5804192 51.4577964, -2.5804111 51.4578025, -2.5799986 51.4580974, -2.5799882 51.4581036, -2.5799786 51.4581076, -2.5799691 51.4581098, -2.5799415 51.4581144)",yes,paved,,,,,,,
5834330502,1280813726,0,12853087,residential,,Great Ann Street,False,True,39.557474669871105,"LINESTRING (-2.5809231 51.4580373, -2.5813516 51.4582724)",yes,asphalt,,,,,,,
5834330502,117677976,0,12853087,residential,,Great Ann Street,False,False,14.833825713694889,"LINESTRING (-2.5809231 51.4580373, -2.5808658 51.4580058, -2.5808051 51.4579831, -2.580739 51.4579767)",yes,paved,,,,,,,
5834330502,6281096660,0,"[670726178, 670726179, 617175645, 617175646]","['service', 'footway']",,,False,"[False, True]",77.34389535849431,"LINESTRING (-2.5809231 51.4580373, -2.5810451 51.45795, -2.5810743 51.4579294, -2.5810844 51.457922, -2.5811487 51.4579086, -2.5812694 51.4578251, -2.5813356 51.45782, -2.5813881 51.4577824, -2.5814019 51.4577733, -2.58142 51.4577653, -2.5814391 51.4577613, -2.5814592 51.4577601, -2.5814763 51.4577607, -2.5814921 51.4577641, -2.5815039 51.4577686, -2.5817644 51.4579102)",yes,asphalt,,,,,,,
1280813728,5834330523,0,42899174,residential,,Great Ann Street,False,False,7.302046619145691,"LINESTRING (-2.5803905 51.4581867, -2.5803218 51.4582365)",yes,asphalt,,,,,,,
1280813728,117677976,0,42899174,residential,,Great Ann Street,False,True,34.373130731701906,"LINESTRING (-2.5803905 51.4581867, -2.5806193 51.4580175, -2.5806806 51.4579841, -2.580739 51.4579767)",yes,paved,,,,,,,
1280813728,1280813726,0,112744442,footway,,,False,True,67.96405990970541,"LINESTRING (-2.5803905 51.4581867, -2.5805131 51.4582061, -2.5805271 51.4582084, -2.5805408 51.458209, -2.5805879 51.4582029, -2.5806076 51.4582042, -2.5806265 51.4582103, -2.5806577 51.4582227, -2.5806834 51.4582276, -2.58071 51.4582301, -2.5808899 51.4582337, -2.5811072 51.4582458, -2.5813516 51.4582724)",yes,asphalt,,,,,,,
5834330531,5834330523,0,617175649,footway,,,False,True,30.056381385288947,"LINESTRING (-2.5799415 51.4581144, -2.5800713 51.4581636, -2.5802534 51.4582327, -2.5803218 51.4582365)",yes,paved,,,,,,,
5834330531,12989585399,0,"[670726181, 670726182]",service,,,False,False,67.93790014592845,"LINESTRING (-2.5799415 51.4581144, -2.5799344 51.4581135, -2.5799248 51.458116, -2.5799169 51.4581192, -2.5799091 51.4581236, -2.5792658 51.4585532)",no,paved,,,,,,,
5834330531,117677976,0,"[617175652, 670726181]",service,,,False,True,81.37050881367642,"LINESTRING (-2.5799415 51.4581144, -2.5799691 51.4581098, -2.5799786 51.4581076, -2.5799882 51.4581036, -2.5799986 51.4580974, -2.5804111 51.4578025, -2.5804192 51.4577964, -2.5804302 51.4577916, -2.5804442 51.457789, -2.5804574 51.457789, -2.5804722 51.4577914, -2.5804852 51.457796, -2.580496 51.4578006, -2.5806934 51.4579078, -2.5807099 51.4579193, -2.5807196 51.4579287, -2.5807266 51.4579368, -2.580732 51.4579473, -2.580739 51.4579767)",yes,paved,,,,,,,
1280813726,5834330502,0,12853087,residential,,Great Ann Street,False,False,39.557474669871105,"LINESTRING (-2.5813516 51.4582724, -2.5809231 51.4580373)",yes,asphalt,,,,,,,
1280813726,117677989,0,12853087,residential,,Great Ann Street,False,True,3.7342630088692683,"LINESTRING (-2.5813516 51.4582724, -2.5813919 51.4582947)",yes,asphalt,,,,,,,
1280813726,1280813728,0,112744442,footway,,,False,False,67.9640599097054,"LINESTRING (-2.5813516 51.4582724, -2.5811072 51.4582458, -2.5808899 51.4582337, -2.58071 51.4582301, -2.5806834 51.4582276, -2.5806577 51.4582227, -2.5806265 51.4582103, -2.5806076 51.4582042, -2.5805879 51.4582029, -2.5805408 51.458209, -2.5805271 51.4582084, -2.5805131 51.4582061, -2.5803905 51.4581867)",yes,asphalt,,,,,,,
6281096660,5834330512,0,617175646,service,,,False,True,8.053027349243253,"LINESTRING (-2.5817644 51.4579102, -2.581852 51.4579578)",yes,concrete,,,,,,,
6281096660,5834330502,0,"[670726178, 670726179, 617175645, 617175646]","['service', 'footway']",,,False,"[False, True]",77.34389535849431,"LINESTRING (-2.5817644 51.4579102, -2.5815039 51.4577686, -2.5814921 51.4577641, -2.5814763 51.4577607, -2.5814592 51.4577601, -2.5814391 51.4577613, -2.58142 51.4577653, -2.5814019 51.4577733, -2.5813881 51.4577824, -2.5813356 51.45782, -2.5812694 51.4578251, -2.5811487 51.4579086, -2.5810844 51.457922, -2.5810743 51.4579294, -2.5810451 51.45795, -2.5809231 51.4580373)",yes,asphalt,,,,,,,
6281096660,6281096653,0,670726171,footway,,,False,False,11.903770650594526,"LINESTRING (-2.5817644 51.4579102, -2.5818238 51.4578678, -2.5818288 51.457863, -2.5818342 51.4578543, -2.5818353 51.4578417, -2.5818328 51.4578373, -2.5818234 51.4578291, -2.5818133 51.4578236)",yes,concrete,,,,,,,
5834330523,6281096610,0,42899174,residential,,Great Ann Street,False,False,57.64957939291605,"LINESTRING (-2.5803218 51.4582365, -2.5797672 51.458623)",yes,asphalt,,,,,,,
5834330523,1280813728,0,42899174,residential,,Great Ann Street,False,True,7.302046619145691,"LINESTRING (-2.5803218 51.4582365, -2.5803905 51.4581867)",yes,asphalt,,,,,,,
5834330523,5834330531,0,617175649,footway,,,False,False,30.05638138528895,"LINESTRING (-2.5803218 51.4582365, -2.5802534 51.4582327, -2.5800713 51.4581636, -2.5799415 51.4581144)",yes,paved,,,,,,,
12989585399,6281096609,0,1413471966,footway,,,False,False,3.148820373103323,"LINESTRING (-2.5792658 51.4585532, -2.5792995 51.4585722)",no,paved,,,,,,,
12989585399,5834330531,0,"[670726181, 670726182]",service,,,False,True,67.93790014592847,"LINESTRING (-2.5792658 51.4585532, -2.5799091 51.4581236, -2.5799169 51.4581192, -2.5799248 51.458116, -2.5799344 51.4581135, -2.5799415 51.4581144)",no,paved,,,,,,,
117677989,1280813726,0,12853087,residential,,Great Ann Street,False,False,3.7342630088692683,"LINESTRING (-2.5813919 51.4582947, -2.5813516 51.4582724)",yes,asphalt,,,,,,,
117677989,12750591314,0,12853078,living_street,20 mph,Great George Street,False,True,18.424645797440753,"LINESTRING (-2.5813919 51.4582947, -2.581298 51.4583622, -2.5812133 51.4584174)",yes,asphalt,1,,,,,,
117677989,5834330512,0,12853091,residential,20 mph,Great George Street,False,False,49.18899307529202,"LINESTRING (-2.5813919 51.4582947, -2.5814593 51.4582453, -2.581852 51.4579578)",yes,asphalt,1,,,,,,
5834330512,6281096660,0,617175646,service,,,False,False,8.053027349243253,"LINESTRING (-2.581852 51.4579578, -2.5817644 51.4579102)",yes,concrete,,,,,,,
5834330512,117677996,0,12853091,residential,20 mph,Great George Street,False,False,28.52742727802748,"LINESTRING (-2.581852 51.4579578, -2.5820177 51.4578366, -2.582119 51.4577625)",yes,concrete,1,,,,,,
5834330512,117677989,0,12853091,residential,20 mph,Great George Street,False,True,49.18899307529202,"LINESTRING (-2.581852 51.4579578, -2.5814593 51.4582453, -2.5813919 51.4582947)",yes,asphalt,1,,,,,,
12750591315,12750591314,0,1377064496,path,,Bull Lane,False,True,4.3986274042838325,"LINESTRING (-2.5812617 51.458443, -2.5812133 51.4584174)",yes,paving_stones,,,,,,,
117677996,537157926,0,42899208,unclassified,,New Street,False,False,59.15933149508704,"LINESTRING (-2.582119 51.4577625, -2.5813786 51.4574975)",yes,asphalt,,,,,,,
117677996,1280813702,0,12853071,unclassified,,New Street,False,False,51.324426393835424,"LINESTRING (-2.582119 51.4577625, -2.5823868 51.4578574, -2.5824241 51.4578678, -2.5824524 51.4578676, -2.5824938 51.4578423, -2.5826803 51.4576915)",yes,asphalt,,,,,,,
117677996,5834330512,0,12853091,residential,20 mph,Great George Street,False,True,28.52742727802748,"LINESTRING (-2.582119 51.4577625, -2.5820177 51.4578366, -2.581852 51.4579578)",yes,concrete,1,,,,,,
537157926,117677996,0,42899208,unclassified,,New Street,False,True,59.15933149508704,"LINESTRING (-2.5813786 51.4574975, -2.582119 51.4577625)",yes,asphalt,,,,,,,
537157926,117678004,0,42900915,unclassified,20 mph,Redcross Street,False,True,27.531694622241478,"LINESTRING (-2.5813786 51.4574975, -2.5816191 51.4573004)",no,asphalt,,,,,,,
537157926,1500366483,0,353946716,unclassified,,New Street,False,False,53.86491325440897,"LINESTRING (-2.5813786 51.4574975, -2.5807172 51.4572429)",no,asphalt,,,,,,,
1280813702,117678000,0,12853071,unclassified,,New Street,False,False,17.48146172612635,"LINESTRING (-2.5826803 51.4576915, -2.5828198 51.4575605)",no,asphalt,,,,,,,
1280813702,117677996,0,12853071,unclassified,,New Street,False,True,51.324426393835424,"LINESTRING (-2.5826803 51.4576915, -2.5824938 51.4578423, -2.5824524 51.4578676, -2.5824241 51.4578678, -2.5823868 51.4578574, -2.582119 51.4577625)",yes,asphalt,,,,,,,
1280813702,5834930843,0,112744436,footway,,,False,True,23.609104964956487,"LINESTRING (-2.5826803 51.4576915, -2.5826957 51.4576926, -2.5827979 51.4576977, -2.583014 51.4577313)",no,asphalt,,,,,,,
117678004,117678013,0,12853069,unclassified,,Saint Matthias Park,False,False,46.99168696747999,"LINESTRING (-2.5816191 51.4573004, -2.5809583 51.4572052)",yes,asphalt,,,,,,,
117678004,1280267499,0,12853069,unclassified,,Saint Matthias Park,False,True,58.80187147372463,"LINESTRING (-2.5816191 51.4573004, -2.5824313 51.4574538)",no,asphalt,,,,,,,
117678004,537157926,0,42900915,unclassified,20 mph,Redcross Street,False,False,27.531694622241478,"LINESTRING (-2.5816191 51.4573004, -2.5813786 51.4574975)",no,asphalt,,,,,,,
117678004,537157945,0,42900915,unclassified,20 mph,Redcross Street,False,True,53.12774157917587,"LINESTRING (-2.5816191 51.4573004, -2.5816758 51.4572476, -2.5820754 51.4569765, -2.5821158 51.4569378)",no,asphalt,,,,,,,
117678000,1280267499,0,12853069,unclassified,,Saint Matthias Park,False,False,29.416074145884927,"LINESTRING (-2.5828198 51.4575605, -2.5824313 51.4574538)",no,asphalt,,,,,,,
117678000,1280813702,0,12853071,unclassified,,New Street,False,True,17.48146172612635,"LINESTRING (-2.5828198 51.4575605, -2.5826803 51.4576915)",no,asphalt,,,,,,,
117678000,13176630418,0,194003839,unclassified,,Champion Square,False,True,21.98341969666397,"LINESTRING (-2.5828198 51.4575605, -2.5831137 51.457635)",no,asphalt,,,,,,,
5834930843,13176630418,0,68808074,footway,,,False,False,12.742817177753722,"LINESTRING (-2.583014 51.4577313, -2.5831137 51.457635)",no,asphalt,,,,,,,
5834930843,1280813702,0,112744436,footway,,,False,False,23.60910496495649,"LINESTRING (-2.583014 51.4577313, -2.5827979 51.4576977, -2.5826957 51.4576926, -2.5826803 51.4576915)",no,asphalt,,,,,,,
5834930843,5919438953,0,246326774,footway,,,False,True,39.77588163933132,"LINESTRING (-2.583014 51.4577313, -2.5831163 51.4578232, -2.5830607 51.4579503, -2.5832342 51.4579137)",no,asphalt,,,,,,,
1280267499,117678004,0,12853069,unclassified,,Saint Matthias Park,False,False,58.80187147372463,"LINESTRING (-2.5824313 51.4574538, -2.5816191 51.4573004)",no,asphalt,,,,,,,
1280267499,117678000,0,12853069,unclassified,,Saint Matthias Park,False,True,29.416074145884927,"LINESTRING (-2.5824313 51.4574538, -2.5828198 51.4575605)",no,asphalt,,,,,,,
1280267499,1280267492,0,"[246326301, 112681158]",footway,,,False,False,37.41951403909337,"LINESTRING (-2.5824313 51.4574538, -2.5824502 51.4574323, -2.5824686 51.4574157, -2.5824813 51.4574062, -2.5824985 51.4573979, -2.5825105 51.457394, -2.5825389 51.4573892, -2.5826031 51.4573798, -2.5826843 51.4573752, -2.5827511 51.4573781, -2.582787 51.457376, -2.5828243 51.4573707, -2.5828549 51.4573623, -2.5828923 51.4573318)",no,asphalt,,,,,,,
13176630418,5834930843,0,68808074,footway,,,False,True,12.742817177753722,"LINESTRING (-2.5831137 51.457635, -2.583014 51.4577313)",no,asphalt,,,,,,,
13176630418,117678000,0,194003839,unclassified,,Champion Square,False,False,21.98341969666397,"LINESTRING (-2.5831137 51.457635, -2.5828198 51.4575605)",no,asphalt,,,,,,,
13176630418,1280267492,0,68808074,footway,,,False,False,41.30343353460481,"LINESTRING (-2.5831137 51.457635, -2.583147 51.4576008, -2.5831682 51.4575624, -2.5830976 51.4574786, -2.58301 51.4573977, -2.5829481 51.4573638, -2.5828923 51.4573318)",no,asphalt,,,,,,,
13176630418,2045184012,0,"[1413912986, 194003839]","['pedestrian', 'unclassified']",,Champion Square,False,True,19.14729744864398,"LINESTRING (-2.5831137 51.457635, -2.5831371 51.4576404, -2.5833648 51.4577068)",no,paved,,,,,,,
1280267492,5834930803,0,68808074,footway,,,False,False,50.862419241295456,"LINESTRING (-2.5828923 51.4573318, -2.5828353 51.4573055, -2.5828124 51.4572856, -2.5828007 51.4572628, -2.5827788 51.4572345, -2.5827678 51.4572122, -2.5827666 51.4571864, -2.5827663 51.4571641, -2.5827686 51.4571443, -2.5827704 51.4571208, -2.5827695 51.457082, -2.5827624 51.4570533, -2.5827536 51.4570235, -2.5827359 51.4569927, -2.5827155 51.4569596, -2.5826856 51.4569262, -2.5826715 51.4569153)",no,asphalt,,,,,,,
1280267492,13176630418,0,68808074,footway,,,False,True,41.30343353460481,"LINESTRING (-2.5828923 51.4573318, -2.5829481 51.4573638, -2.58301 51.4573977, -2.5830976 51.4574786, -2.5831682 51.4575624, -2.583147 51.4576008, -2.5831137 51.457635)",no,asphalt,,,,,,,
1280267492,1280267499,0,"[246326301, 112681158]",footway,,,False,True,37.41951403909336,"LINESTRING (-2.5828923 51.4573318, -2.5828549 51.4573623, -2.5828243 51.4573707, -2.582787 51.457376, -2.5827511 51.4573781, -2.5826843 51.4573752, -2.5826031 51.4573798, -2.5825389 51.4573892, -2.5825105 51.457394, -2.5824985 51.4573979, -2.5824813 51.4574062, -2.5824686 51.4574157, -2.5824502 51.4574323, -2.5824313 51.4574538)",no,asphalt,,,,,,,
1280267492,2519732440,0,244680993,footway,,,False,True,21.495640883597027,"LINESTRING (-2.5828923 51.4573318, -2.5829746 51.4572393, -2.5829922 51.4572218, -2.583025 51.4572023, -2.5830821 51.4571872)",no,asphalt,,,,,,,
2045184012,5919438953,0,246327890,pedestrian,,Champion Square,False,False,24.721747306291917,"LINESTRING (-2.5833648 51.4577068, -2.5832342 51.4579137)",no,paved,,,,,,,
2045184012,5448085793,0,246327890,pedestrian,,Champion Square,False,True,22.516810321741914,"LINESTRING (-2.5833648 51.4577068, -2.5836594 51.4577923)",no,paved,,,,,,,
2045184012,13176630418,0,"[1413912986, 194003839]","['pedestrian', 'unclassified']",,Champion Square,False,False,19.14729744864398,"LINESTRING (-2.5833648 51.4577068, -2.5831371 51.4576404, -2.5831137 51.457635)",no,paved,,,,,,,
117678013,117678004,0,12853069,unclassified,,Saint Matthias Park,False,True,46.99168696747999,"LINESTRING (-2.5809583 51.4572052, -2.5816191 51.4573004)",yes,asphalt,,,,,,,
117678013,1280267501,0,42900916,pedestrian,,Redcross Street,False,True,8.287011638934853,"LINESTRING (-2.5809583 51.4572052, -2.5810657 51.4571724)",yes,paved,,,,,,,
117678013,1500366483,0,824590055,unclassified,,Saint Matthias Park,False,False,17.222705901316527,"LINESTRING (-2.5809583 51.4572052, -2.5807172 51.4572429)",yes,asphalt,,,,,,,
537157945,5834930818,0,24239077,unclassified,,Redcross Street,False,False,30.67166464294779,"LINESTRING (-2.5821158 51.4569378, -2.5821509 51.456928, -2.5824086 51.4568586, -2.582466 51.4568449, -2.5825238 51.4568309)",yes,paved,,,,,,,
537157945,117678004,0,42900915,unclassified,20 mph,Redcross Street,False,False,53.12774157917587,"LINESTRING (-2.5821158 51.4569378, -2.5820754 51.4569765, -2.5816758 51.4572476, -2.5816191 51.4573004)",no,asphalt,,,,,,,
537157945,537157950,0,42900916,pedestrian,,Redcross Street,False,False,43.677090945701714,"LINESTRING (-2.5821158 51.4569378, -2.5820544 51.4569496, -2.5820465 51.456951, -2.5815124 51.4570515)",no,asphalt,,,,,,,
1280267501,117678013,0,42900916,pedestrian,,Redcross Street,False,False,8.287011638934853,"LINESTRING (-2.5810657 51.4571724, -2.5809583 51.4572052)",yes,paved,,,,,,,
1280267501,537157950,0,42900916,pedestrian,,Redcross Street,False,True,33.743512460287185,"LINESTRING (-2.5810657 51.4571724, -2.5815124 51.4570515)",no,paved,,,,,,,
1280267501,12461273922,0,966540335,footway,,,False,True,34.03823660524075,"LINESTRING (-2.5810657 51.4571724, -2.580955 51.4571461, -2.5808678 51.4571645, -2.5808289 51.457168, -2.580792 51.4571676, -2.5807524 51.457163, -2.5807209 51.4571563, -2.5806951 51.4571446, -2.5806656 51.4571241, -2.5806339 51.4570962)",yes,paved,,,,,,,
5834930818,537141811,0,24239077,unclassified,,Redcross Street,False,False,46.66777715769157,"LINESTRING (-2.5825238 51.4568309, -2.5831649 51.4567022)",no,asphalt,,,,,,,
5834930818,537157945,0,24239077,unclassified,,Redcross Street,False,True,30.671664642947785,"LINESTRING (-2.5825238 51.4568309, -2.582466 51.4568449, -2.5824086 51.4568586, -2.5821509 51.456928, -2.5821158 51.4569378)",yes,paved,,,,,,,
5834930818,5834930803,0,68808074,footway,,,False,True,13.922479234366637,"LINESTRING (-2.5825238 51.4568309, -2.5825636 51.4568495, -2.5826025 51.4568715, -2.5826551 51.4569027, -2.5826715 51.4569153)",no,paved,,,,,,,
537157950,1280267501,0,42900916,pedestrian,,Redcross Street,False,False,33.743512460287185,"LINESTRING (-2.5815124 51.4570515, -2.5810657 51.4571724)",no,paved,,,,,,,
537157950,537157945,0,42900916,pedestrian,,Redcross Street,False,True,43.67709094570171,"LINESTRING (-2.5815124 51.4570515, -2.5820465 51.456951, -2.5820544 51.4569496, -2.5821158 51.4569378)",no,asphalt,,,,,,,
12461273922,8942202643,0,966540335,footway,,,False,True,21.216188197805792,"LINESTRING (-2.5806339 51.4570962, -2.580462 51.4569383)",yes,paving_stones,,,,,,,
12461273922,1280267501,0,966540335,footway,,,False,False,34.03823660524075,"LINESTRING (-2.5806339 51.4570962, -2.5806656 51.4571241, -2.5806951 51.4571446, -2.5807209 51.4571563, -2.5807524 51.457163, -2.580792 51.4571676, -2.5808289 51.457168, -2.5808678 51.4571645, -2.580955 51.4571461, -2.5810657 51.4571724)",yes,paved,,,,,,,
12461273922,12461273917,0,"[1347126810, 1347126811]",footway,,,False,False,22.31367265673332,"LINESTRING (-2.5806339 51.4570962, -2.5805824 51.4571157, -2.5805608 51.4571348, -2.5804939 51.4572244, -2.580502 51.4572357, -2.5805071 51.4572429, -2.5805213 51.4572616)",yes,asphalt,,,,,,,
117678036,2533775206,0,627039560,pedestrian,,,False,True,26.760595109098606,"LINESTRING (-2.5825658 51.4582879, -2.5829467 51.458248)",yes,asphalt,,,,,,,
2533775206,5834930877,0,246327890,pedestrian,,Champion Square,False,True,37.127157381456946,"LINESTRING (-2.5829467 51.458248, -2.583201 51.4579541)",no,asphalt,,,,,,,
2533775206,117678036,0,627039560,pedestrian,,,False,False,26.760595109098606,"LINESTRING (-2.5829467 51.458248, -2.5825658 51.4582879)",yes,asphalt,,,,,,,
2533775206,5919438954,0,991645736,pedestrian,,Champion Square,False,False,13.982799997836693,"LINESTRING (-2.5829467 51.458248, -2.582941 51.4583737)",no,asphalt,,,,,,,
5834930877,2533775206,0,246327890,pedestrian,,Champion Square,False,False,37.127157381456946,"LINESTRING (-2.583201 51.4579541, -2.5829467 51.458248)",no,asphalt,,,,,,,
5834930877,5919438953,0,246327890,pedestrian,,Champion Square,False,True,5.046950730525594,"LINESTRING (-2.583201 51.4579541, -2.5832342 51.4579137)",no,paved,,,,,,,
5834930877,5834930878,0,617239005,service,,,False,True,8.756290214110395,"LINESTRING (-2.583201 51.4579541, -2.5833169 51.4579855)",no,paved,,,,,,,
5919438954,2533775206,0,991645736,pedestrian,,Champion Square,False,True,13.982799997836693,"LINESTRING (-2.582941 51.4583737, -2.5829467 51.458248)",no,asphalt,,,,,,,
5919438954,5061067470,0,518932240,footway,,,False,True,29.806381515945684,"LINESTRING (-2.582941 51.4583737, -2.5827768 51.4584493, -2.582697 51.4584902, -2.5826032 51.4584409)",no,asphalt,,,,,,,
5919438954,1280821651,0,"[991645736, 42878902]","['pedestrian', 'unclassified']",,"['Tucker Street', 'Champion Square']",False,False,30.995050950537266,"LINESTRING (-2.582941 51.4583737, -2.5829699 51.458407, -2.5831687 51.4586136)",no,paving_stones,,,,,,,
117678038,5834930881,0,24239164,unclassified,,River Street,False,False,2.3275151610869087,"LINESTRING (-2.5817026 51.4587359, -2.581683 51.4587529)",yes,asphalt,,,,,,,
117678038,6258642284,0,24239164,unclassified,,River Street,False,True,27.802692140163643,"LINESTRING (-2.5817026 51.4587359, -2.5819934 51.4585636)",yes,asphalt,,,,,,,
117678038,6258646185,0,668336929,unclassified,,Bull Lane,False,False,15.279935789638062,"LINESTRING (-2.5817026 51.4587359, -2.5815365 51.4586455)",yes,asphalt,,,,,,,
5834930881,11776527150,0,24239164,unclassified,,River Street,False,False,1.107425238994889,"LINESTRING (-2.581683 51.4587529, -2.5816737 51.458761)",yes,asphalt,,,,,,,
5834930881,117678038,0,24239164,unclassified,,River Street,False,True,2.3275151610869087,"LINESTRING (-2.581683 51.4587529, -2.5817026 51.4587359)",yes,asphalt,,,,,,,
5834930881,5834930880,0,617239007,footway,,,False,True,18.42294011795454,"LINESTRING (-2.581683 51.4587529, -2.5818643 51.4588741)",yes,asphalt,,,,,,,
6258642284,117678038,0,24239164,unclassified,,River Street,False,False,27.802692140163643,"LINESTRING (-2.5819934 51.4585636, -2.5817026 51.4587359)",yes,asphalt,,,,,,,
6258642284,5061067239,0,24239164,unclassified,,River Street,False,True,5.127586554997375,"LINESTRING (-2.5819934 51.4585636, -2.5820473 51.458532)",yes,asphalt,,,,,,,
6258642284,6258642280,0,668336925,footway,,,False,False,11.521394485538346,"LINESTRING (-2.5819934 51.4585636, -2.5819102 51.4585175, -2.5818692 51.4584947)",yes,asphalt,,,,,,,
6258646185,6258642278,0,668336928,service,,,False,False,26.220079116404204,"LINESTRING (-2.5815365 51.4586455, -2.581788 51.4584693)",no,asphalt,,,alley,,,,
6258646185,117678038,0,668336929,unclassified,,Bull Lane,False,True,15.279935789638062,"LINESTRING (-2.5815365 51.4586455, -2.5817026 51.4587359)",yes,asphalt,,,,,,,
6258646185,6258646186,0,668336929,unclassified,,Bull Lane,False,False,25.744831707323016,"LINESTRING (-2.5815365 51.4586455, -2.5813927 51.4585673, -2.5812738 51.4586521)",no,asphalt,,,,,,,
11776527150,5834930881,0,24239164,unclassified,,River Street,False,True,1.107425238994889,"LINESTRING (-2.5816737 51.458761, -2.581683 51.4587529)",yes,asphalt,,,,,,,
11776527150,117678043,0,24239164,unclassified,,River Street,False,False,24.732712933349298,"LINESTRING (-2.5816737 51.458761, -2.5816621 51.4587711, -2.5814781 51.4589303, -2.5814651 51.4589415)",yes,asphalt,,,,,,,
11776527150,11776527151,0,1267998936,service,,,False,True,21.013310741379122,"LINESTRING (-2.5816737 51.458761, -2.5815395 51.4586923, -2.5814394 51.458641)",yes,asphalt,,,driveway,,,,
5834930880,5061066696,0,112746818,footway,,River Street,False,False,34.81183345473853,"LINESTRING (-2.5818643 51.4588741, -2.5822404 51.4586665)",no,asphalt,,,,,,,
5834930880,1280821715,0,112746818,footway,,River Street,False,True,23.54675380520728,"LINESTRING (-2.5818643 51.4588741, -2.5816357 51.4590308)",no,asphalt,,,,,,,
5834930880,5834930881,0,617239007,footway,,,False,False,18.42294011795454,"LINESTRING (-2.5818643 51.4588741, -2.581683 51.4587529)",yes,asphalt,,,,,,,
5061067239,6258642284,0,24239164,unclassified,,River Street,False,False,5.127586554997375,"LINESTRING (-2.5820473 51.458532, -2.5819934 51.4585636)",yes,asphalt,,,,,,,
5061067239,5061066696,0,617239006,footway,,,False,True,20.066436376964607,"LINESTRING (-2.5820473 51.458532, -2.5822404 51.4586665)",yes,asphalt,,,,,,,
5061067239,5061067317,0,24239164,unclassified,,River Street,False,True,32.77140270639159,"LINESTRING (-2.5820473 51.458532, -2.5820833 51.4585166, -2.5824054 51.4583716, -2.5824286 51.4583579)",yes,asphalt,,,,,,,
6258642280,6258642278,0,"[668336924, 668336925, 668336927]","['steps', 'footway']",,,False,False,7.702565881388928,"LINESTRING (-2.5818692 51.4584947, -2.5818628 51.4584912, -2.5818533 51.4584859, -2.5818036 51.4584584, -2.581788 51.4584693)",no,asphalt,,,,,,,
6258642280,6258642278,1,668336926,footway,,,False,False,7.717675933331325,"LINESTRING (-2.5818692 51.4584947, -2.5818535 51.4585057, -2.581788 51.4584693)",no,asphalt,,,,,,,
6258642280,6258642284,0,668336925,footway,,,False,True,11.521394485538346,"LINESTRING (-2.5818692 51.4584947, -2.5819102 51.4585175, -2.5819934 51.4585636)",yes,asphalt,,,,,,,
6258642278,6258646185,0,668336928,service,,,False,True,26.220079116404204,"LINESTRING (-2.581788 51.4584693, -2.5815365 51.4586455)",no,asphalt,,,alley,,,,
6258642278,6258642280,0,668336926,footway,,,False,True,7.717675933331325,"LINESTRING (-2.581788 51.4584693, -2.5818535 51.4585057, -2.5818692 51.4584947)",no,asphalt,,,,,,,
6258642278,6258642280,1,"[668336924, 668336925, 668336927]","['steps', 'footway']",,,False,True,7.702565881388927,"LINESTRING (-2.581788 51.4584693, -2.5818036 51.4584584, -2.5818533 51.4584859, -2.5818628 51.4584912, -2.5818692 51.4584947)",no,asphalt,,,,,,,
6258646186,6258646185,0,668336929,unclassified,,Bull Lane,False,True,25.744831707323016,"LINESTRING (-2.5812738 51.4586521, -2.5813927 51.4585673, -2.5815365 51.4586455)",no,asphalt,,,,,,,
117678043,5834930882,0,24239164,unclassified,,River Street,False,False,19.397281512673498,"LINESTRING (-2.5814651 51.4589415, -2.5813169 51.4590895)",yes,asphalt,,,,,,,
117678043,1280821715,0,617239008,footway,,,False,True,15.4370836902091,"LINESTRING (-2.5814651 51.4589415, -2.5816357 51.4590308)",yes,asphalt,,,,,,,
117678043,11776527150,0,24239164,unclassified,,River Street,False,True,24.732712933349298,"LINESTRING (-2.5814651 51.4589415, -2.5814781 51.4589303, -2.5816621 51.4587711, -2.5816737 51.458761)",yes,asphalt,,,,,,,
1280821715,5834930880,0,112746818,footway,,River Street,False,False,23.54675380520728,"LINESTRING (-2.5816357 51.4590308, -2.5818643 51.4588741)",no,asphalt,,,,,,,
1280821715,1280821716,0,112746818,footway,,River Street,False,True,17.12249872066351,"LINESTRING (-2.5816357 51.4590308, -2.5814868 51.4591537)",no,asphalt,,,,,,,
1280821715,117678043,0,617239008,footway,,,False,False,15.4370836902091,"LINESTRING (-2.5816357 51.4590308, -2.5814651 51.4589415)",yes,asphalt,,,,,,,
1280821716,1280821715,0,112746818,footway,,River Street,False,False,17.12249872066351,"LINESTRING (-2.5814868 51.4591537, -2.5816357 51.4590308)",no,asphalt,,,,,,,
1280821716,5834930883,0,112746818,footway,,River Street,False,True,23.549623820996928,"LINESTRING (-2.5814868 51.4591537, -2.5813347 51.4593431)",no,asphalt,,,,,,,
1280821716,5834930882,0,617239009,footway,,,False,False,13.766649946723774,"LINESTRING (-2.5814868 51.4591537, -2.5813169 51.4590895)",yes,asphalt,,,,,,,
6281096613,5834930882,0,617239009,footway,,,False,True,13.600881769030684,"LINESTRING (-2.5811509 51.4590244, -2.5811736 51.4590354, -2.5812709 51.4590721, -2.5813169 51.4590895)",yes,asphalt,,,,,,,
11776527151,11776527150,0,1267998936,service,,,False,False,21.013310741379122,"LINESTRING (-2.5814394 51.458641, -2.5815395 51.4586923, -2.5816737 51.458761)",yes,asphalt,,,driveway,,,,
117678074,117678111,0,12853097,unclassified,20 mph,Elton Street,False,True,92.13692223504823,"LINESTRING (-2.5799647 51.4602715, -2.5809148 51.4608513)",yes,asphalt,,,,,,,
117678074,5425642850,0,12853092,unclassified,,Wellington Road,False,True,34.86346711840699,"LINESTRING (-2.5799647 51.4602715, -2.5803126 51.4601576, -2.5804078 51.460123)",yes,asphalt,,,,,,,
117678111,1282009243,0,12853095,unclassified,,Clement Street,False,False,92.54127285645497,"LINESTRING (-2.5809148 51.4608513, -2.5799385 51.4614193)",no,asphalt,,,,,,,
117678111,117678115,0,12853095,unclassified,,Clement Street,False,True,22.926462165056304,"LINESTRING (-2.5809148 51.4608513, -2.5811598 51.4607127)",no,asphalt,,,,,,,
117678111,117678074,0,12853097,unclassified,20 mph,Elton Street,False,False,92.13692223504823,"LINESTRING (-2.5809148 51.4608513, -2.5799647 51.4602715)",yes,asphalt,,,,,,,
5425642850,117678074,0,12853092,unclassified,,Wellington Road,False,False,34.86346711840699,"LINESTRING (-2.5804078 51.460123, -2.5803126 51.4601576, -2.5799647 51.4602715)",yes,asphalt,,,,,,,
5425642850,5832845874,0,12853092,unclassified,,Wellington Road,False,True,16.694104784073616,"LINESTRING (-2.5804078 51.460123, -2.5805412 51.4600703, -2.5806087 51.4600402)",yes,asphalt,,,,,,,
5425642850,6403206657,0,562901652,service,,,False,False,15.007310664689614,"LINESTRING (-2.5804078 51.460123, -2.5804651 51.4601745, -2.5805104 51.4602153, -2.580538 51.4602301)",yes,asphalt,,,parking_aisle,,,,
1282009243,117678111,0,12853095,unclassified,,Clement Street,False,True,92.54127285645497,"LINESTRING (-2.5799385 51.4614193, -2.5809148 51.4608513)",no,asphalt,,,,,,,
1282009243,1282009249,0,"[112885030, 12853095]","['service', 'unclassified']",,Clement Street,False,"[False, True]",17.68626428774794,"LINESTRING (-2.5799385 51.4614193, -2.579901 51.4614411, -2.5798631 51.4614839, -2.579797 51.4615504)",no,asphalt,,,parking_aisle,,,,
1282009243,5832538474,0,"[112885032, 112885028]","['footway', 'unclassified']",,Clement Street,False,True,90.95031911179353,"LINESTRING (-2.5799385 51.4614193, -2.5800464 51.4615083, -2.5800427 51.461537, -2.5799646 51.4616353, -2.579522 51.4619921, -2.5793729 51.461921)",no,asphalt,,,,,,,
117678115,117678111,0,12853095,unclassified,,Clement Street,False,False,22.926462165056304,"LINESTRING (-2.5811598 51.4607127, -2.5809148 51.4608513)",no,asphalt,,,,,,,
117678115,5832845881,0,382869603,footway,,Clement Street,False,True,42.2952165842662,"LINESTRING (-2.5811598 51.4607127, -2.5812007 51.4607214, -2.5816155 51.4604803)",no,asphalt,,,,,,,
117678115,5832845865,0,683627697,footway,,,False,True,19.502779922785592,"LINESTRING (-2.5811598 51.4607127, -2.5811572 51.4606764, -2.5812515 51.4606146, -2.581189 51.4605775)",no,asphalt,,,,,,,
6403206657,6403206658,0,562901652,service,,,False,False,23.106498423751436,"LINESTRING (-2.580538 51.4602301, -2.580791 51.4603655)",no,asphalt,,,parking_aisle,,,,
6403206657,6403206658,1,617001680,service,,,False,True,62.98537976817357,"LINESTRING (-2.580538 51.4602301, -2.58032 51.4603108, -2.5806325 51.4604795, -2.580791 51.4603655)",no,asphalt,,,parking_aisle,,,,
6403206657,5425642850,0,562901652,service,,,False,True,15.007310664689612,"LINESTRING (-2.580538 51.4602301, -2.5805104 51.4602153, -2.5804651 51.4601745, -2.5804078 51.460123)",yes,asphalt,,,parking_aisle,,,,
1282009249,1282009249,0,112885030,service,,,False,False,77.86667534469409,"LINESTRING (-2.579797 51.4615504, -2.5794975 51.4614268, -2.5793886 51.4615316, -2.5796736 51.461659, -2.579797 51.4615504)",no,asphalt,,,parking_aisle,,,,
1282009249,1282009249,1,112885030,service,,,False,True,77.86667534469409,"LINESTRING (-2.579797 51.4615504, -2.5796736 51.461659, -2.5793886 51.4615316, -2.5794975 51.4614268, -2.579797 51.4615504)",no,asphalt,,,parking_aisle,,,,
1282009249,1282009243,0,"[112885030, 12853095]","['service', 'unclassified']",,Clement Street,False,"[False, True]",17.68626428774794,"LINESTRING (-2.579797 51.4615504, -2.5798631 51.4614839, -2.579901 51.4614411, -2.5799385 51.4614193)",no,asphalt,,,parking_aisle,,,,
5832538474,1282009243,0,"[112885032, 112885028]","['footway', 'unclassified']",,Clement Street,False,False,90.95031911179353,"LINESTRING (-2.5793729 51.461921, -2.579522 51.4619921, -2.5799646 51.4616353, -2.5800427 51.461537, -2.5800464 51.4615083, -2.5799385 51.4614193)",no,asphalt,,,,,,,
5832845865,5832845867,0,562901652,service,,,False,False,18.16089336512149,"LINESTRING (-2.581189 51.4605775, -2.5809893 51.4604717)",no,asphalt,,,parking_aisle,,,,
5832845865,5832845867,1,562901652,service,,,False,True,65.43371682300558,"LINESTRING (-2.581189 51.4605775, -2.5814404 51.4604689, -2.5812052 51.4603296, -2.5809893 51.4604717)",no,asphalt,,,parking_aisle,,,,
5832845865,117678115,0,683627697,footway,,,False,False,19.502779922785592,"LINESTRING (-2.581189 51.4605775, -2.5812515 51.4606146, -2.5811572 51.4606764, -2.5811598 51.4607127)",no,asphalt,,,,,,,
5832845867,6403206658,0,562901652,service,,,False,True,18.116097232039714,"LINESTRING (-2.5809893 51.4604717, -2.580791 51.4603655)",no,asphalt,,,parking_aisle,,,,
5832845867,5832845865,0,562901652,service,,,False,True,18.16089336512149,"LINESTRING (-2.5809893 51.4604717, -2.581189 51.4605775)",no,asphalt,,,parking_aisle,,,,
5832845867,5832845865,1,562901652,service,,,False,False,65.43371682300558,"LINESTRING (-2.5809893 51.4604717, -2.5812052 51.4603296, -2.5814404 51.4604689, -2.581189 51.4605775)",no,asphalt,,,parking_aisle,,,,
2045184023,247834407,0,3512235,unclassified,20 mph,The Horsefair,False,True,12.201456163052812,"LINESTRING (-2.5913606 51.4580144, -2.5915244 51.4579741)",no,asphalt,1,,,,,,
2045184023,2045184010,0,194003838,service,,Whippington Court,False,False,42.84402516310358,"LINESTRING (-2.5913606 51.4580144, -2.591126 51.4576579)",no,asphalt,,,,,,,
2045184023,435846358,0,3512235,unclassified,20 mph,The Horsefair,False,False,23.889674402762864,"LINESTRING (-2.5913606 51.4580144, -2.5912987 51.4580315, -2.5910454 51.4581015)",no,asphalt,1,,,,,,
1382252976,9809981567,0,"[326498362, 217596269, 1248005678, 1248005679]","['steps', 'footway']",,,False,True,79.50532970764483,"LINESTRING (-2.5911335 51.4588197, -2.5908521 51.4586957, -2.5908773 51.4586677, -2.5907574 51.4586118, -2.590613 51.4584291, -2.5906231 51.4584252, -2.5906446 51.4584189, -2.5906028 51.4583569, -2.5905499 51.4582821)",no,paving_stones,,,,,,,
1382252976,247834407,0,326498364,footway,,,False,False,128.8609453275907,"LINESTRING (-2.5911335 51.4588197, -2.5916609 51.4583456, -2.5918714 51.4581708, -2.5919072 51.458101, -2.5918591 51.458045, -2.591757 51.4579964, -2.5915244 51.4579741)",yes,paving_stones,,,,,,,
1382252976,1280853173,0,382882583,footway,,,False,True,30.62910097867408,"LINESTRING (-2.5911335 51.4588197, -2.5910206 51.4589089, -2.5909021 51.458952, -2.5907958 51.45899)",no,asphalt,,,,,,,
2045184010,2045184023,0,194003838,service,,Whippington Court,False,True,42.84402516310358,"LINESTRING (-2.591126 51.4576579, -2.5913606 51.4580144)",no,asphalt,,,,,,,
2045184010,2045184014,0,194003840,service,,Whippington Court,False,False,5.7926929854956395,"LINESTRING (-2.591126 51.4576579, -2.5910488 51.4576779)",no,asphalt,,,,,,,
2045184010,2045184007,0,194003840,service,,Whippington Court,False,True,10.835553710654267,"LINESTRING (-2.591126 51.4576579, -2.5912675 51.4576164)",no,asphalt,,,,,,,
1280853173,6937982874,0,112748671,footway,,,False,False,38.589339164020295,"LINESTRING (-2.5907958 51.45899, -2.5907832 51.459018, -2.5903388 51.4591743)",no,paving_stones,,,,,,,
1280853173,1382252976,0,382882583,footway,,,False,False,30.62910097867408,"LINESTRING (-2.5907958 51.45899, -2.5909021 51.458952, -2.5910206 51.4589089, -2.5911335 51.4588197)",no,asphalt,,,,,,,
1280853173,645089864,0,382882583,footway,,,False,True,54.872188289798665,"LINESTRING (-2.5907958 51.45899, -2.5901976 51.4591899, -2.5900846 51.4591941)",no,paving_stones,,,,,,,
247834447,9809981557,0,3512235,unclassified,20 mph,The Horsefair,False,False,1.2714603002630795,"LINESTRING (-2.5904907 51.4583026, -2.5904747 51.4583082)",no,asphalt,1,,,,,,
247834447,9809981567,0,3512235,unclassified,20 mph,The Horsefair,False,True,4.692471994878426,"LINESTRING (-2.5904907 51.4583026, -2.5905499 51.4582821)",no,asphalt,1,,,,,,
247834447,2268865236,0,"[471301377, 217596271]",footway,,,False,False,12.1841203712197,"LINESTRING (-2.5904907 51.4583026, -2.5904323 51.4582335, -2.5904083 51.4582058)",no,asphalt,,,,building_passage,,,
9809981557,247834447,0,3512235,unclassified,20 mph,The Horsefair,False,True,1.2714603002630795,"LINESTRING (-2.5904747 51.4583082, -2.5904907 51.4583026)",no,asphalt,1,,,,,,
9809981557,9809981574,0,1068675913,service,,,False,False,49.226352867177354,"LINESTRING (-2.5904747 51.4583082, -2.5907878 51.4587056)",no,asphalt,,,,,,,
9809981557,5919449223,0,3512235,unclassified,20 mph,The Horsefair,False,False,57.79574051648841,"LINESTRING (-2.5904747 51.4583082, -2.5901335 51.458427, -2.5900242 51.4584651, -2.5899495 51.4584927, -2.5897481 51.4585635)",yes,paving_stones,1,,,,,,
2268865236,247834447,0,"[471301377, 217596271]",footway,,,False,True,12.1841203712197,"LINESTRING (-2.5904083 51.4582058, -2.5904323 51.4582335, -2.5904907 51.4583026)",no,asphalt,,,,building_passage,,,
9809981574,9809981557,0,1068675913,service,,,False,True,49.226352867177354,"LINESTRING (-2.5907878 51.4587056, -2.5904747 51.4583082)",no,asphalt,,,,,,,
5919449223,993186001,0,3512235,unclassified,20 mph,The Horsefair,False,False,59.757576570015026,"LINESTRING (-2.5897481 51.4585635, -2.5891332 51.4587747, -2.5890608 51.4587996, -2.5889848 51.4588096)",yes,paving_stones,1,,,,,,
5919449223,9809981557,0,3512235,unclassified,20 mph,The Horsefair,False,True,57.79574051648841,"LINESTRING (-2.5897481 51.4585635, -2.5899495 51.4584927, -2.5900242 51.4584651, -2.5901335 51.458427, -2.5904747 51.4583082)",yes,paving_stones,1,,,,,,
5919449223,11786838687,0,627040447,pedestrian,,Merchant Street,False,False,107.40897460757182,"LINESTRING (-2.5897481 51.4585635, -2.5896846 51.4584968, -2.58953 51.458326, -2.5892043 51.4579497, -2.5890827 51.457696)",yes,paving_stones,,,,,,,
6056055380,262441802,0,954084490,footway,,,False,False,14.789106125127788,"LINESTRING (-2.5843242 51.4571762, -2.5843375 51.4572172, -2.5843488 51.4573081)",no,paving_stones,,,,,,,
262440061,12992899143,0,166522670,footway,,,False,False,47.70346112506296,"LINESTRING (-2.5842915 51.4575835, -2.5841401 51.4576845, -2.5840038 51.4577359, -2.5838929 51.4577664, -2.5838003 51.4577861, -2.5837209 51.4578102)",no,paving_stones,,,,,,,
262440061,3860810901,0,1413912984,footway,,,False,False,39.60680150457772,"LINESTRING (-2.5842915 51.4575835, -2.5842333 51.4576855, -2.5841005 51.4578727, -2.5840679 51.4579109)",no,paving_stones,,,,,,,
262440061,262441802,0,1413912985,footway,,,False,True,30.961971355258818,"LINESTRING (-2.5842915 51.4575835, -2.5843419 51.4574186, -2.5843488 51.4573081)",no,paving_stones,,,,,,,
12992899143,5448085793,0,246327890,pedestrian,,Champion Square,False,False,4.70295943131223,"LINESTRING (-2.5837209 51.4578102, -2.5836594 51.4577923)",no,paving_stones,,,,,,,
12992899143,3860810901,0,991645735,pedestrian,,Champion Square,False,True,26.521420660242743,"LINESTRING (-2.5837209 51.4578102, -2.5840679 51.4579109)",no,paving_stones,,,,,,,
12992899143,262440061,0,166522670,footway,,,False,True,47.70346112506296,"LINESTRING (-2.5837209 51.4578102, -2.5838003 51.4577861, -2.5838929 51.4577664, -2.5840038 51.4577359, -2.5841401 51.4576845, -2.5842915 51.4575835)",no,paving_stones,,,,,,,
5448085793,2045184012,0,246327890,pedestrian,,Champion Square,False,False,22.516810321741914,"LINESTRING (-2.5836594 51.4577923, -2.5833648 51.4577068)",no,paved,,,,,,,
5448085793,12992899143,0,246327890,pedestrian,,Champion Square,False,True,4.70295943131223,"LINESTRING (-2.5836594 51.4577923, -2.5837209 51.4578102)",no,paving_stones,,,,,,,
5448085793,5448085792,0,565773114,service,,,False,False,14.305480963618688,"LINESTRING (-2.5836594 51.4577923, -2.5836343 51.4578381, -2.5835535 51.4579006)",no,paving_stones,,,,,,,
2533775204,3860810901,0,991645735,pedestrian,,Champion Square,False,False,7.2075443991855765,"LINESTRING (-2.5841624 51.457938, -2.5840679 51.4579109)",yes,asphalt,,,,,,,
262441816,1280821651,0,24239162,service,,,False,True,20.972657471500522,"LINESTRING (-2.5829167 51.4587181, -2.5831687 51.4586136)",no,paving_stones,,,,,,,
1280674367,5061066670,0,1204048168,service,,Dale Street,False,True,30.61238762657679,"LINESTRING (-2.5823682 51.4594989, -2.5823921 51.4594966, -2.5824171 51.4594977, -2.5824414 51.4595016, -2.5824617 51.4595066, -2.5824892 51.4595174, -2.582512 51.4595294, -2.5825315 51.4595417, -2.582563 51.4595685, -2.5826734 51.4596741)",no,asphalt,2,,,,,,
262442261,262442266,0,24239206,residential,20 mph,Orange Street,False,False,56.56648037266385,"LINESTRING (-2.5829474 51.4606347, -2.5836602 51.4603866)",yes,concrete,,,,,,,
262442261,287226297,0,24239206,residential,20 mph,Orange Street,False,True,6.664661611080928,"LINESTRING (-2.5829474 51.4606347, -2.582986 51.4606896)",yes,concrete,,,,,,,
262442261,10901402911,0,1173237852,service,,,False,False,18.118140145084592,"LINESTRING (-2.5829474 51.4606347, -2.5827203 51.4607155)",yes,concrete,,,,,,,
262442266,262442262,0,24239206,residential,20 mph,Orange Street,False,False,54.894508222675015,"LINESTRING (-2.5836602 51.4603866, -2.5843634 51.4601591)",yes,asphalt,,,,,,,
262442266,262442261,0,24239206,residential,20 mph,Orange Street,False,True,56.56648037266385,"LINESTRING (-2.5836602 51.4603866, -2.5829474 51.4606347)",yes,concrete,,,,,,,
262442266,5435157624,0,24239207,residential,20 mph,Lemon Lane,False,False,13.350680047633025,"LINESTRING (-2.5836602 51.4603866, -2.5837396 51.460496)",yes,concrete,,,,,,,
287226297,262442261,0,24239206,residential,20 mph,Orange Street,False,False,6.664661611080928,"LINESTRING (-2.582986 51.4606896, -2.5829474 51.4606347)",yes,concrete,,,,,,,
10901402910,10901402911,0,1173237855,service,,,False,False,23.514263616184763,"LINESTRING (-2.5828583 51.4609087, -2.5827203 51.4607155)",no,asphalt,,,parking_aisle,,,,
2204308507,2204308509,0,26230244,residential,20 mph,Norfolk Avenue,False,False,14.176737155741964,"LINESTRING (-2.5848717 51.4602454, -2.5850581 51.4601928)",yes,paving_stones,,,,,,,
2204308507,364165243,0,26230244,residential,20 mph,Norfolk Avenue,False,True,27.237631578225542,"LINESTRING (-2.5848717 51.4602454, -2.5845136 51.4603465)",yes,asphalt,,,,,,,
2204308507,6284334867,0,671082499,service,,,False,True,5.138976634110533,"LINESTRING (-2.5848717 51.4602454, -2.5848411 51.4602033)",yes,paving_stones,,,parking_aisle,,,,
5435157625,5435157624,0,564055130,service,,,False,False,4.362302194663907,"LINESTRING (-2.5837968 51.4604796, -2.5837396 51.460496)",yes,concrete,,,,,,,
2433764834,2433764766,0,235295043,footway,,,False,True,1.7639237626078903,"LINESTRING (-2.5838657 51.4615099, -2.5838462 51.4615201)",no,asphalt,,,,,,,
2433764834,2433764742,0,235295042,footway,,,False,True,11.046318406790931,"LINESTRING (-2.5838657 51.4615099, -2.5838466 51.4614898, -2.5837903 51.4614772, -2.583738 51.4614563)",no,asphalt,,,,,,,
2433764834,2433764639,0,235295043,footway,,,False,False,47.479732547946014,"LINESTRING (-2.5838657 51.4615099, -2.583907 51.4614889, -2.5840196 51.4614304, -2.5840599 51.4613995, -2.5840974 51.461372, -2.5841363 51.4613385, -2.5841739 51.4612692, -2.584224 51.4611616)",no,asphalt,,,,,,,
2433764671,2433764742,0,235295039,footway,,,False,False,15.496319905969704,"LINESTRING (-2.5835709 51.4613704, -2.583628 51.4613811, -2.5836924 51.4614179, -2.583738 51.4614563)",no,asphalt,,,,,,,
2433764671,2433764880,0,235295039,footway,,,False,True,83.11336253153658,"LINESTRING (-2.5835709 51.4613704, -2.583455 51.4613552, -2.5833357 51.4613544, -2.5832458 51.4613669, -2.5831882 51.461387, -2.5831627 51.4614213, -2.583164 51.4614538, -2.5831868 51.4614923, -2.5832338 51.4615257, -2.5833256 51.4615577, -2.5834242 51.461575, -2.5835489 51.46158, -2.5836535 51.4615708, -2.5837072 51.4615491, -2.5837394 51.461524)",no,asphalt,,,,,,,
2433764671,2433764639,0,235295055,footway,,,False,False,51.50156806157139,"LINESTRING (-2.5835709 51.4613704, -2.583675 51.4613603, -2.5837635 51.4613377, -2.5838802 51.4613043, -2.5839352 51.4612867, -2.5839942 51.4612617, -2.5840666 51.4612299, -2.5841444 51.4611915, -2.584224 51.4611616)",no,asphalt,,,,,,,
2515293881,262442695,0,24239238,footway,,,False,False,16.831893647385353,"LINESTRING (-2.5878103 51.4609174, -2.5878613 51.4610654)",no,paving_stones,,,,,,,
2515293881,262442694,0,24239238,footway,,,False,True,18.52448230892557,"LINESTRING (-2.5878103 51.4609174, -2.5877349 51.4608939, -2.5876978 51.4607822)",no,paving_stones,,,,,,,
2515293881,6047257804,0,642300391,footway,,,False,False,88.34216335100228,"LINESTRING (-2.5878103 51.4609174, -2.5878224 51.4608961, -2.5878278 51.4608884, -2.5878338 51.4608825, -2.5878395 51.460879, -2.5878476 51.4608758, -2.5878573 51.4608731, -2.5878727 51.46087, -2.5878942 51.4608679, -2.5879213 51.4608658, -2.5879388 51.4608658, -2.5879612 51.4608671, -2.5880125 51.4608738, -2.5880507 51.4608817, -2.5880789 51.4608903, -2.588094 51.4608961, -2.5881064 51.4609036, -2.5881168 51.460913, -2.588145 51.4609405, -2.5881475 51.4609452, -2.5881483 51.4609487, -2.5881468 51.4609523, -2.5881439 51.4609533, -2.5881374 51.4609556, -2.5881349 51.4609584, -2.5881337 51.4609625, -2.5881339 51.4609686, -2.5881359 51.4610045, -2.5881356 51.4610138, -2.5881329 51.4610229, -2.588126 51.4610336, -2.5881144 51.461045, -2.5880973 51.4610563, -2.5880799 51.4610638, -2.5880571 51.4610705, -2.5880397 51.4610737, -2.5880196 51.4610758, -2.5879947 51.4610749, -2.587974 51.4610714, -2.5879542 51.4610634, -2.5879314 51.4610511, -2.5879196 51.4610409, -2.5879133 51.4610302, -2.5879089 51.4610179, -2.5879089 51.4610068, -2.5879119 51.460993, -2.587918 51.4609834, -2.5879341 51.4609717, -2.5879535 51.4609623, -2.5879719 51.4609558, -2.5879894 51.4609531, -2.5880051 51.4609527, -2.5880249 51.4609542, -2.5880407 51.4609596, -2.5880511 51.4609657, -2.5880601 51.4609742, -2.5880675 51.4609843, -2.5880688 51.4609914, -2.5880688 51.4610041, -2.5880672 51.4610129, -2.5880621 51.4610202, -2.5880561 51.4610254, -2.588045 51.4610296, -2.5880263 51.4610327, -2.5880179 51.461033, -2.5880122 51.461033, -2.5880053 51.4610314, -2.5879998 51.4610286, -2.5879971 51.4610251, -2.5879966 51.4610201, -2.5879981 51.4610157, -2.5879994 51.4610135)",no,paving_stones,,,,,,,
2515293876,2515293875,0,244182194,footway,,,False,False,9.64022301904878,"LINESTRING (-2.5873054 51.461096, -2.5873403 51.4611043, -2.5873805 51.4611144, -2.5874385 51.4611189)",no,paving_stones,,,,,,,
2515293876,262442698,0,244182195,footway,,,False,False,11.111330750647811,"LINESTRING (-2.5873054 51.461096, -2.5873161 51.4611361, -2.5873268 51.461195)",no,paving_stones,,,,,,,
2515293876,262442694,0,244182195,footway,,,False,True,61.18285598650587,"LINESTRING (-2.5873054 51.461096, -2.5872947 51.4610802, -2.5872544 51.4610208, -2.5871874 51.4609406, -2.5871794 51.4609228, -2.5871814 51.4609111, -2.5871934 51.4609026, -2.5872535 51.4608859, -2.5876978 51.4607822)",no,paving_stones,,,,,,,
262442695,2515293881,0,24239238,footway,,,False,True,16.831893647385353,"LINESTRING (-2.5878613 51.4610654, -2.5878103 51.4609174)",no,paving_stones,,,,,,,
262442695,2515293875,0,24239231,footway,,,False,False,30.520116054521505,"LINESTRING (-2.5878613 51.4610654, -2.5876665 51.4610638, -2.5875734 51.4610785, -2.5874385 51.4611189)",no,paving_stones,,,,,,,
262442695,262442706,0,24239238,footway,,,False,False,16.743764575072124,"LINESTRING (-2.5878613 51.4610654, -2.587878 51.4610872, -2.5880054 51.4611856)",no,paving_stones,,,,,,,
6047257804,6047257804,0,642300390,footway,,,False,False,7.549884232312094,"LINESTRING (-2.5879994 51.4610135, -2.5879895 51.4610077, -2.587989 51.4609992, -2.5879982 51.460993, -2.5880118 51.4609927, -2.5880218 51.4609985, -2.5880223 51.461007, -2.5880131 51.4610132, -2.5879994 51.4610135)",no,paving_stones,,,,,,,
6047257804,6047257804,1,642300390,footway,,,False,True,7.549884232312093,"LINESTRING (-2.5879994 51.4610135, -2.5880131 51.4610132, -2.5880223 51.461007, -2.5880218 51.4609985, -2.5880118 51.4609927, -2.5879982 51.460993, -2.587989 51.4609992, -2.5879895 51.4610077, -2.5879994 51.4610135)",no,paving_stones,,,,,,,
6047257804,2515293881,0,642300391,footway,,,False,True,88.34216335100228,"LINESTRING (-2.5879994 51.4610135, -2.5879981 51.4610157, -2.5879966 51.4610201, -2.5879971 51.4610251, -2.5879998 51.4610286, -2.5880053 51.4610314, -2.5880122 51.461033, -2.5880179 51.461033, -2.5880263 51.4610327, -2.588045 51.4610296, -2.5880561 51.4610254, -2.5880621 51.4610202, -2.5880672 51.4610129, -2.5880688 51.4610041, -2.5880688 51.4609914, -2.5880675 51.4609843, -2.5880601 51.4609742, -2.5880511 51.4609657, -2.5880407 51.4609596, -2.5880249 51.4609542, -2.5880051 51.4609527, -2.5879894 51.4609531, -2.5879719 51.4609558, -2.5879535 51.4609623, -2.5879341 51.4609717, -2.587918 51.4609834, -2.5879119 51.460993, -2.5879089 51.4610068, -2.5879089 51.4610179, -2.5879133 51.4610302, -2.5879196 51.4610409, -2.5879314 51.4610511, -2.5879542 51.4610634, -2.587974 51.4610714, -2.5879947 51.4610749, -2.5880196 51.4610758, -2.5880397 51.4610737, -2.5880571 51.4610705, -2.5880799 51.4610638, -2.5880973 51.4610563, -2.5881144 51.461045, -2.588126 51.4610336, -2.5881329 51.4610229, -2.5881356 51.4610138, -2.5881359 51.4610045, -2.5881339 51.4609686, -2.5881337 51.4609625, -2.5881349 51.4609584, -2.5881374 51.4609556, -2.5881439 51.4609533, -2.5881468 51.4609523, -2.5881483 51.4609487, -2.5881475 51.4609452, -2.588145 51.4609405, -2.5881168 51.460913, -2.5881064 51.4609036, -2.588094 51.4608961, -2.5880789 51.4608903, -2.5880507 51.4608817, -2.5880125 51.4608738, -2.5879612 51.4608671, -2.5879388 51.4608658, -2.5879213 51.4608658, -2.5878942 51.4608679, -2.5878727 51.46087, -2.5878573 51.4608731, -2.5878476 51.4608758, -2.5878395 51.460879, -2.5878338 51.4608825, -2.5878278 51.4608884, -2.5878224 51.4608961, -2.5878103 51.4609174)",no,paving_stones,,,,,,,
2515293875,262442698,0,24239231,footway,,,False,False,11.483110440234432,"LINESTRING (-2.5874385 51.4611189, -2.5873958 51.4611441, -2.5873268 51.461195)",no,paving_stones,,,,,,,
2515293875,262442695,0,24239231,footway,,,False,True,30.520116054521505,"LINESTRING (-2.5874385 51.4611189, -2.5875734 51.4610785, -2.5876665 51.4610638, -2.5878613 51.4610654)",no,paving_stones,,,,,,,
2515293875,2515293876,0,244182194,footway,,,False,True,9.64022301904878,"LINESTRING (-2.5874385 51.4611189, -2.5873805 51.4611144, -2.5873403 51.4611043, -2.5873054 51.461096)",no,paving_stones,,,,,,,
262442698,262442706,0,24239231,footway,,,False,False,70.2251839972669,"LINESTRING (-2.5873268 51.461195, -2.5873062 51.4612298, -2.587299 51.4612615, -2.5872997 51.4612832, -2.5873084 51.4613045, -2.5873205 51.4613249, -2.587342 51.4613396, -2.5873742 51.461355, -2.5874197 51.4613655, -2.5874808 51.4613684, -2.5875425 51.4613659, -2.5876008 51.461358, -2.5876611 51.4613455, -2.5877175 51.4613271, -2.5880054 51.4611856)",no,paving_stones,,,,,,,
262442698,2515293875,0,24239231,footway,,,False,True,11.483110440234432,"LINESTRING (-2.5873268 51.461195, -2.5873958 51.4611441, -2.5874385 51.4611189)",no,paving_stones,,,,,,,
262442698,2515293876,0,244182195,footway,,,False,True,11.111330750647811,"LINESTRING (-2.5873268 51.461195, -2.5873161 51.4611361, -2.5873054 51.461096)",no,paving_stones,,,,,,,
282238482,10681863998,0,25874506,residential,20 mph,Bishop Street,False,True,27.855022641829116,"LINESTRING (-2.5842743 51.4619844, -2.5843015 51.4619483, -2.5845804 51.4618677, -2.5846082 51.4618597)",no,asphalt,,,,,,,
282238482,282238484,0,43590867,residential,20 mph,Little Bishop Street,False,False,107.41966200856103,"LINESTRING (-2.5842743 51.4619844, -2.5843315 51.4620917, -2.584515 51.4622622, -2.5849136 51.4626245, -2.5849241 51.4626782, -2.5848946 51.4627329, -2.584877 51.4627988, -2.584889 51.4628277)",no,asphalt,,,,,,,
282238482,2433764912,0,235295040,footway,,,False,True,31.88741633836745,"LINESTRING (-2.5842743 51.4619844, -2.5841873 51.4619477, -2.5840492 51.4617438)",no,asphalt,,,,,,,
835468055,2433764623,0,69892594,residential,20 mph,Burnell Drive,False,True,43.02748770450487,"LINESTRING (-2.5841821 51.4628803, -2.5837445 51.4631549)",no,asphalt,,,,,,,
835468055,835468057,0,72343224,unclassified,20 mph,Prince's Street,False,False,37.31999247646744,"LINESTRING (-2.5841821 51.4628803, -2.5838013 51.4626429)",no,asphalt,,,,,,,
835468055,282238484,0,72343224,unclassified,20 mph,Prince's Street,False,True,61.45349412333963,"LINESTRING (-2.5841821 51.4628803, -2.584398 51.4630136, -2.5845544 51.4629233, -2.584735 51.4628594, -2.584889 51.4628277)",no,asphalt,,,,,,,
10681863998,364165239,0,25874506,residential,20 mph,Bishop Street,False,True,64.79828025979114,"LINESTRING (-2.5846082 51.4618597, -2.5854567 51.4616145)",no,asphalt,,,,,,,
10681863998,282238482,0,25874506,residential,20 mph,Bishop Street,False,False,27.855022641829116,"LINESTRING (-2.5846082 51.4618597, -2.5845804 51.4618677, -2.5843015 51.4619483, -2.5842743 51.4619844)",no,asphalt,,,,,,,
10681863998,10681863994,0,1148066283,service,,,False,False,28.590683586830103,"LINESTRING (-2.5846082 51.4618597, -2.5846363 51.4619073, -2.5846477 51.4619316, -2.5847114 51.4620047, -2.5847945 51.4620878)",no,asphalt,,,driveway,,,,
2433764912,282238482,0,235295040,footway,,,False,False,31.88741633836745,"LINESTRING (-2.5840492 51.4617438, -2.5841873 51.4619477, -2.5842743 51.4619844)",no,asphalt,,,,,,,
2433764912,2433764766,0,235295040,footway,,,False,True,28.618698221803434,"LINESTRING (-2.5840492 51.4617438, -2.5840357 51.4617262, -2.5839258 51.4615942, -2.5838462 51.4615201)",no,asphalt,,,,,,,
2433764912,2433744240,0,235295064,footway,,,False,False,90.82361949771817,"LINESTRING (-2.5840492 51.4617438, -2.5834811 51.4619027, -2.5832579 51.4622, -2.5832418 51.4623001)",no,asphalt,,,,,,,
10681863994,10681863998,0,1148066283,service,,,False,True,28.590683586830103,"LINESTRING (-2.5847945 51.4620878, -2.5847114 51.4620047, -2.5846477 51.4619316, -2.5846363 51.4619073, -2.5846082 51.4618597)",no,asphalt,,,driveway,,,,
2433764766,2433764834,0,235295043,footway,,,False,False,1.7639237626078903,"LINESTRING (-2.5838462 51.4615201, -2.5838657 51.4615099)",no,asphalt,,,,,,,
2433764766,2433764912,0,235295040,footway,,,False,False,28.618698221803434,"LINESTRING (-2.5838462 51.4615201, -2.5839258 51.4615942, -2.5840357 51.4617262, -2.5840492 51.4617438)",no,asphalt,,,,,,,
2433764766,2433764880,0,235295043,footway,,,False,True,7.70972211074789,"LINESTRING (-2.5838462 51.4615201, -2.5837957 51.4615315, -2.5837394 51.461524)",no,asphalt,,,,,,,
2433744240,859323047,0,72343224,unclassified,20 mph,Prince's Street,False,False,19.774216248427255,"LINESTRING (-2.5832418 51.4623001, -2.5831617 51.4623072, -2.58298 51.4623657)",no,asphalt,,,,,,,
2433744240,5438534268,0,72343224,unclassified,20 mph,Prince's Street,False,True,34.82092523121401,"LINESTRING (-2.5832418 51.4623001, -2.5833076 51.4623267, -2.5836041 51.4625157)",no,asphalt,,,,,,,
2433744240,2433764912,0,235295064,footway,,,False,True,90.82361949771817,"LINESTRING (-2.5832418 51.4623001, -2.5832579 51.4622, -2.5834811 51.4619027, -2.5840492 51.4617438)",no,asphalt,,,,,,,
2433764623,835468055,0,69892594,residential,20 mph,Burnell Drive,False,False,43.02748770450487,"LINESTRING (-2.5837445 51.4631549, -2.5841821 51.4628803)",no,asphalt,,,,,,,
2433764623,859323020,0,69892594,residential,20 mph,Burnell Drive,False,True,29.54155659597386,"LINESTRING (-2.5837445 51.4631549, -2.5835227 51.4632941, -2.583444 51.4633434)",no,asphalt,,,,,,,
2433764623,2433764891,0,235295057,footway,,,False,True,17.35442360860062,"LINESTRING (-2.5837445 51.4631549, -2.5836522 51.4630898, -2.5835771 51.4631408)",no,asphalt,,,,,,,
835468057,2433764693,0,69892596,residential,20 mph,Beggarswell Close,False,True,22.340787568909395,"LINESTRING (-2.5838013 51.4626429, -2.5835751 51.4627861)",no,asphalt,,,,,,,
835468057,2433764756,0,72343224,unclassified,20 mph,Prince's Street,False,False,12.371172996180459,"LINESTRING (-2.5838013 51.4626429, -2.5836777 51.4625626)",no,asphalt,,,,,,,
835468057,835468055,0,72343224,unclassified,20 mph,Prince's Street,False,True,37.31999247646744,"LINESTRING (-2.5838013 51.4626429, -2.5841821 51.4628803)",no,asphalt,,,,,,,
283348229,283348168,0,3878220,unclassified,20 mph,Grosvenor Road,False,True,56.66816616022893,"LINESTRING (-2.5836549 51.4637376, -2.5830591 51.4640868)",no,asphalt,,,,,,,
283348229,859323256,0,3878220,unclassified,20 mph,Grosvenor Road,False,False,7.509207998278176,"LINESTRING (-2.5836549 51.4637376, -2.5837031 51.4637089, -2.5837332 51.4636909)",no,asphalt,,,,,,,
283348229,283348164,0,25974236,residential,20 mph,Denbigh Street,False,True,117.67878708460879,"LINESTRING (-2.5836549 51.4637376, -2.5836957 51.4637675, -2.5847552 51.4645439)",no,asphalt,,,,,,,
859323097,2433764759,0,"[564463030, 69892598]","['residential', 'footway']",20 mph,Ludlow Close,False,"[False, True]",59.35868503892104,"LINESTRING (-2.5832225 51.4637408, -2.5828905 51.4639415, -2.5826089 51.4637696)",no,asphalt,,,,,,,
859323097,859323256,0,69892598,footway,,,False,True,36.82442308200679,"LINESTRING (-2.5832225 51.4637408, -2.5832655 51.4637172, -2.5834172 51.4636908, -2.5834685 51.4636858, -2.5837332 51.4636909)",no,asphalt,,,,,,,
859323097,835468054,0,"[72343241, 564463033]","['residential', 'footway']",20 mph,Burnell Drive,False,False,21.228573826194733,"LINESTRING (-2.5832225 51.4637408, -2.5831651 51.4636955, -2.5831509 51.4636709, -2.5830332 51.4635929)",no,asphalt,,,,,,,
283348168,283348229,0,3878220,unclassified,20 mph,Grosvenor Road,False,False,56.66816616022893,"LINESTRING (-2.5830591 51.4640868, -2.5836549 51.4637376)",no,asphalt,,,,,,,
283348168,3980721934,0,3878220,unclassified,20 mph,Grosvenor Road,False,True,36.89577578558549,"LINESTRING (-2.5830591 51.4640868, -2.5826653 51.4643102)",no,asphalt,,,,,,,
283348168,6327865039,0,72343250,residential,20 mph,William Street,False,True,36.84153513730322,"LINESTRING (-2.5830591 51.4640868, -2.5834055 51.4643382)",no,asphalt,,,,,,,
3980721934,283348168,0,3878220,unclassified,20 mph,Grosvenor Road,False,False,36.89577578558549,"LINESTRING (-2.5826653 51.4643102, -2.5830591 51.4640868)",no,asphalt,,,,,,,
3980721934,13191500421,0,395171848,footway,,,False,False,5.0780781357255655,"LINESTRING (-2.5826653 51.4643102, -2.5825922 51.4643068)",no,asphalt,,,,,,,
3980721934,13191500418,0,3878220,unclassified,20 mph,Grosvenor Road,False,True,34.46423739425564,"LINESTRING (-2.5826653 51.4643102, -2.5825671 51.4643811, -2.5823312 51.4645398)",no,asphalt,,,,,,,
6327865039,283348168,0,72343250,residential,20 mph,William Street,False,False,36.84153513730322,"LINESTRING (-2.5834055 51.4643382, -2.5830591 51.4640868)",no,asphalt,,,,,,,
6327865039,6327865047,0,72343250,residential,20 mph,William Street,False,True,19.296969579853116,"LINESTRING (-2.5834055 51.4643382, -2.5835869 51.4644699)",no,asphalt,,,,,,,
6327865039,6327865036,0,675703547,footway,,,False,False,12.509015851195949,"LINESTRING (-2.5834055 51.4643382, -2.5833073 51.4643906, -2.583332 51.4644085, -2.5833218 51.4644139)",no,asphalt,,,,,,,
13191500421,3980721934,0,395171848,footway,,,False,True,5.0780781357255655,"LINESTRING (-2.5825922 51.4643068, -2.5826653 51.4643102)",no,asphalt,,,,,,,
13191500421,13191500422,0,1435191567,steps,,,False,False,2.6679105620438244,"LINESTRING (-2.5825922 51.4643068, -2.5826182 51.4642891)",no,asphalt,,,,,,,
13191500421,13191500416,0,395171848,footway,,,False,False,16.08785455860505,"LINESTRING (-2.5825922 51.4643068, -2.5825198 51.4643046, -2.5823601 51.4643022)",no,asphalt,,,,,,,
13191500418,13191500416,0,1435191565,footway,,,False,True,26.495697857873452,"LINESTRING (-2.5823312 51.4645398, -2.5823601 51.4643022)",no,asphalt,,,,,,,
13191500418,3980721934,0,3878220,unclassified,20 mph,Grosvenor Road,False,False,34.46423739425564,"LINESTRING (-2.5823312 51.4645398, -2.5825671 51.4643811, -2.5826653 51.4643102)",no,asphalt,,,,,,,
6327865047,6327865039,0,72343250,residential,20 mph,William Street,False,False,19.296969579853116,"LINESTRING (-2.5835869 51.4644699, -2.5834055 51.4643382)",no,asphalt,,,,,,,
6327865047,6327865044,0,"[675703545, 675703546, 675703549]","['steps', 'footway']",,,False,False,9.896711452579511,"LINESTRING (-2.5835869 51.4644699, -2.5835287 51.464501, -2.5835084 51.4645118, -2.5834784 51.4645278)",no,asphalt,,,,,,,
6327865036,6327865039,0,675703547,footway,,,False,True,12.50901585119595,"LINESTRING (-2.5833218 51.4644139, -2.583332 51.4644085, -2.5833073 51.4643906, -2.5834055 51.4643382)",no,asphalt,,,,,,,
3860908599,5750157404,0,112748677,footway,,,False,True,26.962588499278752,"LINESTRING (-2.5897536 51.4595842, -2.5897942 51.4596276, -2.5900156 51.4597615)",no,paving_stones,,,,,,,
3860908599,3860908593,0,207653242,footway,,,False,False,45.22209987328304,"LINESTRING (-2.5897536 51.4595842, -2.5895012 51.4594849, -2.589147 51.4594872)",no,paving_stones,,,,,,,
3860908599,1280853184,0,1362339449,footway,,,False,True,35.90553165678419,"LINESTRING (-2.5897536 51.4595842, -2.5898118 51.4596071, -2.5899635 51.4597017, -2.5901332 51.4598028)",yes,paving_stones,,,,,,,
1280853191,1280853180,0,112748677,footway,,,False,True,13.59585020684415,"LINESTRING (-2.5902843 51.4598982, -2.5904192 51.459987)",no,paving_stones,,,,,,,
1280853191,5750157404,0,112748677,footway,,,False,False,24.1779376130943,"LINESTRING (-2.5902843 51.4598982, -2.5902051 51.4598713, -2.5900156 51.4597615)",no,paving_stones,,,,,,,
1280853191,1280853184,0,"[1362339450, 112748676, 112748679]","['steps', 'footway']",,,False,False,14.97090979707404,"LINESTRING (-2.5902843 51.4598982, -2.590236 51.4598597, -2.5901507 51.4598146, -2.5901332 51.4598028)",yes,paving_stones,,,,,,,
287226495,3332266271,0,4019345,primary,20 mph,North Street,False,True,8.247266841351841,"LINESTRING (-2.5908459 51.4604494, -2.5908938 51.4605173)",no,asphalt,2,A38,,,,,
287226495,3332266263,0,26230299,residential,20 mph,Moon Street,False,True,4.712395449552413,"LINESTRING (-2.5908459 51.4604494, -2.5907851 51.4604684)",yes,asphalt,,,,,,,
287226495,1247826786,0,202755220,primary,20 mph,,False,False,18.250097665202556,"LINESTRING (-2.5908459 51.4604494, -2.5907169 51.4603063)",no,asphalt,1,A38,,,,,
287226495,3696173720,0,"[112748680, 112748673, 112748674]",primary,20 mph,North Street,False,False,59.20560174300669,"LINESTRING (-2.5908459 51.4604494, -2.5908029 51.4602772, -2.5907333 51.4601458, -2.5906626 51.4600111, -2.5906409 51.4599725, -2.5906137 51.4599394)",no,asphalt,"['1', '2']",A38,,,,,
3332266270,3332266263,0,326565331,footway,,,False,True,7.81981808234279,"LINESTRING (-2.5908274 51.4605336, -2.5907851 51.4604684)",yes,asphalt,,,,,,,
3332266270,3332266271,0,1347073803,footway,,,False,True,4.944406795722346,"LINESTRING (-2.5908274 51.4605336, -2.5908938 51.4605173)",yes,asphalt,,,,,,,
3332266270,1281318363,0,326565331,footway,,,False,False,68.54678066374187,"LINESTRING (-2.5908274 51.4605336, -2.5909133 51.46068, -2.590916 51.4608004, -2.5908559 51.4611385)",yes,asphalt,,,,,,,
1280853181,1247826811,0,108841681,service,,,False,False,5.831428366171796,"LINESTRING (-2.5906746 51.4603191, -2.5905964 51.4603385)",yes,asphalt,,,,,,,
1280853181,1247826786,0,108841681,service,,,False,True,3.2579238948908658,"LINESTRING (-2.5906746 51.4603191, -2.5907169 51.4603063)",yes,asphalt,,,,,,,
1280853181,3332266263,0,326565331,footway,,,False,False,18.281528941939087,"LINESTRING (-2.5906746 51.4603191, -2.5907851 51.4604684)",yes,asphalt,,,,,,,
1280853181,1280853180,0,1362339451,footway,,,False,False,40.94826173515107,"LINESTRING (-2.5906746 51.4603191, -2.5904192 51.459987)",yes,paving_stones,,,,,,,
287226485,287226581,0,670195723,residential,20 mph,Moon Street,False,True,121.20826750100753,"LINESTRING (-2.5897108 51.4618839, -2.5902981 51.4608571)",yes,asphalt,,,,,,,
287226485,1079986909,0,93159682,unclassified,20 mph,Upper York Street,False,True,36.641315810985894,"LINESTRING (-2.5897108 51.4618839, -2.5898093 51.4619061, -2.589957 51.4619495, -2.5900068 51.4619866, -2.5901013 51.4620844)",yes,asphalt,,,,,,,
287226485,859323071,0,204097711,unclassified,20 mph,Upper York Street,False,False,21.14333964111244,"LINESTRING (-2.5897108 51.4618839, -2.5896201 51.4618394, -2.5895087 51.4617437)",yes,asphalt,,,,,,,
1079986909,6111856718,0,651817263,unclassified,20 mph,City Road,False,True,1.1979599954697262,"LINESTRING (-2.5901013 51.4620844, -2.5901167 51.4620795)",yes,asphalt,2,,,,,,
1079986909,287226485,0,93159682,unclassified,20 mph,Upper York Street,False,False,36.641315810985894,"LINESTRING (-2.5901013 51.4620844, -2.5900068 51.4619866, -2.589957 51.4619495, -2.5898093 51.4619061, -2.5897108 51.4618839)",yes,asphalt,,,,,,,
1079986909,4795736877,0,193994529,unclassified,20 mph,City Road,False,False,136.0422098712396,"LINESTRING (-2.5901013 51.4620844, -2.5898146 51.4622071, -2.589522 51.4623344, -2.588686 51.4627107, -2.5885015 51.4627938)",yes,asphalt,2,,,,,,
859323071,859323223,0,72343206,unclassified,20 mph,Backfields Lane,False,False,102.98675752117053,"LINESTRING (-2.5895087 51.4617437, -2.5883204 51.4623002)",no,asphalt,,,,,,,
859323071,5240224498,0,204097711,unclassified,20 mph,Upper York Street,False,False,23.093528833564342,"LINESTRING (-2.5895087 51.4617437, -2.5893214 51.4615719)",no,asphalt,,,,,,,
859323071,287226485,0,204097711,unclassified,20 mph,Upper York Street,False,True,21.14333964111244,"LINESTRING (-2.5895087 51.4617437, -2.5896201 51.4618394, -2.5897108 51.4618839)",yes,asphalt,,,,,,,
6111856718,6111856716,0,4019424,unclassified,,City Road,False,True,2.8690427554774307,"LINESTRING (-2.5901167 51.4620795, -2.5901569 51.4620857)",yes,asphalt,,,,,,,
6111856718,1079986909,0,651817263,unclassified,20 mph,City Road,False,False,1.1979599954697262,"LINESTRING (-2.5901167 51.4620795, -2.5901013 51.4620844)",yes,asphalt,2,,,,,,
6111856718,6111856710,0,651817261,unclassified,,City Road,False,False,8.074995708346755,"LINESTRING (-2.5901167 51.4620795, -2.5901187 51.4620498, -2.5901764 51.4620264)",yes,asphalt,,,,,,,
5240224498,364165254,0,204097711,unclassified,20 mph,Upper York Street,False,False,20.51864377956385,"LINESTRING (-2.5893214 51.4615719, -2.5891498 51.4614215)",no,asphalt,,,,,,,
5240224498,859323071,0,204097711,unclassified,20 mph,Upper York Street,False,True,23.093528833564342,"LINESTRING (-2.5893214 51.4615719, -2.5895087 51.4617437)",no,asphalt,,,,,,,
5240224498,5240224497,0,541977766,service,,,False,False,8.929281107760634,"LINESTRING (-2.5893214 51.4615719, -2.589422 51.4615217)",no,asphalt,,,,,,,
1247826786,1280853181,0,108841681,service,,,False,False,3.2579238948908658,"LINESTRING (-2.5907169 51.4603063, -2.5906746 51.4603191)",yes,asphalt,,,,,,,
1247826786,287226495,0,202755220,primary,20 mph,,False,True,18.250097665202556,"LINESTRING (-2.5907169 51.4603063, -2.5908459 51.4604494)",no,asphalt,1,A38,,,,,
1247826786,1280853193,0,"[108842672, 108842673, 202755220]",primary,20 mph,,False,False,40.66313662774567,"LINESTRING (-2.5907169 51.4603063, -2.5906244 51.4601609, -2.5905519 51.460031, -2.5905227 51.4599919, -2.5904984 51.4599676)",no,asphalt,"['1', '2']",A38,,,,,
1280853193,1247826786,0,"[108842672, 108842673, 202755220]",primary,20 mph,,False,True,40.66313662774567,"LINESTRING (-2.5904984 51.4599676, -2.5905227 51.4599919, -2.5905519 51.460031, -2.5906244 51.4601609, -2.5907169 51.4603063)",no,asphalt,"['1', '2']",A38,,,,,
1280853193,1280853180,0,"[1414930801, 1414930803]",footway,,,False,False,5.895890543701346,"LINESTRING (-2.5904984 51.4599676, -2.5904605 51.4599769, -2.5904192 51.459987)",no,paving_stones,,,,,,,
1280853193,3696173720,0,"[1414930802, 1414930803, 1091051221]",footway,,,False,True,8.581555735456487,"LINESTRING (-2.5904984 51.4599676, -2.5905427 51.4599568, -2.5905721 51.4599496, -2.5906137 51.4599394)",no,asphalt,,,,,,,
5240224479,364165254,0,26230308,residential,20 mph,Backfields,False,False,44.132684326128164,"LINESTRING (-2.5886428 51.4616618, -2.5891498 51.4614215)",no,asphalt,,,,,,,
5240224479,859323162,0,26230308,residential,20 mph,Backfields,False,True,10.973283248718671,"LINESTRING (-2.5886428 51.4616618, -2.5885168 51.4617216)",no,asphalt,,,,,,,
5240224479,5240224480,0,541977761,residential,20 mph,Backfields,False,True,7.37357436940522,"LINESTRING (-2.5886428 51.4616618, -2.5887032 51.4617164)",no,asphalt,,,,,,,
287226633,374166815,0,26230324,residential,20 mph,Charles Street,False,True,72.53163610803604,"LINESTRING (-2.5921277 51.4604654, -2.5914223 51.4609474)",yes,asphalt,,,,,,,
287226633,287226719,0,42879143,residential,20 mph,Barton Street,False,False,27.41240322765072,"LINESTRING (-2.5921277 51.4604654, -2.5918455 51.4602926)",no,asphalt,,,,,,,
287226719,287226633,0,42879143,residential,20 mph,Barton Street,False,True,27.41240322765072,"LINESTRING (-2.5918455 51.4602926, -2.5921277 51.4604654)",no,asphalt,,,,,,,
287226719,13127907918,0,1427956660,service,,,False,False,25.704448048774953,"LINESTRING (-2.5918455 51.4602926, -2.5920828 51.4601149)",no,asphalt,,,driveway,,,,
287226719,3332266267,0,26230315,residential,20 mph,Cherry Lane,False,False,50.04293475493353,"LINESTRING (-2.5918455 51.4602926, -2.5912848 51.4605044, -2.5912218 51.4605179)",yes,asphalt,,,,,,,
13127907918,287226719,0,1427956660,service,,,False,True,25.704448048774953,"LINESTRING (-2.5920828 51.4601149, -2.5918455 51.4602926)",no,asphalt,,,driveway,,,,
3332266269,3332266267,0,326565334,footway,,,False,False,8.410752308409855,"LINESTRING (-2.5911841 51.460446, -2.5912218 51.4605179)",yes,asphalt,,,,,,,
3332266269,3332266272,0,326565335,footway,,,False,False,6.940909574609109,"LINESTRING (-2.5911841 51.460446, -2.5910909 51.4604689)",yes,asphalt,,,,,,,
3332266269,645089711,0,"[326565332, 326565333, 326565334]",footway,,,False,True,67.79418299736989,"LINESTRING (-2.5911841 51.460446, -2.5909977 51.4601001, -2.5909282 51.4599285, -2.590927 51.4599138, -2.5909508 51.4598628)",yes,paving_stones,,,,building_passage,,,
4795736874,4795736877,0,"[487056552, 487056550, 487056551]",service,,,False,True,23.777763897111207,"LINESTRING (-2.5886994 51.4629685, -2.5886709 51.4629433, -2.5885719 51.4628542, -2.5885015 51.4627938)",no,asphalt,,,,building_passage,,,
300025247,3860890371,0,40554581,footway,,,False,False,10.838219571957332,"LINESTRING (-2.5868248 51.4592039, -2.5869765 51.4592277)",no,paving_stones,,,,,,,
300025247,5919449206,0,22988906,pedestrian,,Hanover Court,False,True,47.346873236621484,"LINESTRING (-2.5868248 51.4592039, -2.5868431 51.4591779, -2.5869575 51.4590027, -2.5870455 51.4588661, -2.5870757 51.458808)",no,paving_stones,,,,,,,
300025247,5064786728,0,40554581,footway,,,False,True,142.83216120855437,"LINESTRING (-2.5868248 51.4592039, -2.586543 51.4591668, -2.5862569 51.4591366, -2.5859212 51.4591148, -2.585604 51.4591199, -2.5853512 51.4591411, -2.5849792 51.4592112, -2.5848111 51.4592591)",no,paving_stones,,,,,,,
3860890371,300025247,0,40554581,footway,,,False,True,10.838219571957332,"LINESTRING (-2.5869765 51.4592277, -2.5868248 51.4592039)",no,paving_stones,,,,,,,
3860890371,2433863938,0,382882583,footway,,,False,False,151.59263014838132,"LINESTRING (-2.5869765 51.4592277, -2.5874505 51.4592445, -2.5882372 51.459222, -2.5891627 51.4592088)",yes,paving_stones,,,,,,,
3860890371,3860890367,0,"[192224370, 1362339445, 1362339446, 1362339447, 1362339448]",footway,,,False,True,40.16812934049306,"LINESTRING (-2.5869765 51.4592277, -2.5869729 51.4592461, -2.586964 51.4592919, -2.5869524 51.4593272, -2.5869472 51.4593429, -2.5870689 51.4593525, -2.5870647 51.4593861, -2.5870536 51.459414, -2.5870485 51.4594782, -2.5870399 51.4595192)",yes,paving_stones,,,,,,,
5064786728,492212322,0,40554581,footway,,,False,True,8.821143225750346,"LINESTRING (-2.5848111 51.4592591, -2.5846996 51.4592974)",yes,paving_stones,,,,,,,
5064786728,300025247,0,40554581,footway,,,False,False,142.83216120855434,"LINESTRING (-2.5848111 51.4592591, -2.5849792 51.4592112, -2.5853512 51.4591411, -2.585604 51.4591199, -2.5859212 51.4591148, -2.5862569 51.4591366, -2.586543 51.4591668, -2.5868248 51.4592039)",no,paving_stones,,,,,,,
5064786728,3860890366,0,"[1362339441, 1362339442, 1362339443, 1362339444, 365406620]",footway,,,False,False,42.24963071840559,"LINESTRING (-2.5848111 51.4592591, -2.5848271 51.4592804, -2.584863 51.4593282, -2.5848828 51.4593567, -2.5848966 51.4593764, -2.5850623 51.4593317, -2.5850732 51.4593474, -2.5851025 51.4593896, -2.5851345 51.4594357, -2.5851507 51.4594589)",yes,paving_stones,,,,,,,
2433863938,645089864,0,382882583,footway,,,False,False,63.89246301609069,"LINESTRING (-2.5891627 51.4592088, -2.5900846 51.4591941)",yes,asphalt,,,,,,,
2433863938,993186001,0,235305015,footway,,,False,True,46.46524184693831,"LINESTRING (-2.5891627 51.4592088, -2.589155 51.4591123, -2.5890452 51.4588923, -2.5889848 51.4588096)",no,asphalt,,,,,,,
2433863938,3860890371,0,382882583,footway,,,False,True,151.59263014838132,"LINESTRING (-2.5891627 51.4592088, -2.5882372 51.459222, -2.5874505 51.4592445, -2.5869765 51.4592277)",yes,paving_stones,,,,,,,
3860890367,2179076266,0,207653242,footway,,,False,True,4.103689638522577,"LINESTRING (-2.5870399 51.4595192, -2.5870988 51.4595231)",no,paving_stones,,,,,,,
3860890367,2179076479,0,207653242,footway,,,False,False,38.04780667165879,"LINESTRING (-2.5870399 51.4595192, -2.5868688 51.4595079, -2.5865758 51.4594729, -2.586501 51.4594575)",no,paving_stones,,,,,,,
3860890367,3860890371,0,"[192224370, 1362339445, 1362339446, 1362339447, 1362339448]",footway,,,False,False,40.16812934049306,"LINESTRING (-2.5870399 51.4595192, -2.5870485 51.4594782, -2.5870536 51.459414, -2.5870647 51.4593861, -2.5870689 51.4593525, -2.5869472 51.4593429, -2.5869524 51.4593272, -2.586964 51.4592919, -2.5869729 51.4592461, -2.5869765 51.4592277)",yes,paving_stones,,,,,,,
5919449201,5919449192,0,690763194,pedestrian,,Brigstowe Street,False,True,14.37458214786101,"LINESTRING (-2.584791 51.4586883, -2.5848568 51.4585657)",yes,paving_stones,,,,,permissive,,
5919449201,5919449206,0,"[627040443, 690763181, 690763182, 690763183]","['pedestrian', 'steps']",,Concorde Street,False,True,160.0654526892594,"LINESTRING (-2.584791 51.4586883, -2.5851102 51.4586785, -2.5851211 51.4586782, -2.585219 51.4586635, -2.5857803 51.4586717, -2.5863386 51.4587137, -2.5868461 51.4587977, -2.5870757 51.458808)",yes,paving_stones,,,,,permissive,,
5919449201,3842753611,0,"[690763188, 690763189, 380989798, 690763191]","['pedestrian', 'steps']",,,False,False,20.69767777690229,"LINESTRING (-2.584791 51.4586883, -2.5847731 51.458754, -2.5847661 51.4587853, -2.5847579 51.4588294, -2.5847497 51.4588726)",yes,paving_stones,,,,yes,permissive,,
492212322,5064786728,0,40554581,footway,,,False,False,8.821143225750346,"LINESTRING (-2.5846996 51.4592974, -2.5848111 51.4592591)",yes,paving_stones,,,,,,,
492212322,3842753611,0,27330986,pedestrian,,Stratton Lane,False,True,47.46541779336871,"LINESTRING (-2.5846996 51.4592974, -2.5846917 51.4592675, -2.5847019 51.4591833, -2.5847497 51.4588726)",yes,paving_stones,,,,,permissive,,
492212322,2433821537,0,"[1266443936, 235300629]",footway,,,False,True,35.762155194735044,"LINESTRING (-2.5846996 51.4592974, -2.584579 51.4593526, -2.5844935 51.459378, -2.5844137 51.4593887, -2.5843305 51.4593894, -2.5842735 51.4593705, -2.5842405 51.4593539)",yes,paving_stones,,,,,,,
3860890366,2179076502,0,207653242,footway,,,False,False,8.964489020359103,"LINESTRING (-2.5851507 51.4594589, -2.5850318 51.4594907)",no,paved,,,,,,,
3860890366,2179076344,0,207653242,footway,,,False,True,19.616000147382785,"LINESTRING (-2.5851507 51.4594589, -2.5851723 51.4594528, -2.5853893 51.4593981, -2.585414 51.4593946)",no,paving_stones,,,,,,,
3860890366,5064786728,0,"[1362339441, 1362339442, 1362339443, 1362339444, 365406620]",footway,,,False,True,42.249630718405584,"LINESTRING (-2.5851507 51.4594589, -2.5851345 51.4594357, -2.5851025 51.4593896, -2.5850732 51.4593474, -2.5850623 51.4593317, -2.5848966 51.4593764, -2.5848828 51.4593567, -2.584863 51.4593282, -2.5848271 51.4592804, -2.5848111 51.4592591)",yes,paving_stones,,,,,,,
6284334867,2204308507,0,671082499,service,,,False,False,5.138976634110533,"LINESTRING (-2.5848411 51.4602033, -2.5848717 51.4602454)",yes,paving_stones,,,parking_aisle,,,,
859323162,5240224479,0,26230308,residential,20 mph,Backfields,False,False,10.973283248718671,"LINESTRING (-2.5885168 51.4617216, -2.5886428 51.4616618)",no,asphalt,,,,,,,
5240224480,5240224479,0,541977761,residential,20 mph,Backfields,False,False,7.37357436940522,"LINESTRING (-2.5887032 51.4617164, -2.5886428 51.4616618)",no,asphalt,,,,,,,
5240224497,5240224498,0,541977766,service,,,False,True,8.929281107760634,"LINESTRING (-2.589422 51.4615217, -2.5893214 51.4615719)",no,asphalt,,,,,,,
12806902198,12272057949,0,1323620723,pedestrian,,Broadmead,False,False,47.2799371104064,"LINESTRING (-2.590956 51.4571382, -2.5903389 51.4573197)",yes,concrete,,,,,,,
12806902198,13288882109,0,1323620723,pedestrian,,Broadmead,False,True,24.638218401064258,"LINESTRING (-2.590956 51.4571382, -2.5910029 51.4571255, -2.5912088 51.4570502, -2.5912617 51.4570259)",yes,paving_stones,,,,,,,
12806902198,12806924710,0,"[1383346680, 1383346678]",footway,,,False,False,86.48460624557049,"LINESTRING (-2.590956 51.4571382, -2.5909315 51.4571054, -2.5905646 51.4565852, -2.5904531 51.4565606, -2.5903073 51.4566016)",yes,concrete,,,,building_passage,,,
1247760905,1247760876,0,108832806,service,,,False,False,5.868664384353735,"LINESTRING (-2.5906917 51.4621173, -2.5907464 51.462077)",no,asphalt,,,,,,,
6225987531,6225987538,0,4019344,primary,20 mph,Stokes Croft,False,False,11.055510642072768,"LINESTRING (-2.5906351 51.4614405, -2.5906572 51.4614014, -2.5907256 51.4613621)",no,asphalt,,A38,,,,,
6225987531,6225987537,0,4019344,primary,20 mph,Stokes Croft,False,True,9.666103824937693,"LINESTRING (-2.5906351 51.4614405, -2.5906156 51.4614749, -2.5906236 51.4615251)",no,asphalt,,A38,,,,,
6225987531,6225987532,0,665176846,footway,,,False,True,5.4900561179224034,"LINESTRING (-2.5906351 51.4614405, -2.5906606 51.4614466, -2.5906847 51.4614522, -2.5907092 51.461458)",no,asphalt,,,,,,,
6225987532,6225987537,0,665176844,primary,20 mph,Stokes Croft,False,False,9.81461367315287,"LINESTRING (-2.5907092 51.461458, -2.5906894 51.46149, -2.5906236 51.4615251)",no,asphalt,,A38,,,,,
6225987532,6225987538,0,665176844,primary,20 mph,Stokes Croft,False,True,11.032632756641881,"LINESTRING (-2.5907092 51.461458, -2.590735 51.4614165, -2.5907256 51.4613621)",no,asphalt,,A38,,,,,
6225987532,6225987531,0,665176846,footway,,,False,False,5.4900561179224034,"LINESTRING (-2.5907092 51.461458, -2.5906847 51.4614522, -2.5906606 51.4614466, -2.5906351 51.4614405)",no,asphalt,,,,,,,
4878990043,5156816332,0,496181298,service,5 mph,,False,True,31.04514194383513,"LINESTRING (-2.5794241 51.4571428, -2.5796369 51.4573885)",yes,asphalt,,,,,,,
4878990036,4878990037,0,496181296,footway,,,False,True,10.020405833128567,"LINESTRING (-2.5792643 51.4574648, -2.579302 51.4575518)",yes,asphalt,,,,,,,
4878990036,5156816332,0,531217986,residential,20 mph,Bragg's Lane,False,True,27.175903989787948,"LINESTRING (-2.5792643 51.4574648, -2.5794965 51.4574187, -2.5796369 51.4573885)",yes,asphalt,,,,,,,
2627428303,435846358,0,"[727603379, 727603380]",footway,,,False,True,88.54265857720037,"LINESTRING (-2.5905331 51.457372, -2.5909944 51.458029, -2.5910454 51.4581015)",yes,paving_stones,,,,,,,
835468063,2433742262,0,235292522,footway,,,False,True,5.237001404698587,"LINESTRING (-2.5813795 51.4638274, -2.5813233 51.4637959)",no,asphalt,,,,,,,
859323102,859323002,0,72343229,footway,,,False,False,43.96854325428429,"LINESTRING (-2.5815839 51.4636405, -2.5822093 51.4635731)",no,asphalt,,,,,,,
859323102,2433742262,0,72343229,footway,,,False,True,24.990624110843957,"LINESTRING (-2.5815839 51.4636405, -2.5814142 51.4637426, -2.5813233 51.4637959)",no,asphalt,,,,,,,
859323102,859323296,0,235292520,footway,,,False,False,29.907497458917394,"LINESTRING (-2.5815839 51.4636405, -2.58178 51.4637633, -2.5819125 51.4638118)",no,asphalt,,,,,,,
3842753611,492212322,0,27330986,pedestrian,,Stratton Lane,False,False,47.46541779336871,"LINESTRING (-2.5847497 51.4588726, -2.5847019 51.4591833, -2.5846917 51.4592675, -2.5846996 51.4592974)",yes,paving_stones,,,,,permissive,,
3842753611,6481238325,0,27330986,pedestrian,,Stratton Lane,False,True,10.56746838522179,"LINESTRING (-2.5847497 51.4588726, -2.5847219 51.4588714, -2.5847302 51.4587939)",yes,paving_stones,,,,,permissive,,
3842753611,5919449201,0,"[690763188, 690763189, 380989798, 690763191]","['pedestrian', 'steps']",,,False,True,20.69767777690229,"LINESTRING (-2.5847497 51.4588726, -2.5847579 51.4588294, -2.5847661 51.4587853, -2.5847731 51.458754, -2.584791 51.4586883)",yes,paving_stones,,,,yes,permissive,,
12649817254,1280281136,0,1258648261,service,,,False,True,6.605362462465347,"LINESTRING (-2.584829 51.4569739, -2.584744 51.4570008)",yes,paved,,,,,,,
12649817254,492221099,0,1365972622,footway,,,False,False,41.13470464047073,"LINESTRING (-2.584829 51.4569739, -2.5848935 51.457066, -2.5849705 51.4572357, -2.5849638 51.4573287)",no,paved,,,,,,,
5919449198,2027862783,0,192224369,pedestrian,,Hollister Street,False,True,56.738558423381455,"LINESTRING (-2.5854145 51.4579288, -2.5852821 51.4579368, -2.5847076 51.45775, -2.584674 51.4577391)",yes,paving_stones,,,,,permissive,,
5919449198,5919449207,0,690763184,pedestrian,,Brigstowe Street,False,True,72.17343690813831,"LINESTRING (-2.5854145 51.4579288, -2.5857778 51.4576928, -2.5860072 51.457575, -2.5861884 51.4574977)",yes,paving_stones,,,,,permissive,,
5919449198,5919449192,0,690763194,pedestrian,,Brigstowe Street,False,False,82.13121978415701,"LINESTRING (-2.5854145 51.4579288, -2.5851394 51.4581692, -2.5848919 51.4584087, -2.5848568 51.4585657)",yes,paving_stones,,,,,permissive,,
537141811,5834930818,0,24239077,unclassified,,Redcross Street,False,True,46.66777715769157,"LINESTRING (-2.5831649 51.4567022, -2.5825238 51.4568309)",no,asphalt,,,,,,,
537141811,1280269110,0,42899148,unclassified,,Asher Lane,False,False,45.63947033708337,"LINESTRING (-2.5831649 51.4567022, -2.5832472 51.4569011, -2.5833459 51.4570967)",no,asphalt,,,,,,,
1280269110,537141811,0,42899148,unclassified,,Asher Lane,False,True,45.63947033708337,"LINESTRING (-2.5833459 51.4570967, -2.5832472 51.4569011, -2.5831649 51.4567022)",no,asphalt,,,,,,,
1280269110,13136150089,0,112681451,service,,,False,False,21.814332525685618,"LINESTRING (-2.5833459 51.4570967, -2.5832965 51.4571397, -2.5830748 51.4571778)",no,asphalt,,,parking_aisle,,,,
1280269110,1280269104,0,1428975352,service,,,False,False,81.51956854840576,"LINESTRING (-2.5833459 51.4570967, -2.5833951 51.4571123, -2.5835077 51.4571139, -2.5837813 51.4570529, -2.5839503 51.4572861, -2.5839677 51.4574774)",no,asphalt,,,driveway,,,,
5834930803,5834930818,0,68808074,footway,,,False,False,13.922479234366637,"LINESTRING (-2.5826715 51.4569153, -2.5826551 51.4569027, -2.5826025 51.4568715, -2.5825636 51.4568495, -2.5825238 51.4568309)",no,paved,,,,,,,
5834930803,1280267492,0,68808074,footway,,,False,True,50.862419241295456,"LINESTRING (-2.5826715 51.4569153, -2.5826856 51.4569262, -2.5827155 51.4569596, -2.5827359 51.4569927, -2.5827536 51.4570235, -2.5827624 51.4570533, -2.5827695 51.457082, -2.5827704 51.4571208, -2.5827686 51.4571443, -2.5827663 51.4571641, -2.5827666 51.4571864, -2.5827678 51.4572122, -2.5827788 51.4572345, -2.5828007 51.4572628, -2.5828124 51.4572856, -2.5828353 51.4573055, -2.5828923 51.4573318)",no,asphalt,,,,,,,
5834930803,1280267505,0,244680593,footway,,,False,True,18.09207386423877,"LINESTRING (-2.5826715 51.4569153, -2.5826265 51.4569432, -2.5825775 51.4569577, -2.5824961 51.4569708, -2.5824377 51.4569773)",no,paved,,,,,,,
13136150089,1280269110,0,112681451,service,,,False,True,21.814332525685618,"LINESTRING (-2.5830748 51.4571778, -2.5832965 51.4571397, -2.5833459 51.4570967)",no,asphalt,,,parking_aisle,,,,
1280269104,1280269110,0,1428975352,service,,,False,True,81.51956854840576,"LINESTRING (-2.5839677 51.4574774, -2.5839503 51.4572861, -2.5837813 51.4570529, -2.5835077 51.4571139, -2.5833951 51.4571123, -2.5833459 51.4570967)",no,asphalt,,,driveway,,,,
3329881929,3329881928,0,326356015,footway,,,False,True,29.90804970013377,"LINESTRING (-2.5907255 51.4594505, -2.591123 51.4593456)",yes,paving_stones,,,,,,,
3329881929,1280853184,0,"[326356016, 78203450, 112748679]",footway,,,False,True,58.73273737578306,"LINESTRING (-2.5907255 51.4594505, -2.5904269 51.4595425, -2.5903674 51.459625, -2.5903136 51.4596672, -2.5901409 51.4597942, -2.5901332 51.4598028)",yes,paving_stones,,,,yes,,,
3329881929,645089708,0,"[326356017, 50659423]",footway,,,False,"[False, True]",44.858688831209975,"LINESTRING (-2.5907255 51.4594505, -2.5909242 51.4595811, -2.5909948 51.4596524, -2.5910916 51.4597784)",yes,paving_stones,,,,yes,,,
3329881929,6937982874,0,"[50659424, 326356018, 741066402]",footway,,,False,True,41.3682018319211,"LINESTRING (-2.5907255 51.4594505, -2.5905321 51.4593508, -2.5904356 51.4592879, -2.5903449 51.4591813, -2.5903388 51.4591743)",yes,paving_stones,,,,yes,,,
3329881929,5823455892,0,"[615874821, 1026516204, 615879525, 1414930797]","['steps', 'footway']",,,False,"[False, True]",145.65078830751847,"LINESTRING (-2.5907255 51.4594505, -2.5908593 51.4593018, -2.5908687 51.459234, -2.5908805 51.4592054, -2.5909031 51.4591876, -2.5909333 51.4591814, -2.5909736 51.4591786, -2.5910157 51.4591809, -2.5910562 51.4591956, -2.5910811 51.4591644, -2.5911638 51.459196, -2.5912277 51.4592374, -2.5912708 51.4592912, -2.5913063 51.4593449, -2.591314 51.459462, -2.591277 51.459535, -2.5911815 51.4596099, -2.5907332 51.4597604, -2.5906704 51.4597722)",yes,paving_stones,,,,,,,
3329881929,5823455892,1,"[1414930804, 615879526, 615874822]","['steps', 'footway']",,,False,True,42.013029443819974,"LINESTRING (-2.5907255 51.4594505, -2.590755 51.459565, -2.5907526 51.4596055, -2.5907587 51.4596282, -2.590775 51.4596505, -2.5907774 51.4596651, -2.5907665 51.4596998, -2.5907531 51.4597223, -2.5906553 51.4597361, -2.5906704 51.4597722)",yes,paving_stones,,,,,,,
645089694,645089696,0,50659421,steps,,,False,False,6.737235014003865,"LINESTRING (-2.5913149 51.4597161, -2.5914116 51.4597097)",no,asphalt,,,,,,,
645089694,645089708,0,50659430,footway,,,False,True,16.95078465373502,"LINESTRING (-2.5913149 51.4597161, -2.5910916 51.4597784)",yes,paving_stones,,,,,,,
645089694,1281268388,0,112786975,footway,,,False,False,25.93306909896195,"LINESTRING (-2.5913149 51.4597161, -2.5912741 51.4597511, -2.5911587 51.4597887, -2.5910608 51.459818, -2.5910347 51.4598335, -2.5910192 51.4598495)",no,asphalt,,,,,,,
645089696,645089694,0,50659421,steps,,,False,True,6.737235014003865,"LINESTRING (-2.5914116 51.4597097, -2.5913149 51.4597161)",no,asphalt,,,,,,,
645089696,1281268388,0,326498373,footway,,,False,True,31.934101955868243,"LINESTRING (-2.5914116 51.4597097, -2.5913102 51.4597759, -2.5910192 51.4598495)",no,asphalt,,,,,,,
645089708,645089694,0,50659430,footway,,,False,False,16.95078465373502,"LINESTRING (-2.5910916 51.4597784, -2.5913149 51.4597161)",yes,paving_stones,,,,,,,
645089708,645089711,0,50659422,steps,,,False,False,13.745058766000795,"LINESTRING (-2.5910916 51.4597784, -2.5910233 51.4598055, -2.5909857 51.4598309, -2.5909508 51.4598628)",yes,paving_stones,,,,,,,
645089708,3329881929,0,"[326356017, 50659423]",footway,,,False,"[False, True]",44.858688831209975,"LINESTRING (-2.5910916 51.4597784, -2.5909948 51.4596524, -2.5909242 51.4595811, -2.5907255 51.4594505)",yes,paving_stones,,,,yes,,,
1281268388,645089711,0,1026516207,footway,,,False,False,4.964260889949728,"LINESTRING (-2.5910192 51.4598495, -2.5909508 51.4598628)",no,asphalt,,,,,,,
1281268388,645089694,0,112786975,footway,,,False,True,25.93306909896195,"LINESTRING (-2.5910192 51.4598495, -2.5910347 51.4598335, -2.5910608 51.459818, -2.5911587 51.4597887, -2.5912741 51.4597511, -2.5913149 51.4597161)",no,asphalt,,,,,,,
1281268388,645089696,0,326498373,footway,,,False,False,31.934101955868243,"LINESTRING (-2.5910192 51.4598495, -2.5913102 51.4597759, -2.5914116 51.4597097)",no,asphalt,,,,,,,
645089711,1281268388,0,1026516207,footway,,,False,True,4.964260889949728,"LINESTRING (-2.5909508 51.4598628, -2.5910192 51.4598495)",no,asphalt,,,,,,,
645089711,645089708,0,50659422,steps,,,False,True,13.745058766000795,"LINESTRING (-2.5909508 51.4598628, -2.5909857 51.4598309, -2.5910233 51.4598055, -2.5910916 51.4597784)",yes,paving_stones,,,,,,,
645089711,3332266269,0,"[326565332, 326565333, 326565334]",footway,,,False,False,67.79418299736989,"LINESTRING (-2.5909508 51.4598628, -2.590927 51.4599138, -2.5909282 51.4599285, -2.5909977 51.4601001, -2.5911841 51.460446)",yes,paving_stones,,,,building_passage,,,
3329881928,3329881929,0,326356015,footway,,,False,False,29.90804970013377,"LINESTRING (-2.591123 51.4593456, -2.5907255 51.4594505)",yes,paving_stones,,,,,,,
3329881928,1281294900,0,326356015,footway,,,False,True,9.621470163859962,"LINESTRING (-2.591123 51.4593456, -2.5912532 51.4593155)",yes,paving_stones,,,,,,,
3329881928,5823455446,0,"[615874817, 615879527]","['steps', 'footway']",,,False,"[False, True]",8.19798245427282,"LINESTRING (-2.591123 51.4593456, -2.591171 51.4593894, -2.5911937 51.4594045)",yes,paving_stones,,,,,,,
1280853184,3329881929,0,"[326356016, 78203450, 112748679]",footway,,,False,False,58.732737375783074,"LINESTRING (-2.5901332 51.4598028, -2.5901409 51.4597942, -2.5903136 51.4596672, -2.5903674 51.459625, -2.5904269 51.4595425, -2.5907255 51.4594505)",yes,paving_stones,,,,yes,,,
1280853184,1280853191,0,"[1362339450, 112748676, 112748679]","['steps', 'footway']",,,False,True,14.97090979707404,"LINESTRING (-2.5901332 51.4598028, -2.5901507 51.4598146, -2.590236 51.4598597, -2.5902843 51.4598982)",yes,paving_stones,,,,,,,
1280853184,3860908599,0,1362339449,footway,,,False,False,35.9055316567842,"LINESTRING (-2.5901332 51.4598028, -2.5899635 51.4597017, -2.5898118 51.4596071, -2.5897536 51.4595842)",yes,paving_stones,,,,,,,
6937982874,645089864,0,"[50659428, 50659429, 112748671]","['steps', 'footway']",,,False,"[False, True]",18.705355879920617,"LINESTRING (-2.5903388 51.4591743, -2.5903258 51.4591789, -2.5902317 51.4592086, -2.5901894 51.4592083, -2.5900846 51.4591941)",no,asphalt,,,,,,,
6937982874,1280853173,0,112748671,footway,,,False,True,38.589339164020295,"LINESTRING (-2.5903388 51.4591743, -2.5907832 51.459018, -2.5907958 51.45899)",no,paving_stones,,,,,,,
6937982874,3329881929,0,"[50659424, 741066402, 326356018]",footway,,,False,False,41.3682018319211,"LINESTRING (-2.5903388 51.4591743, -2.5903449 51.4591813, -2.5904356 51.4592879, -2.5905321 51.4593508, -2.5907255 51.4594505)",yes,paving_stones,,,,yes,,,
645089864,2433863938,0,382882583,footway,,,False,True,63.89246301609069,"LINESTRING (-2.5900846 51.4591941, -2.5891627 51.4592088)",yes,asphalt,,,,,,,
645089864,6937982874,0,"[50659428, 50659429, 112748671]","['steps', 'footway']",,,False,"[False, True]",18.705355879920617,"LINESTRING (-2.5900846 51.4591941, -2.5901894 51.4592083, -2.5902317 51.4592086, -2.5903258 51.4591789, -2.5903388 51.4591743)",no,asphalt,,,,,,,
645089864,1280853173,0,382882583,footway,,,False,False,54.872188289798665,"LINESTRING (-2.5900846 51.4591941, -2.5901976 51.4591899, -2.5907958 51.45899)",no,paving_stones,,,,,,,
993186001,5794635161,0,3512235,unclassified,20 mph,The Horsefair,False,False,22.849062703210414,"LINESTRING (-2.5889848 51.4588096, -2.5888719 51.4588141, -2.5887195 51.4588196, -2.5886556 51.4588173)",no,asphalt,1,,,,,,
993186001,5919449223,0,3512235,unclassified,20 mph,The Horsefair,False,True,59.75757657001503,"LINESTRING (-2.5889848 51.4588096, -2.5890608 51.4587996, -2.5891332 51.4587747, -2.5897481 51.4585635)",yes,paving_stones,1,,,,,,
993186001,2433863938,0,235305015,footway,,,False,False,46.46524184693831,"LINESTRING (-2.5889848 51.4588096, -2.5890452 51.4588923, -2.589155 51.4591123, -2.5891627 51.4592088)",no,asphalt,,,,,,,
826648017,826648042,0,68800004,steps,,,False,False,27.642312575402592,"LINESTRING (-2.585815 51.4564686, -2.5859492 51.4565598, -2.5860354 51.4566057, -2.586109 51.4566346)",no,asphalt,,,,,,,
826648042,826648017,0,68800004,steps,,,False,True,27.642312575402592,"LINESTRING (-2.586109 51.4566346, -2.5860354 51.4566057, -2.5859492 51.4565598, -2.585815 51.4564686)",no,asphalt,,,,,,,
826648042,5822644367,0,68800005,footway,,,False,False,23.368193312257528,"LINESTRING (-2.586109 51.4566346, -2.5862494 51.4566701, -2.5864034 51.4566884, -2.5864323 51.4566871)",no,asphalt,,,,,,,
826648042,5822644345,0,615789159,footway,,,False,False,14.851933600106875,"LINESTRING (-2.586109 51.4566346, -2.5861247 51.4566645, -2.5861308 51.4566898, -2.5861338 51.4567663)",no,asphalt,,,,,,,
5822644345,826648042,0,615789159,footway,,,False,True,14.851933600106875,"LINESTRING (-2.5861338 51.4567663, -2.5861308 51.4566898, -2.5861247 51.4566645, -2.586109 51.4566346)",no,asphalt,,,,,,,
5822644358,5822644367,0,615789163,footway,,,False,False,22.171123777808827,"LINESTRING (-2.5861888 51.4567956, -2.5862649 51.4567886, -2.5863073 51.456781, -2.5863512 51.4567608, -2.5863965 51.4567288, -2.5864323 51.4566871)",no,asphalt,,,,,,,
5822644348,5822644363,0,615789162,footway,,,False,False,13.949919150422224,"LINESTRING (-2.58618 51.4568211, -2.5863137 51.4569149)",yes,asphalt,,,,,,,
12595689538,6018494689,0,20343257,tertiary,20 mph,Broad Weir,False,False,4.106229292358075,"LINESTRING (-2.5860511 51.4570222, -2.585998 51.4570386)",no,asphalt,2,,,,,,
12595689538,5822644363,0,20343257,tertiary,20 mph,Broad Weir,False,True,21.822793961579958,"LINESTRING (-2.5860511 51.4570222, -2.586109 51.4570058, -2.5861693 51.4569787, -2.5863137 51.4569149)",yes,asphalt,2,,,,,,
12595689538,4661094416,0,"[1360635504, 1360635502, 1360635503]",footway,,,False,False,21.743265857996235,"LINESTRING (-2.5860511 51.4570222, -2.5860758 51.4570529, -2.5860899 51.4570703, -2.5860629 51.4570818, -2.5860309 51.4571054, -2.5860107 51.4571344, -2.586007 51.4571657, -2.5859946 51.4571688, -2.585966 51.4571757)",no,asphalt,,,,,,,
12595689538,12595689528,0,"[615789161, 1360635502]",footway,,,False,True,7.467299679263429,"LINESTRING (-2.5860511 51.4570222, -2.5860168 51.4569797, -2.5860048 51.4569616)",no,asphalt,,,,,,,
5919449209,5919449215,0,627040444,pedestrian,,Philadelphia Street,False,True,22.69111526223134,"LINESTRING (-2.5867832 51.4572491, -2.5870702 51.4571508)",yes,paving_stones,,,,,,,
5919449209,5822644363,0,627040439,footway,,,False,True,49.76558635530472,"LINESTRING (-2.5867832 51.4572491, -2.5867313 51.4572161, -2.5863658 51.4569831, -2.5863137 51.4569149)",yes,asphalt,,,,,,,
5919449209,5919449207,0,627040444,pedestrian,,Philadelphia Street,False,False,49.62359201543493,"LINESTRING (-2.5867832 51.4572491, -2.5862407 51.4574763, -2.5861884 51.4574977)",yes,paving_stones,,,,,,,
835468054,859323020,0,69892594,residential,20 mph,Burnell Drive,False,False,39.74387237114491,"LINESTRING (-2.5830332 51.4635929, -2.583444 51.4633434)",no,asphalt,,,,,,,
835468054,2433764735,0,"[564463032, 564463033]","['residential', 'footway']",20 mph,Burnell Drive,False,False,20.109663778039124,"LINESTRING (-2.5830332 51.4635929, -2.5829217 51.4635215, -2.5827985 51.4635481)",no,asphalt,,,,,,,
835468054,859323097,0,"[564463033, 72343241]","['residential', 'footway']",20 mph,Burnell Drive,False,True,21.228573826194733,"LINESTRING (-2.5830332 51.4635929, -2.5831509 51.4636709, -2.5831651 51.4636955, -2.5832225 51.4637408)",no,asphalt,,,,,,,
859323020,835468054,0,69892594,residential,20 mph,Burnell Drive,False,True,39.74387237114491,"LINESTRING (-2.583444 51.4633434, -2.5830332 51.4635929)",no,asphalt,,,,,,,
859323020,2433764852,0,72343234,footway,,,False,False,9.605518726881241,"LINESTRING (-2.583444 51.4633434, -2.5833536 51.4632779)",no,asphalt,,,,,,,
859323020,2433764623,0,69892594,residential,20 mph,Burnell Drive,False,False,29.54155659597386,"LINESTRING (-2.583444 51.4633434, -2.5835227 51.4632941, -2.5837445 51.4631549)",no,asphalt,,,,,,,
2433764735,2433764788,0,235295051,footway,,,False,False,48.842324042691054,"LINESTRING (-2.5827985 51.4635481, -2.5833018 51.4632405)",no,asphalt,,,,,,,
2433764735,2433764901,0,564463032,footway,,,False,False,6.815628895572401,"LINESTRING (-2.5827985 51.4635481, -2.5827174 51.4635828)",no,asphalt,,,,,,,
2433764735,835468054,0,"[564463032, 564463033]","['residential', 'footway']",20 mph,Burnell Drive,False,True,20.109663778039124,"LINESTRING (-2.5827985 51.4635481, -2.5829217 51.4635215, -2.5830332 51.4635929)",no,asphalt,,,,,,,
2433764852,2433764788,0,72343234,footway,,,False,False,5.4929222675289635,"LINESTRING (-2.5833536 51.4632779, -2.5833018 51.4632405)",no,asphalt,,,,,,,
2433764852,859323020,0,72343234,footway,,,False,True,9.605518726881241,"LINESTRING (-2.5833536 51.4632779, -2.583444 51.4633434)",no,asphalt,,,,,,,
2433764852,2433764891,0,235295057,footway,,,False,False,21.72872207854695,"LINESTRING (-2.5833536 51.4632779, -2.5835771 51.4631408)",no,asphalt,,,,,,,
2433764788,2433764852,0,72343234,footway,,,False,True,5.4929222675289635,"LINESTRING (-2.5833018 51.4632405, -2.5833536 51.4632779)",no,asphalt,,,,,,,
2433764788,2433764735,0,235295051,footway,,,False,True,48.842324042691054,"LINESTRING (-2.5833018 51.4632405, -2.5827985 51.4635481)",no,asphalt,,,,,,,
2433764788,2433744230,0,72343234,footway,,,False,False,23.60310060542931,"LINESTRING (-2.5833018 51.4632405, -2.5832183 51.4631801, -2.5831372 51.463165, -2.5830433 51.4631107)",no,asphalt,,,,,,,
2433764901,2433764738,0,235295049,footway,,,False,True,22.48724069542253,"LINESTRING (-2.5827174 51.4635828, -2.5824974 51.4634341)",no,asphalt,,,,,,,
2433764901,2433764735,0,564463032,footway,,,False,True,6.815628895572401,"LINESTRING (-2.5827174 51.4635828, -2.5827985 51.4635481)",no,asphalt,,,,,,,
2433764901,2433764759,0,"[235295049, 564463030]","['residential', 'footway']",20 mph,Ludlow Close,False,False,30.058073316021463,"LINESTRING (-2.5827174 51.4635828, -2.5825877 51.4636516, -2.5825068 51.4637081, -2.5826089 51.4637696)",no,asphalt,,,,,,,
2433764759,859323259,0,72343257,residential,20 mph,Ludlow Close,False,False,47.72974234979766,"LINESTRING (-2.5826089 51.4637696, -2.5825161 51.4638311, -2.5821237 51.4640743)",no,asphalt,,,,,,,
2433764759,859323097,0,"[69892598, 564463030]","['residential', 'footway']",20 mph,Ludlow Close,False,"[False, True]",59.35868503892104,"LINESTRING (-2.5826089 51.4637696, -2.5828905 51.4639415, -2.5832225 51.4637408)",no,asphalt,,,,,,,
2433764759,2433764901,0,"[235295049, 564463030]","['residential', 'footway']",20 mph,Ludlow Close,False,True,30.058073316021463,"LINESTRING (-2.5826089 51.4637696, -2.5825068 51.4637081, -2.5825877 51.4636516, -2.5827174 51.4635828)",no,asphalt,,,,,,,
2433764891,2433764852,0,235295057,footway,,,False,True,21.72872207854695,"LINESTRING (-2.5835771 51.4631408, -2.5833536 51.4632779)",no,asphalt,,,,,,,
2433764891,2433764893,0,235295038,footway,,,False,False,39.8425963478984,"LINESTRING (-2.5835771 51.4631408, -2.5835532 51.4631259, -2.5834752 51.4630823, -2.5833799 51.4630322, -2.5833303 51.4630205, -2.583158 51.4629002)",no,asphalt,,,,,,,
2433764891,2433764623,0,235295057,footway,,,False,False,17.35442360860062,"LINESTRING (-2.5835771 51.4631408, -2.5836522 51.4630898, -2.5837445 51.4631549)",no,asphalt,,,,,,,
2433764693,835468057,0,69892596,residential,20 mph,Beggarswell Close,False,False,22.340787568909395,"LINESTRING (-2.5835751 51.4627861, -2.5838013 51.4626429)",no,asphalt,,,,,,,
2433764693,2433764668,0,235295044,footway,,,False,True,12.080757361515918,"LINESTRING (-2.5835751 51.4627861, -2.5834524 51.4627089)",no,asphalt,,,,,,,
2433764693,3546758138,0,"[348569491, 69892596]","['residential', 'footway']",20 mph,Beggarswell Close,False,True,38.95881293566231,"LINESTRING (-2.5835751 51.4627861, -2.5833004 51.4629601, -2.5831928 51.4628776)",no,asphalt,,,,,,,
2433764756,5438534268,0,72343224,unclassified,20 mph,Prince's Street,False,False,7.293470247663063,"LINESTRING (-2.5836777 51.4625626, -2.5836041 51.4625157)",no,asphalt,,,,,,,
2433764756,835468057,0,72343224,unclassified,20 mph,Prince's Street,False,True,12.371172996180459,"LINESTRING (-2.5836777 51.4625626, -2.5838013 51.4626429)",no,asphalt,,,,,,,
2433764756,2433764668,0,235295047,footway,,,False,True,22.544573758003153,"LINESTRING (-2.5836777 51.4625626, -2.5834524 51.4627089)",no,asphalt,,,,,,,
2433764668,2433764693,0,235295044,footway,,,False,False,12.080757361515918,"LINESTRING (-2.5834524 51.4627089, -2.5835751 51.4627861)",no,asphalt,,,,,,,
2433764668,2433764756,0,235295047,footway,,,False,False,22.544573758003153,"LINESTRING (-2.5834524 51.4627089, -2.5836777 51.4625626)",no,asphalt,,,,,,,
2433764668,3546758138,0,235295047,footway,,,False,True,25.98694746341491,"LINESTRING (-2.5834524 51.4627089, -2.5831928 51.4628776)",no,asphalt,,,,,,,
3546758138,2433764668,0,235295047,footway,,,False,False,25.98694746341491,"LINESTRING (-2.5831928 51.4628776, -2.5834524 51.4627089)",no,asphalt,,,,,,,
3546758138,2433764893,0,235295047,footway,,,False,True,3.4824341314655403,"LINESTRING (-2.5831928 51.4628776, -2.583158 51.4629002)",no,asphalt,,,,,,,
3546758138,2433764693,0,"[348569491, 69892596]","['residential', 'footway']",20 mph,Beggarswell Close,False,False,38.95881293566231,"LINESTRING (-2.5831928 51.4628776, -2.5833004 51.4629601, -2.5835751 51.4627861)",no,asphalt,,,,,,,
5438534268,2433764756,0,72343224,unclassified,20 mph,Prince's Street,False,True,7.293470247663063,"LINESTRING (-2.5836041 51.4625157, -2.5836777 51.4625626)",no,asphalt,,,,,,,
5438534268,2433744240,0,72343224,unclassified,20 mph,Prince's Street,False,False,34.82092523121401,"LINESTRING (-2.5836041 51.4625157, -2.5833076 51.4623267, -2.5832418 51.4623001)",no,asphalt,,,,,,,
5438534268,8230223567,0,"[564463058, 885024932]",service,,,False,False,42.6292463088348,"LINESTRING (-2.5836041 51.4625157, -2.5837067 51.4624431, -2.583702 51.4624116, -2.5834274 51.4622225)",no,asphalt,,,,,,,
835468061,6327939700,0,69892600,residential,20 mph,Corey Close,False,True,20.59729899118301,"LINESTRING (-2.5819464 51.4641871, -2.5817118 51.4640733)",no,asphalt,,,,,,,
835468061,3980721935,0,72343257,residential,20 mph,Ludlow Close,False,False,18.75296346946253,"LINESTRING (-2.5819464 51.4641871, -2.5817541 51.4643058)",no,asphalt,,,,,,,
835468061,6327939694,0,72343257,residential,20 mph,Ludlow Close,False,True,6.3396864783708695,"LINESTRING (-2.5819464 51.4641871, -2.5820127 51.4641478)",no,asphalt,,,,,,,
6327939700,835468061,0,69892600,residential,20 mph,Corey Close,False,False,20.59729899118301,"LINESTRING (-2.5817118 51.4640733, -2.5819464 51.4641871)",no,asphalt,,,,,,,
6327939700,6327939693,0,675713092,footway,,,False,True,8.753124989104197,"LINESTRING (-2.5817118 51.4640733, -2.5818006 51.4640173)",no,concrete,,,,,,,
6327939700,6327939696,0,69892600,residential,20 mph,Corey Close,False,True,20.754382793048954,"LINESTRING (-2.5817118 51.4640733, -2.5816672 51.46405, -2.5816211 51.4640246, -2.5814903 51.4639477)",no,asphalt,,,,,,,
6327939694,835468061,0,72343257,residential,20 mph,Ludlow Close,False,False,6.3396864783708695,"LINESTRING (-2.5820127 51.4641478, -2.5819464 51.4641871)",no,asphalt,,,,,,,
6327939694,3980721920,0,72343257,residential,20 mph,Ludlow Close,False,True,4.5731196070473965,"LINESTRING (-2.5820127 51.4641478, -2.5820606 51.4641195)",no,asphalt,,,,,,,
6327939694,6327939555,0,675713092,footway,,,False,False,15.34217205045876,"LINESTRING (-2.5820127 51.4641478, -2.5818552 51.4640508)",no,concrete,,,,,,,
6327939693,6327939700,0,675713092,footway,,,False,False,8.753124989104197,"LINESTRING (-2.5818006 51.4640173, -2.5817118 51.4640733)",no,concrete,,,,,,,
6327939693,6327939555,0,675713092,footway,,,False,True,5.308731050394048,"LINESTRING (-2.5818006 51.4640173, -2.5818552 51.4640508)",no,concrete,,,,,,,
6327939693,6327939552,0,"[675713074, 675713075, 675713076, 675713070]","['steps', 'footway']",,,False,True,6.192421792440559,"LINESTRING (-2.5818006 51.4640173, -2.5818244 51.464013, -2.5818395 51.4640221, -2.5818435 51.4640246, -2.5818705 51.4640412)",no,concrete,,,,,,,
6327939696,6327939698,0,69892600,residential,20 mph,Corey Close,False,True,9.406822563675878,"LINESTRING (-2.5814903 51.4639477, -2.5813916 51.4638896)",no,asphalt,,,,,,,
6327939696,6327939695,0,675713093,residential,20 mph,Corey Close,False,False,7.677961515002681,"LINESTRING (-2.5814903 51.4639477, -2.5815664 51.4638975)",no,asphalt,,,,,,,
6327939696,6327939700,0,69892600,residential,20 mph,Corey Close,False,False,20.754382793048954,"LINESTRING (-2.5814903 51.4639477, -2.5816211 51.4640246, -2.5816672 51.46405, -2.5817118 51.4640733)",no,asphalt,,,,,,,
3980721951,3980721935,0,395171848,footway,,,False,False,14.328304790996972,"LINESTRING (-2.5819609 51.4643035, -2.5817541 51.4643058)",no,asphalt,,,,,,,
3980721951,3980721932,0,395171848,footway,,,False,True,6.478145484758165,"LINESTRING (-2.5819609 51.4643035, -2.5820544 51.4643025)",no,asphalt,,,,,,,
3980721951,3980721930,0,395171838,footway,,,False,False,9.12946096520572,"LINESTRING (-2.5819609 51.4643035, -2.582001 51.4642732, -2.582056 51.4642475)",no,asphalt,,,,,,,
3980721951,3980721955,0,395171838,footway,,,False,True,26.177692508995875,"LINESTRING (-2.5819609 51.4643035, -2.5819273 51.4643337, -2.5819085 51.4643697, -2.5819078 51.4643876, -2.5819159 51.4644064, -2.5819501 51.4644319, -2.5819869 51.4644449, -2.5820226 51.4644526, -2.5820873 51.4644538)",no,asphalt,,,,,,,
3980721920,6327939694,0,72343257,residential,20 mph,Ludlow Close,False,False,4.5731196070473965,"LINESTRING (-2.5820606 51.4641195, -2.5820127 51.4641478)",no,asphalt,,,,,,,
3980721920,859323259,0,72343257,residential,20 mph,Ludlow Close,False,True,6.6609871294968075,"LINESTRING (-2.5820606 51.4641195, -2.5821237 51.4640743)",no,asphalt,,,,,,,
3980721920,3980721930,0,395171851,footway,,,False,False,14.236537593695004,"LINESTRING (-2.5820606 51.4641195, -2.582056 51.4642475)",no,asphalt,,,,,,,
6327939555,6327939693,0,675713092,footway,,,False,False,5.308731050394048,"LINESTRING (-2.5818552 51.4640508, -2.5818006 51.4640173)",no,concrete,,,,,,,
6327939555,6327939694,0,675713092,footway,,,False,True,15.34217205045876,"LINESTRING (-2.5818552 51.4640508, -2.5820127 51.4641478)",no,concrete,,,,,,,
6327939555,6327939552,0,"[675713072, 675713077, 675713071]","['footway', 'steps']",,,False,False,1.5043149101118083,"LINESTRING (-2.5818552 51.4640508, -2.5818597 51.464048, -2.581866 51.464044, -2.5818705 51.4640412)",no,concrete,,,,,,,
5834330062,5834330058,0,617175640,service,,,False,False,17.137948386519387,"LINESTRING (-2.5826779 51.4595498, -2.5828948 51.4594757)",no,asphalt,,,parking_aisle,,,,
5834330062,11159894542,0,519404173,service,,Dale Street,False,False,34.39361426875316,"LINESTRING (-2.5826779 51.4595498, -2.5829243 51.4597831, -2.5829545 51.4598065)",no,asphalt,3,,,,,,
5834330062,1280674386,0,519404173,service,,Dale Street,False,True,23.149306950366228,"LINESTRING (-2.5826779 51.4595498, -2.5826367 51.4595005, -2.5826179 51.4594748, -2.582602 51.459449, -2.5825827 51.4594115, -2.5825556 51.4593567)",no,asphalt,3,,,,,,
859323002,859323296,0,72343221,footway,,,False,False,33.57451039591191,"LINESTRING (-2.5822093 51.4635731, -2.5819125 51.4638118)",no,asphalt,,,,,,,
859323002,859323050,0,72343221,footway,,,False,True,19.555719551098655,"LINESTRING (-2.5822093 51.4635731, -2.582409 51.4634488)",no,asphalt,,,,,,,
859323002,859323102,0,72343229,footway,,,False,True,43.96854325428429,"LINESTRING (-2.5822093 51.4635731, -2.5815839 51.4636405)",no,asphalt,,,,,,,
859323296,859323002,0,72343221,footway,,,False,True,33.57451039591191,"LINESTRING (-2.5819125 51.4638118, -2.5822093 51.4635731)",no,asphalt,,,,,,,
859323296,859323259,0,72343221,footway,,,False,False,33.9881000200086,"LINESTRING (-2.5819125 51.4638118, -2.582052 51.463893, -2.5821237 51.4640743)",no,asphalt,,,,,,,
859323296,859323102,0,235292520,footway,,,False,True,29.907497458917394,"LINESTRING (-2.5819125 51.4638118, -2.58178 51.4637633, -2.5815839 51.4636405)",no,asphalt,,,,,,,
859323050,859323002,0,72343221,footway,,,False,False,19.555719551098655,"LINESTRING (-2.582409 51.4634488, -2.5822093 51.4635731)",no,asphalt,,,,,,,
859323050,2433764738,0,72343221,footway,,,False,True,6.338395194404337,"LINESTRING (-2.582409 51.4634488, -2.5824974 51.4634341)",no,asphalt,,,,,,,
859323050,859323146,0,72343252,footway,,,False,True,25.090210261402174,"LINESTRING (-2.582409 51.4634488, -2.5821265 51.4633076)",no,asphalt,,,,,,,
859323259,3980721920,0,72343257,residential,20 mph,Ludlow Close,False,False,6.6609871294968075,"LINESTRING (-2.5821237 51.4640743, -2.5820606 51.4641195)",no,asphalt,,,,,,,
859323259,859323296,0,72343221,footway,,,False,True,33.9881000200086,"LINESTRING (-2.5821237 51.4640743, -2.582052 51.463893, -2.5819125 51.4638118)",no,asphalt,,,,,,,
859323259,2433764759,0,72343257,residential,20 mph,Ludlow Close,False,True,47.72974234979766,"LINESTRING (-2.5821237 51.4640743, -2.5825161 51.4638311, -2.5826089 51.4637696)",no,asphalt,,,,,,,
2433764738,859323050,0,72343221,footway,,,False,False,6.338395194404337,"LINESTRING (-2.5824974 51.4634341, -2.582409 51.4634488)",no,asphalt,,,,,,,
2433764738,2433742220,0,72343221,footway,,,False,True,41.995630906708264,"LINESTRING (-2.5824974 51.4634341, -2.5829173 51.4631617)",no,asphalt,,,,,,,
2433764738,2433764901,0,235295049,footway,,,False,False,22.48724069542253,"LINESTRING (-2.5824974 51.4634341, -2.5827174 51.4635828)",no,asphalt,,,,,,,
859323146,859323083,0,72343212,footway,,,False,False,41.061656573546486,"LINESTRING (-2.5821265 51.4633076, -2.5817001 51.4630511)",no,asphalt,,,,,,,
859323146,859323050,0,72343252,footway,,,False,False,25.090210261402174,"LINESTRING (-2.5821265 51.4633076, -2.582409 51.4634488)",no,asphalt,,,,,,,
859323146,859323023,0,72343252,footway,,,False,True,49.73115525382373,"LINESTRING (-2.5821265 51.4633076, -2.5826171 51.4629811)",no,asphalt,,,,,,,
859323023,2433744231,0,72343221,footway,,,False,False,8.142581669987319,"LINESTRING (-2.5826171 51.4629811, -2.5827016 51.463032)",no,asphalt,,,,,,,
859323023,859323146,0,72343252,footway,,,False,False,49.73115525382373,"LINESTRING (-2.5826171 51.4629811, -2.5821265 51.4633076)",no,asphalt,,,,,,,
859323023,2433744248,0,72343252,footway,,,False,True,19.56022270713452,"LINESTRING (-2.5826171 51.4629811, -2.5828128 51.4628543)",no,asphalt,,,,,,,
2433744231,2433742220,0,72343221,footway,,,False,False,20.76743358714752,"LINESTRING (-2.5827016 51.463032, -2.5829173 51.4631617)",no,asphalt,,,,,,,
2433744231,859323023,0,72343221,footway,,,False,True,8.142581669987319,"LINESTRING (-2.5827016 51.463032, -2.5826171 51.4629811)",no,asphalt,,,,,,,
2433744231,2433744230,0,72343234,footway,,,False,True,33.819201110939844,"LINESTRING (-2.5827016 51.463032, -2.582818 51.4629628, -2.5830433 51.4631107)",no,asphalt,,,,,,,
2433744248,859323023,0,72343252,footway,,,False,False,19.56022270713452,"LINESTRING (-2.5828128 51.4628543, -2.5826171 51.4629811)",no,asphalt,,,,,,,
2433744248,2433764650,0,72343252,footway,,,False,True,10.709995347371848,"LINESTRING (-2.5828128 51.4628543, -2.58292 51.4627849)",no,asphalt,,,,,,,
2433744248,2433744233,0,"[72343233, 235292828]","['residential', 'footway']",20 mph,Halston Drive,False,"[False, True]",46.97004843658213,"LINESTRING (-2.5828128 51.4628543, -2.582708 51.4627836, -2.5826551 51.4627794, -2.5825471 51.4627151, -2.5824424 51.4627232, -2.582288 51.4626297)",no,asphalt,,,,,,,
2433742220,2433764738,0,72343221,footway,,,False,False,41.995630906708264,"LINESTRING (-2.5829173 51.4631617, -2.5824974 51.4634341)",no,asphalt,,,,,,,
2433742220,2433744231,0,72343221,footway,,,False,True,20.76743358714752,"LINESTRING (-2.5829173 51.4631617, -2.5827016 51.463032)",no,asphalt,,,,,,,
2433742220,2433744230,0,235292826,footway,,,False,False,11.023322914400456,"LINESTRING (-2.5829173 51.4631617, -2.5829857 51.4631533, -2.5830433 51.4631107)",no,asphalt,,,,,,,
2433744230,2433744231,0,72343234,footway,,,False,False,33.819201110939844,"LINESTRING (-2.5830433 51.4631107, -2.582818 51.4629628, -2.5827016 51.463032)",no,asphalt,,,,,,,
2433744230,2433764788,0,72343234,footway,,,False,True,23.60310060542931,"LINESTRING (-2.5830433 51.4631107, -2.5831372 51.463165, -2.5832183 51.4631801, -2.5833018 51.4632405)",no,asphalt,,,,,,,
2433744230,2433742220,0,235292826,footway,,,False,True,11.023322914400456,"LINESTRING (-2.5830433 51.4631107, -2.5829857 51.4631533, -2.5829173 51.4631617)",no,asphalt,,,,,,,
859323083,859323146,0,72343212,footway,,,False,True,41.061656573546486,"LINESTRING (-2.5817001 51.4630511, -2.5821265 51.4633076)",no,asphalt,,,,,,,
859323083,2433744233,0,72343233,residential,20 mph,Halston Drive,False,False,62.08382089760402,"LINESTRING (-2.5817001 51.4630511, -2.582288 51.4626297)",no,asphalt,,,,,,,
859323083,6327939492,0,72343233,residential,20 mph,Halston Drive,False,True,25.589829285981644,"LINESTRING (-2.5817001 51.4630511, -2.5815705 51.463149, -2.5815048 51.4632018, -2.5814741 51.4632328)",no,asphalt,,,,,,,
2433764650,2433744248,0,72343252,footway,,,False,False,10.709995347371848,"LINESTRING (-2.58292 51.4627849, -2.5828128 51.4628543)",no,asphalt,,,,,,,
2433764650,859323047,0,72343252,footway,,,False,True,47.58888883123136,"LINESTRING (-2.58292 51.4627849, -2.5829435 51.4627697, -2.5829644 51.4627402, -2.582976 51.4624607, -2.58298 51.4623657)",no,asphalt,,,,,,,
2433764650,2433764893,0,235295038,footway,,,False,True,21.360578643193648,"LINESTRING (-2.58292 51.4627849, -2.5830313 51.4628642, -2.583158 51.4629002)",no,asphalt,,,,,,,
2433744233,859323083,0,72343233,residential,20 mph,Halston Drive,False,True,62.08382089760402,"LINESTRING (-2.582288 51.4626297, -2.5817001 51.4630511)",no,asphalt,,,,,,,
2433744233,2433744248,0,"[72343233, 235292828]","['residential', 'footway']",20 mph,Halston Drive,False,"[False, True]",46.97004843658214,"LINESTRING (-2.582288 51.4626297, -2.5824424 51.4627232, -2.5825471 51.4627151, -2.5826551 51.4627794, -2.582708 51.4627836, -2.5828128 51.4628543)",no,asphalt,,,,,,,
2433744233,859323047,0,72343252,footway,,,False,False,67.97357026199249,"LINESTRING (-2.582288 51.4626297, -2.5822223 51.4625959, -2.5824396 51.462448, -2.5825274 51.4624118, -2.582681 51.4623753, -2.5828086 51.4623541, -2.58298 51.4623657)",no,asphalt,,,,,,,
859323047,2433744240,0,72343224,unclassified,20 mph,Prince's Street,False,True,19.774216248427255,"LINESTRING (-2.58298 51.4623657, -2.5831617 51.4623072, -2.5832418 51.4623001)",no,asphalt,,,,,,,
859323047,2433764650,0,72343252,footway,,,False,False,47.58888883123136,"LINESTRING (-2.58298 51.4623657, -2.582976 51.4624607, -2.5829644 51.4627402, -2.5829435 51.4627697, -2.58292 51.4627849)",no,asphalt,,,,,,,
859323047,2433744233,0,72343252,footway,,,False,True,67.97357026199249,"LINESTRING (-2.58298 51.4623657, -2.5828086 51.4623541, -2.582681 51.4623753, -2.5825274 51.4624118, -2.5824396 51.462448, -2.5822223 51.4625959, -2.582288 51.4626297)",no,asphalt,,,,,,,
2433764893,3546758138,0,235295047,footway,,,False,False,3.4824341314655403,"LINESTRING (-2.583158 51.4629002, -2.5831928 51.4628776)",no,asphalt,,,,,,,
2433764893,2433764650,0,235295038,footway,,,False,False,21.360578643193648,"LINESTRING (-2.583158 51.4629002, -2.5830313 51.4628642, -2.58292 51.4627849)",no,asphalt,,,,,,,
2433764893,2433764891,0,235295038,footway,,,False,True,39.8425963478984,"LINESTRING (-2.583158 51.4629002, -2.5833303 51.4630205, -2.5833799 51.4630322, -2.5834752 51.4630823, -2.5835532 51.4631259, -2.5835771 51.4631408)",no,asphalt,,,,,,,
2882617932,859323223,0,284531768,unclassified,20 mph,Backfields Lane,False,True,11.72161889585286,"LINESTRING (-2.5882186 51.462216, -2.5883204 51.4623002)",no,asphalt,,,,,,,
6327939491,6327939492,0,675713051,residential,20 mph,Halston Drive,False,True,10.649747593738448,"LINESTRING (-2.5815855 51.4632988, -2.5814741 51.4632328)",no,asphalt,,,,,,,
3980721930,3980721932,0,395171851,footway,,,False,False,6.116733935731095,"LINESTRING (-2.582056 51.4642475, -2.5820544 51.4643025)",no,asphalt,,,,,,,
3980721930,3980721920,0,395171851,footway,,,False,True,14.236537593695004,"LINESTRING (-2.582056 51.4642475, -2.5820606 51.4641195)",no,asphalt,,,,,,,
3980721930,3980721933,0,395171838,footway,,,False,False,22.632128285680892,"LINESTRING (-2.582056 51.4642475, -2.5821118 51.4642321, -2.5821835 51.464223, -2.5822332 51.4642312, -2.5822757 51.4642467, -2.5822961 51.4642667, -2.5823035 51.4642999)",no,asphalt,,,,,,,
3980721930,3980721951,0,395171838,footway,,,False,True,9.12946096520572,"LINESTRING (-2.582056 51.4642475, -2.582001 51.4642732, -2.5819609 51.4643035)",no,asphalt,,,,,,,
5794635164,5794635163,0,612092247,service,,Callowhill Court,False,False,30.01887807160366,"LINESTRING (-2.5878367 51.4584758, -2.5874108 51.4585254)",no,asphalt,,,,,,,
5794635164,5794635161,0,612092247,service,,Callowhill Court,False,True,88.68365073362199,"LINESTRING (-2.5878367 51.4584758, -2.5878716 51.4585496, -2.5884402 51.4584831, -2.5886556 51.4588173)",no,asphalt,,,,,,,
5794635164,6106912892,0,"[612092248, 651203558]","['service', 'footway']",,Callowhill Court,False,"[False, True]",36.536844086084194,"LINESTRING (-2.5878367 51.4584758, -2.5877807 51.4582996, -2.5877408 51.4581772, -2.5877325 51.4581537)",yes,paving_stones,,,,,,,
11786838687,5919449221,0,85621228,pedestrian,,Broadmead,False,False,75.41909231987192,"LINESTRING (-2.5890827 51.457696, -2.5887152 51.4578152, -2.5884303 51.4578706, -2.5882204 51.4579216, -2.5880806 51.4579563)",yes,paving_stones,,,,,,,
11786838687,12248299110,0,85621228,pedestrian,,Broadmead,False,True,35.60433584127432,"LINESTRING (-2.5890827 51.457696, -2.5894207 51.4575881, -2.5895424 51.457553)",yes,paving_stones,,,,,,,
11786838687,11786838680,0,627040447,pedestrian,,Merchant Street,False,False,49.61478114232372,"LINESTRING (-2.5890827 51.457696, -2.588913 51.4574876, -2.5887635 51.4572966)",yes,paving_stones,,,,,,,
11786838687,5919449223,0,627040447,pedestrian,,Merchant Street,False,True,107.40897460757184,"LINESTRING (-2.5890827 51.457696, -2.5892043 51.4579497, -2.58953 51.458326, -2.5896846 51.4584968, -2.5897481 51.4585635)",yes,paving_stones,,,,,,,
10816643907,10816643908,0,1163066626,service,,,False,True,7.775627118536891,"LINESTRING (-2.5913046 51.4630347, -2.5912694 51.4631011)",no,asphalt,,,,,,,
10816643907,10816643847,0,93114288,service,,,False,False,8.81023137836541,"LINESTRING (-2.5913046 51.4630347, -2.5912954 51.4630309, -2.5912135 51.4629796)",no,asphalt,,,,,,,
10816643907,10816643851,0,93114288,service,,,False,True,12.644399407328198,"LINESTRING (-2.5913046 51.4630347, -2.5913681 51.4630514, -2.5913852 51.4630536, -2.5913971 51.4630531, -2.5914069 51.4630505, -2.5914645 51.463022)",no,asphalt,,,,,,,
10816643874,10816643857,0,1163066614,footway,,,False,False,44.15027521301487,"LINESTRING (-2.5913011 51.462922, -2.5917393 51.4626337)",no,asphalt,,,,,,,
10816643874,10816643847,0,"[1163066601, 1163066602]",footway,,,False,True,8.823295797527134,"LINESTRING (-2.5913011 51.462922, -2.5912715 51.4629414, -2.5912135 51.4629796)",no,asphalt,,,,,,,
10816643874,10816643854,0,1163066614,footway,,,False,True,24.73655862157691,"LINESTRING (-2.5913011 51.462922, -2.591289 51.4629337, -2.5912838 51.4629434, -2.5912823 51.4629545, -2.5912851 51.462966, -2.5912905 51.4629742, -2.5912987 51.4629811, -2.5913611 51.463016, -2.5913722 51.4630176, -2.5913862 51.4630162, -2.5914638 51.462989, -2.5914893 51.4629762, -2.5915048 51.462966)",no,asphalt,,,,,,,
10816643839,10816643835,0,1163066606,footway,,,False,False,5.969348567659643,"LINESTRING (-2.5908421 51.4633627, -2.5909008 51.463402)",no,paving_stones,,,,,,,
10816643839,10816643847,0,"[1163066602, 1163066603, 1163066607]",footway,,,False,False,51.83112083676238,"LINESTRING (-2.5908421 51.4633627, -2.5908468 51.463345, -2.5908676 51.4632253, -2.5908702 51.46322, -2.5908753 51.4632142, -2.5909328 51.4631664, -2.591007 51.4631154, -2.5911553 51.4630179, -2.5912135 51.4629796)",no,asphalt,,,,,,,
10816643839,10816643831,0,1163066603,footway,,,False,True,17.075992965751894,"LINESTRING (-2.5908421 51.4633627, -2.5908345 51.4633748, -2.5907183 51.4634953)",no,paving_stones,,,,,,,
1079382229,10816974040,0,93114294,footway,,,False,True,8.453827487583597,"LINESTRING (-2.59215 51.4628345, -2.5920595 51.4627835)",no,asphalt,,,,,,,
10816974040,1079382229,0,93114294,footway,,,False,False,8.453827487583597,"LINESTRING (-2.5920595 51.4627835, -2.59215 51.4628345)",no,asphalt,,,,,,,
10816974040,10816643864,0,93114294,footway,,,False,True,7.988088842869606,"LINESTRING (-2.5920595 51.4627835, -2.591974 51.4627353)",no,asphalt,,,,,,,
10816974040,10816974035,0,"[1163115983, 1163115984, 1163115985, 1163066616, 1163066617, 1163066618, 1163066619]","['steps', 'footway']",,,False,"[False, True]",69.53347365258014,"LINESTRING (-2.5920595 51.4627835, -2.5920461 51.4627927, -2.5915268 51.4631504, -2.5915199 51.4631552, -2.5915099 51.4631496, -2.5914407 51.4631106, -2.5914201 51.463099, -2.5914138 51.4630955, -2.5914516 51.4630695)",no,asphalt,,,,building_passage,,,
10816643864,10816974040,0,93114294,footway,,,False,False,7.988088842869606,"LINESTRING (-2.591974 51.4627353, -2.5920595 51.4627835)",no,asphalt,,,,,,,
10816643864,10816974038,0,1163066615,footway,,,False,True,0.359685230843326,"LINESTRING (-2.591974 51.4627353, -2.5919694 51.4627368)",no,asphalt,,,,,,,
10816643864,10816643857,0,"[1163066610, 1163066611, 1163066612, 93114294, 1163066614, 93114297, 93114301]","['steps', 'footway']",,,False,True,26.810384378829028,"LINESTRING (-2.591974 51.4627353, -2.5919597 51.462717, -2.5919438 51.4626965, -2.5919322 51.4626815, -2.5919131 51.462657, -2.5918913 51.4626313, -2.5918615 51.4626046, -2.5918474 51.462599, -2.5918293 51.4625958, -2.5918109 51.4625963, -2.5917914 51.4626017, -2.5917619 51.4626188, -2.5917393 51.4626337)",no,concrete,,,,,,,
10816974035,10816643852,0,1163066616,footway,,,False,False,9.203993920917814,"LINESTRING (-2.5914516 51.4630695, -2.5915407 51.4630081)",no,asphalt,,,,,,,
10816974035,10816974040,0,"[1163115983, 1163115984, 1163115985, 1163066616, 1163066617, 1163066618, 1163066619]","['steps', 'footway']",,,False,"[False, True]",69.53347365258014,"LINESTRING (-2.5914516 51.4630695, -2.5914138 51.4630955, -2.5914201 51.463099, -2.5914407 51.4631106, -2.5915099 51.4631496, -2.5915199 51.4631552, -2.5915268 51.4631504, -2.5920461 51.4627927, -2.5920595 51.4627835)",no,asphalt,,,,building_passage,,,
10816974035,10816974038,0,"[1163115980, 1163115981, 1163115982]",footway,,,False,"[False, True]",53.4905604680351,"LINESTRING (-2.5914516 51.4630695, -2.5914614 51.4630749, -2.5914732 51.4630815, -2.5919375 51.4627593, -2.5919694 51.4627368)",no,asphalt,,,,building_passage,,,
10816643038,10816643831,0,1163066595,footway,,,False,False,2.8511447855365164,"LINESTRING (-2.5906812 51.4635064, -2.5907183 51.4634953)",no,paving_stones,,,,,,,
10816643038,10816632963,0,1163067624,service,,,False,False,9.51785772820055,"LINESTRING (-2.5906812 51.4635064, -2.5906116 51.4634326)",yes,asphalt,,,,,,,
10816643038,10816643793,0,"[1163066595, 1163066596]",footway,,,False,True,71.70344315868142,"LINESTRING (-2.5906812 51.4635064, -2.5906327 51.463521, -2.5906136 51.4635571, -2.5905318 51.4637904, -2.5905242 51.4638141, -2.5904822 51.463945, -2.5904815 51.4639607, -2.5904885 51.4639807, -2.5904989 51.4639962, -2.5905154 51.464011, -2.5905338 51.4640206, -2.5905579 51.4640271, -2.5906753 51.4640413)",yes,asphalt,,,,,,,
10816643038,10816643042,0,1163067624,service,,,False,True,11.465687493639166,"LINESTRING (-2.5906812 51.4635064, -2.5906918 51.4635176, -2.5907034 51.4635266, -2.5907163 51.4635358, -2.5907237 51.4635399, -2.5907953 51.4635803)",no,asphalt,,,,,,,
10816643047,10816643813,0,1163115987,service,,,False,False,3.5143726616213815,"LINESTRING (-2.5908496 51.4640564, -2.5908577 51.4640252)",yes,asphalt,,,,,,,
10816643047,1081318805,0,1163115987,service,,,False,True,3.66039090447884,"LINESTRING (-2.5908496 51.4640564, -2.5908412 51.4640889)",yes,asphalt,,,,,,,
10816643047,10816643793,0,"[1163067626, 1163067627]",footway,,,False,False,12.190845821950969,"LINESTRING (-2.5908496 51.4640564, -2.5907417 51.4640471, -2.5906753 51.4640413)",yes,asphalt,,,,,,,
10816643047,10816643706,0,"[1163067627, 1163067628]",footway,,,False,True,9.37891601783405,"LINESTRING (-2.5908496 51.4640564, -2.5909411 51.4640643, -2.5909837 51.464068)",yes,asphalt,,,,,,,
6225987538,1281318363,0,689769011,primary,20 mph,Stokes Croft,False,True,26.45124565107333,"LINESTRING (-2.5907256 51.4613621, -2.5908559 51.4611385)",yes,asphalt,2,A38,,,,,
6225987538,6225987531,0,4019344,primary,20 mph,Stokes Croft,False,True,11.055510642072768,"LINESTRING (-2.5907256 51.4613621, -2.5906572 51.4614014, -2.5906351 51.4614405)",no,asphalt,,A38,,,,,
6225987538,6225987532,0,665176844,primary,20 mph,Stokes Croft,False,False,11.032632756641881,"LINESTRING (-2.5907256 51.4613621, -2.590735 51.4614165, -2.5907092 51.461458)",no,asphalt,,A38,,,,,
10816643813,10816643047,0,1163115987,service,,,False,True,3.5143726616213815,"LINESTRING (-2.5908577 51.4640252, -2.5908496 51.4640564)",yes,asphalt,,,,,,,
10816643813,10816643900,0,"[93280979, 1163066598]",service,,,False,False,62.92148552149718,"LINESTRING (-2.5908577 51.4640252, -2.5908315 51.4639456, -2.5908231 51.4638993, -2.5908205 51.4638713, -2.5908221 51.463841, -2.5908298 51.4638128, -2.59085 51.4637735, -2.5908637 51.4637541, -2.5908825 51.463734, -2.5909673 51.4636632, -2.5909915 51.463645, -2.5911315 51.46355, -2.59114 51.4635262)",no,concrete,,,,building_passage,,,
10816643813,10848175178,0,"[1163066600, 1163066597, 93280990, 1163066599]",service,,,False,False,64.39600772229157,"LINESTRING (-2.5908577 51.4640252, -2.5908935 51.4639899, -2.5909338 51.4639415, -2.5909479 51.4639197, -2.5909636 51.4638861, -2.5909774 51.4638387, -2.5909804 51.4638165, -2.5909811 51.4637992, -2.590979 51.4637881, -2.5909679 51.4637651, -2.5909316 51.4636929, -2.5909272 51.4636797, -2.5909274 51.4636681, -2.5909326 51.4636576, -2.5909383 51.463649, -2.5909462 51.4636418, -2.590964 51.4636295, -2.5911028 51.4635338, -2.5911432 51.4635269)",yes,concrete,,,,building_passage,,yes,
10816643793,10816643038,0,"[1163066595, 1163066596]",footway,,,False,False,71.70344315868144,"LINESTRING (-2.5906753 51.4640413, -2.5905579 51.4640271, -2.5905338 51.4640206, -2.5905154 51.464011, -2.5904989 51.4639962, -2.5904885 51.4639807, -2.5904815 51.4639607, -2.5904822 51.463945, -2.5905242 51.4638141, -2.5905318 51.4637904, -2.5906136 51.4635571, -2.5906327 51.463521, -2.5906812 51.4635064)",yes,asphalt,,,,,,,
10816643793,10816643900,0,"[1163066585, 1163066586, 1163066596]",footway,,,False,"[False, True]",74.41397734165687,"LINESTRING (-2.5906753 51.4640413, -2.5907051 51.4640432, -2.5907313 51.4640415, -2.5907588 51.4640346, -2.5907779 51.4640252, -2.5907933 51.4640102, -2.5907993 51.4639947, -2.5908007 51.4639761, -2.5907846 51.4639195, -2.5907809 51.4638836, -2.5907816 51.4638483, -2.5907879 51.4638172, -2.5908034 51.4637819, -2.5908184 51.4637558, -2.5908315 51.4637405, -2.590855 51.4637215, -2.5909105 51.4636773, -2.5909011 51.4636592, -2.5909531 51.4636234, -2.591092 51.4635277, -2.59114 51.4635262)",yes,concrete,,,,building_passage,,,
10816643793,10816643047,0,"[1163067626, 1163067627]",footway,,,False,True,12.190845821950969,"LINESTRING (-2.5906753 51.4640413, -2.5907417 51.4640471, -2.5908496 51.4640564)",yes,asphalt,,,,,,,
10816643706,10848175178,0,"[1163066588, 1163066589, 1163066590, 1163066591]",footway,,,False,"[False, True]",68.88036529257413,"LINESTRING (-2.5909837 51.464068, -2.5909611 51.4640629, -2.590943 51.4640559, -2.5909277 51.4640427, -2.590919 51.46403, -2.5909187 51.4640156, -2.5909244 51.4640002, -2.590964 51.4639523, -2.5909841 51.4639231, -2.5910018 51.4638915, -2.5910186 51.4638414, -2.5910235 51.4638121, -2.591022 51.4637937, -2.5910165 51.4637798, -2.5910055 51.4637579, -2.590966 51.4636793, -2.5909663 51.4636734, -2.5909702 51.4636674, -2.5909976 51.4636485, -2.5911365 51.4635528, -2.5911432 51.4635269)",yes,asphalt,,,,building_passage,,yes,
10816643706,10816643047,0,"[1163067627, 1163067628]",footway,,,False,False,9.37891601783405,"LINESTRING (-2.5909837 51.464068, -2.5909411 51.4640643, -2.5908496 51.4640564)",yes,asphalt,,,,,,,
10901402914,3860786634,0,1173237856,footway,,,False,True,11.05030896908141,"LINESTRING (-2.5824401 51.4606142, -2.5823967 51.4605657, -2.5824556 51.4605417)",yes,paving_stones,,,,,,,
1247826811,1280853181,0,108841681,service,,,False,True,5.831428366171796,"LINESTRING (-2.5905964 51.4603385, -2.5906746 51.4603191)",yes,asphalt,,,,,,,
1280853180,1280853191,0,112748677,footway,,,False,False,13.59585020684415,"LINESTRING (-2.5904192 51.459987, -2.5902843 51.4598982)",no,paving_stones,,,,,,,
1280853180,1280853181,0,1362339451,footway,,,False,True,40.94826173515107,"LINESTRING (-2.5904192 51.459987, -2.5906746 51.4603191)",yes,paving_stones,,,,,,,
1280853180,1280853193,0,"[1414930801, 1414930803]",footway,,,False,True,5.895890543701346,"LINESTRING (-2.5904192 51.459987, -2.5904605 51.4599769, -2.5904984 51.4599676)",no,paving_stones,,,,,,,
2519732440,1280267492,0,244680993,footway,,,False,False,21.49564088359703,"LINESTRING (-2.5830821 51.4571872, -2.583025 51.4572023, -2.5829922 51.4572218, -2.5829746 51.4572393, -2.5828923 51.4573318)",no,asphalt,,,,,,,
1280267505,5834930803,0,244680593,footway,,,False,False,18.09207386423877,"LINESTRING (-2.5824377 51.4569773, -2.5824961 51.4569708, -2.5825775 51.4569577, -2.5826265 51.4569432, -2.5826715 51.4569153)",no,paved,,,,,,,
8942202643,12461273922,0,966540335,footway,,,False,False,21.216188197805792,"LINESTRING (-2.580462 51.4569383, -2.5806339 51.4570962)",yes,paving_stones,,,,,,,
8942202643,8939668299,0,822247850,footway,,,False,True,48.28834011392587,"LINESTRING (-2.580462 51.4569383, -2.5804465 51.4569092, -2.5801519 51.4565801, -2.5801432 51.4565698, -2.5801416 51.4565547)",yes,paving_stones,,,,,,,
8942202643,8942202648,0,966540335,footway,,,False,True,49.85809519494339,"LINESTRING (-2.580462 51.4569383, -2.5806238 51.4568644, -2.5806399 51.4568556, -2.5806546 51.4568439, -2.5806721 51.4568065, -2.5810133 51.4566635)",yes,paving_stones,,,,,,,
5834330054,5834330053,0,617175638,footway,,,False,False,20.864644796902446,"LINESTRING (-2.5833527 51.4594579, -2.5836486 51.4594928)",no,paving_stones,,,,,,,
5834330054,5834330058,0,617175640,service,,,False,False,47.823838430042684,"LINESTRING (-2.5833527 51.4594579, -2.5833729 51.459478, -2.583038 51.4596087, -2.5828948 51.4594757)",no,paving_stones,,,parking_aisle,,,,
5834330054,5834330057,0,617175640,service,,,False,True,25.458795907106893,"LINESTRING (-2.5833527 51.4594579, -2.5832454 51.4593512, -2.5831017 51.4594022)",no,paving_stones,,,parking_aisle,,,,
1280674386,5834330062,0,519404173,service,,Dale Street,False,False,23.149306950366224,"LINESTRING (-2.5825556 51.4593567, -2.5825827 51.4594115, -2.582602 51.459449, -2.5826179 51.4594748, -2.5826367 51.4595005, -2.5826779 51.4595498)",no,asphalt,3,,,,,,
5834330058,5834330057,0,617175640,service,,,False,False,16.500683218136064,"LINESTRING (-2.5828948 51.4594757, -2.5831017 51.4594022)",no,asphalt,,,parking_aisle,,,,
5834330058,5834330062,0,617175640,service,,,False,True,17.137948386519387,"LINESTRING (-2.5828948 51.4594757, -2.5826779 51.4595498)",no,asphalt,,,parking_aisle,,,,
5834330058,5834330054,0,617175640,service,,,False,True,47.82383843004269,"LINESTRING (-2.5828948 51.4594757, -2.583038 51.4596087, -2.5833729 51.459478, -2.5833527 51.4594579)",no,paving_stones,,,parking_aisle,,,,
5919438953,5834930877,0,246327890,pedestrian,,Champion Square,False,False,5.046950730525594,"LINESTRING (-2.5832342 51.4579137, -2.583201 51.4579541)",no,paved,,,,,,,
5919438953,2045184012,0,246327890,pedestrian,,Champion Square,False,True,24.721747306291917,"LINESTRING (-2.5832342 51.4579137, -2.5833648 51.4577068)",no,paved,,,,,,,
5919438953,5834930843,0,246326774,footway,,,False,False,39.77588163933132,"LINESTRING (-2.5832342 51.4579137, -2.5830607 51.4579503, -2.5831163 51.4578232, -2.583014 51.4577313)",no,asphalt,,,,,,,
5061067470,5061066696,0,112746818,footway,,River Street,False,True,35.5120972271921,"LINESTRING (-2.5826032 51.4584409, -2.5822404 51.4586665)",no,asphalt,,,,,,,
5061067470,5919438954,0,518932240,footway,,,False,False,29.80638151594568,"LINESTRING (-2.5826032 51.4584409, -2.582697 51.4584902, -2.5827768 51.4584493, -2.582941 51.4583737)",no,asphalt,,,,,,,
5061067470,5061067317,0,518932240,footway,,,False,True,15.226053186539698,"LINESTRING (-2.5826032 51.4584409, -2.5825106 51.4583937, -2.5824286 51.4583579)",yes,asphalt,,,,,,,
5061066696,5061067470,0,112746818,footway,,River Street,False,False,35.5120972271921,"LINESTRING (-2.5822404 51.4586665, -2.5826032 51.4584409)",no,asphalt,,,,,,,
5061066696,5834930880,0,112746818,footway,,River Street,False,True,34.81183345473853,"LINESTRING (-2.5822404 51.4586665, -2.5818643 51.4588741)",no,asphalt,,,,,,,
5061066696,5061067239,0,617239006,footway,,,False,False,20.066436376964607,"LINESTRING (-2.5822404 51.4586665, -2.5820473 51.458532)",yes,asphalt,,,,,,,
3860908593,2920948566,0,207653242,footway,,,False,False,5.890282813098679,"LINESTRING (-2.589147 51.4594872, -2.5890621 51.45949)",no,paving_stones,,,,,,,
3860908593,2920948566,1,"[519432811, 519432812, 124100406]",service,,,False,False,51.938118102700464,"LINESTRING (-2.589147 51.4594872, -2.5890296 51.4596743, -2.589018 51.4596886, -2.5889937 51.459697, -2.5889667 51.459691, -2.5889547 51.459681, -2.5889633 51.4596587, -2.5890621 51.45949)",no,paving_stones,,,,building_passage,,,
3860908593,3860908599,0,207653242,footway,,,False,True,45.22209987328304,"LINESTRING (-2.589147 51.4594872, -2.5895012 51.4594849, -2.5897536 51.4595842)",no,paving_stones,,,,,,,
3860908593,1382113164,0,519432812,service,,,False,True,10.567861525321906,"LINESTRING (-2.589147 51.4594872, -2.589174 51.4594436, -2.5892123 51.4594016)",yes,asphalt,,,,,,,
1281294900,3329881928,0,326356015,footway,,,False,False,9.621470163859962,"LINESTRING (-2.5912532 51.4593155, -2.591123 51.4593456)",yes,paving_stones,,,,,,,
5823455446,3329881928,0,"[615874817, 615879527]","['footway', 'steps']",,,False,"[False, True]",8.19798245427282,"LINESTRING (-2.5911937 51.4594045, -2.591171 51.4593894, -2.591123 51.4593456)",yes,paving_stones,,,,,,,
1282135928,1297069020,0,114515396,footway,,,False,True,5.3019720247085,"LINESTRING (-2.5793249 51.4627491, -2.5793882 51.4627759)",yes,asphalt,,,,,,,
1382113164,3860908593,0,519432812,service,,,False,False,10.567861525321906,"LINESTRING (-2.5892123 51.4594016, -2.589174 51.4594436, -2.589147 51.4594872)",yes,asphalt,,,,,,,
1722968881,1722968890,0,160234171,service,,,False,True,9.804726547040493,"LINESTRING (-2.5800337 51.4625108, -2.5799636 51.4625874)",no,asphalt,,,parking_aisle,,,,
1722968925,1722968890,0,160234171,service,,,False,False,48.73900078335072,"LINESTRING (-2.5796152 51.4629682, -2.5799636 51.4625874)",no,asphalt,,,parking_aisle,,,,
2045184007,2045184010,0,194003840,service,,Whippington Court,False,False,10.835553710654267,"LINESTRING (-2.5912675 51.4576164, -2.591126 51.4576579)",no,asphalt,,,,,,,
2045184014,2045184010,0,194003840,service,,Whippington Court,False,True,5.7926929854956395,"LINESTRING (-2.5910488 51.4576779, -2.591126 51.4576579)",no,asphalt,,,,,,,
5448085792,5448085793,0,565773114,service,,,False,True,14.305480963618688,"LINESTRING (-2.5835535 51.4579006, -2.5836343 51.4578381, -2.5836594 51.4577923)",no,paving_stones,,,,,,,
2179076266,3860890367,0,207653242,footway,,,False,False,4.103689638522577,"LINESTRING (-2.5870988 51.4595231, -2.5870399 51.4595192)",no,paving_stones,,,,,,,
2179076266,2179076283,0,207653242,footway,,,False,True,5.48471873361356,"LINESTRING (-2.5870988 51.4595231, -2.5871779 51.4595251)",no,paving_stones,,,,,,,
2179076266,2179076472,0,207653240,footway,,,False,True,46.480592210288,"LINESTRING (-2.5870988 51.4595231, -2.5866151 51.4596058, -2.5864477 51.4596216)",no,paving_stones,,,,,,,
2179076472,2179076479,0,622811019,steps,,,False,True,18.61701914143023,"LINESTRING (-2.5864477 51.4596216, -2.586501 51.4594575)",no,paving_stones,,,,,,,
2179076472,2179076266,0,207653240,footway,,,False,False,46.480592210288,"LINESTRING (-2.5864477 51.4596216, -2.5866151 51.4596058, -2.5870988 51.4595231)",no,paving_stones,,,,,,,
2179076472,2179076532,0,207653249,footway,,,False,False,17.224052082262027,"LINESTRING (-2.5864477 51.4596216, -2.5862649 51.4596519, -2.5862775 51.4596881)",no,paving_stones,,,,,,,
2179076479,2179076472,0,622811019,steps,,,False,False,18.61701914143023,"LINESTRING (-2.586501 51.4594575, -2.5864477 51.4596216)",no,paving_stones,,,,,,,
2179076479,2179076344,0,207653242,footway,,,False,False,77.22147905567971,"LINESTRING (-2.586501 51.4594575, -2.5862624 51.4594086, -2.5861457 51.4593852, -2.5859217 51.459363, -2.5858006 51.4593571, -2.5856873 51.4593592, -2.5855455 51.459376, -2.585414 51.4593946)",no,paving_stones,,,,,,,
2179076479,3860890367,0,207653242,footway,,,False,True,38.04780667165879,"LINESTRING (-2.586501 51.4594575, -2.5865758 51.4594729, -2.5868688 51.4595079, -2.5870399 51.4595192)",no,paving_stones,,,,,,,
2179076532,2179076472,0,207653249,footway,,,False,True,17.224052082262027,"LINESTRING (-2.5862775 51.4596881, -2.5862649 51.4596519, -2.5864477 51.4596216)",no,paving_stones,,,,,,,
2179076344,3860890366,0,207653242,footway,,,False,False,19.616000147382785,"LINESTRING (-2.585414 51.4593946, -2.5853893 51.4593981, -2.5851723 51.4594528, -2.5851507 51.4594589)",no,paving_stones,,,,,,,
2179076344,2179076479,0,207653242,footway,,,False,True,77.22147905567971,"LINESTRING (-2.585414 51.4593946, -2.5855455 51.459376, -2.5856873 51.4593592, -2.5858006 51.4593571, -2.5859217 51.459363, -2.5861457 51.4593852, -2.5862624 51.4594086, -2.586501 51.4594575)",no,paving_stones,,,,,,,
2179076344,2179076449,0,207653247,footway,,,False,False,21.405359812286306,"LINESTRING (-2.585414 51.4593946, -2.585447 51.4594441, -2.5855777 51.4594729, -2.5856541 51.4594507)",no,paving_stones,,,,,,,
2179076449,2179076344,0,207653247,footway,,,False,True,21.40535981228631,"LINESTRING (-2.5856541 51.4594507, -2.5855777 51.4594729, -2.585447 51.4594441, -2.585414 51.4593946)",no,paving_stones,,,,,,,
6284334868,2204308509,0,671082497,service,,,False,False,4.077675933306456,"LINESTRING (-2.5850338 51.4601594, -2.5850581 51.4601928)",yes,paving_stones,,,parking_aisle,,,,
3860890364,2179076502,0,382880572,residential,20 mph,Pritchard Street,False,True,8.124772550885382,"LINESTRING (-2.5849869 51.4594232, -2.5850318 51.4594907)",yes,asphalt,,,,,,,
6284335748,6284335747,0,671082508,service,,,False,True,5.213042198906101,"LINESTRING (-2.5859235 51.4599523, -2.585855 51.4599717)",no,asphalt,,,,,,,
6284335749,6284335747,0,207653243,service,,,False,True,22.64019963065853,"LINESTRING (-2.585681 51.4598823, -2.5857135 51.4598731, -2.5857333 51.459869, -2.5857538 51.4598667, -2.5857776 51.4598662, -2.5857973 51.4598683, -2.5858222 51.4598748, -2.5858406 51.4598832, -2.5858547 51.4598938, -2.5858661 51.4599064, -2.5858724 51.4599212, -2.5858745 51.4599331, -2.5858735 51.4599465, -2.5858688 51.459958, -2.5858631 51.4599653, -2.585855 51.4599717)",no,asphalt,,,,,,,
8230223567,5438534268,0,"[564463058, 885024932]",service,,,False,True,42.6292463088348,"LINESTRING (-2.5834274 51.4622225, -2.583702 51.4624116, -2.5837067 51.4624431, -2.5836041 51.4625157)",no,asphalt,,,,,,,
2433764742,2433764880,0,235295039,footway,,,False,False,7.731653645739709,"LINESTRING (-2.583738 51.4614563, -2.5837514 51.4614898, -2.5837394 51.461524)",no,asphalt,,,,,,,
2433764742,2433764671,0,235295039,footway,,,False,True,15.496319905969704,"LINESTRING (-2.583738 51.4614563, -2.5836924 51.4614179, -2.583628 51.4613811, -2.5835709 51.4613704)",no,asphalt,,,,,,,
2433764742,2433764834,0,235295042,footway,,,False,False,11.04631840679093,"LINESTRING (-2.583738 51.4614563, -2.5837903 51.4614772, -2.5838466 51.4614898, -2.5838657 51.4615099)",no,asphalt,,,,,,,
2433764880,2433764671,0,235295039,footway,,,False,False,83.11336253153657,"LINESTRING (-2.5837394 51.461524, -2.5837072 51.4615491, -2.5836535 51.4615708, -2.5835489 51.46158, -2.5834242 51.461575, -2.5833256 51.4615577, -2.5832338 51.4615257, -2.5831868 51.4614923, -2.583164 51.4614538, -2.5831627 51.4614213, -2.5831882 51.461387, -2.5832458 51.4613669, -2.5833357 51.4613544, -2.583455 51.4613552, -2.5835709 51.4613704)",no,asphalt,,,,,,,
2433764880,2433764742,0,235295039,footway,,,False,True,7.731653645739709,"LINESTRING (-2.5837394 51.461524, -2.5837514 51.4614898, -2.583738 51.4614563)",no,asphalt,,,,,,,
2433764880,2433764766,0,235295043,footway,,,False,False,7.70972211074789,"LINESTRING (-2.5837394 51.461524, -2.5837957 51.4615315, -2.5838462 51.4615201)",no,asphalt,,,,,,,
5834930878,5834930877,0,617239005,service,,,False,False,8.756290214110395,"LINESTRING (-2.5833169 51.4579855, -2.583201 51.4579541)",no,paved,,,,,,,
2920948564,2920948566,0,519432811,service,,,False,True,9.357621475395138,"LINESTRING (-2.589061 51.4594061, -2.5890668 51.4594539, -2.5890621 51.45949)",yes,asphalt,,,,,,,
5919449215,5919449209,0,627040444,pedestrian,,Philadelphia Street,False,False,22.69111526223134,"LINESTRING (-2.5870702 51.4571508, -2.5867832 51.4572491)",yes,paving_stones,,,,,,,
5919449215,2941119309,0,627040444,pedestrian,,Philadelphia Street,False,True,60.77386767168579,"LINESTRING (-2.5870702 51.4571508, -2.5872215 51.4571114, -2.5875543 51.4570445, -2.5879118 51.4570036)",yes,concrete,,,,,,,
5919449215,5919449220,0,627040446,footway,,,False,False,91.29054595102576,"LINESTRING (-2.5870702 51.4571508, -2.5870694 51.4572043, -2.5872696 51.4576144, -2.587795 51.457527)",yes,concrete,,,,,,,
5919449220,5919449221,0,627040445,footway,,,False,True,51.678776326092034,"LINESTRING (-2.587795 51.457527, -2.587804 51.4575407, -2.5880528 51.4579188, -2.5880806 51.4579563)",yes,paving_stones,,,,,,,
5919449220,2941119309,0,627040446,footway,,,False,False,74.55051257521201,"LINESTRING (-2.587795 51.457527, -2.5881126 51.4574404, -2.5879249 51.4570399, -2.5879118 51.4570036)",yes,concrete,,,,,,,
5919449220,5919449215,0,627040446,footway,,,False,True,91.29054595102576,"LINESTRING (-2.587795 51.457527, -2.5872696 51.4576144, -2.5870694 51.4572043, -2.5870702 51.4571508)",yes,concrete,,,,,,,
3307418825,12806924702,0,1383346680,footway,,,False,False,35.37909318686928,"LINESTRING (-2.5896134 51.4567967, -2.5891472 51.4569265)",no,paved,,,,building_passage,,,
3307418825,12806924710,0,1383346680,footway,,,False,True,52.745700103858525,"LINESTRING (-2.5896134 51.4567967, -2.5903073 51.4566016)",no,paved,,,,building_passage,,,
3307418825,12806902199,0,"[323978931, 1383346679]",footway,,Greyhound Walk,False,"[False, True]",73.96789198563707,"LINESTRING (-2.5896134 51.4567967, -2.5897422 51.4569739, -2.5900108 51.4573436, -2.5900574 51.4574016)",yes,paved,,,,building_passage,,,
12806924702,3307418825,0,1383346680,footway,,,False,True,35.37909318686928,"LINESTRING (-2.5891472 51.4569265, -2.5896134 51.4567967)",no,paved,,,,building_passage,,,
12806924702,12806924704,0,"[1383346681, 1383346683]",footway,,,False,False,42.03518601522711,"LINESTRING (-2.5891472 51.4569265, -2.5889765 51.4569057, -2.5885866 51.4570227)",yes,paved,,,,building_passage,,,
12806924702,12806924703,0,"[1383346681, 1383346682]",footway,,,False,"[False, True]",45.870131365105244,"LINESTRING (-2.5891472 51.4569265, -2.5890617 51.4570761, -2.5886888 51.457178)",yes,paved,,,,building_passage,,,
12806924710,3307418825,0,1383346680,footway,,,False,False,52.745700103858525,"LINESTRING (-2.5903073 51.4566016, -2.5896134 51.4567967)",no,paved,,,,building_passage,,,
12806924710,12806924705,0,1383346685,steps,,,False,True,14.285062446709556,"LINESTRING (-2.5903073 51.4566016, -2.5901118 51.4565608)",no,paved,,,,,,,
12806924710,12806902198,0,"[1383346680, 1383346678]",footway,,,False,True,86.4846062455705,"LINESTRING (-2.5903073 51.4566016, -2.5904531 51.4565606, -2.5905646 51.4565852, -2.5909315 51.4571054, -2.590956 51.4571382)",yes,concrete,,,,building_passage,,,
12806902199,12272057948,0,1326365446,pedestrian,,Broadmead,False,True,7.378799829090071,"LINESTRING (-2.5900574 51.4574016, -2.5901519 51.457371)",yes,paving_stones,,,,,,,
12806902199,12248299111,0,1326365446,pedestrian,,Broadmead,False,False,25.32876403419298,"LINESTRING (-2.5900574 51.4574016, -2.5899017 51.457452, -2.5897292 51.4575018)",yes,paving_stones,,,,,,,
12806902199,3307418825,0,"[323978931, 1383346679]",footway,,Greyhound Walk,False,"[False, True]",73.96789198563707,"LINESTRING (-2.5900574 51.4574016, -2.5900108 51.4573436, -2.5897422 51.4569739, -2.5896134 51.4567967)",yes,paved,,,,building_passage,,,
12806924703,12806924704,0,1326368872,pedestrian,,Merchant Street,False,False,18.664002044441666,"LINESTRING (-2.5886888 51.457178, -2.5885866 51.4570227)",yes,paving_stones,,,,,,,
12806924703,12272098112,0,1326368872,pedestrian,,Merchant Street,False,True,3.4295418135555575,"LINESTRING (-2.5886888 51.457178, -2.5887099 51.4572059)",yes,paving_stones,,,,,,,
12806924703,12806924702,0,"[1383346681, 1383346682]",footway,,,False,"[False, True]",45.870131365105244,"LINESTRING (-2.5886888 51.457178, -2.5890617 51.4570761, -2.5891472 51.4569265)",yes,paved,,,,building_passage,,,
12806924705,12806924710,0,1383346685,steps,,,False,False,14.285062446709556,"LINESTRING (-2.5901118 51.4565608, -2.5903073 51.4566016)",no,paved,,,,,,,
12272057948,12806902199,0,1326365446,pedestrian,,Broadmead,False,False,7.378799829090071,"LINESTRING (-2.5901519 51.457371, -2.5900574 51.4574016)",yes,paving_stones,,,,,,,
12272057948,12272057949,0,1326365447,pedestrian,,Broadmead,False,False,23.532971145981044,"LINESTRING (-2.5901519 51.457371, -2.5901243 51.4573337, -2.5903098 51.4572804, -2.5903389 51.4573197)",yes,paving_stones,,,,,,,
12272057948,12272057949,1,1326365447,pedestrian,,Broadmead,False,True,23.810715241973092,"LINESTRING (-2.5901519 51.457371, -2.5901818 51.4574114, -2.5903674 51.4573581, -2.5903389 51.4573197)",yes,paving_stones,,,,,,,
12248299111,12248299110,0,1323620722,pedestrian,,Broadmead,False,False,23.656651739346415,"LINESTRING (-2.5897292 51.4575018, -2.5897572 51.4575397, -2.589572 51.4575929, -2.5895424 51.457553)",yes,paving_stones,,,,,,,
12248299111,12248299110,1,1323620722,pedestrian,,Broadmead,False,True,23.639866867063592,"LINESTRING (-2.5897292 51.4575018, -2.5896997 51.457462, -2.5895144 51.4575152, -2.5895424 51.457553)",yes,paving_stones,,,,,,,
12248299111,12806902199,0,1326365446,pedestrian,,Broadmead,False,True,25.32876403419298,"LINESTRING (-2.5897292 51.4575018, -2.5899017 51.457452, -2.5900574 51.4574016)",yes,paving_stones,,,,,,,
3893231912,12461273925,0,1347126815,footway,,,False,False,4.138799446700963,"LINESTRING (-2.5800025 51.4566269, -2.5799626 51.4565992)",no,paving_stones,,,,,,,
8939668299,8942202643,0,822247850,footway,,,False,False,48.28834011392587,"LINESTRING (-2.5801416 51.4565547, -2.5801432 51.4565698, -2.5801519 51.4565801, -2.5804465 51.4569092, -2.580462 51.4569383)",yes,paving_stones,,,,,,,
8939668299,12461273925,0,"[529808772, 1413471972, 1413471973]",footway,,,False,False,13.481453618233067,"LINESTRING (-2.5801416 51.4565547, -2.5801179 51.4565549, -2.5800445 51.456575, -2.5799965 51.4565881, -2.5799626 51.4565992)",yes,paving_stones,,,,,,,
3980721932,3980721951,0,395171848,footway,,,False,False,6.478145484758165,"LINESTRING (-2.5820544 51.4643025, -2.5819609 51.4643035)",no,asphalt,,,,,,,
3980721932,3980721933,0,395171848,footway,,,False,True,17.258767807626537,"LINESTRING (-2.5820544 51.4643025, -2.5823035 51.4642999)",no,asphalt,,,,,,,
3980721932,3980721955,0,395171851,footway,,,False,False,16.977492521882258,"LINESTRING (-2.5820544 51.4643025, -2.5820873 51.4644538)",no,asphalt,,,,,,,
3980721932,3980721930,0,395171851,footway,,,False,True,6.116733935731095,"LINESTRING (-2.5820544 51.4643025, -2.582056 51.4642475)",no,asphalt,,,,,,,
3980721933,3980721932,0,395171848,footway,,,False,False,17.258767807626537,"LINESTRING (-2.5823035 51.4642999, -2.5820544 51.4643025)",no,asphalt,,,,,,,
3980721933,13191500416,0,395171848,footway,,,False,True,3.9292841156615466,"LINESTRING (-2.5823035 51.4642999, -2.5823601 51.4643022)",no,asphalt,,,,,,,
3980721933,3980721955,0,395171838,footway,,,False,False,24.90910376744091,"LINESTRING (-2.5823035 51.4642999, -2.5822961 51.4643278, -2.5822757 51.4643733, -2.5822493 51.4643998, -2.5822113 51.4644244, -2.5821396 51.4644462, -2.5820873 51.4644538)",no,asphalt,,,,,,,
3980721933,3980721930,0,395171838,footway,,,False,True,22.632128285680892,"LINESTRING (-2.5823035 51.4642999, -2.5822961 51.4642667, -2.5822757 51.4642467, -2.5822332 51.4642312, -2.5821835 51.464223, -2.5821118 51.4642321, -2.582056 51.4642475)",no,asphalt,,,,,,,
3980721955,3980721932,0,395171851,footway,,,False,True,16.977492521882258,"LINESTRING (-2.5820873 51.4644538, -2.5820544 51.4643025)",no,asphalt,,,,,,,
3980721955,3980721951,0,395171838,footway,,,False,False,26.17769250899587,"LINESTRING (-2.5820873 51.4644538, -2.5820226 51.4644526, -2.5819869 51.4644449, -2.5819501 51.4644319, -2.5819159 51.4644064, -2.5819078 51.4643876, -2.5819085 51.4643697, -2.5819273 51.4643337, -2.5819609 51.4643035)",no,asphalt,,,,,,,
3980721955,3980721933,0,395171838,footway,,,False,True,24.909103767440907,"LINESTRING (-2.5820873 51.4644538, -2.5821396 51.4644462, -2.5822113 51.4644244, -2.5822493 51.4643998, -2.5822757 51.4643733, -2.5822961 51.4643278, -2.5823035 51.4642999)",no,asphalt,,,,,,,
13191500416,3980721933,0,395171848,footway,,,False,False,3.9292841156615466,"LINESTRING (-2.5823601 51.4643022, -2.5823035 51.4642999)",no,asphalt,,,,,,,
13191500416,13191500417,0,1435191564,footway,,,False,False,1.8129563972350737,"LINESTRING (-2.5823601 51.4643022, -2.5823607 51.4642859)",no,asphalt,,,,,,,
13191500416,13191500418,0,1435191565,footway,,,False,False,26.495697857873452,"LINESTRING (-2.5823601 51.4643022, -2.5823312 51.4645398)",no,asphalt,,,,,,,
13191500416,13191500421,0,395171848,footway,,,False,True,16.08785455860505,"LINESTRING (-2.5823601 51.4643022, -2.5825198 51.4643046, -2.5825922 51.4643068)",no,asphalt,,,,,,,
13191500417,13191500416,0,1435191564,footway,,,False,True,1.8129563972350737,"LINESTRING (-2.5823607 51.4642859, -2.5823601 51.4643022)",no,asphalt,,,,,,,
13191500417,13191500419,0,1435191566,footway,,,False,True,11.143737252148687,"LINESTRING (-2.5823607 51.4642859, -2.5825215 51.4642887)",no,asphalt,,,,,,,
13191500417,13191500424,0,1435191568,steps,,,False,False,2.558621927111002,"LINESTRING (-2.5823607 51.4642859, -2.5823618 51.4642629)",no,asphalt,,,,,,,
13191500422,13191500421,0,1435191567,steps,,,False,True,2.6679105620438244,"LINESTRING (-2.5826182 51.4642891, -2.5825922 51.4643068)",no,asphalt,,,,,,,
8910794148,8910794156,0,"[728214809, 963320039]","['steps', 'footway']",,,False,False,11.524809381186628,"LINESTRING (-2.5856513 51.4570711, -2.5856417 51.4570859, -2.5855779 51.4571028, -2.5855955 51.4571288, -2.5856056 51.4571438)",no,concrete,,,,,,,
8910794148,8910794149,0,728214809,footway,,,False,True,8.383796025931638,"LINESTRING (-2.5856513 51.4570711, -2.5856604 51.4570569, -2.5856226 51.4570016)",no,concrete,,,,,,,
8910794148,6824060867,0,"[963320040, 963320041, 963320042]","['steps', 'footway']",,,False,True,10.837874948997937,"LINESTRING (-2.5856513 51.4570711, -2.5856761 51.4570773, -2.5857039 51.4570843, -2.5857914 51.4571141)",no,concrete,,,,,,,
4661094416,5919449207,0,"[711114418, 22634693]",unclassified,20 mph,Penn Street,False,True,39.008332125272155,"LINESTRING (-2.585966 51.4571757, -2.5859803 51.4572012, -2.5860016 51.457239, -2.5861396 51.457434, -2.5861662 51.4574662, -2.5861884 51.4574977)",yes,paving_stones,"['3', '1']",,,,,,
4661094416,6824060867,0,"[1360635504, 1360635505]",footway,,,False,False,20.10067004082335,"LINESTRING (-2.585966 51.4571757, -2.5858877 51.4571947, -2.5858761 51.4571978, -2.5858432 51.4572068, -2.5858024 51.4571337, -2.5857914 51.4571141)",no,asphalt,,,,,,,
4661094416,12595689538,0,"[1360635504, 1360635502, 1360635503]",footway,,,False,True,21.743265857996235,"LINESTRING (-2.585966 51.4571757, -2.5859946 51.4571688, -2.586007 51.4571657, -2.5860107 51.4571344, -2.5860309 51.4571054, -2.5860629 51.4570818, -2.5860899 51.4570703, -2.5860758 51.4570529, -2.5860511 51.4570222)",no,asphalt,,,,,,,
12595689528,12595689538,0,"[615789161, 1360635502]",footway,,,False,False,7.467299679263429,"LINESTRING (-2.5860048 51.4569616, -2.5860168 51.4569797, -2.5860511 51.4570222)",no,asphalt,,,,,,,
12595689528,5822644360,0,615789161,footway,,,False,True,16.2190652102418,"LINESTRING (-2.5860048 51.4569616, -2.5860208 51.4569424, -2.5861245 51.4568363)",no,paving_stones,,,,,,,
12595689528,12595689526,0,1360635501,footway,,,False,False,7.4438736508188015,"LINESTRING (-2.5860048 51.4569616, -2.5859568 51.456957, -2.5859043 51.4569404)",no,paving_stones,,,,,,,
6018494689,12595689538,0,20343257,tertiary,20 mph,Broad Weir,False,True,4.106229292358075,"LINESTRING (-2.585998 51.4570386, -2.5860511 51.4570222)",no,asphalt,2,,,,,,
4878990037,4878990036,0,496181296,footway,,,False,False,10.020405833128567,"LINESTRING (-2.579302 51.4575518, -2.5792643 51.4574648)",yes,asphalt,,,,,,,
4878990037,4878990038,0,496181296,footway,,,False,True,6.275908969861647,"LINESTRING (-2.579302 51.4575518, -2.5793778 51.4575827)",yes,asphalt,,,,,,,
4878990038,4878990037,0,496181296,footway,,,False,False,6.275908969861647,"LINESTRING (-2.5793778 51.4575827, -2.579302 51.4575518)",yes,asphalt,,,,,,,
5061067317,5061067239,0,24239164,unclassified,,River Street,False,False,32.77140270639159,"LINESTRING (-2.5824286 51.4583579, -2.5824054 51.4583716, -2.5820833 51.4585166, -2.5820473 51.458532)",yes,asphalt,,,,,,,
5061067317,5061067470,0,518932240,footway,,,False,False,15.226053186539698,"LINESTRING (-2.5824286 51.4583579, -2.5825106 51.4583937, -2.5826032 51.4584409)",yes,asphalt,,,,,,,
5061067317,12960802960,0,518932240,footway,,,False,True,17.075382567998293,"LINESTRING (-2.5824286 51.4583579, -2.5822644 51.4582907, -2.5822237 51.4582726)",yes,asphalt,,,,,,,
12960802960,5061067317,0,518932240,footway,,,False,False,17.075382567998293,"LINESTRING (-2.5822237 51.4582726, -2.5822644 51.4582907, -2.5824286 51.4583579)",yes,asphalt,,,,,,,
5157651754,12461273917,0,1347126809,footway,,,False,True,11.508376188512074,"LINESTRING (-2.5803653 51.4572951, -2.5804246 51.4572884, -2.5805213 51.4572616)",no,asphalt,,,,,,,
6403206658,5832845867,0,562901652,service,,,False,False,18.116097232039714,"LINESTRING (-2.580791 51.4603655, -2.5809893 51.4604717)",no,asphalt,,,parking_aisle,,,,
6403206658,6403206657,0,562901652,service,,,False,True,23.106498423751436,"LINESTRING (-2.580791 51.4603655, -2.580538 51.4602301)",no,asphalt,,,parking_aisle,,,,
6403206658,6403206657,1,617001680,service,,,False,False,62.98537976817357,"LINESTRING (-2.580791 51.4603655, -2.5806325 51.4604795, -2.58032 51.4603108, -2.580538 51.4602301)",no,asphalt,,,parking_aisle,,,,
10901402908,10901402907,0,1173237853,footway,,,False,True,5.327794435907831,"LINESTRING (-2.5825333 51.4607269, -2.5825685 51.4607695)",no,asphalt,,,,,,,
10901402906,10901402907,0,1173237852,service,,,False,True,19.825614116796306,"LINESTRING (-2.5823434 51.4608789, -2.5825209 51.4607865, -2.5825685 51.4607695)",no,asphalt,,,,,,,
5794635163,5794635164,0,612092247,service,,Callowhill Court,False,True,30.01887807160366,"LINESTRING (-2.5874108 51.4585254, -2.5878367 51.4584758)",no,asphalt,,,,,,,
6106912892,5794635164,0,"[612092248, 651203558]","['service', 'footway']",,Callowhill Court,False,"[False, True]",36.53684408608419,"LINESTRING (-2.5877325 51.4581537, -2.5877408 51.4581772, -2.5877807 51.4582996, -2.5878367 51.4584758)",yes,paving_stones,,,,,,,
5822644360,12595689528,0,615789161,footway,,,False,False,16.2190652102418,"LINESTRING (-2.5861245 51.4568363, -2.5860208 51.4569424, -2.5860048 51.4569616)",no,paving_stones,,,,,,,
5822644369,12595689521,0,615789164,footway,,,False,False,26.318725902764733,"LINESTRING (-2.5860767 51.4568, -2.5860024 51.4567944, -2.5859252 51.4567791, -2.5858352 51.456754, -2.5857604 51.4567216, -2.58573 51.4567117)",no,paving_stones,,,,,,,
5834330057,5834330058,0,617175640,service,,,False,True,16.500683218136064,"LINESTRING (-2.5831017 51.4594022, -2.5828948 51.4594757)",no,asphalt,,,parking_aisle,,,,
5834330057,5834330055,0,617175639,service,,,False,False,34.904334458004286,"LINESTRING (-2.5831017 51.4594022, -2.5829136 51.4592189, -2.5830236 51.4591512)",no,asphalt,,,parking_aisle,,,,
5834330057,5834330054,0,617175640,service,,,False,False,25.458795907106893,"LINESTRING (-2.5831017 51.4594022, -2.5832454 51.4593512, -2.5833527 51.4594579)",no,paving_stones,,,parking_aisle,,,,
5834330055,5834330057,0,617175639,service,,,False,True,34.904334458004286,"LINESTRING (-2.5830236 51.4591512, -2.5829136 51.4592189, -2.5831017 51.4594022)",no,asphalt,,,parking_aisle,,,,
6281096653,6281096660,0,670726171,footway,,,False,True,11.903770650594527,"LINESTRING (-2.5818133 51.4578236, -2.5818234 51.4578291, -2.5818328 51.4578373, -2.5818353 51.4578417, -2.5818342 51.4578543, -2.5818288 51.457863, -2.5818238 51.4578678, -2.5817644 51.4579102)",yes,concrete,,,,,,,
12248299110,11786838687,0,85621228,pedestrian,,Broadmead,False,False,35.60433584127432,"LINESTRING (-2.5895424 51.457553, -2.5894207 51.4575881, -2.5890827 51.457696)",yes,paving_stones,,,,,,,
12248299110,12248299111,0,1323620722,pedestrian,,Broadmead,False,False,23.639866867063596,"LINESTRING (-2.5895424 51.457553, -2.5895144 51.4575152, -2.5896997 51.457462, -2.5897292 51.4575018)",yes,paving_stones,,,,,,,
12248299110,12248299111,1,1323620722,pedestrian,,Broadmead,False,True,23.65665173934642,"LINESTRING (-2.5895424 51.457553, -2.589572 51.4575929, -2.5897572 51.4575397, -2.5897292 51.4575018)",yes,paving_stones,,,,,,,
11786838680,11786838687,0,627040447,pedestrian,,Merchant Street,False,True,49.61478114232372,"LINESTRING (-2.5887635 51.4572966, -2.588913 51.4574876, -2.5890827 51.457696)",yes,paving_stones,,,,,,,
11786838680,12272098112,0,1326368873,pedestrian,,Merchant Street,False,False,17.988035604166633,"LINESTRING (-2.5887635 51.4572966, -2.5888162 51.4572819, -2.5887529 51.4571939, -2.5887099 51.4572059)",yes,paving_stones,,,,,,,
11786838680,12272098112,1,1326368873,pedestrian,,Merchant Street,False,True,20.59603878613977,"LINESTRING (-2.5887635 51.4572966, -2.5887033 51.4573134, -2.5886401 51.4572253, -2.5887099 51.4572059)",yes,paving_stones,,,,,,,
6281096639,6281096640,0,670726167,footway,,,False,True,4.139972659927897,"LINESTRING (-2.5798249 51.4580181, -2.5798641 51.45799)",no,asphalt,,,,,,,
6281096640,6281096639,0,670726167,footway,,,False,False,4.139972659927897,"LINESTRING (-2.5798641 51.45799, -2.5798249 51.4580181)",no,asphalt,,,,,,,
6281096640,6281096649,0,670726170,footway,,,False,False,0.8406088663073645,"LINESTRING (-2.5798641 51.45799, -2.5798732 51.457995)",no,asphalt,,,,,,,
6281096640,6281096650,0,670726170,footway,,,False,True,16.41023532595382,"LINESTRING (-2.5798641 51.45799, -2.5796998 51.4578837)",yes,asphalt,,,,,,,
6281096649,6281096640,0,670726170,footway,,,False,True,0.8406088663073645,"LINESTRING (-2.5798732 51.457995, -2.5798641 51.45799)",no,asphalt,,,,,,,
6281096650,6281096640,0,670726170,footway,,,False,False,16.41023532595382,"LINESTRING (-2.5796998 51.4578837, -2.5798641 51.45799)",yes,asphalt,,,,,,,
6281096650,12023837911,0,42899133,primary,30 mph,Lamb Street,False,True,24.12195417873917,"LINESTRING (-2.5796998 51.4578837, -2.5798391 51.4577878, -2.5799275 51.4577197)",yes,asphalt,2,A420,,,,,
12023837913,12023837911,0,1297793664,service,,,False,False,35.56550593487164,"LINESTRING (-2.5795183 51.4576086, -2.5796568 51.4575702, -2.5798625 51.4576844, -2.5799275 51.4577197)",yes,asphalt,,,,,,,
6281096703,6281096705,0,670726176,footway,,,False,True,2.3046274699438793,"LINESTRING (-2.5805609 51.4576049, -2.580539 51.4576205)",no,paved,,,,,,,
6281096704,6281096705,0,670726177,footway,,Pinnel Street,False,True,2.0437748584785416,"LINESTRING (-2.5805197 51.4576344, -2.580539 51.4576205)",no,paved,,,,,,,
6327865044,6327865047,0,"[675703545, 675703546, 675703549]","['steps', 'footway']",,,False,True,9.89671145257951,"LINESTRING (-2.5834784 51.4645278, -2.5835084 51.4645118, -2.5835287 51.464501, -2.5835869 51.4644699)",no,asphalt,,,,,,,
6327939552,6327939553,0,675713077,footway,,,False,False,0.8105677165240337,"LINESTRING (-2.5818705 51.4640412, -2.5818787 51.464036)",no,concrete,,,,,,,
6327939552,6327939693,0,"[675713074, 675713075, 675713076, 675713070]","['steps', 'footway']",,,False,False,6.192421792440559,"LINESTRING (-2.5818705 51.4640412, -2.5818435 51.4640246, -2.5818395 51.4640221, -2.5818244 51.464013, -2.5818006 51.4640173)",no,concrete,,,,,,,
6327939552,6327939555,0,"[675713072, 675713077, 675713071]","['steps', 'footway']",,,False,True,1.5043149101118083,"LINESTRING (-2.5818705 51.4640412, -2.581866 51.464044, -2.5818597 51.464048, -2.5818552 51.4640508)",no,concrete,,,,,,,
6327939553,6327939552,0,675713077,footway,,,False,True,0.8105677165240337,"LINESTRING (-2.5818787 51.464036, -2.5818705 51.4640412)",no,concrete,,,,,,,
6327939695,6327939696,0,675713093,residential,20 mph,Corey Close,False,True,7.677961515002681,"LINESTRING (-2.5815664 51.4638975, -2.5814903 51.4639477)",no,asphalt,,,,,,,
6327939698,6327939696,0,69892600,residential,20 mph,Corey Close,False,False,9.406822563675878,"LINESTRING (-2.5813916 51.4638896, -2.5814903 51.4639477)",no,asphalt,,,,,,,
6824060866,8910794149,0,728214810,footway,,,False,True,5.530929932296848,"LINESTRING (-2.5855493 51.4570213, -2.5856226 51.4570016)",no,concrete,,,,,,,
8910794149,6824060866,0,728214810,footway,,,False,False,5.530929932296848,"LINESTRING (-2.5856226 51.4570016, -2.5855493 51.4570213)",no,concrete,,,,,,,
8910794149,8910794148,0,728214809,footway,,,False,False,8.383796025931638,"LINESTRING (-2.5856226 51.4570016, -2.5856604 51.4570569, -2.5856513 51.4570711)",no,concrete,,,,,,,
8910794149,8910794147,0,728214809,footway,,,False,True,8.363071366769729,"LINESTRING (-2.5856226 51.4570016, -2.5855851 51.4569469, -2.5855617 51.456941)",no,concrete,,,,,,,
8910794149,8910794161,0,"[728214810, 963320043]","['steps', 'footway']",,,False,True,4.9995475117268064,"LINESTRING (-2.5856226 51.4570016, -2.5856613 51.4569914, -2.585689 51.456984)",no,concrete,,,,,,,
8910794147,8910794146,0,728214811,footway,,,False,False,3.967991912630688,"LINESTRING (-2.5855617 51.456941, -2.5855831 51.4569079)",no,concrete,,,,,,,
8910794147,8910794149,0,728214809,footway,,,False,False,8.363071366769729,"LINESTRING (-2.5855617 51.456941, -2.5855851 51.4569469, -2.5856226 51.4570016)",no,concrete,,,,,,,
8910794147,8910794150,0,728214809,footway,,,False,True,11.543523760712684,"LINESTRING (-2.5855617 51.456941, -2.5855383 51.4569351, -2.5854744 51.4569521, -2.5854462 51.4569109)",no,concrete,,,,,,,
8910794161,8910794149,0,"[728214810, 963320043]","['footway', 'steps']",,,False,False,4.9995475117268064,"LINESTRING (-2.585689 51.456984, -2.5856613 51.4569914, -2.5856226 51.4570016)",no,concrete,,,,,,,
8910794156,8910794148,0,"[728214809, 963320039]","['footway', 'steps']",,,False,True,11.524809381186628,"LINESTRING (-2.5856056 51.4571438, -2.5855955 51.4571288, -2.5855779 51.4571028, -2.5856417 51.4570859, -2.5856513 51.4570711)",no,concrete,,,,,,,
8910794146,8910794147,0,728214811,footway,,,False,True,3.967991912630688,"LINESTRING (-2.5855831 51.4569079, -2.5855617 51.456941)",no,concrete,,,,,,,
8910794150,8910794147,0,728214809,footway,,,False,False,11.543523760712686,"LINESTRING (-2.5854462 51.4569109, -2.5854744 51.4569521, -2.5855383 51.4569351, -2.5855617 51.456941)",no,concrete,,,,,,,
8942202648,8942202643,0,966540335,footway,,,False,False,49.85809519494339,"LINESTRING (-2.5810133 51.4566635, -2.5806721 51.4568065, -2.5806546 51.4568439, -2.5806399 51.4568556, -2.5806238 51.4568644, -2.580462 51.4569383)",yes,paving_stones,,,,,,,
9402506775,9402506784,0,4322381,unclassified,20 mph,Fairfax Street,False,False,2.974248218209774,"LINESTRING (-2.5887919 51.4564916, -2.5887575 51.4565076)",no,concrete,,,,building_passage,,,
10816643831,10816643038,0,1163066595,footway,,,False,True,2.8511447855365164,"LINESTRING (-2.5907183 51.4634953, -2.5906812 51.4635064)",no,paving_stones,,,,,,,
10816643831,10816643839,0,1163066603,footway,,,False,False,17.075992965751894,"LINESTRING (-2.5907183 51.4634953, -2.5908345 51.4633748, -2.5908421 51.4633627)",no,paving_stones,,,,,,,
10816643831,10816643835,0,"[1163066603, 1163066604, 1163066605]",footway,,,False,True,18.58000956768156,"LINESTRING (-2.5907183 51.4634953, -2.5907327 51.4635032, -2.5907443 51.4635098, -2.5908906 51.463409, -2.5909008 51.463402)",no,paving_stones,,,,building_passage,,,
10816643042,10816643038,0,1163067624,service,,,False,False,11.465687493639164,"LINESTRING (-2.5907953 51.4635803, -2.5907237 51.4635399, -2.5907163 51.4635358, -2.5907034 51.4635266, -2.5906918 51.4635176, -2.5906812 51.4635064)",no,asphalt,,,,,,,
10816643835,10816643839,0,1163066606,footway,,,False,True,5.969348567659643,"LINESTRING (-2.5909008 51.463402, -2.5908421 51.4633627)",no,paving_stones,,,,,,,
10816643835,10816643831,0,"[1163066603, 1163066604, 1163066605]",footway,,,False,False,18.580009567681557,"LINESTRING (-2.5909008 51.463402, -2.5908906 51.463409, -2.5907443 51.4635098, -2.5907327 51.4635032, -2.5907183 51.4634953)",no,paving_stones,,,,building_passage,,,
10816643835,10816643836,0,1163066606,footway,,,False,False,8.927431092181466,"LINESTRING (-2.5909008 51.463402, -2.5909051 51.4634049, -2.5909894 51.4634603)",no,paving_stones,,,,,,,
10816643900,10816643793,0,"[1163066585, 1163066586, 1163066596]",footway,,,False,"[False, True]",74.41397734165686,"LINESTRING (-2.59114 51.4635262, -2.591092 51.4635277, -2.5909531 51.4636234, -2.5909011 51.4636592, -2.5909105 51.4636773, -2.590855 51.4637215, -2.5908315 51.4637405, -2.5908184 51.4637558, -2.5908034 51.4637819, -2.5907879 51.4638172, -2.5907816 51.4638483, -2.5907809 51.4638836, -2.5907846 51.4639195, -2.5908007 51.4639761, -2.5907993 51.4639947, -2.5907933 51.4640102, -2.5907779 51.4640252, -2.5907588 51.4640346, -2.5907313 51.4640415, -2.5907051 51.4640432, -2.5906753 51.4640413)",yes,concrete,,,,building_passage,,,
10816643900,10816643908,0,"[1163066620, 93159684, 1163066598]",service,,,False,False,128.59680623502254,"LINESTRING (-2.59114 51.4635262, -2.5915827 51.4632212, -2.5914855 51.4631664, -2.5914791 51.4631629, -2.5914664 51.4631573, -2.5914513 51.4631547, -2.5914369 51.4631541, -2.5914206 51.4631562, -2.5914092 51.4631599, -2.5913961 51.4631661, -2.5913867 51.4631712, -2.5912161 51.4632888, -2.5911598 51.4633275, -2.591145 51.4633339, -2.591122 51.4633395, -2.5911002 51.463341, -2.5910776 51.4633393, -2.5910565 51.4633342, -2.5910379 51.4633266, -2.5910233 51.4633161, -2.5910142 51.4633057, -2.591009 51.4632929, -2.591007 51.4632781, -2.5910114 51.4632649, -2.5910206 51.4632526, -2.591034 51.4632423, -2.5912311 51.46311, -2.5912437 51.4631053, -2.5912694 51.4631011)",no,asphalt,,,,building_passage,,yes,
10816643900,10816643813,0,"[93280979, 1163066598]",service,,,False,True,62.921485521497175,"LINESTRING (-2.59114 51.4635262, -2.5911315 51.46355, -2.5909915 51.463645, -2.5909673 51.4636632, -2.5908825 51.463734, -2.5908637 51.4637541, -2.59085 51.4637735, -2.5908298 51.4638128, -2.5908221 51.463841, -2.5908205 51.4638713, -2.5908231 51.4638993, -2.5908315 51.4639456, -2.5908577 51.4640252)",no,concrete,,,,building_passage,,,
10848175178,10816643706,0,"[1163066588, 1163066589, 1163066590, 1163066591]",footway,,,False,"[False, True]",68.88036529257413,"LINESTRING (-2.5911432 51.4635269, -2.5911365 51.4635528, -2.5909976 51.4636485, -2.5909702 51.4636674, -2.5909663 51.4636734, -2.590966 51.4636793, -2.5910055 51.4637579, -2.5910165 51.4637798, -2.591022 51.4637937, -2.5910235 51.4638121, -2.5910186 51.4638414, -2.5910018 51.4638915, -2.5909841 51.4639231, -2.590964 51.4639523, -2.5909244 51.4640002, -2.5909187 51.4640156, -2.590919 51.46403, -2.5909277 51.4640427, -2.590943 51.4640559, -2.5909611 51.4640629, -2.5909837 51.464068)",yes,asphalt,,,,building_passage,,yes,
10848175178,10816643908,0,"[1163066624, 1163066625, 1163066626, 1163066600, 1163066621, 1163066622, 1163066623]",service,,,False,False,73.25596592520166,"LINESTRING (-2.5911432 51.4635269, -2.5911673 51.4635103, -2.5912162 51.4634755, -2.5913656 51.4633722, -2.5914154 51.4633381, -2.5915646 51.4632355, -2.5915851 51.463221, -2.5915356 51.4631915, -2.5914894 51.4631655, -2.5914818 51.4631608, -2.5914667 51.4631552, -2.5914516 51.4631526, -2.5914372 51.463152, -2.5914174 51.4631547, -2.5913891 51.463157, -2.5913747 51.4631572, -2.5913552 51.4631552, -2.5913363 51.46315, -2.5913204 51.4631425, -2.5913041 51.4631324, -2.5912858 51.4631178, -2.5912694 51.4631011)",no,asphalt,,,,,,,
10848175178,10816643813,0,"[1163066600, 1163066597, 93280990, 1163066599]",service,,,False,True,64.39600772229157,"LINESTRING (-2.5911432 51.4635269, -2.5911028 51.4635338, -2.590964 51.4636295, -2.5909462 51.4636418, -2.5909383 51.463649, -2.5909326 51.4636576, -2.5909274 51.4636681, -2.5909272 51.4636797, -2.5909316 51.4636929, -2.5909679 51.4637651, -2.590979 51.4637881, -2.5909811 51.4637992, -2.5909804 51.4638165, -2.5909774 51.4638387, -2.5909636 51.4638861, -2.5909479 51.4639197, -2.5909338 51.4639415, -2.5908935 51.4639899, -2.5908577 51.4640252)",yes,concrete,,,,building_passage,,yes,
10816643908,10816643907,0,1163066626,service,,,False,False,7.775627118536891,"LINESTRING (-2.5912694 51.4631011, -2.5913046 51.4630347)",no,asphalt,,,,,,,
10816643908,10816643900,0,"[1163066620, 93159684, 1163066598]",service,,,False,True,128.5968062350225,"LINESTRING (-2.5912694 51.4631011, -2.5912437 51.4631053, -2.5912311 51.46311, -2.591034 51.4632423, -2.5910206 51.4632526, -2.5910114 51.4632649, -2.591007 51.4632781, -2.591009 51.4632929, -2.5910142 51.4633057, -2.5910233 51.4633161, -2.5910379 51.4633266, -2.5910565 51.4633342, -2.5910776 51.4633393, -2.5911002 51.463341, -2.591122 51.4633395, -2.591145 51.4633339, -2.5911598 51.4633275, -2.5912161 51.4632888, -2.5913867 51.4631712, -2.5913961 51.4631661, -2.5914092 51.4631599, -2.5914206 51.4631562, -2.5914369 51.4631541, -2.5914513 51.4631547, -2.5914664 51.4631573, -2.5914791 51.4631629, -2.5914855 51.4631664, -2.5915827 51.4632212, -2.59114 51.4635262)",no,asphalt,,,,building_passage,,yes,
10816643908,10848175178,0,"[1163066624, 1163066625, 1163066626, 1163066600, 1163066621, 1163066622, 1163066623]",service,,,False,True,73.25596592520169,"LINESTRING (-2.5912694 51.4631011, -2.5912858 51.4631178, -2.5913041 51.4631324, -2.5913204 51.4631425, -2.5913363 51.46315, -2.5913552 51.4631552, -2.5913747 51.4631572, -2.5913891 51.463157, -2.5914174 51.4631547, -2.5914372 51.463152, -2.5914516 51.4631526, -2.5914667 51.4631552, -2.5914818 51.4631608, -2.5914894 51.4631655, -2.5915356 51.4631915, -2.5915851 51.463221, -2.5915646 51.4632355, -2.5914154 51.4633381, -2.5913656 51.4633722, -2.5912162 51.4634755, -2.5911673 51.4635103, -2.5911432 51.4635269)",no,asphalt,,,,,,,
10816643836,10816643835,0,1163066606,footway,,,False,True,8.927431092181466,"LINESTRING (-2.5909894 51.4634603, -2.5909051 51.4634049, -2.5909008 51.463402)",no,paving_stones,,,,,,,
10816643851,10816643907,0,93114288,service,,,False,False,12.644399407328198,"LINESTRING (-2.5914645 51.463022, -2.5914069 51.4630505, -2.5913971 51.4630531, -2.5913852 51.4630536, -2.5913681 51.4630514, -2.5913046 51.4630347)",no,asphalt,,,,,,,
10816643857,10816643874,0,1163066614,footway,,,False,True,44.15027521301487,"LINESTRING (-2.5917393 51.4626337, -2.5913011 51.462922)",no,asphalt,,,,,,,
10816643857,10816643890,0,1163066613,footway,,,False,True,18.58466670918513,"LINESTRING (-2.5917393 51.4626337, -2.5917524 51.4626414, -2.5917574 51.4626493, -2.5917589 51.4626558, -2.5917569 51.4626644, -2.5916828 51.4627457, -2.5916722 51.4627585, -2.591658 51.4627811)",no,asphalt,,,,,,,
10816643857,10816643864,0,"[1163066610, 1163066611, 1163066612, 1163066614, 93114294, 93114297, 93114301]","['steps', 'footway']",,,False,False,26.810384378829024,"LINESTRING (-2.5917393 51.4626337, -2.5917619 51.4626188, -2.5917914 51.4626017, -2.5918109 51.4625963, -2.5918293 51.4625958, -2.5918474 51.462599, -2.5918615 51.4626046, -2.5918913 51.4626313, -2.5919131 51.462657, -2.5919322 51.4626815, -2.5919438 51.4626965, -2.5919597 51.462717, -2.591974 51.4627353)",no,concrete,,,,,,,
10816643854,10816643852,0,93159681,footway,,,False,False,5.39045213068721,"LINESTRING (-2.5915048 51.462966, -2.591512 51.4629812, -2.5915187 51.4629909, -2.5915277 51.4629994, -2.5915407 51.4630081)",no,asphalt,,,,,,,
10816643854,10816643890,0,93159681,footway,,,False,True,23.241369232400082,"LINESTRING (-2.5915048 51.462966, -2.5915125 51.4629599, -2.5915353 51.4629411, -2.591603 51.4628655, -2.5916164 51.4628475, -2.591658 51.4627811)",no,asphalt,,,,,,,
10816643854,10816643874,0,1163066614,footway,,,False,False,24.73655862157691,"LINESTRING (-2.5915048 51.462966, -2.5914893 51.4629762, -2.5914638 51.462989, -2.5913862 51.4630162, -2.5913722 51.4630176, -2.5913611 51.463016, -2.5912987 51.4629811, -2.5912905 51.4629742, -2.5912851 51.462966, -2.5912823 51.4629545, -2.5912838 51.4629434, -2.591289 51.4629337, -2.5913011 51.462922)",no,asphalt,,,,,,,
10816643852,10816974035,0,1163066616,footway,,,False,True,9.203993920917814,"LINESTRING (-2.5915407 51.4630081, -2.5914516 51.4630695)",no,asphalt,,,,,,,
10816643852,10816643854,0,93159681,footway,,,False,True,5.39045213068721,"LINESTRING (-2.5915407 51.4630081, -2.5915277 51.4629994, -2.5915187 51.4629909, -2.591512 51.4629812, -2.5915048 51.462966)",no,asphalt,,,,,,,
10816643852,10816643893,0,1163066616,footway,,,False,False,32.14634083214235,"LINESTRING (-2.5915407 51.4630081, -2.5917763 51.4628458, -2.5917163 51.4627863)",no,asphalt,,,,,,,
10816643893,10816643890,0,93159685,footway,,,False,False,4.238812791844242,"LINESTRING (-2.5917163 51.4627863, -2.5917017 51.4627882, -2.591687 51.4627886, -2.5916761 51.4627868, -2.591658 51.4627811)",no,asphalt,,,,,,,
10816643893,10816974038,0,1163066615,footway,,,False,False,18.388087066598032,"LINESTRING (-2.5917163 51.4627863, -2.5919591 51.46274, -2.5919694 51.4627368)",no,asphalt,,,,,,,
10816643893,10816643852,0,1163066616,footway,,,False,True,32.14634083214235,"LINESTRING (-2.5917163 51.4627863, -2.5917763 51.4628458, -2.5915407 51.4630081)",no,asphalt,,,,,,,
10816974038,10816643864,0,1163066615,footway,,,False,False,0.359685230843326,"LINESTRING (-2.5919694 51.4627368, -2.591974 51.4627353)",no,asphalt,,,,,,,
10816974038,10816643893,0,1163066615,footway,,,False,True,18.388087066598032,"LINESTRING (-2.5919694 51.4627368, -2.5919591 51.46274, -2.5917163 51.4627863)",no,asphalt,,,,,,,
10816974038,10816974035,0,"[1163115980, 1163115981, 1163115982]",footway,,,False,"[False, True]",53.4905604680351,"LINESTRING (-2.5919694 51.4627368, -2.5919375 51.4627593, -2.5914732 51.4630815, -2.5914614 51.4630749, -2.5914516 51.4630695)",no,asphalt,,,,building_passage,,,
10816643890,10816643854,0,93159681,footway,,,False,False,23.24136923240008,"LINESTRING (-2.591658 51.4627811, -2.5916164 51.4628475, -2.591603 51.4628655, -2.5915353 51.4629411, -2.5915125 51.4629599, -2.5915048 51.462966)",no,asphalt,,,,,,,
10816643890,10816643893,0,93159685,footway,,,False,True,4.238812791844241,"LINESTRING (-2.591658 51.4627811, -2.5916761 51.4627868, -2.591687 51.4627886, -2.5917017 51.4627882, -2.5917163 51.4627863)",no,asphalt,,,,,,,
10816643890,10816643857,0,1163066613,footway,,,False,False,18.58466670918513,"LINESTRING (-2.591658 51.4627811, -2.5916722 51.4627585, -2.5916828 51.4627457, -2.5917569 51.4626644, -2.5917589 51.4626558, -2.5917574 51.4626493, -2.5917524 51.4626414, -2.5917393 51.4626337)",no,asphalt,,,,,,,
12272098112,12806924703,0,1326368872,pedestrian,,Merchant Street,False,False,3.4295418135555575,"LINESTRING (-2.5887099 51.4572059, -2.5886888 51.457178)",yes,paving_stones,,,,,,,
12272098112,11786838680,0,1326368873,pedestrian,,Merchant Street,False,False,20.59603878613977,"LINESTRING (-2.5887099 51.4572059, -2.5886401 51.4572253, -2.5887033 51.4573134, -2.5887635 51.4572966)",yes,paving_stones,,,,,,,
12272098112,11786838680,1,1326368873,pedestrian,,Merchant Street,False,True,17.988035604166633,"LINESTRING (-2.5887099 51.4572059, -2.5887529 51.4571939, -2.5888162 51.4572819, -2.5887635 51.4572966)",yes,paving_stones,,,,,,,
12272057949,12806902198,0,1323620723,pedestrian,,Broadmead,False,True,47.2799371104064,"LINESTRING (-2.5903389 51.4573197, -2.590956 51.4571382)",yes,concrete,,,,,,,
12272057949,12272057948,0,1326365447,pedestrian,,Broadmead,False,False,23.810715241973092,"LINESTRING (-2.5903389 51.4573197, -2.5903674 51.4573581, -2.5901818 51.4574114, -2.5901519 51.457371)",yes,paving_stones,,,,,,,
12272057949,12272057948,1,1326365447,pedestrian,,Broadmead,False,True,23.532971145981044,"LINESTRING (-2.5903389 51.4573197, -2.5903098 51.4572804, -2.5901243 51.4573337, -2.5901519 51.457371)",yes,paving_stones,,,,,,,
13191500419,13191500417,0,1435191566,footway,,,False,False,11.143737252148687,"LINESTRING (-2.5825215 51.4642887, -2.5823607 51.4642859)",no,asphalt,,,,,,,
13191500424,13191500417,0,1435191568,steps,,,False,True,2.558621927111002,"LINESTRING (-2.5823618 51.4642629, -2.5823607 51.4642859)",no,asphalt,,,,,,,
