osmid,highway,maxspeed,name,oneway,reversed,length,speed_kph,travel_time,geometry,lanes,access,tunnel,ref,junction,service,bridge,access_score,score_band,edge_colour
3878220,unclassified,20 mph,Grosvenor Road,False,True,57.64,32.1868,6.447,"LINESTRING (-2.5848588 51.4630034, -2.5842715 51.4633706)",,,,,,,,0.004012567004065443,0.9,#199750
8172814,residential,20 mph,Brighton Street,False,False,41.06,32.1868,4.593,"LINESTRING (-2.5848588 51.4630034, -2.5852504 51.4632806)",,,,,,,,0.004012567004065443,0.9,#199750
3878220,unclassified,20 mph,Grosvenor Road,False,False,12.32,32.1868,1.377,"LINESTRING (-2.5848588 51.4630034, -2.5849097 51.4629614, -2.5849703 51.4629172)",,,,,,,,0.004210792283675223,0.9,#199750
8172814,residential,20 mph,Brighton Street,False,True,91.41,32.1868,10.224,"LINESTRING (-2.586081 51.4639194, -2.5852504 51.4632806)",,,,,,,,0.004612852274382712,0.9,#199750
193994529,unclassified,20 mph,City Road,False,False,57.59,32.1868,6.441,"LINESTRING (-2.586081 51.4639194, -2.5854158 51.46423)",2,,,,,,,0.004612852274382712,0.9,#199750
"[4832798, 72343207]",unclassified,20 mph,Drummond Road,False,False,61.6,32.1868,6.89,"LINESTRING (-2.586081 51.4639194, -2.5862741 51.464075, -2.5866486 51.4643456)",,,,,,,,0.006023321220262574,0.8,#66bd63
193994529,unclassified,20 mph,City Road,False,True,89.19,32.1868,9.976,"LINESTRING (-2.586081 51.4639194, -2.5863379 51.4637955, -2.5870991 51.4634284)",2,,,,,,,0.005801200443430158,0.9,#199750
4013287,unclassified,20 mph,Saint Nicholas Road,False,False,37.36,32.1868,4.178,"LINESTRING (-2.580726 51.4639673, -2.5803047 51.4637576)",,,,,,,,0.0031783774286181284,0.9,#199750
4013287,unclassified,20 mph,Saint Nicholas Road,False,True,16.26,32.1868,1.819,"LINESTRING (-2.580726 51.4639673, -2.5809042 51.4640625)",,,,,,,,0.0029665639845540153,0.9,#199750
72343233,residential,20 mph,Halston Drive,False,False,55.49,32.1868,6.206,"LINESTRING (-2.580726 51.4639673, -2.5808686 51.4638346, -2.5809972 51.4637148, -2.5811616 51.4635486)",,,,,,,,0.003416726753590189,0.9,#199750
4013287,unclassified,20 mph,Saint Nicholas Road,False,True,54.81,32.1868,6.131,"LINESTRING (-2.5796921 51.4634456, -2.5803047 51.4637576)",,,,,,,,0.0034864061760701095,0.9,#199750
3877714,unclassified,20 mph,,False,True,68.66,32.1868,7.679,"LINESTRING (-2.5807185 51.461573, -2.5807331 51.4615131, -2.5807499 51.4614412, -2.5807947 51.4614031, -2.5812664 51.4610797)",,,,,,,,0.023530395245461317,0.5,#feffbe
"[72343225, 72343218, 3877715]",unclassified,20 mph,"['Wilson Place', 'Dove Lane', 'Wilson Street']",False,"[False, True]",153.82,32.1868,17.205,"LINESTRING (-2.5807185 51.461573, -2.5807835 51.4615883, -2.5808392 51.4616164, -2.5812657 51.4619366, -2.5819786 51.4615184, -2.5822897 51.4613315)",,,,,,,,0.014097884395311646,0.7,#a5d86a
"[4013288, 1364006095]",unclassified,,Newfoundland Road,False,False,125.98,32.33444587155963,14.026,"LINESTRING (-2.5807185 51.461573, -2.5806395 51.4615793, -2.580548 51.461617, -2.5803651 51.4617659, -2.5797481 51.4624144, -2.5796845 51.4624764)",,,,,,,,0.014097884395311646,0.7,#a5d86a
8302427,residential,20 mph,Gwyn Street,False,True,81.41,32.1868,9.105,"LINESTRING (-2.5866486 51.4643456, -2.5875944 51.4639111)",,,,,,,,0.008200421484360678,0.8,#66bd63
"[4832798, 72343207]",unclassified,20 mph,Drummond Road,False,True,61.6,32.1868,6.89,"LINESTRING (-2.5866486 51.4643456, -2.5862741 51.464075, -2.586081 51.4639194)",,,,,,,,0.006023321220262574,0.8,#66bd63
4234845,unclassified,20 mph,Brunswick Street,False,True,47.47,32.1868,5.309,"LINESTRING (-2.5872167 51.4617977, -2.5876224 51.4621417)",,,,,,,,0.008338978940605897,0.8,#66bd63
24359413,unclassified,20 mph,Wilder Street,False,False,29.83,32.1868,3.336,"LINESTRING (-2.5872167 51.4617977, -2.5868757 51.4619615)",,,,,,,,0.008338978940605897,0.8,#66bd63
24359413,unclassified,20 mph,Wilder Street,False,True,21.08,32.1868,2.357,"LINESTRING (-2.5872167 51.4617977, -2.5873944 51.4617055, -2.5874519 51.4616775)",,,,,,,,0.00846323623633458,0.8,#66bd63
4012533,unclassified,20 mph,Upper York Street,False,False,29.74,32.1868,3.326,"LINESTRING (-2.5887285 51.4610617, -2.5886121 51.4608043)",,,,,,,,0.011561253787809716,0.7,#a5d86a
24359413,unclassified,20 mph,Wilder Street,False,False,47.61,32.1868,5.325,"LINESTRING (-2.5887285 51.4610617, -2.588183 51.4613221)",,,,,,,,0.011561253787809716,0.7,#a5d86a
204097711,unclassified,20 mph,Upper York Street,False,True,28.12,32.1868,3.145,"LINESTRING (-2.5887285 51.4610617, -2.5889677 51.461266)",,,,,,,,0.01704723870218172,0.6,#d9ef8b
"[541977753, 26230303]","['path', 'unclassified']",20 mph,Wilder Street,False,False,151.29,32.1868,16.922,"LINESTRING (-2.5887285 51.4610617, -2.5899687 51.4604879, -2.5900083 51.460521, -2.5900172 51.4605275, -2.5901628 51.4606631, -2.5903862 51.4605933, -2.5904285 51.4605801)",,,,,,,,0.2704352540955242,0.0,#a50026
711114417,tertiary,20 mph,Lower Castle Street,False,True,10.13,32.1868,1.133,"LINESTRING (-2.5858771 51.4570684, -2.585816 51.4569856)",3,,,,,,,0.005224139830285467,0.9,#199750
22634693,unclassified,20 mph,Penn Street,False,False,5.81,32.1868,0.65,"LINESTRING (-2.5867257 51.4582949, -2.5866966 51.4582459)",1,,,,,,,0.004842452949177527,0.9,#199750
3512235,unclassified,20 mph,The Horsefair,False,True,59.48,32.1868,6.652,"LINESTRING (-2.5867257 51.4582949, -2.5868182 51.4584249, -2.5869547 51.4586169, -2.5870329 51.4587086, -2.5871231 51.4587639)",1,,,,,,,0.0052800529916918314,0.9,#199750
627040442,pedestrian,,George White Street,False,False,112.31,32.1868,12.561,"LINESTRING (-2.5867257 51.4582949, -2.5864644 51.4583115, -2.5861764 51.4583294, -2.5858861 51.4583541, -2.5854117 51.4584442, -2.5851494 51.4585052)",,permissive,,,,,,0.009374517619584792,0.8,#66bd63
"[16198701, 124100375]",pedestrian,,The Arcade,False,False,91.6,32.1868,10.245,"LINESTRING (-2.5899842 51.4575365, -2.5905454 51.4581743, -2.5906244 51.4582572)",,,yes,,,,,0.01979791835800676,0.6,#d9ef8b
1413277837,unclassified,20 mph,Union Street,False,True,12.81,32.1868,1.433,"LINESTRING (-2.5914231 51.4570992, -2.5913488 51.4569937)",1,,,,,,,0.020849090812167816,0.5,#feffbe
"[1458524044, 3512236]",unclassified,20 mph,Union Street,False,False,74.52,32.1868,8.335,"LINESTRING (-2.5914231 51.4570992, -2.5915109 51.4572225, -2.5915653 51.4572748, -2.591787 51.4575362, -2.5919179 51.4576936)",,,,,,,,0.016561333688975752,0.6,#d9ef8b
171255692,unclassified,20 mph,Broadmead,False,True,18.02,32.1868,2.016,"LINESTRING (-2.5914231 51.4570992, -2.5914531 51.4570501, -2.5914758 51.4570191, -2.5915056 51.4569953, -2.5915603 51.4569655)",1,,,,,,,0.023091806581411946,0.5,#feffbe
529808768,primary,30 mph,West Street,False,True,5.34,48.2802,0.398,"LINESTRING (-2.5799256 51.4564587, -2.5798558 51.456479)",2,,,A420,,,,0.07338691918101041,0.0,#a50026
42899133,primary,30 mph,Lamb Street,False,False,4.28,48.2802,0.319,"LINESTRING (-2.580242 51.4574095, -2.5802176 51.4574449)",2,,,A420,,,,0.01183792396279245,0.7,#a5d86a
42899133,primary,30 mph,Lamb Street,False,True,29.3,48.2802,2.185,"LINESTRING (-2.580242 51.4574095, -2.5803157 51.4572854, -2.5803731 51.4571592)",2,,,A420,,,,0.012293341174689465,0.7,#a5d86a
824590056,unclassified,,Saint Matthias Park,False,True,24.91,32.33444587155963,2.773,"LINESTRING (-2.580242 51.4574095, -2.5805056 51.4572909, -2.5805373 51.4572826)",,,,,,,,0.01183792396279245,0.7,#a5d86a
20340852,service,,,False,False,8.87,32.1868,0.992,"LINESTRING (-2.5854634 51.4564648, -2.5853501 51.456502)",,,,,,,,0.004652588716081838,0.9,#199750
22634258,tertiary,20 mph,Lower Castle Street,False,False,32.06,32.1868,3.586,"LINESTRING (-2.5854634 51.4564648, -2.5856446 51.4567301)",3,,,,,,,0.004847825540982319,0.9,#199750
3512235,unclassified,20 mph,The Horsefair,False,False,23.31,32.1868,2.608,"LINESTRING (-2.5919179 51.4576936, -2.5919906 51.4577793, -2.5919914 51.4578095, -2.591962 51.4578508, -2.5919169 51.4578754)",1,,,,,,,0.009627006751317186,0.8,#66bd63
"[37354499, 572213301]",service,20 mph,Union Street,False,False,22.46,32.1868,2.512,"LINESTRING (-2.5919179 51.4576936, -2.5920306 51.4577229, -2.5921501 51.4577495, -2.5921603 51.4577514, -2.5922227 51.4577616)",,,,,,,,0.009627006751317186,0.8,#66bd63
"[3512236, 1458524044]",unclassified,20 mph,Union Street,False,True,74.52,32.1868,8.335,"LINESTRING (-2.5919179 51.4576936, -2.591787 51.4575362, -2.5915653 51.4572748, -2.5915109 51.4572225, -2.5914231 51.4570992)",,,,,,,,0.016561333688975752,0.6,#d9ef8b
4322380,unclassified,20 mph,Fairfax Street,False,True,29.43,32.1868,3.292,"LINESTRING (-2.5882945 51.4565938, -2.5883414 51.456613, -2.5884014 51.4566251, -2.5884648 51.456623, -2.5885806 51.4565848, -2.5886734 51.4565467)",2,,,,,,,0.007871538260637306,0.8,#66bd63
"[1326368872, 665168406]","['footway', 'pedestrian']",,Merchant Street,False,True,50.31,32.18679999999999,5.627,"LINESTRING (-2.5882945 51.4565938, -2.5882767 51.4566173, -2.5882868 51.4566552, -2.5884732 51.4568708, -2.5885701 51.4570006)",,,,,,,,0.008108677812534451,0.8,#66bd63
3526937,trunk,30 mph,Newfoundland Circus,False,True,18.07,48.2802,1.347,"LINESTRING (-2.582482 51.4601039, -2.5823311 51.4602364)",4,,,,,,,0.007541493882214316,0.8,#66bd63
"[3526937, 1413912970]",trunk,30 mph,Newfoundland Circus,False,False,57.98,48.2802,4.323,"LINESTRING (-2.582482 51.4601039, -2.5829031 51.4599276, -2.5829501 51.4599079, -2.5831765 51.459813)",4,,,,,,,0.007183283281520106,0.8,#66bd63
69892652,service,,Dale Street,False,False,39.24,32.1868,4.389,"LINESTRING (-2.582482 51.4601039, -2.5824956 51.4600629, -2.5825062 51.4600337, -2.5825359 51.4600028, -2.5827566 51.4599055, -2.5827851 51.4598931, -2.5828009 51.4598805, -2.5828124 51.4598642, -2.5828171 51.4598432)",1,,,,,,,0.006892798292271903,0.8,#66bd63
1413912970,trunk,30 mph,Newfoundland Circus,False,True,31.32,48.2802,2.336,"LINESTRING (-2.5835558 51.4596597, -2.5831765 51.459813)",4,,,,,,,0.008025646750885353,0.8,#66bd63
3526939,trunk,30 mph,Bond Street South,False,False,27.02,48.2802,2.015,"LINESTRING (-2.5835558 51.4596597, -2.5836472 51.4595859, -2.5837314 51.4595394, -2.5837632 51.4595037, -2.5837864 51.4594676)",2,,,A4044,,,,0.009200018116037977,0.8,#66bd63
3527219,trunk,30 mph,Newfoundland Circus,False,False,24.86,48.2802,1.854,"LINESTRING (-2.5835558 51.4596597, -2.5836998 51.4596406, -2.5838986 51.4595955)",2,,,,,,,0.008026025008257566,0.8,#66bd63
12853099,unclassified,,,False,True,7.6,32.33444587155963,0.846,"LINESTRING (-2.5836427 51.4585889, -2.5835423 51.4585614)",,,,,,,,0.04501352529071705,0.1,#d62f27
117066430,unclassified,,,False,False,15.33,32.33444587155963,1.707,"LINESTRING (-2.5836427 51.4585889, -2.5838283 51.458664)",,,,,,,,0.03401621909520646,0.3,#fdad60
762556983,trunk,30 mph,Bond Street South,False,False,25.22,48.2802,1.881,"LINESTRING (-2.5836427 51.4585889, -2.5837823 51.4583794)",,,,A4044,,,,0.06324360599607884,0.0,#a50026
"[382873493, 762556982]",trunk,30 mph,Bond Street South,False,True,100.16,48.2802,7.468,"LINESTRING (-2.5836427 51.4585889, -2.5836056 51.4587142, -2.5835991 51.4588605, -2.5836276 51.4590326, -2.5836874 51.4591768, -2.5837762 51.4592985, -2.5837974 51.4593682, -2.5837995 51.4594344, -2.5837864 51.4594676)",2,,,A4044,,,,0.03407783765284184,0.3,#fdad60
762556983,trunk,30 mph,Bond Street South,False,True,25.22,48.2802,1.881,"LINESTRING (-2.5837823 51.4583794, -2.5836427 51.4585889)",,,,A4044,,,,0.06324360599607884,0.0,#a50026
"[1413912969, 1413912966]",footway,,,False,False,6.77,32.18679999999999,0.757,"LINESTRING (-2.5837823 51.4583794, -2.583727 51.45836, -2.5836972 51.4583495)",,,,,,,,0.10678543185072877,0.0,#a50026
"[1413912968, 1413912969, 27326075]",footway,,,False,True,23.63,32.18679999999999,2.643,"LINESTRING (-2.5837823 51.4583794, -2.5838258 51.4583945, -2.5838483 51.4584023, -2.5839101 51.4583336, -2.5839385 51.4583435, -2.5840314 51.458376)",,,,,,,,0.06324360599607884,0.0,#a50026
3526937,trunk,30 mph,Newfoundland Circus,False,False,18.07,48.2802,1.347,"LINESTRING (-2.5823311 51.4602364, -2.582482 51.4601039)",4,,,,,,,0.007541493882214316,0.8,#66bd63
332983350,unclassified,,Houlton Street,False,True,9.33,32.33444587155963,1.039,"LINESTRING (-2.5823311 51.4602364, -2.5822096 51.4602002)",,,,,,,,0.007831479637671371,0.8,#66bd63
"[3526934, 3526935]",trunk,30 mph,"['Newfoundland Circus', 'Newfoundland Way']",False,"[False, True]",96.58,48.2802,7.202,"LINESTRING (-2.5823311 51.4602364, -2.5825112 51.4602927, -2.5825948 51.4603133, -2.5826941 51.4603119, -2.5827983 51.4602954, -2.5829821 51.4602485, -2.5826486 51.4603958, -2.582468 51.4604658, -2.5824038 51.4604908)",2,,,A4032,,,,0.007983987985410081,0.8,#66bd63
3526935,trunk,30 mph,Newfoundland Way,False,True,25.59,48.2802,1.908,"LINESTRING (-2.5815743 51.4608523, -2.5818705 51.4607148)",2,,,A4032,,,,0.016359442125488538,0.6,#d9ef8b
3877714,unclassified,20 mph,,False,False,33.11,32.1868,3.703,"LINESTRING (-2.5815743 51.4608523, -2.5814732 51.4609357, -2.5812664 51.4610797)",,,,,,,,0.022455830744810373,0.5,#feffbe
22988932,trunk_link,30 mph,Bond Street South,False,True,29.22,48.2802,2.179,"LINESTRING (-2.5846117 51.4575434, -2.5847312 51.4574137, -2.5847624 51.4573597, -2.5847833 51.4573054)",3,,,A420,,,,0.01099891798971596,0.7,#a5d86a
39247714,trunk,30 mph,Bond Street South,False,True,34.83,48.2802,2.597,"LINESTRING (-2.5846117 51.4575434, -2.5846027 51.4574126, -2.5846097 51.4572303)",2,,,A4044,,,,0.01099891798971596,0.7,#a5d86a
202761594,trunk,30 mph,Bond Street South,False,False,100.95,48.2802,7.527,"LINESTRING (-2.5846117 51.4575434, -2.5844747 51.4577549, -2.5843267 51.4579579, -2.5840314 51.458376)",4,,,A4044,,,,0.03358778154970095,0.3,#fdad60
27326073,trunk,30 mph,Bond Street South,False,False,35.0,48.2802,2.61,"LINESTRING (-2.5840314 51.458376, -2.5839207 51.4585201, -2.5838283 51.458664)",5,,,A4044,,,,0.03276222971714119,0.3,#fdad60
202761594,trunk,30 mph,Bond Street South,False,True,100.95,48.2802,7.527,"LINESTRING (-2.5840314 51.458376, -2.5843267 51.4579579, -2.5844747 51.4577549, -2.5846117 51.4575434)",4,,,A4044,,,,0.03358778154970095,0.3,#fdad60
"[1413912968, 1413912969, 27326075]",footway,,,False,False,23.63,32.18679999999999,2.643,"LINESTRING (-2.5840314 51.458376, -2.5839385 51.4583435, -2.5839101 51.4583336, -2.5838483 51.4584023, -2.5838258 51.4583945, -2.5837823 51.4583794)",,,,,,,,0.06324360599607884,0.0,#a50026
"[1413912968, 1413912967]",footway,,,False,True,7.67,32.18679999999999,0.858,"LINESTRING (-2.5840314 51.458376, -2.5841144 51.4584042, -2.5841286 51.458409)",,,,,,,,0.03276222971714119,0.3,#fdad60
37282832,trunk,30 mph,Bond Street South,False,False,29.0,48.2802,2.162,"LINESTRING (-2.5839225 51.4592344, -2.5840166 51.4594885)",2,,,A4044,,,,0.011105361404663101,0.7,#a5d86a
3527218,trunk,30 mph,Bond Street South,False,False,27.03,48.2802,2.016,"LINESTRING (-2.5839225 51.4592344, -2.584071 51.4593542, -2.5841128 51.4593884, -2.5841639 51.4594253)",3,,,A4044,,,,0.011105361404663101,0.7,#a5d86a
27326073,trunk,30 mph,Bond Street South,False,True,64.76,48.2802,4.829,"LINESTRING (-2.5839225 51.4592344, -2.5838602 51.4591327, -2.5838179 51.4590246, -2.5837996 51.4589253, -2.5837992 51.4588208, -2.5838283 51.458664)",5,,,A4044,,,,0.022860246227815354,0.5,#feffbe
108234591,trunk,30 mph,Bond Street South,False,True,6.71,48.2802,0.5,"LINESTRING (-2.5840601 51.4596247, -2.5840459 51.459565)",,,,A4044,,,,0.007926838899134155,0.8,#66bd63
"[24038082, 108234591]","['trunk', 'unclassified']",30 mph,"['Bond Street South', 'Saint Paul Street']",False,False,23.62,48.2802,1.761,"LINESTRING (-2.5840601 51.4596247, -2.584071 51.4597003, -2.5840666 51.4597591, -2.5841194 51.4598294)",,,,A4044,,,,0.007547017219530292,0.8,#66bd63
"[382866322, 1362339428]",footway,,,False,False,5.96,32.18679999999999,0.667,"LINESTRING (-2.5840601 51.4596247, -2.584106 51.4596219, -2.5841455 51.4596184)",,,,,,,,0.007547017219530292,0.8,#66bd63
"[382866322, 1362339429, 1362339430]",footway,,,False,True,13.95,32.18679999999999,1.56,"LINESTRING (-2.5840601 51.4596247, -2.5839802 51.45963, -2.5839296 51.4596345, -2.5839161 51.459618, -2.5838986 51.4595955)",,,,,,,,0.008011408512159712,0.8,#66bd63
3527220,trunk,20 mph,Bond Street,False,False,18.59,32.1868,2.08,"LINESTRING (-2.5901682 51.4596839, -2.5899505 51.4595861)",2,,,A4044,,,,0.016230940711348823,0.6,#d9ef8b
"[365406619, 38696934]",trunk,20 mph,"['Bond Street', ""St James' Barton""]",False,"[False, True]",87.54,32.1868,9.791,"LINESTRING (-2.5901682 51.4596839, -2.5901487 51.4596026, -2.5901284 51.4595574, -2.5901129 51.4594792, -2.5901384 51.4593965, -2.5902104 51.4593056, -2.5900195 51.459313, -2.5899697 51.4593135, -2.5899337 51.4593135, -2.5895789 51.4593167)",3,,,"['A38', 'A4044']",circular,,,0.016230940711348823,0.6,#d9ef8b
"[1414930796, 202755223]",trunk,20 mph,St James' Barton,False,True,27.94,32.1868,3.125,"LINESTRING (-2.5901682 51.4596839, -2.5903723 51.4598031, -2.5904855 51.459834)","['4', '2']",,,A38,circular,,,0.024540248914562985,0.5,#feffbe
"[203035036, 37354482, 37283067, 38696932]",trunk,20 mph,St James' Barton,False,False,119.94,32.1868,13.415,"LINESTRING (-2.5908112 51.4590827, -2.5909371 51.4590815, -2.5910401 51.4590883, -2.5911153 51.4591006, -2.5912229 51.4591251, -2.5913194 51.45917, -2.5913822 51.4592607, -2.5914535 51.4594061, -2.5914283 51.4594895, -2.5913738 51.4595638, -2.5912657 51.4596398, -2.5909588 51.4597523)","['3', '2']",,,A38,circular,,,0.016707955023981688,0.6,#d9ef8b
4019346,primary,20 mph,North Street,False,False,19.6,32.1868,2.192,"LINESTRING (-2.5909588 51.4597523, -2.5909006 51.4598347, -2.5908607 51.4598757, -2.5908448 51.4599127)",2,,,A38,,,,0.024526297251259467,0.5,#feffbe
202755224,trunk,20 mph,St James' Barton,False,False,19.52,32.1868,2.183,"LINESTRING (-2.5909588 51.4597523, -2.5907513 51.4598148, -2.5907039 51.4598269)",2,,,A38,circular,,,0.02258808112415102,0.5,#feffbe
"[37354482, 38696932, 37283067, 203035036]",trunk,20 mph,St James' Barton,False,True,119.94,32.1868,13.415,"LINESTRING (-2.5909588 51.4597523, -2.5912657 51.4596398, -2.5913738 51.4595638, -2.5914283 51.4594895, -2.5914535 51.4594061, -2.5913822 51.4592607, -2.5913194 51.45917, -2.5912229 51.4591251, -2.5911153 51.4591006, -2.5910401 51.4590883, -2.5909371 51.4590815, -2.5908112 51.4590827)","['3', '2']",,,A38,circular,,,0.016707955023981688,0.6,#d9ef8b
692748721,residential,20 mph,Portland Square,False,True,38.47,32.1868,4.303,"LINESTRING (-2.5847166 51.4606321, -2.5849499 51.4609461)",,,,,,,,0.012056884857376339,0.7,#a5d86a
1429271084,unclassified,20 mph,Saint Paul Street,False,False,2.78,32.1868,0.311,"LINESTRING (-2.5847166 51.4606321, -2.5847023 51.4606087)",2,,,,,,,0.00980431649570681,0.8,#66bd63
235296249,residential,20 mph,Portland Square,False,False,31.8,32.1868,3.556,"LINESTRING (-2.5847166 51.4606321, -2.5847986 51.4606887, -2.5848709 51.4607231, -2.5849787 51.4607312, -2.5851028 51.460695)",1,,,,,,,0.013464831814487101,0.7,#a5d86a
8385403,residential,20 mph,Surrey Street,False,True,22.91,32.1868,2.563,"LINESTRING (-2.5860178 51.4608379, -2.5863133 51.4607454)",,,,,,,,0.14580830460903887,0.0,#a50026
72343243,residential,20 mph,Portland Square,False,False,15.04,32.1868,1.682,"LINESTRING (-2.5860178 51.4608379, -2.5861067 51.4609613)",,,,,,,,0.15621951142150253,0.0,#a50026
72343243,residential,20 mph,Portland Square,False,True,14.43,32.1868,1.613,"LINESTRING (-2.5860178 51.4608379, -2.5859193 51.4607236)",,,,,,,,0.11353369282712328,0.0,#a50026
186144151,footway,,,False,True,10.01,32.18679999999999,1.119,"LINESTRING (-2.5860178 51.4608379, -2.5859462 51.4608579, -2.5858885 51.4608778)",,,,,,,,0.11353369282712328,0.0,#a50026
3878218,unclassified,20 mph,Cave Street,False,False,39.96,32.1868,4.47,"LINESTRING (-2.586359 51.4612686, -2.5865958 51.4615963)",,,,,,,,0.024290717029334753,0.5,#feffbe
235296248,residential,20 mph,Portland Square,False,True,38.38,32.1868,4.293,"LINESTRING (-2.586359 51.4612686, -2.5861067 51.4609613)",,,,,,,,0.14717326947688042,0.0,#a50026
235296248,residential,20 mph,Portland Square,False,False,29.17,32.1868,3.262,"LINESTRING (-2.586359 51.4612686, -2.5863143 51.461242, -2.5862482 51.4612246, -2.586159 51.4612177, -2.5859738 51.4612605)",,,,,,,,0.03002406226394999,0.4,#fee08b
72343243,residential,20 mph,Portland Square,False,False,20.57,32.1868,2.301,"LINESTRING (-2.585191 51.4612259, -2.5850493 51.4610633)",,,,,,,,0.013040425050036523,0.7,#a5d86a
477207180,residential,20 mph,Portland Square,False,True,40.11,32.1868,4.486,"LINESTRING (-2.585191 51.4612259, -2.5854163 51.4615582)",,,,,,,,0.013040425050036523,0.7,#a5d86a
72343243,residential,20 mph,Portland Square,False,True,37.09,32.1868,4.148,"LINESTRING (-2.585191 51.4612259, -2.5853082 51.4612932, -2.585501 51.461345, -2.5856669 51.4613481)",,,,,,,,0.016832688147893918,0.6,#d9ef8b
72343225,unclassified,20 mph,Wilson Street,False,True,44.85,32.1868,5.017,"LINESTRING (-2.5822897 51.4613315, -2.5828657 51.4611473)",,,,,,,,0.008271444594535021,0.8,#66bd63
"[72343225, 72343218, 3877715]",unclassified,20 mph,"['Wilson Place', 'Dove Lane', 'Wilson Street']",False,"[False, True]",153.82,32.1868,17.205,"LINESTRING (-2.5822897 51.4613315, -2.5819786 51.4615184, -2.5812657 51.4619366, -2.5808392 51.4616164, -2.5807835 51.4615883, -2.5807185 51.461573)",,,,,,,,0.014097884395311646,0.7,#a5d86a
663625146,service,,,False,False,38.13,32.1868,4.264,"LINESTRING (-2.5822897 51.4613315, -2.5823617 51.4614219, -2.5825341 51.4616387)",,,,,,,,0.008271444594535021,0.8,#66bd63
26230276,footway,,,False,False,46.82,32.18679999999999,5.237,"LINESTRING (-2.5828657 51.4611473, -2.5825756 51.460767)",,,,,,,,0.007633738522555663,0.8,#66bd63
72343225,unclassified,20 mph,Wilson Street,False,False,44.85,32.1868,5.017,"LINESTRING (-2.5828657 51.4611473, -2.5822897 51.4613315)",,,,,,,,0.008271444594535021,0.8,#66bd63
72343225,unclassified,20 mph,Wilson Street,False,True,85.04,32.1868,9.511,"LINESTRING (-2.5828657 51.4611473, -2.58397 51.4608134)",,,,,,,,0.006639297803527525,0.8,#66bd63
24359420,unclassified,20 mph,Brigstocke Road,False,True,47.72,32.1868,5.337,"LINESTRING (-2.5860455 51.462375, -2.5863995 51.4627431)",,,,,,,,0.006163621541847474,0.8,#66bd63
43590865,unclassified,20 mph,Dean Street,False,False,61.6,32.1868,6.89,"LINESTRING (-2.5860455 51.462375, -2.585654 51.4618776)",,,,,,,,0.008880785330363855,0.8,#66bd63
487066776,unclassified,20 mph,Wilder Street,False,False,95.83,32.1868,10.718,"LINESTRING (-2.5860455 51.462375, -2.5849703 51.4629172)",,,,,,,,0.006163621541847474,0.8,#66bd63
24359413,unclassified,20 mph,Wilder Street,False,True,47.84,32.1868,5.351,"LINESTRING (-2.5860455 51.462375, -2.5860941 51.4623508, -2.5865848 51.4621063)",,,,,,,,0.007393329802039374,0.8,#66bd63
3878218,unclassified,20 mph,Cave Street,False,True,45.0,32.1868,5.033,"LINESTRING (-2.5868757 51.4619615, -2.5865958 51.4615963)",,,,,,,,0.012334618627441849,0.7,#a5d86a
24359413,unclassified,20 mph,Wilder Street,False,False,25.8,32.1868,2.885,"LINESTRING (-2.5868757 51.4619615, -2.5865848 51.4621063)",,,,,,,,0.007934122826701995,0.8,#66bd63
24359413,unclassified,20 mph,Wilder Street,False,True,29.83,32.1868,3.336,"LINESTRING (-2.5868757 51.4619615, -2.5872167 51.4617977)",,,,,,,,0.008338978940605897,0.8,#66bd63
24359420,unclassified,20 mph,Brigstocke Road,False,False,90.31,32.1868,10.101,"LINESTRING (-2.5870991 51.4634284, -2.5863995 51.4627431)",,,,,,,,0.005801200443430158,0.9,#199750
24359420,unclassified,20 mph,Brigstocke Road,False,True,63.7,32.1868,7.125,"LINESTRING (-2.5870991 51.4634284, -2.5875944 51.4639111)",,,,,,,,0.008200421484360678,0.8,#66bd63
193994529,unclassified,20 mph,City Road,False,False,89.19,32.1868,9.976,"LINESTRING (-2.5870991 51.4634284, -2.5863379 51.4637955, -2.586081 51.4639194)",2,,,,,,,0.005801200443430158,0.9,#199750
193994529,unclassified,20 mph,City Road,False,True,116.07,32.1868,12.982,"LINESTRING (-2.5870991 51.4634284, -2.5875474 51.4632256, -2.5884548 51.462815)",2,,,,,,,0.011920284493459173,0.7,#a5d86a
8302427,residential,20 mph,Gwyn Street,False,False,81.41,32.1868,9.105,"LINESTRING (-2.5875944 51.4639111, -2.5866486 51.4643456)",,,,,,,,0.008200421484360678,0.8,#66bd63
24359420,unclassified,20 mph,Brigstocke Road,False,False,63.7,32.1868,7.125,"LINESTRING (-2.5875944 51.4639111, -2.5870991 51.4634284)",,,,,,,,0.008200421484360678,0.8,#66bd63
24359420,unclassified,20 mph,Brigstocke Road,False,True,67.28,32.1868,7.525,"LINESTRING (-2.5875944 51.4639111, -2.5881204 51.4644197)",,,,,,,,0.01543252261037414,0.7,#a5d86a
26792514,residential,20 mph,Hepburn Road,False,False,66.08,32.1868,7.391,"LINESTRING (-2.5875944 51.4639111, -2.5883427 51.4635426)",,,,,,,,0.010807438018774158,0.7,#a5d86a
4235038,unclassified,20 mph,York Street,False,True,10.2,32.1868,1.141,"LINESTRING (-2.5880591 51.4594324, -2.5880706 51.4594825, -2.5880821 51.459523)",2,,,,,,,0.007911617508789331,0.8,#66bd63
154351381,secondary,20 mph,Ashley Road,False,False,18.01,32.1868,2.014,"LINESTRING (-2.5892327 51.4643495, -2.5889891 51.464406)",,,,B4051,,,,0.06912940604997328,0.0,#a50026
154351381,secondary,20 mph,Ashley Road,False,True,17.95,32.1868,2.008,"LINESTRING (-2.5892327 51.4643495, -2.589472 51.4642876)",,,,B4051,,,,0.059460211731087835,0.0,#a50026
4019256,footway,,,False,True,24.41,32.18679999999999,2.73,"LINESTRING (-2.5864293 51.4565357, -2.5867816 51.4565355)",,,,,,,,0.003950708896145689,0.9,#199750
4019256,footway,,,False,False,24.41,32.18679999999999,2.73,"LINESTRING (-2.5867816 51.4565355, -2.5864293 51.4565357)",,,,,,,,0.003950708896145689,0.9,#199750
"[4019257, 20428738, 20428740]","['footway', 'steps']",,,False,False,15.56,32.18679999999999,1.74,"LINESTRING (-2.5867816 51.4565355, -2.5867871 51.4565557, -2.5866587 51.4565973, -2.5866786 51.4566238)",,,,,,,,0.003963749846588871,0.9,#199750
"[20428736, 126149544]","['footway', 'steps']",,,False,False,14.84,32.18679999999999,1.66,"LINESTRING (-2.5866786 51.4566238, -2.5866982 51.4566476, -2.5867821 51.4567406)",,,,,,,,0.004010626267260765,0.9,#199750
"[4019257, 20428738, 20428740]","['footway', 'steps']",,,False,True,15.56,32.18679999999999,1.74,"LINESTRING (-2.5866786 51.4566238, -2.5866587 51.4565973, -2.5867871 51.4565557, -2.5867816 51.4565355)",,,,,,,,0.003963749846588871,0.9,#199750
20343257,tertiary,20 mph,Broad Weir,False,False,13.98,32.1868,1.564,"LINESTRING (-2.5867821 51.4567406, -2.5866044 51.4568002)",2,,,,,,,0.004010626267260765,0.9,#199750
"[126149544, 20428736]","['footway', 'steps']",,,False,True,14.84,32.18679999999999,1.66,"LINESTRING (-2.5867821 51.4567406, -2.5866982 51.4566476, -2.5866786 51.4566238)",,,,,,,,0.004010626267260765,0.9,#199750
154351381,secondary,20 mph,Ashley Road,False,False,18.95,32.1868,2.119,"LINESTRING (-2.5897288 51.464229, -2.5894864 51.4642839, -2.589472 51.4642876)",,,,B4051,,,,0.05613867515761942,0.0,#a50026
382893358,primary,20 mph,Stokes Croft,False,True,26.33,32.1868,2.945,"LINESTRING (-2.5897288 51.464229, -2.5897362 51.4640928, -2.5897394 51.4640488, -2.5897435 51.4639924)",3,,,A38,,,,0.07594509045971212,0.0,#a50026
204097421,primary,20 mph,Stokes Croft,False,False,55.25,32.1868,6.179,"LINESTRING (-2.5898705 51.4632387, -2.5897726 51.4637318)",2,,,A38,,,,0.10365532617822948,0.0,#a50026
"[26792514, 94255692]","['service', 'residential']",20 mph,Hepburn Road,False,True,119.77,32.1868,13.395,"LINESTRING (-2.5898705 51.4632387, -2.5891775 51.4631827, -2.5890837 51.463187, -2.5889975 51.4632201, -2.5883427 51.4635426)",,,,,,,,0.39277248231150297,0.0,#a50026
204097421,primary,20 mph,Stokes Croft,False,True,43.01,32.1868,4.811,"LINESTRING (-2.5898705 51.4632387, -2.5899416 51.4629126, -2.5899541 51.4628554)",2,,,A38,,,,0.10569289233738378,0.0,#a50026
382888999,primary,20 mph,Stokes Croft,False,True,12.66,32.1868,1.416,"LINESTRING (-2.5903385 51.4620041, -2.5903977 51.4618964)",2,,,A38,,,,0.07219816267701606,0.0,#a50026
471285351,primary,20 mph,Stokes Croft,False,False,6.38,32.1868,0.713,"LINESTRING (-2.5903385 51.4620041, -2.5903093 51.4620585)",,,,A38,,,,0.1013956111258436,0.0,#a50026
651817264,unclassified,20 mph,City Road,False,False,5.75,32.1868,0.644,"LINESTRING (-2.5903385 51.4620041, -2.5902615 51.4620235)",,,,,,,,0.07221891076659687,0.0,#a50026
26230319,residential,20 mph,King Square Avenue,False,False,5.4,32.1868,0.604,"LINESTRING (-2.5911007 51.4608348, -2.5911735 51.4608522)",,,,,,,,0.019570242513936572,0.6,#d9ef8b
108842670,primary,20 mph,North Street,False,False,21.32,32.1868,2.385,"LINESTRING (-2.5911007 51.4608348, -2.5909992 51.4609845, -2.5909562 51.4609962)",2,,,A38,,,,0.019570242513936572,0.6,#d9ef8b
108842670,primary,20 mph,North Street,False,True,33.34,32.1868,3.729,"LINESTRING (-2.5911007 51.4608348, -2.5911356 51.4607137, -2.5911338 51.4606257, -2.5911202 51.4605688, -2.591114 51.4605378)",2,,,A38,,,,0.0328442212005329,0.3,#fdad60
42879142,secondary,20 mph,Jamaica Street,False,True,9.06,32.1868,1.013,"LINESTRING (-2.5899541 51.4628554, -2.5900655 51.4628128)",2,,,B4051,,,,0.030980268791126336,0.3,#fdad60
625435530,primary,20 mph,Stokes Croft,False,True,12.12,32.1868,1.356,"LINESTRING (-2.5899541 51.4628554, -2.5899555 51.4627464)",2,,,A38,,,,0.030980268791126336,0.3,#fdad60
204097421,primary,20 mph,Stokes Croft,False,False,43.01,32.1868,4.811,"LINESTRING (-2.5899541 51.4628554, -2.5899416 51.4629126, -2.5898705 51.4632387)",2,,,A38,,,,0.10569289233738378,0.0,#a50026
4745125,unclassified,20 mph,Hillgrove Street,False,True,38.03,32.1868,4.254,"LINESTRING (-2.5910172 51.4622222, -2.591424 51.4624519)",2,,,,,,,0.12266388218462228,0.0,#a50026
42879142,secondary,20 mph,Jamaica Street,False,True,45.42,32.1868,5.081,"LINESTRING (-2.5910172 51.4622222, -2.5914505 51.4619156)",2,,,B4051,,,,0.04241844354531723,0.1,#d62f27
109197355,unclassified,20 mph,Hillgrove Street,False,False,16.54,32.1868,1.85,"LINESTRING (-2.5910172 51.4622222, -2.5908345 51.4621265)",,,,,,,,0.06452423535831567,0.0,#a50026
42879142,secondary,20 mph,Jamaica Street,False,False,93.06,32.1868,10.408,"LINESTRING (-2.5910172 51.4622222, -2.5901276 51.4627743, -2.5900655 51.4628128)",2,,,B4051,,,,0.045575371549295425,0.0,#a50026
42879142,secondary,20 mph,Jamaica Street,False,False,9.06,32.1868,1.013,"LINESTRING (-2.5900655 51.4628128, -2.5899541 51.4628554)",2,,,B4051,,,,0.030980268791126336,0.3,#fdad60
4745128,unclassified,20 mph,Thomas Street,False,True,66.81,32.1868,7.472,"LINESTRING (-2.5900655 51.4628128, -2.5901241 51.4628389, -2.5908505 51.4631618)",,,,,,,,0.025036415718301605,0.5,#feffbe
42879142,secondary,20 mph,Jamaica Street,False,True,93.06,32.1868,10.408,"LINESTRING (-2.5900655 51.4628128, -2.5901276 51.4627743, -2.5910172 51.4622222)",2,,,B4051,,,,0.045575371549295425,0.0,#a50026
4861308,residential,20 mph,Dove Street South,False,True,32.13,32.1868,3.594,"LINESTRING (-2.5908505 51.4631618, -2.5911706 51.4629527)",,,,,,,,0.024965212198855242,0.5,#feffbe
4745128,unclassified,20 mph,Thomas Street,False,False,66.81,32.1868,7.472,"LINESTRING (-2.5908505 51.4631618, -2.5901241 51.4628389, -2.5900655 51.4628128)",,,,,,,,0.025036415718301598,0.5,#feffbe
4861308,residential,20 mph,Dove Street South,False,False,18.98,32.1868,2.123,"LINESTRING (-2.5908505 51.4631618, -2.5907886 51.4632158, -2.590743 51.4632609, -2.5907034 51.4633056)",,,,,,,,0.016302541419916702,0.6,#d9ef8b
8172814,residential,20 mph,Brighton Street,False,False,91.41,32.1868,10.224,"LINESTRING (-2.5852504 51.4632806, -2.586081 51.4639194)",,,,,,,,0.004612852274382712,0.9,#199750
8172814,residential,20 mph,Brighton Street,False,True,41.06,32.1868,4.593,"LINESTRING (-2.5852504 51.4632806, -2.5848588 51.4630034)",,,,,,,,0.004012567004065443,0.9,#199750
72343248,residential,20 mph,Argyle Road,False,False,99.55,32.1868,11.134,"LINESTRING (-2.5852504 51.4632806, -2.5860289 51.4629135, -2.5863995 51.4627431)",,,,,,,,0.004912100971287302,0.9,#199750
24359420,unclassified,20 mph,Brigstocke Road,False,False,47.72,32.1868,5.337,"LINESTRING (-2.5863995 51.4627431, -2.5860455 51.462375)",,,,,,,,0.006163621541847474,0.8,#66bd63
24359420,unclassified,20 mph,Brigstocke Road,False,True,90.31,32.1868,10.101,"LINESTRING (-2.5863995 51.4627431, -2.5870991 51.4634284)",,,,,,,,0.005801200443430158,0.9,#199750
72343248,residential,20 mph,Argyle Road,False,False,107.93,32.1868,12.072,"LINESTRING (-2.5863995 51.4627431, -2.5876224 51.4621417)",,,,,,,,0.006746857586315057,0.8,#66bd63
72343248,residential,20 mph,Argyle Road,False,True,99.55,32.1868,11.134,"LINESTRING (-2.5863995 51.4627431, -2.5860289 51.4629135, -2.5852504 51.4632806)",,,,,,,,0.004912100971287302,0.9,#199750
4234845,unclassified,20 mph,Brunswick Street,False,False,47.47,32.1868,5.309,"LINESTRING (-2.5876224 51.4621417, -2.5872167 51.4617977)",,,,,,,,0.008338978940605897,0.8,#66bd63
4234845,unclassified,20 mph,Brunswick Street,False,True,45.92,32.1868,5.136,"LINESTRING (-2.5876224 51.4621417, -2.5880269 51.4624689)",,,,,,,,0.007795831115744535,0.8,#66bd63
72343248,residential,20 mph,Argyle Road,False,True,107.93,32.1868,12.072,"LINESTRING (-2.5876224 51.4621417, -2.5863995 51.4627431)",,,,,,,,0.006746857586315057,0.8,#66bd63
4013287,unclassified,20 mph,Saint Nicholas Road,False,False,54.37,32.1868,6.081,"LINESTRING (-2.5815125 51.4643714, -2.5809042 51.4640625)",,,,,,,,0.0028727895942030823,0.9,#199750
4013287,unclassified,20 mph,Saint Nicholas Road,False,True,7.3,32.1868,0.816,"LINESTRING (-2.5815125 51.4643714, -2.5815921 51.4644144)",,,,,,,,0.0025859543433938603,0.9,#199750
4012533,unclassified,20 mph,Upper York Street,False,True,49.59,32.1868,5.546,"LINESTRING (-2.5884195 51.4603748, -2.5886121 51.4608043)",,,,,,,,0.010633431510856868,0.8,#66bd63
4234841,unclassified,20 mph,Brunswick Square,False,True,49.08,32.1868,5.489,"LINESTRING (-2.5884195 51.4603748, -2.588283 51.460397, -2.587734 51.460486)",,,,,,,,0.0222231541139368,0.5,#feffbe
24239200,footway,,,False,True,42.11,32.18679999999999,4.71,"LINESTRING (-2.5884195 51.4603748, -2.5882438 51.4603033, -2.5878976 51.460181)",,,,,,,,0.01513665750160635,0.7,#a5d86a
425631539,unclassified,20 mph,York Street,False,False,58.53,32.1868,6.546,"LINESTRING (-2.5884195 51.4603748, -2.5883804 51.4602812, -2.588238 51.4599404, -2.5882067 51.4598654)",,,,,,,,0.010651296555166848,0.8,#66bd63
606486360,residential,20 mph,Cumberland Street,False,True,87.43,32.1868,9.779,"LINESTRING (-2.5884195 51.4603748, -2.5886231 51.4603354, -2.5895984 51.4600951)",,,,,,,,0.028342597137267753,0.4,#fee08b
4234841,unclassified,20 mph,Brunswick Square,False,False,58.93,32.1868,6.591,"LINESTRING (-2.5882067 51.4598654, -2.5880701 51.4598876, -2.5875211 51.4599766, -2.5873836 51.4599989)",,,,,,,,0.017730254895107305,0.6,#d9ef8b
4235038,unclassified,20 mph,York Street,False,False,39.05,32.1868,4.367,"LINESTRING (-2.5882067 51.4598654, -2.5881242 51.4596518, -2.5880909 51.459554, -2.5880821 51.459523)",2,,,,,,,0.009642778956442222,0.8,#66bd63
24239199,footway,,,False,True,41.13,32.18679999999999,4.6,"LINESTRING (-2.5882067 51.4598654, -2.5881015 51.4599626, -2.5878976 51.460181)",,,,,,,,0.01513665750160635,0.7,#a5d86a
425631539,unclassified,20 mph,York Street,False,True,58.53,32.1868,6.546,"LINESTRING (-2.5882067 51.4598654, -2.588238 51.4599404, -2.5883804 51.4602812, -2.5884195 51.4603748)",,,,,,,,0.01065129655516685,0.8,#66bd63
382880574,residential,20 mph,Gloucester Street,False,True,34.94,32.1868,3.908,"LINESTRING (-2.5873836 51.4599989, -2.5872472 51.4596964)",,,,,,,,0.017730254895107305,0.6,#d9ef8b
4234841,unclassified,20 mph,Brunswick Square,False,False,58.53,32.1868,6.547,"LINESTRING (-2.5873836 51.4599989, -2.587415 51.4600739, -2.5875574 51.4604147, -2.5875965 51.4605083)",,,,,,,,0.02872744375886978,0.4,#fee08b
4234841,unclassified,20 mph,Brunswick Square,False,True,58.93,32.1868,6.591,"LINESTRING (-2.5873836 51.4599989, -2.5875211 51.4599766, -2.5880701 51.4598876, -2.5882067 51.4598654)",,,,,,,,0.017730254895107305,0.6,#d9ef8b
4234842,unclassified,20 mph,Pembroke Street,False,False,124.47,32.1868,13.922,"LINESTRING (-2.5873836 51.4599989, -2.5865096 51.4601412, -2.5863432 51.4601771, -2.5856936 51.4603664)",,,,,,,,0.02227740801303195,0.5,#feffbe
24239200,footway,,,False,False,40.99,32.18679999999999,4.585,"LINESTRING (-2.5873836 51.4599989, -2.5875525 51.4600516, -2.5878976 51.460181)",,,,,,,,0.017763970117121306,0.6,#d9ef8b
4234843,unclassified,20 mph,Pritchard Street,False,False,5.06,32.1868,0.566,"LINESTRING (-2.5856936 51.4603664, -2.5857257 51.4604073)",,,,,,,,0.017008141998595083,0.6,#d9ef8b
25874409,residential,20 mph,Pritchard Street,False,False,35.77,32.1868,4.001,"LINESTRING (-2.5856936 51.4603664, -2.5854667 51.4600774)",,,,,,,,0.015659836678929784,0.7,#a5d86a
4234842,unclassified,20 mph,Pembroke Street,False,True,124.47,32.1868,13.922,"LINESTRING (-2.5856936 51.4603664, -2.5863432 51.4601771, -2.5865096 51.4601412, -2.5873836 51.4599989)",,,,,,,,0.02227740801303195,0.5,#feffbe
4234841,unclassified,20 mph,Brunswick Square,False,False,9.84,32.1868,1.101,"LINESTRING (-2.5875965 51.4605083, -2.587734 51.460486)",,,,,,,,0.02839602815948122,0.4,#fee08b
4234841,unclassified,20 mph,Brunswick Square,False,True,58.53,32.1868,6.547,"LINESTRING (-2.5875965 51.4605083, -2.5875574 51.4604147, -2.587415 51.4600739, -2.5873836 51.4599989)",,,,,,,,0.02872744375886978,0.4,#fee08b
8385403,residential,20 mph,Surrey Street,False,False,92.77,32.1868,10.376,"LINESTRING (-2.5875965 51.4605083, -2.5867742 51.4606471, -2.5863133 51.4607454)",,,,,,,,0.15392877845128797,0.0,#a50026
24239199,footway,,,False,False,41.96,32.18679999999999,4.693,"LINESTRING (-2.5875965 51.4605083, -2.5876949 51.4603924, -2.5878976 51.460181)",,,,,,,,0.02839602815948122,0.4,#fee08b
93281811,residential,20 mph,Ninetree Hill,False,True,12.22,32.1868,1.367,"LINESTRING (-2.591134 51.4641133, -2.5909592 51.4640987)",,,,,,,,0.01761329606155984,0.6,#d9ef8b
4313965,residential,20 mph,Dove Street,False,True,71.04,32.1868,7.946,"LINESTRING (-2.591134 51.4641133, -2.5911896 51.464043, -2.5912136 51.4640101, -2.5912201 51.463997, -2.5912349 51.4639458, -2.5912479 51.4639202, -2.5912781 51.4638744, -2.5912981 51.4638509, -2.5913277 51.4638234, -2.5913753 51.4637896, -2.5916821 51.4635883)",,,,,,,,0.10559781539217075,0.0,#a50026
"[93281811, 80931404]","['pedestrian', 'residential']",20 mph,"['Nine Tree Hill', 'Ninetree Hill']",False,False,61.71,32.1868,6.903,"LINESTRING (-2.591134 51.4641133, -2.5919339 51.4641677, -2.59202 51.4641704)",,,,,,,,0.01711951846642767,0.6,#d9ef8b
22612814,unclassified,20 mph,Broadmead,False,False,35.56,32.1868,3.977,"LINESTRING (-2.5920411 51.4568576, -2.5918935 51.4568962, -2.5916499 51.4569361, -2.5915603 51.4569655)",1,,,,,,,0.08079904135192943,0.0,#a50026
4345223,unclassified,20 mph,Ninetree Hill,False,False,48.35,32.1868,5.407,"LINESTRING (-2.5897435 51.4639924, -2.5898698 51.4640089, -2.5899268 51.4640124, -2.5902186 51.4640304, -2.5902783 51.4640271, -2.5903261 51.4640185, -2.5904238 51.4639889)",,,,,,,,0.2178960910906417,0.0,#a50026
382893358,primary,20 mph,Stokes Croft,False,False,26.33,32.1868,2.945,"LINESTRING (-2.5897435 51.4639924, -2.5897394 51.4640488, -2.5897362 51.4640928, -2.5897288 51.464229)",3,,,A38,,,,0.07594509045971212,0.0,#a50026
"[204097421, 396598742]",primary,20 mph,Stokes Croft,False,True,29.06,32.1868,3.25,"LINESTRING (-2.5897435 51.4639924, -2.5897597 51.4637967, -2.5897726 51.4637318)","['3', '2']",,,A38,,,,0.09290074506836617,0.0,#a50026
4861308,residential,20 mph,Dove Street South,False,False,47.47,32.1868,5.309,"LINESTRING (-2.5917413 51.4625895, -2.5917253 51.4626, -2.59126 51.4628933)",,,,,,,,0.03184955921825025,0.3,#fdad60
4861308,residential,20 mph,Dove Street South,False,True,7.66,32.1868,0.856,"LINESTRING (-2.5917413 51.4625895, -2.5917845 51.4625639, -2.591819 51.4625406)",,,,,,,,0.028245252819573935,0.4,#fee08b
81641119,footway,,,False,False,27.82,32.18679999999999,3.111,"LINESTRING (-2.5917413 51.4625895, -2.5915329 51.4624647, -2.5914805 51.4624525, -2.591424 51.4624519)",,,,,,,,0.09602324202162799,0.0,#a50026
42879142,secondary,20 mph,Jamaica Street,False,False,31.94,32.1868,3.573,"LINESTRING (-2.5919408 51.461554, -2.5916432 51.4617734)",2,,,B4051,,,,0.01284298920775106,0.7,#a5d86a
42879142,secondary,20 mph,Jamaica Street,False,True,23.36,32.1868,2.612,"LINESTRING (-2.5919408 51.461554, -2.5921642 51.4613967)",2,,,B4051,,,,0.009170221267455312,0.8,#66bd63
4745125,unclassified,20 mph,Hillgrove Street,False,False,38.03,32.1868,4.254,"LINESTRING (-2.591424 51.4624519, -2.5910172 51.4622222)",2,,,,,,,0.12266388218462228,0.0,#a50026
4745127,residential,20 mph,Dalton Square,False,False,66.66,32.1868,7.456,"LINESTRING (-2.591424 51.4624519, -2.5910166 51.4627372, -2.59126 51.4628933)",,,,,,,,0.1566219696550077,0.0,#a50026
81641119,footway,,,False,True,27.82,32.18679999999999,3.111,"LINESTRING (-2.591424 51.4624519, -2.5914805 51.4624525, -2.5915329 51.4624647, -2.5917413 51.4625895)",,,,,,,,0.09602324202162799,0.0,#a50026
4861308,residential,20 mph,Dove Street South,False,False,9.05,32.1868,1.013,"LINESTRING (-2.59126 51.4628933, -2.5911706 51.4629527)",,,,,,,,0.028597717521135966,0.4,#fee08b
4745127,residential,20 mph,Dalton Square,False,True,66.66,32.1868,7.456,"LINESTRING (-2.59126 51.4628933, -2.5910166 51.4627372, -2.591424 51.4624519)",,,,,,,,0.15662196965500774,0.0,#a50026
4861308,residential,20 mph,Dove Street South,False,True,47.47,32.1868,5.309,"LINESTRING (-2.59126 51.4628933, -2.5917253 51.4626, -2.5917413 51.4625895)",,,,,,,,0.03184955921825026,0.3,#fdad60
166522672,unclassified,,Houlton Street,False,True,17.06,32.33444587155963,1.9,"LINESTRING (-2.5820373 51.4601377, -2.5819569 51.4601052, -2.5818425 51.4600443)",,,,,,,,0.00832814351956967,0.8,#66bd63
332983350,unclassified,,Houlton Street,False,False,13.82,32.33444587155963,1.539,"LINESTRING (-2.5820373 51.4601377, -2.5821653 51.4601865, -2.5822096 51.4602002)",,,,,,,,0.008167653671775308,0.8,#66bd63
382869604,trunk_link,,,False,True,14.16,48.2802,1.056,"LINESTRING (-2.5820373 51.4601377, -2.5820935 51.4602162, -2.582092 51.4602576)",,,,,,,,0.008522187370360675,0.8,#66bd63
12853075,unclassified,,Houlton Street,False,True,11.61,32.33444587155963,1.293,"LINESTRING (-2.5812375 51.4596885, -2.5811121 51.4596192)",,,,,,,,0.008081963842588986,0.8,#66bd63
166522672,unclassified,,Houlton Street,False,False,13.05,32.33444587155963,1.453,"LINESTRING (-2.5812375 51.4596885, -2.5813726 51.4597703)",,,,,,,,0.007835993264274853,0.8,#66bd63
675633592,service,,,False,True,14.9,32.1868,1.666,"LINESTRING (-2.5812375 51.4596885, -2.5813949 51.4595972)",,,,,,,,0.007653601846866945,0.8,#66bd63
12853092,unclassified,,Wellington Road,False,False,32.95,32.33444587155963,3.669,"LINESTRING (-2.5812375 51.4596885, -2.5810363 51.4598074, -2.5808903 51.459891)",,,,,,,,0.00999272841404615,0.8,#66bd63
12853075,unclassified,,Houlton Street,False,False,10.71,32.33444587155963,1.193,"LINESTRING (-2.5809909 51.4595594, -2.5811121 51.4596192)",,,,,,,,0.008813781136356615,0.8,#66bd63
24239164,unclassified,,River Street,False,True,32.36,32.33444587155963,3.602,"LINESTRING (-2.5809909 51.4595594, -2.5811666 51.4592898)",,,,,,,,0.008813781136356615,0.8,#66bd63
562901656,unclassified,20 mph,Wade Street,False,True,73.73,32.1868,8.247,"LINESTRING (-2.5809909 51.4595594, -2.5807236 51.4594169, -2.5801921 51.4591213)",,,,,,,,0.01943641774051114,0.6,#d9ef8b
12853074,unclassified,20 mph,Wade Street,False,True,57.94,32.1868,6.48,"LINESTRING (-2.5801921 51.4591213, -2.5795691 51.4587737)",,,,,,,,0.03165861459812891,0.3,#fdad60
12853078,living_street,20 mph,Great George Street,False,False,60.52,32.1868,6.769,"LINESTRING (-2.5801921 51.4591213, -2.580326 51.4590238, -2.5806512 51.4588002, -2.5807727 51.4587147)",1,,,,,,,0.01943641774051114,0.6,#d9ef8b
562901656,unclassified,20 mph,Wade Street,False,False,73.73,32.1868,8.247,"LINESTRING (-2.5801921 51.4591213, -2.5807236 51.4594169, -2.5809909 51.4595594)",,,,,,,,0.01943641774051114,0.6,#d9ef8b
12853074,unclassified,20 mph,Wade Street,False,False,57.94,32.1868,6.48,"LINESTRING (-2.5795691 51.4587737, -2.5801921 51.4591213)",,,,,,,,0.0316586145981289,0.3,#fdad60
42899174,residential,,Great Ann Street,False,True,5.43,32.1868,0.607,"LINESTRING (-2.5795691 51.4587737, -2.5796181 51.4587356)",,,,,,,,0.031319252741694725,0.3,#fdad60
12853088,unclassified,,Little Ann Street,False,False,30.88,32.33444587155963,3.438,"LINESTRING (-2.5795691 51.4587737, -2.5795264 51.4588068, -2.579278 51.458984)",,,,,,,,0.19671603280786204,0.0,#a50026
12853087,residential,,Great Ann Street,False,True,14.83,32.1868,1.659,"LINESTRING (-2.580739 51.4579767, -2.5808051 51.4579831, -2.5808658 51.4580058, -2.5809231 51.4580373)",,,,,,,,0.01185717972407166,0.7,#a5d86a
42899174,residential,,Great Ann Street,False,False,34.37,32.1868,3.845,"LINESTRING (-2.580739 51.4579767, -2.5806806 51.4579841, -2.5806193 51.4580175, -2.5803905 51.4581867)",,,,,,,,0.010761343033084902,0.8,#66bd63
"[617175652, 670726181]",service,,,False,False,81.37,32.1868,9.101,"LINESTRING (-2.580739 51.4579767, -2.580732 51.4579473, -2.5807266 51.4579368, -2.5807196 51.4579287, -2.5807099 51.4579193, -2.5806934 51.4579078, -2.580496 51.4578006, -2.5804852 51.457796, -2.5804722 51.4577914, -2.5804574 51.457789, -2.5804442 51.457789, -2.5804302 51.4577916, -2.5804192 51.4577964, -2.5804111 51.4578025, -2.5799986 51.4580974, -2.5799882 51.4581036, -2.5799786 51.4581076, -2.5799691 51.4581098, -2.5799415 51.4581144)",,,,,,,,0.010850080031865853,0.7,#a5d86a
12853087,residential,,Great Ann Street,False,False,3.73,32.1868,0.418,"LINESTRING (-2.5813919 51.4582947, -2.5813516 51.4582724)",,,,,,,,0.012484301892856153,0.7,#a5d86a
12853078,living_street,20 mph,Great George Street,False,True,18.42,32.1868,2.061,"LINESTRING (-2.5813919 51.4582947, -2.581298 51.4583622, -2.5812133 51.4584174)",1,,,,,,,0.012397086414823934,0.7,#a5d86a
12853091,residential,20 mph,Great George Street,False,False,49.19,32.1868,5.502,"LINESTRING (-2.5813919 51.4582947, -2.5814593 51.4582453, -2.581852 51.4579578)",1,,,,,,,0.030569591298929177,0.3,#fdad60
42899208,unclassified,,New Street,False,False,59.16,32.33444587155963,6.587,"LINESTRING (-2.582119 51.4577625, -2.5813786 51.4574975)",,,,,,,,0.24062476555499446,0.0,#a50026
12853071,unclassified,,New Street,False,False,51.32,32.33444587155963,5.714,"LINESTRING (-2.582119 51.4577625, -2.5823868 51.4578574, -2.5824241 51.4578678, -2.5824524 51.4578676, -2.5824938 51.4578423, -2.5826803 51.4576915)",,,,,,,,0.1808833506938096,0.0,#a50026
12853091,residential,20 mph,Great George Street,False,True,28.53,32.1868,3.191,"LINESTRING (-2.582119 51.4577625, -2.5820177 51.4578366, -2.581852 51.4579578)",1,,,,,,,0.1808833506938096,0.0,#a50026
12853069,unclassified,,Saint Matthias Park,False,False,29.42,32.33444587155963,3.275,"LINESTRING (-2.5828198 51.4575605, -2.5824313 51.4574538)",,,,,,,,0.0351196507885569,0.3,#fdad60
12853071,unclassified,,New Street,False,True,17.48,32.33444587155963,1.946,"LINESTRING (-2.5828198 51.4575605, -2.5826803 51.4576915)",,,,,,,,0.027479084726914006,0.4,#fee08b
194003839,unclassified,,Champion Square,False,True,21.98,32.33444587155963,2.448,"LINESTRING (-2.5828198 51.4575605, -2.5831137 51.457635)",,,,,,,,0.02133278963976998,0.5,#feffbe
12853069,unclassified,,Saint Matthias Park,False,False,46.99,32.33444587155963,5.232,"LINESTRING (-2.5816191 51.4573004, -2.5809583 51.4572052)",,,,,,,,0.022922980560533948,0.5,#feffbe
12853069,unclassified,,Saint Matthias Park,False,True,58.8,32.33444587155963,6.547,"LINESTRING (-2.5816191 51.4573004, -2.5824313 51.4574538)",,,,,,,,0.0457614084258288,0.0,#a50026
42900915,unclassified,20 mph,Redcross Street,False,False,27.53,32.1868,3.079,"LINESTRING (-2.5816191 51.4573004, -2.5813786 51.4574975)",,,,,,,,0.023189270282795157,0.5,#feffbe
42900915,unclassified,20 mph,Redcross Street,False,True,53.13,32.1868,5.942,"LINESTRING (-2.5816191 51.4573004, -2.5816758 51.4572476, -2.5820754 51.4569765, -2.5821158 51.4569378)",,,,,,,,0.022922980560533948,0.5,#feffbe
12853069,unclassified,,Saint Matthias Park,False,True,46.99,32.33444587155963,5.232,"LINESTRING (-2.5809583 51.4572052, -2.5816191 51.4573004)",,,,,,,,0.022922980560533948,0.5,#feffbe
42900916,pedestrian,,Redcross Street,False,True,8.29,32.1868,0.927,"LINESTRING (-2.5809583 51.4572052, -2.5810657 51.4571724)",,,,,,,,0.012118714433909984,0.7,#a5d86a
824590055,unclassified,,Saint Matthias Park,False,False,17.22,32.33444587155963,1.918,"LINESTRING (-2.5809583 51.4572052, -2.5807172 51.4572429)",,,,,,,,0.01149054453741802,0.7,#a5d86a
12853072,trunk_link,,,False,False,70.85,48.2802,5.283,"LINESTRING (-2.5814422 51.460722, -2.5815818 51.4605888, -2.5819898 51.4604071, -2.5820631 51.46034, -2.5820801 51.4603022, -2.582092 51.4602576)",,,,,,,,0.01858110660355201,0.6,#d9ef8b
627039560,pedestrian,,,False,True,26.76,32.1868,2.993,"LINESTRING (-2.5825658 51.4582879, -2.5829467 51.458248)",,,,,,,,0.055013162988144515,0.0,#a50026
24239164,unclassified,,River Street,False,False,2.33,32.33444587155963,0.259,"LINESTRING (-2.5817026 51.4587359, -2.581683 51.4587529)",,,,,,,,0.010201569620015715,0.8,#66bd63
24239164,unclassified,,River Street,False,True,27.8,32.33444587155963,3.095,"LINESTRING (-2.5817026 51.4587359, -2.5819934 51.4585636)",,,,,,,,0.013690091435414681,0.7,#a5d86a
668336929,unclassified,,Bull Lane,False,False,15.28,32.33444587155963,1.701,"LINESTRING (-2.5817026 51.4587359, -2.5815365 51.4586455)",,,,,,,,0.010201569620015715,0.8,#66bd63
24239164,unclassified,,River Street,False,False,19.4,32.33444587155963,2.16,"LINESTRING (-2.5814651 51.4589415, -2.5813169 51.4590895)",,,,,,,,0.008153851756152797,0.8,#66bd63
617239008,footway,,,False,True,15.44,32.18679999999999,1.727,"LINESTRING (-2.5814651 51.4589415, -2.5816357 51.4590308)",,,,,,,,0.008490182047235144,0.8,#66bd63
24239164,unclassified,,River Street,False,True,24.73,32.33444587155963,2.754,"LINESTRING (-2.5814651 51.4589415, -2.5814781 51.4589303, -2.5816621 51.4587711, -2.5816737 51.458761)",,,,,,,,0.009908642151907749,0.8,#66bd63
24239164,unclassified,,River Street,False,False,32.36,32.33444587155963,3.602,"LINESTRING (-2.5811666 51.4592898, -2.5809909 51.4595594)",,,,,,,,0.008813781136356615,0.8,#66bd63
617239010,footway,,,False,True,13.07,32.18679999999999,1.462,"LINESTRING (-2.5811666 51.4592898, -2.5813347 51.4593431)",,,,,,,,0.008418703236695803,0.8,#66bd63
24239164,unclassified,,River Street,False,True,24.59,32.33444587155963,2.737,"LINESTRING (-2.5811666 51.4592898, -2.5811734 51.4592805, -2.5813058 51.4591035, -2.5813169 51.4590895)",,,,,,,,0.008418703236695803,0.8,#66bd63
12853097,unclassified,20 mph,Elton Street,False,True,92.14,32.1868,10.305,"LINESTRING (-2.5799647 51.4602715, -2.5809148 51.4608513)",,,,,,,,0.09365037666247752,0.0,#a50026
12853092,unclassified,,Wellington Road,False,True,34.86,32.33444587155963,3.882,"LINESTRING (-2.5799647 51.4602715, -2.5803126 51.4601576, -2.5804078 51.460123)",,,,,,,,0.017215468478692108,0.6,#d9ef8b
12853095,unclassified,,Clement Street,False,False,92.54,32.33444587155963,10.303,"LINESTRING (-2.5809148 51.4608513, -2.5799385 51.4614193)",,,,,,,,0.16696047763627572,0.0,#a50026
12853095,unclassified,,Clement Street,False,True,22.93,32.33444587155963,2.553,"LINESTRING (-2.5809148 51.4608513, -2.5811598 51.4607127)",,,,,,,,0.0653084801375288,0.0,#a50026
12853097,unclassified,20 mph,Elton Street,False,False,92.14,32.1868,10.305,"LINESTRING (-2.5809148 51.4608513, -2.5799647 51.4602715)",,,,,,,,0.09365037666247755,0.0,#a50026
12853095,unclassified,,Clement Street,False,False,22.93,32.33444587155963,2.553,"LINESTRING (-2.5811598 51.4607127, -2.5809148 51.4608513)",,,,,,,,0.0653084801375288,0.0,#a50026
382869603,footway,,Clement Street,False,True,42.3,32.18679999999999,4.731,"LINESTRING (-2.5811598 51.4607127, -2.5812007 51.4607214, -2.5816155 51.4604803)",,,,,,,,0.027995775615605154,0.4,#fee08b
683627697,footway,,,False,True,19.5,32.18679999999999,2.181,"LINESTRING (-2.5811598 51.4607127, -2.5811572 51.4606764, -2.5812515 51.4606146, -2.581189 51.4605775)",,,,,,,,0.027995775615605154,0.4,#fee08b
461464740,footway,,,False,True,10.97,32.18679999999999,1.227,"LINESTRING (-2.5915603 51.4569655, -2.5914055 51.4569861)",,,,,,,,0.023091806581411946,0.5,#feffbe
22612814,unclassified,20 mph,Broadmead,False,True,35.56,32.1868,3.977,"LINESTRING (-2.5915603 51.4569655, -2.5916499 51.4569361, -2.5918935 51.4568962, -2.5920411 51.4568576)",1,,,,,,,0.08079904135192943,0.0,#a50026
171255692,unclassified,20 mph,Broadmead,False,False,18.02,32.1868,2.016,"LINESTRING (-2.5915603 51.4569655, -2.5915056 51.4569953, -2.5914758 51.4570191, -2.5914531 51.4570501, -2.5914231 51.4570992)",1,,,,,,,0.023091806581411946,0.5,#feffbe
193799343,footway,,,False,False,7.15,32.18679999999999,0.8,"LINESTRING (-2.5919169 51.4578754, -2.5920071 51.4579067)",,,,,,,,0.00809296619881289,0.8,#66bd63
3512235,unclassified,20 mph,The Horsefair,False,False,29.36,32.1868,3.284,"LINESTRING (-2.5919169 51.4578754, -2.5918145 51.4579077, -2.5917048 51.4579328, -2.5915244 51.4579741)",1,,,,,,,0.008911189563500663,0.8,#66bd63
3512235,unclassified,20 mph,The Horsefair,False,True,23.31,32.1868,2.608,"LINESTRING (-2.5919169 51.4578754, -2.591962 51.4578508, -2.5919914 51.4578095, -2.5919906 51.4577793, -2.5919179 51.4576936)",1,,,,,,,0.009627006751317186,0.8,#66bd63
3512235,unclassified,20 mph,The Horsefair,False,False,12.2,32.1868,1.365,"LINESTRING (-2.5915244 51.4579741, -2.5913606 51.4580144)",1,,,,,,,0.009229880588529903,0.8,#66bd63
3512235,unclassified,20 mph,The Horsefair,False,True,29.36,32.1868,3.284,"LINESTRING (-2.5915244 51.4579741, -2.5917048 51.4579328, -2.5918145 51.4579077, -2.5919169 51.4578754)",1,,,,,,,0.008911189563500663,0.8,#66bd63
326498364,footway,,,False,True,128.86,32.18679999999999,14.413,"LINESTRING (-2.5915244 51.4579741, -2.591757 51.4579964, -2.5918591 51.458045, -2.5919072 51.458101, -2.5918714 51.4581708, -2.5916609 51.4583456, -2.5911335 51.4588197)",,,,,,,,0.0138448518460083,0.7,#a5d86a
3512235,unclassified,20 mph,The Horsefair,False,False,1.27,32.1868,0.142,"LINESTRING (-2.5904907 51.4583026, -2.5904747 51.4583082)",1,,,,,,,0.023735840848860146,0.5,#feffbe
3512235,unclassified,20 mph,The Horsefair,False,True,4.69,32.1868,0.525,"LINESTRING (-2.5904907 51.4583026, -2.5905499 51.4582821)",1,,,,,,,0.023118935213140675,0.5,#feffbe
"[471301377, 217596271]",footway,,,False,False,12.18,32.18679999999999,1.363,"LINESTRING (-2.5904907 51.4583026, -2.5904323 51.4582335, -2.5904083 51.4582058)",,,building_passage,,,,,0.023118935213140675,0.5,#feffbe
39247714,trunk,30 mph,Bond Street South,False,False,34.83,48.2802,2.597,"LINESTRING (-2.5846097 51.4572303, -2.5846027 51.4574126, -2.5846117 51.4575434)",2,,,A4044,,,,0.01099891798971596,0.7,#a5d86a
"[24038080, 1413912961, 1413912962, 1413912963]",footway,,,False,False,26.81,32.18679999999999,2.999,"LINESTRING (-2.5846097 51.4572303, -2.5845502 51.4572298, -2.5845244 51.4572297, -2.5845238 51.4573086, -2.5845016 51.4573085, -2.5844331 51.4573083, -2.5843832 51.4573082, -2.5843488 51.4573081)",,,,,,,,0.00972229010454117,0.8,#66bd63
"[1413912961, 1413912964, 1413912965]",footway,,,False,True,18.93,32.18679999999999,2.118,"LINESTRING (-2.5846097 51.4572303, -2.5846451 51.4572306, -2.5846836 51.4572309, -2.5846855 51.4572929, -2.5847071 51.4572956, -2.5847833 51.4573054)",,,,,,,,0.008621784721038838,0.8,#66bd63
166522670,footway,,,False,False,47.7,32.18679999999999,5.335,"LINESTRING (-2.5842915 51.4575835, -2.5841401 51.4576845, -2.5840038 51.4577359, -2.5838929 51.4577664, -2.5838003 51.4577861, -2.5837209 51.4578102)",,,,,,,,0.027638158775542192,0.4,#fee08b
1413912984,footway,,,False,False,39.61,32.18679999999999,4.43,"LINESTRING (-2.5842915 51.4575835, -2.5842333 51.4576855, -2.5841005 51.4578727, -2.5840679 51.4579109)",,,,,,,,0.02835653989166249,0.4,#fee08b
1413912985,footway,,,False,True,30.96,32.18679999999999,3.463,"LINESTRING (-2.5842915 51.4575835, -2.5843419 51.4574186, -2.5843488 51.4573081)",,,,,,,,0.01352353377525569,0.7,#a5d86a
42899133,primary,30 mph,Lamb Street,False,False,21.97,48.2802,1.638,"LINESTRING (-2.5803924 51.456963, -2.5804001 51.4570054, -2.5803984 51.4570412, -2.58038 51.4571335, -2.5803731 51.4571592)",2,,,A420,,,,0.012870593256345977,0.7,#a5d86a
954084490,footway,,,False,True,14.79,32.18679999999999,1.654,"LINESTRING (-2.5843488 51.4573081, -2.5843375 51.4572172, -2.5843242 51.4571762)",,,,,,,,0.00972229010454117,0.8,#66bd63
"[24038080, 1413912961, 1413912962, 1413912963]",footway,,,False,True,26.81,32.18679999999999,2.999,"LINESTRING (-2.5843488 51.4573081, -2.5843832 51.4573082, -2.5844331 51.4573083, -2.5845016 51.4573085, -2.5845238 51.4573086, -2.5845244 51.4572297, -2.5845502 51.4572298, -2.5846097 51.4572303)",,,,,,,,0.00972229010454117,0.8,#66bd63
1413912985,footway,,,False,False,30.96,32.18679999999999,3.463,"LINESTRING (-2.5843488 51.4573081, -2.5843419 51.4574186, -2.5842915 51.4575835)",,,,,,,,0.01352353377525569,0.7,#a5d86a
24239162,service,,,False,True,20.97,32.1868,2.346,"LINESTRING (-2.5829167 51.4587181, -2.5831687 51.4586136)",,,,,,,,0.15692493994631743,0.0,#a50026
166522672,unclassified,,Houlton Street,False,True,44.59,32.33444587155963,4.964,"LINESTRING (-2.5818425 51.4600443, -2.5813726 51.4597703)",,,,,,,,0.00832814351956967,0.8,#66bd63
166522672,unclassified,,Houlton Street,False,False,17.06,32.33444587155963,1.9,"LINESTRING (-2.5818425 51.4600443, -2.5819569 51.4601052, -2.5820373 51.4601377)",,,,,,,,0.00832814351956967,0.8,#66bd63
518932210,service,,,False,True,71.08,32.1868,7.95,"LINESTRING (-2.5818425 51.4600443, -2.5819331 51.4599854, -2.5819715 51.4599588, -2.5826734 51.4596741)",,,,,,,,0.00832814351956967,0.8,#66bd63
24239206,residential,20 mph,Orange Street,False,False,56.57,32.1868,6.327,"LINESTRING (-2.5829474 51.4606347, -2.5836602 51.4603866)",,,,,,,,0.006316770318408327,0.8,#66bd63
24239206,residential,20 mph,Orange Street,False,True,6.66,32.1868,0.745,"LINESTRING (-2.5829474 51.4606347, -2.582986 51.4606896)",,,,,,,,0.006316770318408327,0.8,#66bd63
1173237852,service,,,False,False,18.12,32.1868,2.026,"LINESTRING (-2.5829474 51.4606347, -2.5827203 51.4607155)",,,,,,,,0.007066628506260863,0.8,#66bd63
3877718,unclassified,20 mph,Saint Paul Street,False,True,23.29,32.1868,2.605,"LINESTRING (-2.5843634 51.4601591, -2.5845136 51.4603465)",2,,,,,,,0.007892241773371849,0.8,#66bd63
24239206,residential,20 mph,Orange Street,False,True,54.89,32.1868,6.14,"LINESTRING (-2.5843634 51.4601591, -2.5836602 51.4603866)",,,,,,,,0.006840786423521638,0.8,#66bd63
24038082,unclassified,30 mph,Saint Paul Street,False,True,40.37,48.2802,3.01,"LINESTRING (-2.5843634 51.4601591, -2.5841586 51.4598819, -2.5841194 51.4598294)",,,,,,,,0.006840786423521638,0.8,#66bd63
24239206,residential,20 mph,Orange Street,False,False,54.89,32.1868,6.14,"LINESTRING (-2.5836602 51.4603866, -2.5843634 51.4601591)",,,,,,,,0.006840786423521638,0.8,#66bd63
24239206,residential,20 mph,Orange Street,False,True,56.57,32.1868,6.327,"LINESTRING (-2.5836602 51.4603866, -2.5829474 51.4606347)",,,,,,,,0.006316770318408327,0.8,#66bd63
24239207,residential,20 mph,Lemon Lane,False,False,13.35,32.1868,1.493,"LINESTRING (-2.5836602 51.4603866, -2.5837396 51.460496)",,,,,,,,0.0058305685762119605,0.9,#199750
24239207,residential,20 mph,Lemon Lane,False,True,38.74,32.1868,4.332,"LINESTRING (-2.58397 51.4608134, -2.5837396 51.460496)",,,,,,,,0.006639297803527525,0.8,#66bd63
72343225,unclassified,20 mph,Wilson Street,False,False,85.04,32.1868,9.511,"LINESTRING (-2.58397 51.4608134, -2.5828657 51.4611473)",,,,,,,,0.006639297803527525,0.8,#66bd63
72343225,unclassified,20 mph,Wilson Street,False,True,55.61,32.1868,6.219,"LINESTRING (-2.58397 51.4608134, -2.5847023 51.4606087)",,,,,,,,0.009648176524610407,0.8,#66bd63
"[235295043, 625159261]","['footway', 'residential']",20 mph,Lemon Lane,False,True,42.53,32.1868,4.757,"LINESTRING (-2.58397 51.4608134, -2.5841618 51.4610736, -2.584224 51.4611616)",,,,,,,,0.007301967942931844,0.8,#66bd63
24239199,footway,,,False,False,41.13,32.18679999999999,4.6,"LINESTRING (-2.5878976 51.460181, -2.5881015 51.4599626, -2.5882067 51.4598654)",,,,,,,,0.01513665750160635,0.7,#a5d86a
24239199,footway,,,False,True,41.96,32.18679999999999,4.693,"LINESTRING (-2.5878976 51.460181, -2.5876949 51.4603924, -2.5875965 51.4605083)",,,,,,,,0.02839602815948122,0.4,#fee08b
24239200,footway,,,False,False,42.11,32.18679999999999,4.71,"LINESTRING (-2.5878976 51.460181, -2.5882438 51.4603033, -2.5884195 51.4603748)",,,,,,,,0.01513665750160635,0.7,#a5d86a
24239200,footway,,,False,True,40.99,32.18679999999999,4.585,"LINESTRING (-2.5878976 51.460181, -2.5875525 51.4600516, -2.5873836 51.4599989)",,,,,,,,0.017763970117121303,0.6,#d9ef8b
4234841,unclassified,20 mph,Brunswick Square,False,True,9.84,32.1868,1.101,"LINESTRING (-2.587734 51.460486, -2.5875965 51.4605083)",,,,,,,,0.02839602815948122,0.4,#fee08b
4234841,unclassified,20 mph,Brunswick Square,False,False,49.08,32.1868,5.489,"LINESTRING (-2.587734 51.460486, -2.588283 51.460397, -2.5884195 51.4603748)",,,,,,,,0.0222231541139368,0.5,#feffbe
24239238,footway,,,False,False,38.52,32.18679999999999,4.308,"LINESTRING (-2.587734 51.460486, -2.587764 51.4605233, -2.5878158 51.4607417, -2.5876978 51.4607822)",,,,,,,,0.0222231541139368,0.5,#feffbe
24239238,footway,,,False,False,18.52,32.18679999999999,2.072,"LINESTRING (-2.5876978 51.4607822, -2.5877349 51.4608939, -2.5878103 51.4609174)",,,,,,,,0.01994759396390908,0.6,#d9ef8b
24239238,footway,,,False,True,38.52,32.18679999999999,4.308,"LINESTRING (-2.5876978 51.4607822, -2.5878158 51.4607417, -2.587764 51.4605233, -2.587734 51.460486)",,,,,,,,0.0222231541139368,0.5,#feffbe
244182195,footway,,,False,False,61.18,32.18679999999999,6.843,"LINESTRING (-2.5876978 51.4607822, -2.5872535 51.4608859, -2.5871934 51.4609026, -2.5871814 51.4609111, -2.5871794 51.4609228, -2.5871874 51.4609406, -2.5872544 51.4610208, -2.5872947 51.4610802, -2.5873054 51.461096)",,,,,,,,0.024612331716941858,0.5,#feffbe
24239238,footway,,,False,True,16.83,32.18679999999999,1.883,"LINESTRING (-2.5878613 51.4610654, -2.5878103 51.4609174)",,,,,,,,0.015278648366731058,0.7,#a5d86a
24239231,footway,,,False,False,30.52,32.18679999999999,3.414,"LINESTRING (-2.5878613 51.4610654, -2.5876665 51.4610638, -2.5875734 51.4610785, -2.5874385 51.4611189)",,,,,,,,0.014483188460154454,0.7,#a5d86a
24239238,footway,,,False,False,16.74,32.18679999999999,1.873,"LINESTRING (-2.5878613 51.4610654, -2.587878 51.4610872, -2.5880054 51.4611856)",,,,,,,,0.012574449096635795,0.7,#a5d86a
24239231,footway,,,False,False,70.23,32.18679999999999,7.854,"LINESTRING (-2.5873268 51.461195, -2.5873062 51.4612298, -2.587299 51.4612615, -2.5872997 51.4612832, -2.5873084 51.4613045, -2.5873205 51.4613249, -2.587342 51.4613396, -2.5873742 51.461355, -2.5874197 51.4613655, -2.5874808 51.4613684, -2.5875425 51.4613659, -2.5876008 51.461358, -2.5876611 51.4613455, -2.5877175 51.4613271, -2.5880054 51.4611856)",,,,,,,,0.013266688778937882,0.7,#a5d86a
24239231,footway,,,False,True,11.48,32.18679999999999,1.284,"LINESTRING (-2.5873268 51.461195, -2.5873958 51.4611441, -2.5874385 51.4611189)",,,,,,,,0.014407184037762748,0.7,#a5d86a
244182195,footway,,,False,True,11.11,32.18679999999999,1.243,"LINESTRING (-2.5873268 51.461195, -2.5873161 51.4611361, -2.5873054 51.461096)",,,,,,,,0.015541063870013595,0.7,#a5d86a
24239231,footway,,,False,True,70.23,32.18679999999999,7.854,"LINESTRING (-2.5880054 51.4611856, -2.5877175 51.4613271, -2.5876611 51.4613455, -2.5876008 51.461358, -2.5875425 51.4613659, -2.5874808 51.4613684, -2.5874197 51.4613655, -2.5873742 51.461355, -2.587342 51.4613396, -2.5873205 51.4613249, -2.5873084 51.4613045, -2.5872997 51.4612832, -2.587299 51.4612615, -2.5873062 51.4612298, -2.5873268 51.461195)",,,,,,,,0.013266688778937882,0.7,#a5d86a
24239238,footway,,,False,False,19.54,32.18679999999999,2.186,"LINESTRING (-2.5880054 51.4611856, -2.5881547 51.4612986, -2.588183 51.4613221)",,,,,,,,0.010397801631970589,0.8,#66bd63
24239238,footway,,,False,True,16.74,32.18679999999999,1.873,"LINESTRING (-2.5880054 51.4611856, -2.587878 51.4610872, -2.5878613 51.4610654)",,,,,,,,0.012574449096635795,0.7,#a5d86a
24359413,unclassified,20 mph,Wilder Street,False,False,64.24,32.1868,7.185,"LINESTRING (-2.588183 51.4613221, -2.5874519 51.4616775)",,,,,,,,0.009704411535261486,0.8,#66bd63
24359413,unclassified,20 mph,Wilder Street,False,True,47.61,32.1868,5.325,"LINESTRING (-2.588183 51.4613221, -2.5887285 51.4610617)",,,,,,,,0.011561253787809716,0.7,#a5d86a
24239238,footway,,,False,True,19.54,32.18679999999999,2.186,"LINESTRING (-2.588183 51.4613221, -2.5881547 51.4612986, -2.5880054 51.4611856)",,,,,,,,0.010397801631970589,0.8,#66bd63
"[93281811, 80931404]","['pedestrian', 'residential']",20 mph,"['Nine Tree Hill', 'Ninetree Hill']",False,True,61.71,32.1868,6.903,"LINESTRING (-2.59202 51.4641704, -2.5919339 51.4641677, -2.591134 51.4641133)",,,,,,,,0.01711951846642767,0.6,#d9ef8b
487066776,unclassified,20 mph,Wilder Street,False,True,95.83,32.1868,10.718,"LINESTRING (-2.5849703 51.4629172, -2.5860455 51.462375)",,,,,,,,0.006163621541847474,0.8,#66bd63
3878220,unclassified,20 mph,Grosvenor Road,False,True,12.32,32.1868,1.377,"LINESTRING (-2.5849703 51.4629172, -2.5849097 51.4629614, -2.5848588 51.4630034)",,,,,,,,0.004210792283675223,0.9,#199750
43590867,residential,20 mph,Little Bishop Street,False,True,11.54,32.1868,1.291,"LINESTRING (-2.5849703 51.4629172, -2.5849206 51.4628767, -2.584889 51.4628277)",,,,,,,,0.0043416191632589,0.9,#199750
25874506,residential,20 mph,Bishop Street,False,True,27.86,32.1868,3.116,"LINESTRING (-2.5842743 51.4619844, -2.5843015 51.4619483, -2.5845804 51.4618677, -2.5846082 51.4618597)",,,,,,,,0.0066187714738420445,0.8,#66bd63
43590867,residential,20 mph,Little Bishop Street,False,False,107.42,32.1868,12.015,"LINESTRING (-2.5842743 51.4619844, -2.5843315 51.4620917, -2.584515 51.4622622, -2.5849136 51.4626245, -2.5849241 51.4626782, -2.5848946 51.4627329, -2.584877 51.4627988, -2.584889 51.4628277)",,,,,,,,0.00563253937949887,0.9,#199750
235295040,footway,,,False,True,31.89,32.18679999999999,3.567,"LINESTRING (-2.5842743 51.4619844, -2.5841873 51.4619477, -2.5840492 51.4617438)",,,,,,,,0.005744730601374316,0.9,#199750
43590867,residential,20 mph,Little Bishop Street,False,False,11.54,32.1868,1.291,"LINESTRING (-2.584889 51.4628277, -2.5849206 51.4628767, -2.5849703 51.4629172)",,,,,,,,0.0043416191632589,0.9,#199750
43590867,residential,20 mph,Little Bishop Street,False,True,107.42,32.1868,12.015,"LINESTRING (-2.584889 51.4628277, -2.584877 51.4627988, -2.5848946 51.4627329, -2.5849241 51.4626782, -2.5849136 51.4626245, -2.584515 51.4622622, -2.5843315 51.4620917, -2.5842743 51.4619844)",,,,,,,,0.00563253937949887,0.9,#199750
72343224,unclassified,20 mph,Prince's Street,False,False,61.45,32.1868,6.873,"LINESTRING (-2.584889 51.4628277, -2.584735 51.4628594, -2.5845544 51.4629233, -2.584398 51.4630136, -2.5841821 51.4628803)",,,,,,,,0.0043416191632589,0.9,#199750
72343201,residential,20 mph,Campbell Street,False,False,124.16,32.1868,13.887,"LINESTRING (-2.5854158 51.46423, -2.5842715 51.4633706)",,,,,,,,0.003958927364505471,0.9,#199750
193994529,unclassified,20 mph,City Road,False,True,57.59,32.1868,6.441,"LINESTRING (-2.5854158 51.46423, -2.586081 51.4639194)",2,,,,,,,0.004612852274382712,0.9,#199750
193994529,unclassified,20 mph,City Road,False,False,57.55,32.1868,6.437,"LINESTRING (-2.5854158 51.46423, -2.5851323 51.4643647, -2.5847552 51.4645439)",2,,,,,,,0.003958927364505471,0.9,#199750
3878220,unclassified,20 mph,Grosvenor Road,False,False,57.64,32.1868,6.447,"LINESTRING (-2.5842715 51.4633706, -2.5848588 51.4630034)",,,,,,,,0.004012567004065443,0.9,#199750
3878220,unclassified,20 mph,Grosvenor Road,False,True,51.57,32.1868,5.768,"LINESTRING (-2.5842715 51.4633706, -2.5837332 51.4636909)",,,,,,,,0.0032997370740200866,0.9,#199750
72343201,residential,20 mph,Campbell Street,False,True,124.16,32.1868,13.887,"LINESTRING (-2.5842715 51.4633706, -2.5854158 51.46423)",,,,,,,,0.003958927364505471,0.9,#199750
25974236,residential,20 mph,Denbigh Street,False,False,117.68,32.1868,13.162,"LINESTRING (-2.5847552 51.4645439, -2.5836957 51.4637675, -2.5836549 51.4637376)",,,,,,,,0.0033905195490521066,0.9,#199750
193994529,unclassified,20 mph,City Road,False,True,57.55,32.1868,6.437,"LINESTRING (-2.5847552 51.4645439, -2.5851323 51.4643647, -2.5854158 51.46423)",2,,,,,,,0.003958927364505471,0.9,#199750
3878220,unclassified,20 mph,Grosvenor Road,False,False,56.67,32.1868,6.338,"LINESTRING (-2.5830591 51.4640868, -2.5836549 51.4637376)",,,,,,,,0.0027849034029181073,0.9,#199750
3878220,unclassified,20 mph,Grosvenor Road,False,True,36.9,32.1868,4.127,"LINESTRING (-2.5830591 51.4640868, -2.5826653 51.4643102)",,,,,,,,0.0025743343690923268,0.9,#199750
72343250,residential,20 mph,William Street,False,True,36.84,32.1868,4.121,"LINESTRING (-2.5830591 51.4640868, -2.5834055 51.4643382)",,,,,,,,0.0025743343690923268,0.9,#199750
3878220,unclassified,20 mph,Grosvenor Road,False,True,56.67,32.1868,6.338,"LINESTRING (-2.5836549 51.4637376, -2.5830591 51.4640868)",,,,,,,,0.0027849034029181073,0.9,#199750
3878220,unclassified,20 mph,Grosvenor Road,False,False,7.51,32.1868,0.84,"LINESTRING (-2.5836549 51.4637376, -2.5837031 51.4637089, -2.5837332 51.4636909)",,,,,,,,0.002841732792691517,0.9,#199750
25974236,residential,20 mph,Denbigh Street,False,True,117.68,32.1868,13.162,"LINESTRING (-2.5836549 51.4637376, -2.5836957 51.4637675, -2.5847552 51.4645439)",,,,,,,,0.0033905195490521066,0.9,#199750
3878218,unclassified,20 mph,Cave Street,False,False,45.0,32.1868,5.033,"LINESTRING (-2.5865958 51.4615963, -2.5868757 51.4619615)",,,,,,,,0.012334618627441849,0.7,#a5d86a
3878218,unclassified,20 mph,Cave Street,False,True,39.96,32.1868,4.47,"LINESTRING (-2.5865958 51.4615963, -2.586359 51.4612686)",,,,,,,,0.024290717029334753,0.5,#feffbe
26230258,service,,Chapter Street,False,True,72.36,32.1868,8.093,"LINESTRING (-2.5865958 51.4615963, -2.585654 51.4618776)",,,,,,,,0.012334618627441849,0.7,#a5d86a
24239206,residential,20 mph,Orange Street,False,False,6.66,32.1868,0.745,"LINESTRING (-2.582986 51.4606896, -2.5829474 51.4606347)",,,,,,,,0.006316770318408327,0.8,#66bd63
"[629261550, 26230294, 629261551]",footway,,,False,True,58.0,32.18679999999999,6.488,"LINESTRING (-2.5895984 51.4600951, -2.5896325 51.4600487, -2.5898083 51.4600904, -2.589817 51.4600731, -2.5899142 51.4599206, -2.5900156 51.4597615)",,,building_passage,,,,,0.034507282202123124,0.3,#fdad60
606486360,residential,20 mph,Cumberland Street,False,False,87.43,32.1868,9.779,"LINESTRING (-2.5895984 51.4600951, -2.5886231 51.4603354, -2.5884195 51.4603748)",,,,,,,,0.028342597137267753,0.4,#fee08b
"[606486360, 606486358]",residential,20 mph,Cumberland Street,False,True,7.64,32.1868,0.855,"LINESTRING (-2.5895984 51.4600951, -2.5896192 51.4600988, -2.5897037 51.4601155)",,,,,,,,0.03409878238333079,0.3,#fdad60
26230299,residential,20 mph,Moon Street,False,False,27.65,32.1868,3.093,"LINESTRING (-2.5904285 51.4605801, -2.5907851 51.4604684)",,,,,,,,0.23594703211316034,0.0,#a50026
26230298,residential,20 mph,Moon Street,False,True,32.14,32.1868,3.595,"LINESTRING (-2.5904285 51.4605801, -2.5904014 51.4606188, -2.5902981 51.4608571)",,,,,,,,0.23594703211316034,0.0,#a50026
"[541977753, 26230303]","['path', 'unclassified']",20 mph,Wilder Street,False,True,151.29,32.1868,16.922,"LINESTRING (-2.5904285 51.4605801, -2.5903862 51.4605933, -2.5901628 51.4606631, -2.5900172 51.4605275, -2.5900083 51.460521, -2.5899687 51.4604879, -2.5887285 51.4610617)",,,,,,,,0.27043525409552416,0.0,#a50026
670195723,residential,20 mph,Moon Street,False,True,121.21,32.1868,13.557,"LINESTRING (-2.5897108 51.4618839, -2.5902981 51.4608571)",,,,,,,,0.0501566954953829,0.0,#a50026
93159682,unclassified,20 mph,Upper York Street,False,True,36.64,32.1868,4.098,"LINESTRING (-2.5897108 51.4618839, -2.5898093 51.4619061, -2.589957 51.4619495, -2.5900068 51.4619866, -2.5901013 51.4620844)",,,,,,,,0.045193656502895765,0.0,#a50026
204097711,unclassified,20 mph,Upper York Street,False,False,21.14,32.1868,2.365,"LINESTRING (-2.5897108 51.4618839, -2.5896201 51.4618394, -2.5895087 51.4617437)",,,,,,,,0.06568025793790892,0.0,#a50026
4019345,primary,20 mph,North Street,False,True,8.25,32.1868,0.922,"LINESTRING (-2.5908459 51.4604494, -2.5908938 51.4605173)",2,,,A38,,,,0.09615994894736224,0.0,#a50026
26230299,residential,20 mph,Moon Street,False,True,4.71,32.1868,0.527,"LINESTRING (-2.5908459 51.4604494, -2.5907851 51.4604684)",,,,,,,,0.1578405330116579,0.0,#a50026
202755220,primary,20 mph,,False,False,18.25,32.1868,2.041,"LINESTRING (-2.5908459 51.4604494, -2.5907169 51.4603063)",1,,,A38,,,,0.11798303074392466,0.0,#a50026
"[112748680, 112748673, 112748674]",primary,20 mph,North Street,False,False,59.21,32.1868,6.622,"LINESTRING (-2.5908459 51.4604494, -2.5908029 51.4602772, -2.5907333 51.4601458, -2.5906626 51.4600111, -2.5906409 51.4599725, -2.5906137 51.4599394)","['2', '1']",,,A38,,,,0.09643138377876406,0.0,#a50026
541977762,residential,20 mph,Backfields,False,True,101.33,32.1868,11.333,"LINESTRING (-2.5902981 51.4608571, -2.5891498 51.4614215)",,,,,,,,0.03608253913763847,0.2,#f46d43
670195723,residential,20 mph,Moon Street,False,False,121.21,32.1868,13.557,"LINESTRING (-2.5902981 51.4608571, -2.5897108 51.4618839)",,,,,,,,0.0501566954953829,0.0,#a50026
26230298,residential,20 mph,Moon Street,False,False,32.14,32.1868,3.595,"LINESTRING (-2.5902981 51.4608571, -2.5904014 51.4606188, -2.5904285 51.4605801)",,,,,,,,0.23594703211316034,0.0,#a50026
26230324,residential,20 mph,Charles Street,False,True,72.53,32.1868,8.112,"LINESTRING (-2.5921277 51.4604654, -2.5914223 51.4609474)",,,,,,,,0.013447231896930176,0.7,#a5d86a
42879143,residential,20 mph,Barton Street,False,False,27.41,32.1868,3.066,"LINESTRING (-2.5921277 51.4604654, -2.5918455 51.4602926)",,,,,,,,0.012212420204275935,0.7,#a5d86a
42879143,residential,20 mph,Barton Street,False,True,27.41,32.1868,3.066,"LINESTRING (-2.5918455 51.4602926, -2.5921277 51.4604654)",,,,,,,,0.012212420204275935,0.7,#a5d86a
1427956660,service,,,False,False,25.7,32.1868,2.875,"LINESTRING (-2.5918455 51.4602926, -2.5920828 51.4601149)",,,,,,driveway,,0.012212420204275935,0.7,#a5d86a
26230315,residential,20 mph,Cherry Lane,False,False,50.04,32.1868,5.597,"LINESTRING (-2.5918455 51.4602926, -2.5912848 51.4605044, -2.5912218 51.4605179)",,,,,,,,0.026914796564552017,0.4,#fee08b
4313987,residential,20 mph,Thomas Street North,False,False,48.41,32.1868,5.415,"LINESTRING (-2.5916821 51.4635883, -2.5922092 51.4638742)",,,,,,,,0.1954801166073032,0.0,#a50026
4313965,residential,20 mph,Dove Street,False,False,71.04,32.1868,7.946,"LINESTRING (-2.5916821 51.4635883, -2.5913753 51.4637896, -2.5913277 51.4638234, -2.5912981 51.4638509, -2.5912781 51.4638744, -2.5912479 51.4639202, -2.5912349 51.4639458, -2.5912201 51.463997, -2.5912136 51.4640101, -2.5911896 51.464043, -2.591134 51.4641133)",,,,,,,,0.10559781539217075,0.0,#a50026
4234845,unclassified,20 mph,Brunswick Street,False,False,48.58,32.1868,5.433,"LINESTRING (-2.5884548 51.462815, -2.5880269 51.4624689)",,,,,,,,0.011920284493459173,0.7,#a5d86a
193994529,unclassified,20 mph,City Road,False,True,4.0,32.1868,0.448,"LINESTRING (-2.5884548 51.462815, -2.5885015 51.4627938)",2,,,,,,,0.012219051130221403,0.7,#a5d86a
193994529,unclassified,20 mph,City Road,False,False,116.07,32.1868,12.982,"LINESTRING (-2.5884548 51.462815, -2.5875474 51.4632256, -2.5870991 51.4634284)",2,,,,,,,0.011920284493459173,0.7,#a5d86a
40554581,footway,,,False,False,10.84,32.18679999999999,1.212,"LINESTRING (-2.5868248 51.4592039, -2.5869765 51.4592277)",,,,,,,,0.007249640397320907,0.8,#66bd63
22988906,pedestrian,,Hanover Court,False,True,47.35,32.1868,5.296,"LINESTRING (-2.5868248 51.4592039, -2.5868431 51.4591779, -2.5869575 51.4590027, -2.5870455 51.4588661, -2.5870757 51.458808)",,,,,,,,0.007068166121106215,0.8,#66bd63
40554581,footway,,,False,True,142.83,32.18679999999999,15.975,"LINESTRING (-2.5868248 51.4592039, -2.586543 51.4591668, -2.5862569 51.4591366, -2.5859212 51.4591148, -2.585604 51.4591199, -2.5853512 51.4591411, -2.5849792 51.4592112, -2.5848111 51.4592591)",,,,,,,,0.007389698354037406,0.8,#66bd63
117066430,unclassified,,,False,True,15.33,32.33444587155963,1.707,"LINESTRING (-2.5838283 51.458664, -2.5836427 51.4585889)",,,,,,,,0.03401621909520646,0.3,#fdad60
27326073,trunk,30 mph,Bond Street South,False,False,64.76,48.2802,4.829,"LINESTRING (-2.5838283 51.458664, -2.5837992 51.4588208, -2.5837996 51.4589253, -2.5838179 51.4590246, -2.5838602 51.4591327, -2.5839225 51.4592344)",5,,,A4044,,,,0.022860246227815354,0.5,#feffbe
27326073,trunk,30 mph,Bond Street South,False,True,35.0,48.2802,2.61,"LINESTRING (-2.5838283 51.458664, -2.5839207 51.4585201, -2.5840314 51.458376)",5,,,A4044,,,,0.03276222971714119,0.3,#fdad60
4013287,unclassified,20 mph,Saint Nicholas Road,False,False,54.81,32.1868,6.131,"LINESTRING (-2.5803047 51.4637576, -2.5796921 51.4634456)",,,,,,,,0.0034864061760701095,0.9,#199750
4013287,unclassified,20 mph,Saint Nicholas Road,False,True,37.36,32.1868,4.178,"LINESTRING (-2.5803047 51.4637576, -2.580726 51.4639673)",,,,,,,,0.0031783774286181284,0.9,#199750
25874506,residential,20 mph,Bishop Street,False,False,64.8,32.1868,7.247,"LINESTRING (-2.5854567 51.4616145, -2.5846082 51.4618597)",,,,,,,,0.010859473937642559,0.7,#a5d86a
43590865,unclassified,20 mph,Dean Street,False,False,6.86,32.1868,0.767,"LINESTRING (-2.5854567 51.4616145, -2.5854163 51.4615582)",,,,,,,,0.011293295233097893,0.7,#a5d86a
43590865,unclassified,20 mph,Dean Street,False,True,32.29,32.1868,3.612,"LINESTRING (-2.5854567 51.4616145, -2.585654 51.4618776)",,,,,,,,0.010859473937642559,0.7,#a5d86a
26230258,service,,Chapter Street,False,False,72.36,32.1868,8.093,"LINESTRING (-2.585654 51.4618776, -2.5865958 51.4615963)",,,,,,,,0.012334618627441849,0.7,#a5d86a
43590865,unclassified,20 mph,Dean Street,False,False,32.29,32.1868,3.612,"LINESTRING (-2.585654 51.4618776, -2.5854567 51.4616145)",,,,,,,,0.010859473937642559,0.7,#a5d86a
43590865,unclassified,20 mph,Dean Street,False,True,61.6,32.1868,6.89,"LINESTRING (-2.585654 51.4618776, -2.5860455 51.462375)",,,,,,,,0.008880785330363855,0.8,#66bd63
3877718,unclassified,20 mph,Saint Paul Street,False,False,23.29,32.1868,2.605,"LINESTRING (-2.5845136 51.4603465, -2.5843634 51.4601591)",2,,,,,,,0.007892241773371849,0.8,#66bd63
3877718,unclassified,20 mph,Saint Paul Street,False,True,31.95,32.1868,3.574,"LINESTRING (-2.5845136 51.4603465, -2.5847023 51.4606087)",2,,,,,,,0.009648176524610407,0.8,#66bd63
26230244,residential,20 mph,Norfolk Avenue,False,False,27.24,32.1868,3.046,"LINESTRING (-2.5845136 51.4603465, -2.5848717 51.4602454)",,,,,,,,0.008942562231089534,0.8,#66bd63
3527219,trunk,30 mph,Newfoundland Circus,False,True,10.75,48.2802,0.802,"LINESTRING (-2.5840459 51.459565, -2.5838986 51.4595955)",2,,,,,,,0.008011408512159712,0.8,#66bd63
37282832,trunk,30 mph,Bond Street South,False,True,8.75,48.2802,0.652,"LINESTRING (-2.5840459 51.459565, -2.5840166 51.4594885)",2,,,A4044,,,,0.00849604175459437,0.8,#66bd63
108234587,trunk,30 mph,Bond Street,False,False,7.28,48.2802,0.543,"LINESTRING (-2.5840459 51.459565, -2.5841445 51.4595424)",2,,,,,,,0.007926838899134155,0.8,#66bd63
108234591,trunk,30 mph,Bond Street South,False,False,6.71,48.2802,0.5,"LINESTRING (-2.5840459 51.459565, -2.5840601 51.4596247)",,,,A4044,,,,0.007926838899134155,0.8,#66bd63
26230315,residential,20 mph,Cherry Lane,False,True,7.79,32.1868,0.871,"LINESTRING (-2.591114 51.4605378, -2.5912218 51.4605179)",,,,,,,,0.0328442212005329,0.3,#fdad60
108842670,primary,20 mph,North Street,False,True,7.83,32.1868,0.875,"LINESTRING (-2.591114 51.4605378, -2.5910909 51.4604689)",2,,,A38,,,,0.0364508352995448,0.2,#f46d43
108842670,primary,20 mph,North Street,False,False,33.34,32.1868,3.729,"LINESTRING (-2.591114 51.4605378, -2.5911202 51.4605688, -2.5911338 51.4606257, -2.5911356 51.4607137, -2.5911007 51.4608348)",2,,,A38,,,,0.0328442212005329,0.3,#fdad60
26230308,residential,20 mph,Backfields,False,True,44.13,32.1868,4.936,"LINESTRING (-2.5891498 51.4614215, -2.5886428 51.4616618)",,,,,,,,0.026458446222838564,0.4,#fee08b
204097711,unclassified,20 mph,Upper York Street,False,False,21.4,32.1868,2.394,"LINESTRING (-2.5891498 51.4614215, -2.5889677 51.461266)",,,,,,,,0.026458446222838564,0.4,#fee08b
204097711,unclassified,20 mph,Upper York Street,False,True,20.52,32.1868,2.295,"LINESTRING (-2.5891498 51.4614215, -2.5893214 51.4615719)",,,,,,,,0.05201857358217238,0.0,#a50026
541977762,residential,20 mph,Backfields,False,False,101.33,32.1868,11.333,"LINESTRING (-2.5891498 51.4614215, -2.5902981 51.4608571)",,,,,,,,0.03608253913763847,0.2,#f46d43
461464740,footway,,,False,False,4.02,32.18679999999999,0.449,"LINESTRING (-2.5913488 51.4569937, -2.5914055 51.4569861)",,,,,,,,0.020849090812167816,0.5,#feffbe
1413277837,unclassified,20 mph,Union Street,False,False,12.81,32.1868,1.433,"LINESTRING (-2.5913488 51.4569937, -2.5914231 51.4570992)",1,,,,,,,0.020849090812167816,0.5,#feffbe
"[1323620723, 1269037380]",pedestrian,,Broadmead,False,False,7.04,32.1868,0.788,"LINESTRING (-2.5913488 51.4569937, -2.5912971 51.4570097, -2.5912617 51.4570259)",,,,,,,,0.02097411295135073,0.5,#feffbe
382888999,primary,20 mph,Stokes Croft,False,False,12.66,32.1868,1.416,"LINESTRING (-2.5903977 51.4618964, -2.5903385 51.4620041)",2,,,A38,,,,0.07219816267701606,0.0,#a50026
109197355,unclassified,20 mph,Hillgrove Street,False,True,31.43,32.1868,3.516,"LINESTRING (-2.5903977 51.4618964, -2.5906045 51.4619974, -2.5907464 51.462077)",,,,,,,,0.06867753079699289,0.0,#a50026
"[665176847, 382888999]",primary,20 mph,Stokes Croft,False,True,44.16,32.1868,4.939,"LINESTRING (-2.5903977 51.4618964, -2.5904587 51.4617908, -2.5905561 51.4616308, -2.5906236 51.4615251)",2,,,A38,,,,0.03997558562320938,0.2,#f46d43
"[531217986, 32606701]",residential,20 mph,Bragg's Lane,False,False,57.09,32.1868,6.386,"LINESTRING (-2.5803731 51.4571592, -2.5802906 51.4571807, -2.5801914 51.4572062, -2.5801323 51.4572244, -2.5800214 51.4572605, -2.5797339 51.4573613, -2.5796369 51.4573885)",,,,,,,,0.01905971567026422,0.6,#d9ef8b
42899133,primary,30 mph,Lamb Street,False,False,29.3,48.2802,2.185,"LINESTRING (-2.5803731 51.4571592, -2.5803157 51.4572854, -2.580242 51.4574095)",2,,,A420,,,,0.012293341174689465,0.7,#a5d86a
42899133,primary,30 mph,Lamb Street,False,True,21.97,48.2802,1.638,"LINESTRING (-2.5803731 51.4571592, -2.58038 51.4571335, -2.5803984 51.4570412, -2.5804001 51.4570054, -2.5803924 51.456963)",2,,,A420,,,,0.012870593256345977,0.7,#a5d86a
26230319,residential,20 mph,King Square Avenue,False,False,71.68,32.1868,8.017,"LINESTRING (-2.5914223 51.4609474, -2.5921642 51.4613967)",,,,,,,,0.01338711465880663,0.7,#a5d86a
26230324,residential,20 mph,Charles Street,False,False,72.53,32.1868,8.112,"LINESTRING (-2.5914223 51.4609474, -2.5921277 51.4604654)",,,,,,,,0.013447231896930176,0.7,#a5d86a
26230319,residential,20 mph,King Square Avenue,False,True,20.78,32.1868,2.324,"LINESTRING (-2.5914223 51.4609474, -2.5912698 51.4608655, -2.5911735 51.4608522)",,,,,,,,0.018000444835742473,0.6,#d9ef8b
"[3527218, 108234587]",trunk,30 mph,"['Bond Street', 'Bond Street South']",False,"[False, True]",43.13,48.2802,3.216,"LINESTRING (-2.5841639 51.4594253, -2.5841847 51.459438, -2.58424 51.4594579, -2.5843118 51.4594649, -2.5844447 51.4594665, -2.5841445 51.4595424)","['3', '2']",,,A4044,,,,0.008547678385772233,0.8,#66bd63
3527218,trunk,30 mph,Bond Street South,False,True,27.03,48.2802,2.016,"LINESTRING (-2.5841639 51.4594253, -2.5841128 51.4593884, -2.584071 51.4593542, -2.5839225 51.4592344)",3,,,A4044,,,,0.011105361404663101,0.7,#a5d86a
"[1362339440, 1266443935]",footway,,,False,False,9.57,32.18679999999999,1.07,"LINESTRING (-2.5841639 51.4594253, -2.5842124 51.4593846, -2.5842405 51.4593539)",,,,,,,,0.008795998072848128,0.8,#66bd63
"[1362339440, 1362339439]",footway,,,False,True,6.12,32.18679999999999,0.685,"LINESTRING (-2.5841639 51.4594253, -2.5841411 51.4594444, -2.5841133 51.4594704)",,,,,,,,0.008547678385772233,0.8,#66bd63
3512235,unclassified,20 mph,The Horsefair,False,False,33.92,32.1868,3.794,"LINESTRING (-2.5910454 51.4581015, -2.5908011 51.4581919, -2.5906244 51.4582572)",1,,,,,,,0.018939705659312397,0.6,#d9ef8b
3512235,unclassified,20 mph,The Horsefair,False,True,23.89,32.1868,2.672,"LINESTRING (-2.5910454 51.4581015, -2.5912987 51.4580315, -2.5913606 51.4580144)",1,,,,,,,0.011702559167627004,0.7,#a5d86a
"[727603379, 727603380]",footway,,,False,False,88.54,32.18679999999999,9.903,"LINESTRING (-2.5910454 51.4581015, -2.5909944 51.458029, -2.5905331 51.457372)",,,,,,,,0.050258688698080416,0.0,#a50026
1362339433,footway,,,False,False,5.38,32.18679999999999,0.601,"LINESTRING (-2.5837864 51.4594676, -2.5837122 51.4594534)",,,,,,,,0.009489767341433622,0.8,#66bd63
3526939,trunk,30 mph,Bond Street South,False,True,27.02,48.2802,2.015,"LINESTRING (-2.5837864 51.4594676, -2.5837632 51.4595037, -2.5837314 51.4595394, -2.5836472 51.4595859, -2.5835558 51.4596597)",2,,,A4044,,,,0.009200018116037977,0.8,#66bd63
"[382873493, 762556982]",trunk,30 mph,Bond Street South,False,False,100.16,48.2802,7.468,"LINESTRING (-2.5837864 51.4594676, -2.5837995 51.4594344, -2.5837974 51.4593682, -2.5837762 51.4592985, -2.5836874 51.4591768, -2.5836276 51.4590326, -2.5835991 51.4588605, -2.5836056 51.4587142, -2.5836427 51.4585889)",2,,,A4044,,,,0.03407783765284184,0.3,#fdad60
"[1362339433, 382866321]",footway,,,False,True,8.63,32.18679999999999,0.965,"LINESTRING (-2.5837864 51.4594676, -2.583851 51.4594795, -2.5838939 51.4595031)",,,,,,,,0.009200018116037977,0.8,#66bd63
4013287,unclassified,20 mph,Saint Nicholas Road,False,False,16.26,32.1868,1.819,"LINESTRING (-2.5809042 51.4640625, -2.580726 51.4639673)",,,,,,,,0.0029665639845540153,0.9,#199750
4013287,unclassified,20 mph,Saint Nicholas Road,False,True,54.37,32.1868,6.081,"LINESTRING (-2.5809042 51.4640625, -2.5815125 51.4643714)",,,,,,,,0.0028727895942030823,0.9,#199750
72343229,footway,,,False,False,41.49,32.18679999999999,4.641,"LINESTRING (-2.5809042 51.4640625, -2.5813233 51.4637959)",,,,,,,,0.0031109427479171377,0.9,#199750
40554581,footway,,,False,False,8.82,32.18679999999999,0.987,"LINESTRING (-2.5846996 51.4592974, -2.5848111 51.4592591)",,,,,,,,0.007591170169262338,0.8,#66bd63
27330986,pedestrian,,Stratton Lane,False,True,47.47,32.1868,5.309,"LINESTRING (-2.5846996 51.4592974, -2.5846917 51.4592675, -2.5847019 51.4591833, -2.5847497 51.4588726)",,permissive,,,,,,0.009752033170467205,0.8,#66bd63
"[1266443936, 235300629]",footway,,,False,True,35.76,32.18679999999999,4.0,"LINESTRING (-2.5846996 51.4592974, -2.584579 51.4593526, -2.5844935 51.459378, -2.5844137 51.4593887, -2.5843305 51.4593894, -2.5842735 51.4593705, -2.5842405 51.4593539)",,,,,,,,0.008795998072848128,0.8,#66bd63
40554731,footway,,,False,False,50.22,32.18679999999999,5.617,"LINESTRING (-2.5849638 51.4573287, -2.5849235 51.4573899, -2.5848715 51.4574347, -2.5848387 51.4574746, -2.5848336 51.4575075, -2.5847592 51.4576005, -2.584674 51.4577391)",,,,,,,,0.012543172896302806,0.7,#a5d86a
"[42878901, 1413912965]",footway,,,False,False,12.77,32.18679999999999,1.428,"LINESTRING (-2.5849638 51.4573287, -2.5848584 51.4573151, -2.5847833 51.4573054)",,,,,,,,0.00841161479350949,0.8,#66bd63
1365972622,footway,,,False,True,41.13,32.18679999999999,4.601,"LINESTRING (-2.5849638 51.4573287, -2.5849705 51.4572357, -2.5848935 51.457066, -2.584829 51.4569739)",,,,,,,,0.007996396233637343,0.8,#66bd63
24239077,unclassified,,Redcross Street,False,True,46.67,32.33444587155963,5.196,"LINESTRING (-2.5831649 51.4567022, -2.5825238 51.4568309)",,,,,,,,0.011065091254751629,0.7,#a5d86a
42899148,unclassified,,Asher Lane,False,False,45.64,32.33444587155963,5.081,"LINESTRING (-2.5831649 51.4567022, -2.5832472 51.4569011, -2.5833459 51.4570967)",,,,,,,,0.009753490104338363,0.8,#66bd63
42899208,unclassified,,New Street,False,True,59.16,32.33444587155963,6.587,"LINESTRING (-2.5813786 51.4574975, -2.582119 51.4577625)",,,,,,,,0.24062476555499437,0.0,#a50026
42900915,unclassified,20 mph,Redcross Street,False,True,27.53,32.1868,3.079,"LINESTRING (-2.5813786 51.4574975, -2.5816191 51.4573004)",,,,,,,,0.023189270282795157,0.5,#feffbe
353946716,unclassified,,New Street,False,False,53.86,32.33444587155963,5.997,"LINESTRING (-2.5813786 51.4574975, -2.5807172 51.4572429)",,,,,,,,0.02179920598553734,0.5,#feffbe
24239077,unclassified,,Redcross Street,False,False,30.67,32.33444587155963,3.415,"LINESTRING (-2.5821158 51.4569378, -2.5821509 51.456928, -2.5824086 51.4568586, -2.582466 51.4568449, -2.5825238 51.4568309)",,,,,,,,0.01384675954132594,0.7,#a5d86a
42900915,unclassified,20 mph,Redcross Street,False,False,53.13,32.1868,5.942,"LINESTRING (-2.5821158 51.4569378, -2.5820754 51.4569765, -2.5816758 51.4572476, -2.5816191 51.4573004)",,,,,,,,0.022922980560533948,0.5,#feffbe
42900916,pedestrian,,Redcross Street,False,False,43.68,32.1868,4.885,"LINESTRING (-2.5821158 51.4569378, -2.5820544 51.4569496, -2.5820465 51.456951, -2.5815124 51.4570515)",,,,,,,,0.014797386932689909,0.7,#a5d86a
42900916,pedestrian,,Redcross Street,False,False,33.74,32.1868,3.774,"LINESTRING (-2.5815124 51.4570515, -2.5810657 51.4571724)",,,,,,,,0.014262174888818568,0.7,#a5d86a
42900916,pedestrian,,Redcross Street,False,True,43.68,32.1868,4.885,"LINESTRING (-2.5815124 51.4570515, -2.5820465 51.456951, -2.5820544 51.4569496, -2.5821158 51.4569378)",,,,,,,,0.014797386932689909,0.7,#a5d86a
202755224,trunk,20 mph,St James' Barton,False,False,15.36,32.1868,1.718,"LINESTRING (-2.5907039 51.4598269, -2.5906121 51.4598411, -2.5904855 51.459834)",2,,,A38,circular,,,0.024638789414024812,0.5,#feffbe
202755224,trunk,20 mph,St James' Barton,False,True,19.52,32.1868,2.183,"LINESTRING (-2.5907039 51.4598269, -2.5907513 51.4598148, -2.5909588 51.4597523)",2,,,A38,circular,,,0.02258808112415102,0.5,#feffbe
"[1026516206, 1414930799]",footway,,,False,False,6.51,32.18679999999999,0.728,"LINESTRING (-2.5907039 51.4598269, -2.5906808 51.4597892, -2.5906704 51.4597722)",,,,,,,,0.02258808112415102,0.5,#feffbe
"[1414930798, 1026516206]",footway,,,False,True,9.42,32.18679999999999,1.054,"LINESTRING (-2.5907039 51.4598269, -2.5907317 51.4598726, -2.5907457 51.4599074)",,,,,,,,0.026757465247101174,0.4,#fee08b
1091051222,footway,,,False,True,3.29,32.18679999999999,0.368,"LINESTRING (-2.5908448 51.4599127, -2.5908923 51.4599133)",,,,,,,,0.024526297251259467,0.5,#feffbe
4019346,primary,20 mph,North Street,False,True,19.6,32.1868,2.192,"LINESTRING (-2.5908448 51.4599127, -2.5908607 51.4598757, -2.5909006 51.4598347, -2.5909588 51.4597523)",2,,,A38,,,,0.024526297251259467,0.5,#feffbe
"[326498368, 108842670, 108842671]",primary,20 mph,North Street,False,False,64.59,32.1868,7.224,"LINESTRING (-2.5908448 51.4599127, -2.5908444 51.4599429, -2.5908535 51.4600175, -2.5908856 51.4601139, -2.5908925 51.4601299, -2.5910267 51.4603591, -2.5910909 51.4604689)","['1', '2']",,,A38,,,,0.039537877252019446,0.2,#f46d43
"[326498369, 1091051222]",footway,,,False,False,6.9,32.18679999999999,0.772,"LINESTRING (-2.5908448 51.4599127, -2.5908003 51.4599121, -2.5907457 51.4599074)",,,,,,,,0.026757465247101174,0.4,#fee08b
50659421,steps,,,False,False,6.74,34.8410028201237,0.696,"LINESTRING (-2.5913149 51.4597161, -2.5914116 51.4597097)",,,,,,,,0.012631463560114147,0.7,#a5d86a
50659430,footway,,,False,True,16.95,32.18679999999999,1.896,"LINESTRING (-2.5913149 51.4597161, -2.5910916 51.4597784)",,,,,,,,0.01580119063889269,0.6,#d9ef8b
112786975,footway,,,False,False,25.93,32.18679999999999,2.901,"LINESTRING (-2.5913149 51.4597161, -2.5912741 51.4597511, -2.5911587 51.4597887, -2.5910608 51.459818, -2.5910347 51.4598335, -2.5910192 51.4598495)",,,,,,,,0.01849023689104379,0.6,#d9ef8b
50659421,steps,,,False,True,6.74,34.8410028201237,0.696,"LINESTRING (-2.5914116 51.4597097, -2.5913149 51.4597161)",,,,,,,,0.012631463560114147,0.7,#a5d86a
326498373,footway,,,False,True,31.93,32.18679999999999,3.572,"LINESTRING (-2.5914116 51.4597097, -2.5913102 51.4597759, -2.5910192 51.4598495)",,,,,,,,0.01849023689104379,0.6,#d9ef8b
50659430,footway,,,False,False,16.95,32.18679999999999,1.896,"LINESTRING (-2.5910916 51.4597784, -2.5913149 51.4597161)",,,,,,,,0.01580119063889269,0.6,#d9ef8b
50659422,steps,,,False,False,13.75,34.8410028201237,1.42,"LINESTRING (-2.5910916 51.4597784, -2.5910233 51.4598055, -2.5909857 51.4598309, -2.5909508 51.4598628)",,,,,,,,0.020094500552256315,0.6,#d9ef8b
"[326356017, 50659423]",footway,,,False,"[False, True]",44.86,32.18679999999999,5.017,"LINESTRING (-2.5910916 51.4597784, -2.5909948 51.4596524, -2.5909242 51.4595811, -2.5907255 51.4594505)",,,yes,,,,,0.01580119063889269,0.6,#d9ef8b
1026516207,footway,,,False,True,4.96,32.18679999999999,0.555,"LINESTRING (-2.5909508 51.4598628, -2.5910192 51.4598495)",,,,,,,,0.020094500552256315,0.6,#d9ef8b
50659422,steps,,,False,True,13.75,34.8410028201237,1.42,"LINESTRING (-2.5909508 51.4598628, -2.5909857 51.4598309, -2.5910233 51.4598055, -2.5910916 51.4597784)",,,,,,,,0.020094500552256315,0.6,#d9ef8b
"[326565332, 326565333, 326565334]",footway,,,False,False,67.79,32.18679999999999,7.583,"LINESTRING (-2.5909508 51.4598628, -2.590927 51.4599138, -2.5909282 51.4599285, -2.5909977 51.4601001, -2.5911841 51.460446)",,,building_passage,,,,,0.03076993317179801,0.3,#fdad60
382882583,footway,,,False,True,63.89,32.18679999999999,7.146,"LINESTRING (-2.5900846 51.4591941, -2.5891627 51.4592088)",,,,,,,,0.015396979332715341,0.7,#a5d86a
"[50659428, 50659429, 112748671]","['footway', 'steps']",,,False,"[False, True]",18.71,32.18679999999999,2.092,"LINESTRING (-2.5900846 51.4591941, -2.5901894 51.4592083, -2.5902317 51.4592086, -2.5903258 51.4591789, -2.5903388 51.4591743)",,,,,,,,0.015675565480251005,0.7,#a5d86a
382882583,footway,,,False,False,54.87,32.18679999999999,6.137,"LINESTRING (-2.5900846 51.4591941, -2.5901976 51.4591899, -2.5907958 51.45899)",,,,,,,,0.017223650295509995,0.6,#d9ef8b
68800004,steps,,,False,False,27.64,34.8410028201237,2.856,"LINESTRING (-2.585815 51.4564686, -2.5859492 51.4565598, -2.5860354 51.4566057, -2.586109 51.4566346)",,,,,,,,0.004265673897189869,0.9,#199750
68800004,steps,,,False,True,27.64,34.8410028201237,2.856,"LINESTRING (-2.586109 51.4566346, -2.5860354 51.4566057, -2.5859492 51.4565598, -2.585815 51.4564686)",,,,,,,,0.004265673897189869,0.9,#199750
68800005,footway,,,False,False,23.37,32.18679999999999,2.614,"LINESTRING (-2.586109 51.4566346, -2.5862494 51.4566701, -2.5864034 51.4566884, -2.5864323 51.4566871)",,,,,,,,0.0042399398935359005,0.9,#199750
615789159,footway,,,False,False,14.85,32.18679999999999,1.661,"LINESTRING (-2.586109 51.4566346, -2.5861247 51.4566645, -2.5861308 51.4566898, -2.5861338 51.4567663)",,,,,,,,0.004407464161903905,0.9,#199750
20343257,tertiary,20 mph,Broad Weir,False,False,23.84,32.1868,2.666,"LINESTRING (-2.5866044 51.4568002, -2.5863137 51.4569149)",2,,,,,,,0.004428221118411506,0.9,#199750
20343257,tertiary,20 mph,Broad Weir,False,True,13.98,32.1868,1.564,"LINESTRING (-2.5866044 51.4568002, -2.5867821 51.4567406)",2,,,,,,,0.004010626267260765,0.9,#199750
68800005,footway,,,False,True,17.79,32.18679999999999,1.99,"LINESTRING (-2.5866044 51.4568002, -2.5865331 51.4567272, -2.5864323 51.4566871)",,,,,,,,0.004028622618708114,0.9,#199750
40554731,footway,,,False,True,8.19,32.18679999999999,0.916,"LINESTRING (-2.5840801 51.4584762, -2.5841286 51.458409)",,,,,,,,0.026174382354398763,0.4,#fee08b
"[1266443937, 1266443938, 1266443939, 40554731, 1266443933, 1266443934]",footway,,,False,False,103.43,32.18679999999999,11.568,"LINESTRING (-2.5840801 51.4584762, -2.5840369 51.4585147, -2.5839685 51.458731, -2.5839629 51.4587934, -2.5839542 51.4588392, -2.5839951 51.4590359, -2.5840294 51.4591144, -2.5840983 51.4592165, -2.5842187 51.4593375, -2.5842405 51.4593539)",,,,,,,,0.025774437599464524,0.4,#fee08b
690763192,pedestrian,,Milk Street,False,False,31.83,32.1868,3.56,"LINESTRING (-2.5840801 51.4584762, -2.5841146 51.4584857, -2.5844914 51.4586036)",,permissive,,,,,,0.02576463708018274,0.4,#fee08b
69892594,residential,20 mph,Burnell Drive,False,False,39.74,32.1868,4.445,"LINESTRING (-2.5830332 51.4635929, -2.583444 51.4633434)",,,,,,,,0.003032672172003547,0.9,#199750
"[564463032, 564463033]","['footway', 'residential']",20 mph,Burnell Drive,False,False,20.11,32.1868,2.249,"LINESTRING (-2.5830332 51.4635929, -2.5829217 51.4635215, -2.5827985 51.4635481)",,,,,,,,0.0030605228746530665,0.9,#199750
"[564463033, 72343241]","['footway', 'residential']",20 mph,Burnell Drive,False,True,21.23,32.1868,2.374,"LINESTRING (-2.5830332 51.4635929, -2.5831509 51.4636709, -2.5831651 51.4636955, -2.5832225 51.4637408)",,,,,,,,0.0029509757574890903,0.9,#199750
69892594,residential,20 mph,Burnell Drive,False,True,43.03,32.1868,4.812,"LINESTRING (-2.5841821 51.4628803, -2.5837445 51.4631549)",,,,,,,,0.003870063819626661,0.9,#199750
72343224,unclassified,20 mph,Prince's Street,False,False,37.32,32.1868,4.174,"LINESTRING (-2.5841821 51.4628803, -2.5838013 51.4626429)",,,,,,,,0.003953135003379371,0.9,#199750
72343224,unclassified,20 mph,Prince's Street,False,True,61.45,32.1868,6.873,"LINESTRING (-2.5841821 51.4628803, -2.584398 51.4630136, -2.5845544 51.4629233, -2.584735 51.4628594, -2.584889 51.4628277)",,,,,,,,0.0043416191632589,0.9,#199750
69892596,residential,20 mph,Beggarswell Close,False,True,22.34,32.1868,2.499,"LINESTRING (-2.5838013 51.4626429, -2.5835751 51.4627861)",,,,,,,,0.003953135003379371,0.9,#199750
72343224,unclassified,20 mph,Prince's Street,False,False,12.37,32.1868,1.384,"LINESTRING (-2.5838013 51.4626429, -2.5836777 51.4625626)",,,,,,,,0.003966489244128727,0.9,#199750
72343224,unclassified,20 mph,Prince's Street,False,True,37.32,32.1868,4.174,"LINESTRING (-2.5838013 51.4626429, -2.5841821 51.4628803)",,,,,,,,0.003953135003379371,0.9,#199750
69892600,residential,20 mph,Corey Close,False,True,20.6,32.1868,2.304,"LINESTRING (-2.5819464 51.4641871, -2.5817118 51.4640733)",,,,,,,,0.0028041533491290757,0.9,#199750
72343257,residential,20 mph,Ludlow Close,False,False,18.75,32.1868,2.097,"LINESTRING (-2.5819464 51.4641871, -2.5817541 51.4643058)",,,,,,,,0.002683681906089928,0.9,#199750
72343257,residential,20 mph,Ludlow Close,False,True,6.34,32.1868,0.709,"LINESTRING (-2.5819464 51.4641871, -2.5820127 51.4641478)",,,,,,,,0.0027060462145310584,0.9,#199750
4013287,unclassified,20 mph,Saint Nicholas Road,False,False,7.3,32.1868,0.816,"LINESTRING (-2.5815921 51.4644144, -2.5815125 51.4643714)",,,,,,,,0.0025859543433938603,0.9,#199750
72343257,residential,20 mph,Ludlow Close,False,True,16.49,32.1868,1.844,"LINESTRING (-2.5815921 51.4644144, -2.5817541 51.4643058)",,,,,,,,0.0026142018780873104,0.9,#199750
235292522,footway,,,False,True,5.24,32.18679999999999,0.586,"LINESTRING (-2.5813795 51.4638274, -2.5813233 51.4637959)",,,,,,,,0.0031109427479171377,0.9,#199750
1413912970,trunk,30 mph,Newfoundland Circus,False,False,31.32,48.2802,2.336,"LINESTRING (-2.5831765 51.459813, -2.5835558 51.4596597)",4,,,,,,,0.008025646750885353,0.8,#66bd63
519404173,service,,Dale Street,False,True,16.22,32.1868,1.815,"LINESTRING (-2.5831765 51.459813, -2.5830954 51.4598259, -2.5830558 51.4598286, -2.5830162 51.4598272, -2.5829874 51.4598213, -2.5829623 51.4598109, -2.5829545 51.4598065)",3,,,,,,,0.007183283281520106,0.8,#66bd63
"[3526937, 1413912970]",trunk,30 mph,Newfoundland Circus,False,True,57.98,48.2802,4.323,"LINESTRING (-2.5831765 51.459813, -2.5829501 51.4599079, -2.5829031 51.4599276, -2.582482 51.4601039)",4,,,,,,,0.007183283281520106,0.8,#66bd63
72343221,footway,,,False,False,33.57,32.18679999999999,3.755,"LINESTRING (-2.5822093 51.4635731, -2.5819125 51.4638118)",,,,,,,,0.0031978468862005846,0.9,#199750
72343221,footway,,,False,True,19.56,32.18679999999999,2.187,"LINESTRING (-2.5822093 51.4635731, -2.582409 51.4634488)",,,,,,,,0.0032775640636237193,0.9,#199750
72343229,footway,,,False,True,43.97,32.18679999999999,4.918,"LINESTRING (-2.5822093 51.4635731, -2.5815839 51.4636405)",,,,,,,,0.0032500647668770193,0.9,#199750
69892594,residential,20 mph,Burnell Drive,False,True,39.74,32.1868,4.445,"LINESTRING (-2.583444 51.4633434, -2.5830332 51.4635929)",,,,,,,,0.003032672172003547,0.9,#199750
72343234,footway,,,False,False,9.61,32.18679999999999,1.074,"LINESTRING (-2.583444 51.4633434, -2.5833536 51.4632779)",,,,,,,,0.0031117553503474406,0.9,#199750
69892594,residential,20 mph,Burnell Drive,False,False,29.54,32.1868,3.304,"LINESTRING (-2.583444 51.4633434, -2.5835227 51.4632941, -2.5837445 51.4631549)",,,,,,,,0.003326448610950104,0.9,#199750
72343221,footway,,,False,False,8.14,32.18679999999999,0.911,"LINESTRING (-2.5826171 51.4629811, -2.5827016 51.463032)",,,,,,,,0.003766125477344999,0.9,#199750
72343252,footway,,,False,False,49.73,32.18679999999999,5.562,"LINESTRING (-2.5826171 51.4629811, -2.5821265 51.4633076)",,,,,,,,0.003766125477344999,0.9,#199750
72343252,footway,,,False,True,19.56,32.18679999999999,2.188,"LINESTRING (-2.5826171 51.4629811, -2.5828128 51.4628543)",,,,,,,,0.003828753272936121,0.9,#199750
72343224,unclassified,20 mph,Prince's Street,False,True,19.77,32.1868,2.212,"LINESTRING (-2.58298 51.4623657, -2.5831617 51.4623072, -2.5832418 51.4623001)",,,,,,,,0.004402045358332514,0.9,#199750
72343252,footway,,,False,False,47.59,32.18679999999999,5.323,"LINESTRING (-2.58298 51.4623657, -2.582976 51.4624607, -2.5829644 51.4627402, -2.5829435 51.4627697, -2.58292 51.4627849)",,,,,,,,0.004402045358332514,0.9,#199750
72343252,footway,,,False,True,67.97,32.18679999999999,7.603,"LINESTRING (-2.58298 51.4623657, -2.5828086 51.4623541, -2.582681 51.4623753, -2.5825274 51.4624118, -2.5824396 51.462448, -2.5822223 51.4625959, -2.582288 51.4626297)",,,,,,,,0.004775955617760588,0.9,#199750
72343221,footway,,,False,False,19.56,32.18679999999999,2.187,"LINESTRING (-2.582409 51.4634488, -2.5822093 51.4635731)",,,,,,,,0.0032775640636237193,0.9,#199750
72343221,footway,,,False,True,6.34,32.18679999999999,0.709,"LINESTRING (-2.582409 51.4634488, -2.5824974 51.4634341)",,,,,,,,0.0032775640636237193,0.9,#199750
72343252,footway,,,False,True,25.09,32.18679999999999,2.806,"LINESTRING (-2.582409 51.4634488, -2.5821265 51.4633076)",,,,,,,,0.0035327027147438466,0.9,#199750
3877718,unclassified,20 mph,Saint Paul Street,False,False,31.95,32.1868,3.574,"LINESTRING (-2.5847023 51.4606087, -2.5845136 51.4603465)",2,,,,,,,0.009648176524610407,0.8,#66bd63
72343225,unclassified,20 mph,Wilson Street,False,False,55.61,32.1868,6.219,"LINESTRING (-2.5847023 51.4606087, -2.58397 51.4608134)",,,,,,,,0.009648176524610407,0.8,#66bd63
1429271084,unclassified,20 mph,Saint Paul Street,False,True,2.78,32.1868,0.311,"LINESTRING (-2.5847023 51.4606087, -2.5847166 51.4606321)",2,,,,,,,0.00980431649570681,0.8,#66bd63
72343206,unclassified,20 mph,Backfields Lane,False,False,102.99,32.1868,11.519,"LINESTRING (-2.5895087 51.4617437, -2.5883204 51.4623002)",,,,,,,,0.06568025793790892,0.0,#a50026
204097711,unclassified,20 mph,Upper York Street,False,False,23.09,32.1868,2.583,"LINESTRING (-2.5895087 51.4617437, -2.5893214 51.4615719)",,,,,,,,0.0818728744145804,0.0,#a50026
204097711,unclassified,20 mph,Upper York Street,False,True,21.14,32.1868,2.365,"LINESTRING (-2.5895087 51.4617437, -2.5896201 51.4618394, -2.5897108 51.4618839)",,,,,,,,0.06568025793790892,0.0,#a50026
72343212,footway,,,False,True,41.06,32.18679999999999,4.593,"LINESTRING (-2.5817001 51.4630511, -2.5821265 51.4633076)",,,,,,,,0.00405989572697724,0.9,#199750
72343233,residential,20 mph,Halston Drive,False,False,62.08,32.1868,6.944,"LINESTRING (-2.5817001 51.4630511, -2.582288 51.4626297)",,,,,,,,0.004540251470597361,0.9,#199750
72343233,residential,20 mph,Halston Drive,False,True,25.59,32.1868,2.862,"LINESTRING (-2.5817001 51.4630511, -2.5815705 51.463149, -2.5815048 51.4632018, -2.5814741 51.4632328)",,,,,,,,0.00405989572697724,0.9,#199750
"[564463030, 69892598]","['footway', 'residential']",20 mph,Ludlow Close,False,"[False, True]",59.36,32.1868,6.639,"LINESTRING (-2.5832225 51.4637408, -2.5828905 51.4639415, -2.5826089 51.4637696)",,,,,,,,0.002912401484160175,0.9,#199750
69892598,footway,,,False,True,36.82,32.18679999999999,4.119,"LINESTRING (-2.5832225 51.4637408, -2.5832655 51.4637172, -2.5834172 51.4636908, -2.5834685 51.4636858, -2.5837332 51.4636909)",,,,,,,,0.002841732792691517,0.9,#199750
"[72343241, 564463033]","['footway', 'residential']",20 mph,Burnell Drive,False,False,21.23,32.1868,2.374,"LINESTRING (-2.5832225 51.4637408, -2.5831651 51.4636955, -2.5831509 51.4636709, -2.5830332 51.4635929)",,,,,,,,0.0029509757574890903,0.9,#199750
72343229,footway,,,False,False,43.97,32.18679999999999,4.918,"LINESTRING (-2.5815839 51.4636405, -2.5822093 51.4635731)",,,,,,,,0.0032500647668770193,0.9,#199750
72343229,footway,,,False,True,24.99,32.18679999999999,2.795,"LINESTRING (-2.5815839 51.4636405, -2.5814142 51.4637426, -2.5813233 51.4637959)",,,,,,,,0.0032500647668770193,0.9,#199750
235292520,footway,,,False,False,29.91,32.18679999999999,3.345,"LINESTRING (-2.5815839 51.4636405, -2.58178 51.4637633, -2.5819125 51.4638118)",,,,,,,,0.0032500647668770193,0.9,#199750
72343243,residential,20 mph,Portland Square,False,True,2.36,32.1868,0.264,"LINESTRING (-2.5849499 51.4609461, -2.584964 51.4609654)",,,,,,,,0.012160098929774028,0.7,#a5d86a
692748721,residential,20 mph,Portland Square,False,False,38.47,32.1868,4.303,"LINESTRING (-2.5849499 51.4609461, -2.5847166 51.4606321)",,,,,,,,0.012056884857376339,0.7,#a5d86a
72343243,residential,20 mph,Portland Square,False,False,30.49,32.1868,3.41,"LINESTRING (-2.5849499 51.4609461, -2.584972 51.4608519, -2.5850424 51.4607393, -2.5851028 51.460695)",,,,,,,,0.013464831814487101,0.7,#a5d86a
72343243,residential,20 mph,Portland Square,False,True,15.04,32.1868,1.682,"LINESTRING (-2.5861067 51.4609613, -2.5860178 51.4608379)",,,,,,,,0.15621951142150253,0.0,#a50026
235296248,residential,20 mph,Portland Square,False,False,38.38,32.1868,4.293,"LINESTRING (-2.5861067 51.4609613, -2.586359 51.4612686)",,,,,,,,0.14717326947688042,0.0,#a50026
72343243,residential,20 mph,Portland Square,False,False,36.13,32.1868,4.041,"LINESTRING (-2.5861067 51.4609613, -2.5861206 51.4610759, -2.5860779 51.4611753, -2.5859738 51.4612605)",,,,,,,,0.14717326947688042,0.0,#a50026
72343212,footway,,,False,False,41.06,32.18679999999999,4.593,"LINESTRING (-2.5821265 51.4633076, -2.5817001 51.4630511)",,,,,,,,0.00405989572697724,0.9,#199750
72343252,footway,,,False,False,25.09,32.18679999999999,2.806,"LINESTRING (-2.5821265 51.4633076, -2.582409 51.4634488)",,,,,,,,0.0035327027147438466,0.9,#199750
72343252,footway,,,False,True,49.73,32.18679999999999,5.562,"LINESTRING (-2.5821265 51.4633076, -2.5826171 51.4629811)",,,,,,,,0.003766125477344999,0.9,#199750
72343243,residential,20 mph,Portland Square,False,False,16.31,32.1868,1.825,"LINESTRING (-2.5851028 51.460695, -2.5853154 51.4606319)",,,,,,,,0.015946908149294284,0.6,#d9ef8b
72343243,residential,20 mph,Portland Square,False,True,30.49,32.1868,3.41,"LINESTRING (-2.5851028 51.460695, -2.5850424 51.4607393, -2.584972 51.4608519, -2.5849499 51.4609461)",,,,,,,,0.013464831814487101,0.7,#a5d86a
235296249,residential,20 mph,Portland Square,False,True,31.8,32.1868,3.556,"LINESTRING (-2.5851028 51.460695, -2.5849787 51.4607312, -2.5848709 51.4607231, -2.5847986 51.4606887, -2.5847166 51.4606321)",1,,,,,,,0.013464831814487101,0.7,#a5d86a
26230308,residential,20 mph,Backfields,False,False,10.97,32.1868,1.227,"LINESTRING (-2.5885168 51.4617216, -2.5886428 51.4616618)",,,,,,,,0.015231697549449792,0.7,#a5d86a
72343243,residential,20 mph,Portland Square,False,False,16.81,32.1868,1.88,"LINESTRING (-2.5859738 51.4612605, -2.5857532 51.4613235)",,,,,,,,0.02470176396093218,0.5,#feffbe
72343243,residential,20 mph,Portland Square,False,True,36.13,32.1868,4.041,"LINESTRING (-2.5859738 51.4612605, -2.5860779 51.4611753, -2.5861206 51.4610759, -2.5861067 51.4609613)",,,,,,,,0.14717326947688042,0.0,#a50026
235296248,residential,20 mph,Portland Square,False,True,29.17,32.1868,3.262,"LINESTRING (-2.5859738 51.4612605, -2.586159 51.4612177, -2.5862482 51.4612246, -2.5863143 51.461242, -2.586359 51.4612686)",,,,,,,,0.03002406226394999,0.4,#fee08b
72343206,unclassified,20 mph,Backfields Lane,False,True,102.99,32.1868,11.519,"LINESTRING (-2.5883204 51.4623002, -2.5895087 51.4617437)",,,,,,,,0.06568025793790892,0.0,#a50026
284531768,unclassified,20 mph,Backfields Lane,False,False,11.72,32.1868,1.311,"LINESTRING (-2.5883204 51.4623002, -2.5882186 51.462216)",,,,,,,,0.008634917945595934,0.8,#66bd63
"[284531833, 72343206]","['footway', 'unclassified']",20 mph,Backfields Lane,False,"[False, True]",47.17,32.1868,5.276,"LINESTRING (-2.5883204 51.4623002, -2.5881806 51.4623669, -2.5881696 51.4623586, -2.5880633 51.4624082, -2.5880795 51.4624218, -2.5881654 51.462381, -2.5881795 51.4623941, -2.5880269 51.4624689)",,,,,,,,0.00861508726622265,0.8,#66bd63
3878220,unclassified,20 mph,Grosvenor Road,False,False,51.57,32.1868,5.768,"LINESTRING (-2.5837332 51.4636909, -2.5842715 51.4633706)",,,,,,,,0.0032997370740200866,0.9,#199750
3878220,unclassified,20 mph,Grosvenor Road,False,True,7.51,32.1868,0.84,"LINESTRING (-2.5837332 51.4636909, -2.5837031 51.4637089, -2.5836549 51.4637376)",,,,,,,,0.002841732792691517,0.9,#199750
69892598,footway,,,False,False,36.82,32.18679999999999,4.119,"LINESTRING (-2.5837332 51.4636909, -2.5834685 51.4636858, -2.5834172 51.4636908, -2.5832655 51.4637172, -2.5832225 51.4637408)",,,,,,,,0.002841732792691517,0.9,#199750
72343257,residential,20 mph,Ludlow Close,False,False,6.66,32.1868,0.745,"LINESTRING (-2.5821237 51.4640743, -2.5820606 51.4641195)",,,,,,,,0.002749102771852036,0.9,#199750
72343221,footway,,,False,True,33.99,32.18679999999999,3.801,"LINESTRING (-2.5821237 51.4640743, -2.582052 51.463893, -2.5819125 51.4638118)",,,,,,,,0.003015192578498731,0.9,#199750
72343257,residential,20 mph,Ludlow Close,False,True,47.73,32.1868,5.338,"LINESTRING (-2.5821237 51.4640743, -2.5825161 51.4638311, -2.5826089 51.4637696)",,,,,,,,0.002912401484160175,0.9,#199750
72343221,footway,,,False,True,33.57,32.18679999999999,3.755,"LINESTRING (-2.5819125 51.4638118, -2.5822093 51.4635731)",,,,,,,,0.0031978468862005846,0.9,#199750
72343221,footway,,,False,False,33.99,32.18679999999999,3.801,"LINESTRING (-2.5819125 51.4638118, -2.582052 51.463893, -2.5821237 51.4640743)",,,,,,,,0.003015192578498731,0.9,#199750
235292520,footway,,,False,True,29.91,32.18679999999999,3.345,"LINESTRING (-2.5819125 51.4638118, -2.58178 51.4637633, -2.5815839 51.4636405)",,,,,,,,0.0032500647668770193,0.9,#199750
4313987,residential,20 mph,Thomas Street North,False,True,48.41,32.1868,5.415,"LINESTRING (-2.5922092 51.4638742, -2.5916821 51.4635883)",,,,,,,,0.19548011660730313,0.0,#a50026
3512235,unclassified,20 mph,The Horsefair,False,False,22.85,32.1868,2.556,"LINESTRING (-2.5889848 51.4588096, -2.5888719 51.4588141, -2.5887195 51.4588196, -2.5886556 51.4588173)",1,,,,,,,0.01173312173486426,0.7,#a5d86a
3512235,unclassified,20 mph,The Horsefair,False,True,59.76,32.1868,6.684,"LINESTRING (-2.5889848 51.4588096, -2.5890608 51.4587996, -2.5891332 51.4587747, -2.5897481 51.4585635)",1,,,,,,,0.03305821455097533,0.3,#fdad60
235305015,footway,,,False,False,46.47,32.18679999999999,5.197,"LINESTRING (-2.5889848 51.4588096, -2.5890452 51.4588923, -2.589155 51.4591123, -2.5891627 51.4592088)",,,,,,,,0.011897183905952803,0.7,#a5d86a
93114292,service,,,False,True,25.99,32.1868,2.907,"LINESTRING (-2.5920878 51.4627037, -2.5918968 51.4625884, -2.591819 51.4625406)",,,,,,,,0.02578264678057368,0.4,#fee08b
4861308,residential,20 mph,Dove Street South,False,False,32.13,32.1868,3.594,"LINESTRING (-2.5911706 51.4629527, -2.5908505 51.4631618)",,,,,,,,0.024965212198855242,0.5,#feffbe
4861308,residential,20 mph,Dove Street South,False,True,9.05,32.1868,1.013,"LINESTRING (-2.5911706 51.4629527, -2.59126 51.4628933)",,,,,,,,0.028597717521135966,0.4,#fee08b
93114288,service,,,False,True,4.22,32.1868,0.472,"LINESTRING (-2.5911706 51.4629527, -2.5912135 51.4629796)",,,,,,,,0.024965212198855242,0.5,#feffbe
4861308,residential,20 mph,Dove Street South,False,True,34.19,32.1868,3.824,"LINESTRING (-2.591819 51.4625406, -2.5921504 51.4623128)",,,,,,,,0.02578264678057368,0.4,#fee08b
4861308,residential,20 mph,Dove Street South,False,False,7.66,32.1868,0.856,"LINESTRING (-2.591819 51.4625406, -2.5917845 51.4625639, -2.5917413 51.4625895)",,,,,,,,0.028245252819573935,0.4,#fee08b
93114292,service,,,False,False,25.99,32.1868,2.907,"LINESTRING (-2.591819 51.4625406, -2.5918968 51.4625884, -2.5920878 51.4627037)",,,,,,,,0.02578264678057368,0.4,#fee08b
93114294,footway,,,False,True,8.45,32.18679999999999,0.946,"LINESTRING (-2.59215 51.4628345, -2.5920595 51.4627835)",,,,,,,,0.015315080079202594,0.7,#a5d86a
651817263,unclassified,20 mph,City Road,False,True,1.2,32.1868,0.134,"LINESTRING (-2.5901013 51.4620844, -2.5901167 51.4620795)",2,,,,,,,0.047133940879358696,0.0,#a50026
93159682,unclassified,20 mph,Upper York Street,False,False,36.64,32.1868,4.098,"LINESTRING (-2.5901013 51.4620844, -2.5900068 51.4619866, -2.589957 51.4619495, -2.5898093 51.4619061, -2.5897108 51.4618839)",,,,,,,,0.045193656502895765,0.0,#a50026
193994529,unclassified,20 mph,City Road,False,False,136.04,32.1868,15.216,"LINESTRING (-2.5901013 51.4620844, -2.5898146 51.4622071, -2.589522 51.4623344, -2.588686 51.4627107, -2.5885015 51.4627938)",2,,,,,,,0.045193656502895765,0.0,#a50026
663638698,service,,,False,True,31.49,32.1868,3.522,"LINESTRING (-2.5907034 51.4633056, -2.5902978 51.4631778)",,,,,,,,0.026335383213161933,0.4,#fee08b
4861308,residential,20 mph,Dove Street South,False,True,18.98,32.1868,2.123,"LINESTRING (-2.5907034 51.4633056, -2.590743 51.4632609, -2.5907886 51.4632158, -2.5908505 51.4631618)",,,,,,,,0.016302541419916702,0.6,#d9ef8b
106678895,residential,20 mph,Armada Place,False,False,15.49,32.1868,1.733,"LINESTRING (-2.5907034 51.4633056, -2.5906511 51.4633741, -2.5906116 51.4634326)",,,,,,,,0.021775134272400236,0.5,#feffbe
4345223,unclassified,20 mph,Ninetree Hill,False,True,48.35,32.1868,5.407,"LINESTRING (-2.5904238 51.4639889, -2.5903261 51.4640185, -2.5902783 51.4640271, -2.5902186 51.4640304, -2.5899268 51.4640124, -2.5898698 51.4640089, -2.5897435 51.4639924)",,,,,,,,0.21789609109064167,0.0,#a50026
93281811,residential,20 mph,Ninetree Hill,False,False,33.09,32.1868,3.701,"LINESTRING (-2.5904238 51.4639889, -2.590449 51.4640244, -2.5904679 51.4640381, -2.5904922 51.464049, -2.5905177 51.464057, -2.5905441 51.4640622, -2.5908412 51.4640889)",,,,,,,,0.047775099775874526,0.0,#a50026
106678895,residential,20 mph,Armada Place,False,True,63.51,32.1868,7.103,"LINESTRING (-2.5904238 51.4639889, -2.5904181 51.4639715, -2.5904191 51.4639454, -2.590465 51.4638066, -2.5905452 51.4635638, -2.5905691 51.4635075, -2.5906116 51.4634326)",,,,,,,,0.07568375202111544,0.0,#a50026
26230319,residential,20 mph,King Square Avenue,False,True,5.4,32.1868,0.604,"LINESTRING (-2.5911735 51.4608522, -2.5911007 51.4608348)",,,,,,,,0.019570242513936572,0.6,#d9ef8b
326565334,footway,,,False,False,38.7,32.18679999999999,4.328,"LINESTRING (-2.5911735 51.4608522, -2.5908559 51.4611385)",,,,,,,,0.018000444835742473,0.6,#d9ef8b
26230319,residential,20 mph,King Square Avenue,False,False,20.78,32.1868,2.324,"LINESTRING (-2.5911735 51.4608522, -2.5912698 51.4608655, -2.5914223 51.4609474)",,,,,,,,0.018000444835742473,0.6,#d9ef8b
326565334,footway,,,False,True,37.67,32.18679999999999,4.213,"LINESTRING (-2.5911735 51.4608522, -2.5912325 51.4606984, -2.5912218 51.4605179)",,,,,,,,0.026914796564552017,0.4,#fee08b
93281811,residential,20 mph,Ninetree Hill,False,False,8.25,32.1868,0.922,"LINESTRING (-2.5908412 51.4640889, -2.5909592 51.4640987)",,,,,,,,0.02026540104230544,0.6,#d9ef8b
1163115987,service,,,False,False,3.66,32.1868,0.409,"LINESTRING (-2.5908412 51.4640889, -2.5908496 51.4640564)",,,,,,,,0.02090951314855504,0.5,#feffbe
93281811,residential,20 mph,Ninetree Hill,False,True,33.09,32.1868,3.701,"LINESTRING (-2.5908412 51.4640889, -2.5905441 51.4640622, -2.5905177 51.464057, -2.5904922 51.464049, -2.5904679 51.4640381, -2.590449 51.4640244, -2.5904238 51.4639889)",,,,,,,,0.047775099775874526,0.0,#a50026
93281811,residential,20 mph,Ninetree Hill,False,False,12.22,32.1868,1.367,"LINESTRING (-2.5909592 51.4640987, -2.591134 51.4641133)",,,,,,,,0.01761329606155984,0.6,#d9ef8b
93281811,residential,20 mph,Ninetree Hill,False,True,8.25,32.1868,0.922,"LINESTRING (-2.5909592 51.4640987, -2.5908412 51.4640889)",,,,,,,,0.02026540104230544,0.6,#d9ef8b
4861308,residential,20 mph,Dove Street South,False,False,34.19,32.1868,3.824,"LINESTRING (-2.5921504 51.4623128, -2.591819 51.4625406)",,,,,,,,0.02578264678057368,0.4,#fee08b
106678893,residential,20 mph,Lower Gay Street,False,True,65.59,32.1868,7.336,"LINESTRING (-2.5921504 51.4623128, -2.5914505 51.4619156)",1,,,,,,,0.0186730641697987,0.6,#d9ef8b
42879142,secondary,20 mph,Jamaica Street,False,False,45.42,32.1868,5.081,"LINESTRING (-2.5914505 51.4619156, -2.5910172 51.4622222)",2,,,B4051,,,,0.04241844354531723,0.1,#d62f27
42879142,secondary,20 mph,Jamaica Street,False,True,20.69,32.1868,2.315,"LINESTRING (-2.5914505 51.4619156, -2.5916432 51.4617734)",2,,,B4051,,,,0.01720317698151166,0.6,#d9ef8b
106678893,residential,20 mph,Lower Gay Street,False,False,65.59,32.1868,7.336,"LINESTRING (-2.5914505 51.4619156, -2.5921504 51.4623128)",1,,,,,,,0.0186730641697987,0.6,#d9ef8b
12853072,trunk_link,,,False,True,70.85,48.2802,5.283,"LINESTRING (-2.582092 51.4602576, -2.5820801 51.4603022, -2.5820631 51.46034, -2.5819898 51.4604071, -2.5815818 51.4605888, -2.5814422 51.460722)",,,,,,,,0.01858110660355201,0.6,#d9ef8b
382869604,trunk_link,,,False,False,14.16,48.2802,1.056,"LINESTRING (-2.582092 51.4602576, -2.5820935 51.4602162, -2.5820373 51.4601377)",,,,,,,,0.008522187370360675,0.8,#66bd63
"[382869603, 1413912975]",footway,,Clement Street,False,False,42.43,32.18679999999999,4.745,"LINESTRING (-2.582092 51.4602576, -2.5820608 51.4602556, -2.5820373 51.4602556, -2.5820006 51.4602892, -2.5816155 51.4604803)",,,,,,,,0.013148239415590648,0.7,#a5d86a
"[1413912974, 1413912975]",footway,,,False,True,5.16,32.18679999999999,0.578,"LINESTRING (-2.582092 51.4602576, -2.5821211 51.4602594, -2.5821657 51.4602643)",,,,,,,,0.008522187370360675,0.8,#66bd63
3526935,trunk,30 mph,Newfoundland Way,False,False,44.56,48.2802,3.323,"LINESTRING (-2.5824038 51.4604908, -2.5822928 51.4605368, -2.5819001 51.460701, -2.5818705 51.4607148)",2,,,A4032,,,,0.012042764373363305,0.7,#a5d86a
"[3526934, 3526935]",trunk,30 mph,"['Newfoundland Circus', 'Newfoundland Way']",False,"[False, True]",96.58,48.2802,7.202,"LINESTRING (-2.5824038 51.4604908, -2.582468 51.4604658, -2.5826486 51.4603958, -2.5829821 51.4602485, -2.5827983 51.4602954, -2.5826941 51.4603119, -2.5825948 51.4603133, -2.5825112 51.4602927, -2.5823311 51.4602364)",2,,,A4032,,,,0.007983987985410081,0.8,#66bd63
"[382869602, 1413912972, 1413912973, 1413912974]",footway,,,False,False,33.38,32.18679999999999,3.733,"LINESTRING (-2.5824038 51.4604908, -2.5823674 51.4604535, -2.5823543 51.4604309, -2.5823734 51.460369, -2.5823614 51.4603503, -2.5823075 51.4603246, -2.5822546 51.4603028, -2.5821963 51.4602794, -2.5821657 51.4602643)",,,,,,,,0.008250761883158519,0.8,#66bd63
"[1413912971, 1413912972]",footway,,,False,True,6.7,32.18679999999999,0.75,"LINESTRING (-2.5824038 51.4604908, -2.5824387 51.4605265, -2.5824556 51.4605417)",,,,,,,,0.007983987985410081,0.8,#66bd63
332983350,unclassified,,Houlton Street,False,False,9.33,32.33444587155963,1.039,"LINESTRING (-2.5822096 51.4602002, -2.5823311 51.4602364)",,,,,,,,0.007831479637671371,0.8,#66bd63
332983350,unclassified,,Houlton Street,False,True,13.82,32.33444587155963,1.539,"LINESTRING (-2.5822096 51.4602002, -2.5821653 51.4601865, -2.5820373 51.4601377)",,,,,,,,0.008167653671775308,0.8,#66bd63
"[1413912976, 1413912977]",footway,,,False,False,7.76,32.18679999999999,0.868,"LINESTRING (-2.5822096 51.4602002, -2.5821863 51.4602297, -2.5821657 51.4602643)",,,,,,,,0.008250761883158519,0.8,#66bd63
"[1413912977, 1413912979, 1413912982]",footway,,,False,True,60.65,32.18679999999999,6.784,"LINESTRING (-2.5822096 51.4602002, -2.582242 51.460159, -2.5824058 51.4600317, -2.5824329 51.4600169, -2.5826317 51.4599289, -2.5826899 51.4599048, -2.5827172 51.4598934, -2.5827339 51.4598809, -2.582745 51.4598636, -2.5827514 51.4598418, -2.582777 51.4598424, -2.5828171 51.4598432)",,,,,,,,0.007831479637671371,0.8,#66bd63
3877714,unclassified,20 mph,,False,False,68.66,32.1868,7.679,"LINESTRING (-2.5812664 51.4610797, -2.5807947 51.4614031, -2.5807499 51.4614412, -2.5807331 51.4615131, -2.5807185 51.461573)",,,,,,,,0.023530395245461317,0.5,#feffbe
3877714,unclassified,20 mph,,False,True,33.11,32.1868,3.703,"LINESTRING (-2.5812664 51.4610797, -2.5814732 51.4609357, -2.5815743 51.4608523)",,,,,,,,0.022455830744810373,0.5,#feffbe
663625161,service,,,False,False,112.13,32.1868,12.541,"LINESTRING (-2.5812664 51.4610797, -2.5814505 51.4611842, -2.5815471 51.4612209, -2.5815833 51.4612259, -2.5816275 51.4612134, -2.5818756 51.4610964, -2.5819708 51.4610622, -2.5820352 51.4610405, -2.5820942 51.4610204, -2.5821278 51.4609945, -2.5821385 51.4609519, -2.5821345 51.4609001, -2.582109 51.4608608, -2.5820634 51.460824, -2.5818705 51.4607148)",,,,,,,,0.022455830744810373,0.5,#feffbe
69892652,service,,Dale Street,False,False,21.55,32.1868,2.41,"LINESTRING (-2.5828171 51.4598432, -2.5828141 51.4598238, -2.5828043 51.459804, -2.5827866 51.4597806, -2.5826734 51.4596741)",1,,,,,,,0.007742716229686298,0.8,#66bd63
69892652,service,,Dale Street,False,True,39.24,32.1868,4.389,"LINESTRING (-2.5828171 51.4598432, -2.5828124 51.4598642, -2.5828009 51.4598805, -2.5827851 51.4598931, -2.5827566 51.4599055, -2.5825359 51.4600028, -2.5825062 51.4600337, -2.5824956 51.4600629, -2.582482 51.4601039)",1,,,,,,,0.006892798292271903,0.8,#66bd63
"[1413912977, 1413912979, 1413912982]",footway,,,False,False,60.65,32.18679999999999,6.784,"LINESTRING (-2.5828171 51.4598432, -2.582777 51.4598424, -2.5827514 51.4598418, -2.582745 51.4598636, -2.5827339 51.4598809, -2.5827172 51.4598934, -2.5826899 51.4599048, -2.5826317 51.4599289, -2.5824329 51.4600169, -2.5824058 51.4600317, -2.582242 51.460159, -2.5822096 51.4602002)",,,,,,,,0.007831479637671371,0.8,#66bd63
"[1413912979, 1413912980, 1413912981]",footway,,,False,True,11.34,32.18679999999999,1.268,"LINESTRING (-2.5828171 51.4598432, -2.582871 51.4598444, -2.5828951 51.4598449, -2.5829153 51.4598319, -2.5829545 51.4598065)",,,,,,,,0.00716542027515956,0.8,#66bd63
"[1413912974, 1413912975]",footway,,,False,False,5.16,32.18679999999999,0.578,"LINESTRING (-2.5821657 51.4602643, -2.5821211 51.4602594, -2.582092 51.4602576)",,,,,,,,0.008522187370360675,0.8,#66bd63
"[382869602, 1413912972, 1413912973, 1413912974]",footway,,,False,True,33.38,32.18679999999999,3.733,"LINESTRING (-2.5821657 51.4602643, -2.5821963 51.4602794, -2.5822546 51.4603028, -2.5823075 51.4603246, -2.5823614 51.4603503, -2.5823734 51.460369, -2.5823543 51.4604309, -2.5823674 51.4604535, -2.5824038 51.4604908)",,,,,,,,0.008250761883158519,0.8,#66bd63
"[1413912976, 1413912977]",footway,,,False,True,7.76,32.18679999999999,0.868,"LINESTRING (-2.5821657 51.4602643, -2.5821863 51.4602297, -2.5822096 51.4602002)",,,,,,,,0.008250761883158519,0.8,#66bd63
108832806,service,,,False,True,5.87,32.1868,0.656,"LINESTRING (-2.5907464 51.462077, -2.5906917 51.4621173)",,,,,,,,0.11470593047327145,0.0,#a50026
109197355,unclassified,20 mph,Hillgrove Street,False,True,8.22,32.1868,0.919,"LINESTRING (-2.5907464 51.462077, -2.5908345 51.4621265)",,,,,,,,0.06974371677868078,0.0,#a50026
109197355,unclassified,20 mph,Hillgrove Street,False,False,31.43,32.1868,3.516,"LINESTRING (-2.5907464 51.462077, -2.5906045 51.4619974, -2.5903977 51.4618964)",,,,,,,,0.06867753079699289,0.0,#a50026
108832806,service,,,False,False,5.87,32.1868,0.656,"LINESTRING (-2.5906917 51.4621173, -2.5907464 51.462077)",,,,,,,,0.11470593047327145,0.0,#a50026
109197355,unclassified,20 mph,Hillgrove Street,False,False,8.22,32.1868,0.919,"LINESTRING (-2.5908345 51.4621265, -2.5907464 51.462077)",,,,,,,,0.06974371677868078,0.0,#a50026
109197355,unclassified,20 mph,Hillgrove Street,False,True,16.54,32.1868,1.85,"LINESTRING (-2.5908345 51.4621265, -2.5910172 51.4622222)",,,,,,,,0.06452423535831567,0.0,#a50026
"[1257326145, 108832761]",service,,,False,True,11.45,32.1868,1.28,"LINESTRING (-2.5908345 51.4621265, -2.5908617 51.4620854, -2.5908626 51.4620833, -2.5909029 51.4620329)",,,building_passage,,,,,0.06452423535831567,0.0,#a50026
"[1257326145, 108832761]",service,,,False,False,11.45,32.1868,1.28,"LINESTRING (-2.5909029 51.4620329, -2.5908626 51.4620833, -2.5908617 51.4620854, -2.5908345 51.4621265)",,,building_passage,,,,,0.06452423535831567,0.0,#a50026
108841681,service,,,False,False,3.26,32.1868,0.364,"LINESTRING (-2.5907169 51.4603063, -2.5906746 51.4603191)",,,,,,,,0.12496597579966838,0.0,#a50026
202755220,primary,20 mph,,False,True,18.25,32.1868,2.041,"LINESTRING (-2.5907169 51.4603063, -2.5908459 51.4604494)",1,,,A38,,,,0.11798303074392466,0.0,#a50026
"[108842672, 108842673, 202755220]",primary,20 mph,,False,False,40.66,32.1868,4.548,"LINESTRING (-2.5907169 51.4603063, -2.5906244 51.4601609, -2.5905519 51.460031, -2.5905227 51.4599919, -2.5904984 51.4599676)","['2', '1']",,,A38,,,,0.09789041885007997,0.0,#a50026
108841681,service,,,False,True,5.83,32.1868,0.652,"LINESTRING (-2.5905964 51.4603385, -2.5906746 51.4603191)",,,,,,,,0.1407185463550753,0.0,#a50026
3527220,trunk,20 mph,Bond Street,False,True,18.59,32.1868,2.08,"LINESTRING (-2.5899505 51.4595861, -2.5901682 51.4596839)",2,,,A4044,,,,0.016230940711348823,0.6,#d9ef8b
8385403,residential,20 mph,Surrey Street,False,False,22.91,32.1868,2.563,"LINESTRING (-2.5863133 51.4607454, -2.5860178 51.4608379)",,,,,,,,0.14580830460903887,0.0,#a50026
8385403,residential,20 mph,Surrey Street,False,True,92.77,32.1868,10.376,"LINESTRING (-2.5863133 51.4607454, -2.5867742 51.4606471, -2.5875965 51.4605083)",,,,,,,,0.15392877845128797,0.0,#a50026
"[562592842, 562592844]",service,,,False,False,21.98,32.1868,2.458,"LINESTRING (-2.5863133 51.4607454, -2.586266 51.4606859, -2.5861774 51.4605668)",,,building_passage,,,,,0.10752823433137429,0.0,#a50026
68808074,footway,,,False,False,50.86,32.18679999999999,5.689,"LINESTRING (-2.5828923 51.4573318, -2.5828353 51.4573055, -2.5828124 51.4572856, -2.5828007 51.4572628, -2.5827788 51.4572345, -2.5827678 51.4572122, -2.5827666 51.4571864, -2.5827663 51.4571641, -2.5827686 51.4571443, -2.5827704 51.4571208, -2.5827695 51.457082, -2.5827624 51.4570533, -2.5827536 51.4570235, -2.5827359 51.4569927, -2.5827155 51.4569596, -2.5826856 51.4569262, -2.5826715 51.4569153)",,,,,,,,0.016597706797765337,0.6,#d9ef8b
68808074,footway,,,False,True,41.3,32.18679999999999,4.62,"LINESTRING (-2.5828923 51.4573318, -2.5829481 51.4573638, -2.58301 51.4573977, -2.5830976 51.4574786, -2.5831682 51.4575624, -2.583147 51.4576008, -2.5831137 51.457635)",,,,,,,,0.0162130013679199,0.6,#d9ef8b
"[246326301, 112681158]",footway,,,False,True,37.42,32.18679999999999,4.185,"LINESTRING (-2.5828923 51.4573318, -2.5828549 51.4573623, -2.5828243 51.4573707, -2.582787 51.457376, -2.5827511 51.4573781, -2.5826843 51.4573752, -2.5826031 51.4573798, -2.5825389 51.4573892, -2.5825105 51.457394, -2.5824985 51.4573979, -2.5824813 51.4574062, -2.5824686 51.4574157, -2.5824502 51.4574323, -2.5824313 51.4574538)",,,,,,,,0.0351196507885569,0.3,#fdad60
244680993,footway,,,False,True,21.5,32.18679999999999,2.404,"LINESTRING (-2.5828923 51.4573318, -2.5829746 51.4572393, -2.5829922 51.4572218, -2.583025 51.4572023, -2.5830821 51.4571872)",,,,,,,,0.0162130013679199,0.6,#d9ef8b
12853069,unclassified,,Saint Matthias Park,False,False,58.8,32.33444587155963,6.547,"LINESTRING (-2.5824313 51.4574538, -2.5816191 51.4573004)",,,,,,,,0.0457614084258288,0.0,#a50026
12853069,unclassified,,Saint Matthias Park,False,True,29.42,32.33444587155963,3.275,"LINESTRING (-2.5824313 51.4574538, -2.5828198 51.4575605)",,,,,,,,0.0351196507885569,0.3,#fdad60
"[246326301, 112681158]",footway,,,False,False,37.42,32.18679999999999,4.185,"LINESTRING (-2.5824313 51.4574538, -2.5824502 51.4574323, -2.5824686 51.4574157, -2.5824813 51.4574062, -2.5824985 51.4573979, -2.5825105 51.457394, -2.5825389 51.4573892, -2.5826031 51.4573798, -2.5826843 51.4573752, -2.5827511 51.4573781, -2.582787 51.457376, -2.5828243 51.4573707, -2.5828549 51.4573623, -2.5828923 51.4573318)",,,,,,,,0.0351196507885569,0.3,#fdad60
42900916,pedestrian,,Redcross Street,False,False,8.29,32.1868,0.927,"LINESTRING (-2.5810657 51.4571724, -2.5809583 51.4572052)",,,,,,,,0.012118714433909984,0.7,#a5d86a
42900916,pedestrian,,Redcross Street,False,True,33.74,32.1868,3.774,"LINESTRING (-2.5810657 51.4571724, -2.5815124 51.4570515)",,,,,,,,0.014262174888818568,0.7,#a5d86a
966540335,footway,,,False,True,34.04,32.18679999999999,3.807,"LINESTRING (-2.5810657 51.4571724, -2.580955 51.4571461, -2.5808678 51.4571645, -2.5808289 51.457168, -2.580792 51.4571676, -2.5807524 51.457163, -2.5807209 51.4571563, -2.5806951 51.4571446, -2.5806656 51.4571241, -2.5806339 51.4570962)",,,,,,,,0.012118714433909984,0.7,#a5d86a
244680593,footway,,,False,False,18.09,32.18679999999999,2.024,"LINESTRING (-2.5824377 51.4569773, -2.5824961 51.4569708, -2.5825775 51.4569577, -2.5826265 51.4569432, -2.5826715 51.4569153)",,,,,,,,0.013691629464222125,0.7,#a5d86a
1428975352,service,,,False,True,81.52,32.1868,9.118,"LINESTRING (-2.5839677 51.4574774, -2.5839503 51.4572861, -2.5837813 51.4570529, -2.5835077 51.4571139, -2.5833951 51.4571123, -2.5833459 51.4570967)",,,,,,driveway,,0.013213369175416384,0.7,#a5d86a
42899148,unclassified,,Asher Lane,False,True,45.64,32.33444587155963,5.081,"LINESTRING (-2.5833459 51.4570967, -2.5832472 51.4569011, -2.5831649 51.4567022)",,,,,,,,0.009753490104338363,0.8,#66bd63
112681451,service,,,False,False,21.81,32.1868,2.44,"LINESTRING (-2.5833459 51.4570967, -2.5832965 51.4571397, -2.5830748 51.4571778)",,,,,,parking_aisle,,0.012177151177119032,0.7,#a5d86a
1428975352,service,,,False,False,81.52,32.1868,9.118,"LINESTRING (-2.5833459 51.4570967, -2.5833951 51.4571123, -2.5835077 51.4571139, -2.5837813 51.4570529, -2.5839503 51.4572861, -2.5839677 51.4574774)",,,,,,driveway,,0.013213369175416384,0.7,#a5d86a
1258648261,service,,,False,False,6.61,32.1868,0.739,"LINESTRING (-2.584744 51.4570008, -2.584829 51.4569739)",,,,,,,,0.006858559376553618,0.8,#66bd63
22988932,trunk_link,30 mph,Bond Street South,False,False,34.65,48.2802,2.584,"LINESTRING (-2.584744 51.4570008, -2.5847876 51.4570846, -2.5848005 51.4571183, -2.5848056 51.4571534, -2.5848086 51.457195, -2.5848077 51.4572064, -2.5848053 51.4572374, -2.5848035 51.4572545, -2.5847833 51.4573054)",3,,,A420,,,,0.00841161479350949,0.8,#66bd63
12853099,unclassified,,,False,False,7.6,32.33444587155963,0.846,"LINESTRING (-2.5835423 51.4585614, -2.5836427 51.4585889)",,,,,,,,0.04501352529071705,0.1,#d62f27
12853099,unclassified,,,False,True,27.54,32.33444587155963,3.066,"LINESTRING (-2.5835423 51.4585614, -2.5834509 51.4585484, -2.5833303 51.4585629, -2.5831687 51.4586136)",,,,,,,,0.23726554515435755,0.0,#a50026
"[108234586, 1413912983]",footway,,,False,False,106.62,32.18679999999999,11.926,"LINESTRING (-2.5835423 51.4585614, -2.5835202 51.4586084, -2.5834984 51.4586949, -2.5835238 51.4589255, -2.5835628 51.459049, -2.5836191 51.4591896, -2.5837009 51.4593016, -2.5837036 51.4593778, -2.5836822 51.4594511, -2.5836486 51.4594928)",,,,,,,,0.04659316143351806,0.0,#a50026
"[1413912984, 1413912983]",footway,,,False,True,25.98,32.18679999999999,2.905,"LINESTRING (-2.5835423 51.4585614, -2.5835627 51.458515, -2.5836972 51.4583495)",,,,,,,,0.10678543185072877,0.0,#a50026
37282832,trunk,30 mph,Bond Street South,False,False,8.75,48.2802,0.652,"LINESTRING (-2.5840166 51.4594885, -2.5840459 51.459565)",2,,,A4044,,,,0.00849604175459437,0.8,#66bd63
37282832,trunk,30 mph,Bond Street South,False,True,29.0,48.2802,2.162,"LINESTRING (-2.5840166 51.4594885, -2.5839225 51.4592344)",2,,,A4044,,,,0.011105361404663101,0.7,#a5d86a
"[382866321, 1362339434]",footway,,,False,False,8.68,32.18679999999999,0.971,"LINESTRING (-2.5840166 51.4594885, -2.5839388 51.4595008, -2.5838939 51.4595031)",,,,,,,,0.00867358170456357,0.8,#66bd63
"[1362339434, 1362339435]",footway,,,False,True,7.0,32.18679999999999,0.782,"LINESTRING (-2.5840166 51.4594885, -2.5840576 51.4594808, -2.5841133 51.4594704)",,,,,,,,0.00849604175459437,0.8,#66bd63
1204048168,service,,Dale Street,False,True,30.61,32.1868,3.424,"LINESTRING (-2.5823682 51.4594989, -2.5823921 51.4594966, -2.5824171 51.4594977, -2.5824414 51.4595016, -2.5824617 51.4595066, -2.5824892 51.4595174, -2.582512 51.4595294, -2.5825315 51.4595417, -2.582563 51.4595685, -2.5826734 51.4596741)",2,,,,,,,0.008549855997352319,0.8,#66bd63
3527219,trunk,30 mph,Newfoundland Circus,False,False,10.75,48.2802,0.802,"LINESTRING (-2.5838986 51.4595955, -2.5840459 51.459565)",2,,,,,,,0.008011408512159712,0.8,#66bd63
3527219,trunk,30 mph,Newfoundland Circus,False,True,24.86,48.2802,1.854,"LINESTRING (-2.5838986 51.4595955, -2.5836998 51.4596406, -2.5835558 51.4596597)",2,,,,,,,0.008026025008257566,0.8,#66bd63
"[382866322, 1362339429, 1362339430]",footway,,,False,False,13.95,32.18679999999999,1.56,"LINESTRING (-2.5838986 51.4595955, -2.5839161 51.459618, -2.5839296 51.4596345, -2.5839802 51.45963, -2.5840601 51.4596247)",,,,,,,,0.008011408512159712,0.8,#66bd63
"[1362339430, 1362339431]",footway,,,False,True,11.68,32.18679999999999,1.306,"LINESTRING (-2.5838986 51.4595955, -2.5838699 51.4595517, -2.5838582 51.4595305, -2.5838939 51.4595031)",,,,,,,,0.00867358170456357,0.8,#66bd63
519404173,service,,Dale Street,False,False,23.15,32.1868,2.589,"LINESTRING (-2.5825556 51.4593567, -2.5825827 51.4594115, -2.582602 51.459449, -2.5826179 51.4594748, -2.5826367 51.4595005, -2.5826779 51.4595498)",3,,,,,,,0.010092062602089552,0.8,#66bd63
12853071,unclassified,,New Street,False,False,17.48,32.33444587155963,1.946,"LINESTRING (-2.5826803 51.4576915, -2.5828198 51.4575605)",,,,,,,,0.027479084726914006,0.4,#fee08b
12853071,unclassified,,New Street,False,True,51.32,32.33444587155963,5.714,"LINESTRING (-2.5826803 51.4576915, -2.5824938 51.4578423, -2.5824524 51.4578676, -2.5824241 51.4578678, -2.5823868 51.4578574, -2.582119 51.4577625)",,,,,,,,0.1808833506938096,0.0,#a50026
112744436,footway,,,False,True,23.61,32.18679999999999,2.641,"LINESTRING (-2.5826803 51.4576915, -2.5826957 51.4576926, -2.5827979 51.4576977, -2.583014 51.4577313)",,,,,,,,0.027479084726914006,0.4,#fee08b
12853087,residential,,Great Ann Street,False,False,39.56,32.1868,4.424,"LINESTRING (-2.5813516 51.4582724, -2.5809231 51.4580373)",,,,,,,,0.012579168529094183,0.7,#a5d86a
12853087,residential,,Great Ann Street,False,True,3.73,32.1868,0.418,"LINESTRING (-2.5813516 51.4582724, -2.5813919 51.4582947)",,,,,,,,0.012484301892856153,0.7,#a5d86a
112744442,footway,,,False,False,67.96,32.18679999999999,7.602,"LINESTRING (-2.5813516 51.4582724, -2.5811072 51.4582458, -2.5808899 51.4582337, -2.58071 51.4582301, -2.5806834 51.4582276, -2.5806577 51.4582227, -2.5806265 51.4582103, -2.5806076 51.4582042, -2.5805879 51.4582029, -2.5805408 51.458209, -2.5805271 51.4582084, -2.5805131 51.4582061, -2.5803905 51.4581867)",,,,,,,,0.012484301892856153,0.7,#a5d86a
42899174,residential,,Great Ann Street,False,False,7.3,32.1868,0.817,"LINESTRING (-2.5803905 51.4581867, -2.5803218 51.4582365)",,,,,,,,0.008999593805001961,0.8,#66bd63
42899174,residential,,Great Ann Street,False,True,34.37,32.1868,3.845,"LINESTRING (-2.5803905 51.4581867, -2.5806193 51.4580175, -2.5806806 51.4579841, -2.580739 51.4579767)",,,,,,,,0.010761343033084902,0.8,#66bd63
112744442,footway,,,False,True,67.96,32.18679999999999,7.602,"LINESTRING (-2.5803905 51.4581867, -2.5805131 51.4582061, -2.5805271 51.4582084, -2.5805408 51.458209, -2.5805879 51.4582029, -2.5806076 51.4582042, -2.5806265 51.4582103, -2.5806577 51.4582227, -2.5806834 51.4582276, -2.58071 51.4582301, -2.5808899 51.4582337, -2.5811072 51.4582458, -2.5813516 51.4582724)",,,,,,,,0.012484301892856153,0.7,#a5d86a
24239162,service,,,False,False,20.97,32.1868,2.346,"LINESTRING (-2.5831687 51.4586136, -2.5829167 51.4587181)",,,,,,,,0.15692493994631743,0.0,#a50026
12853099,unclassified,,,False,False,27.54,32.33444587155963,3.066,"LINESTRING (-2.5831687 51.4586136, -2.5833303 51.4585629, -2.5834509 51.4585484, -2.5835423 51.4585614)",,,,,,,,0.23726554515435755,0.0,#a50026
"[991645736, 42878902]","['unclassified', 'pedestrian']",,"['Tucker Street', 'Champion Square']",False,True,31.0,32.33444587155963,3.451,"LINESTRING (-2.5831687 51.4586136, -2.5829699 51.458407, -2.582941 51.4583737)",,,,,,,,0.43821276157279176,0.0,#a50026
12853075,unclassified,,Houlton Street,False,False,11.61,32.33444587155963,1.293,"LINESTRING (-2.5811121 51.4596192, -2.5812375 51.4596885)",,,,,,,,0.008081963842588986,0.8,#66bd63
12853075,unclassified,,Houlton Street,False,True,10.71,32.33444587155963,1.193,"LINESTRING (-2.5811121 51.4596192, -2.5809909 51.4595594)",,,,,,,,0.008813781136356615,0.8,#66bd63
"[112746818, 518932212, 518932214]","['footway', 'steps']",,River Street,False,False,35.6,32.18679999999999,3.982,"LINESTRING (-2.5811121 51.4596192, -2.5811796 51.4595761, -2.5811649 51.4595618, -2.5813271 51.4593526, -2.5813347 51.4593431)",,,,,,,,0.008081963842588986,0.8,#66bd63
"[477207163, 477207164, 382871997]",footway,,,False,False,29.47,32.18679999999999,3.296,"LINESTRING (-2.5836972 51.4583495, -2.5835801 51.4583491, -2.5833226 51.4582783, -2.5833106 51.458275, -2.5832981 51.4582716)",,,building_passage,,,,,0.12965749987934902,0.0,#a50026
"[1413912969, 1413912966]",footway,,,False,True,6.77,32.18679999999999,0.757,"LINESTRING (-2.5836972 51.4583495, -2.583727 51.45836, -2.5837823 51.4583794)",,,,,,,,0.10678543185072877,0.0,#a50026
"[1413912984, 1413912983]",footway,,,False,False,25.98,32.18679999999999,2.905,"LINESTRING (-2.5836972 51.4583495, -2.5835627 51.458515, -2.5835423 51.4585614)",,,,,,,,0.10678543185072877,0.0,#a50026
1413912984,footway,,,False,True,55.12,32.18679999999999,6.165,"LINESTRING (-2.5836972 51.4583495, -2.5840322 51.4579532, -2.5840679 51.4579109)",,,,,,,,0.11726224591096823,0.0,#a50026
166522672,unclassified,,Houlton Street,False,False,44.59,32.33444587155963,4.964,"LINESTRING (-2.5813726 51.4597703, -2.5818425 51.4600443)",,,,,,,,0.00832814351956967,0.8,#66bd63
166522672,unclassified,,Houlton Street,False,True,13.05,32.33444587155963,1.453,"LINESTRING (-2.5813726 51.4597703, -2.5812375 51.4596885)",,,,,,,,0.007835993264274853,0.8,#66bd63
675633593,service,,,False,False,17.58,32.1868,1.966,"LINESTRING (-2.5813726 51.4597703, -2.5814887 51.4596297)",,,,,,,,0.007835993264274853,0.8,#66bd63
112746818,footway,,River Street,False,False,23.55,32.18679999999999,2.634,"LINESTRING (-2.5816357 51.4590308, -2.5818643 51.4588741)",,,,,,,,0.010535968256702458,0.8,#66bd63
112746818,footway,,River Street,False,True,17.12,32.18679999999999,1.915,"LINESTRING (-2.5816357 51.4590308, -2.5814868 51.4591537)",,,,,,,,0.008490182047235144,0.8,#66bd63
617239008,footway,,,False,False,15.44,32.18679999999999,1.727,"LINESTRING (-2.5816357 51.4590308, -2.5814651 51.4589415)",,,,,,,,0.008490182047235144,0.8,#66bd63
112746818,footway,,River Street,False,False,17.12,32.18679999999999,1.915,"LINESTRING (-2.5814868 51.4591537, -2.5816357 51.4590308)",,,,,,,,0.008490182047235144,0.8,#66bd63
112746818,footway,,River Street,False,True,23.55,32.18679999999999,2.634,"LINESTRING (-2.5814868 51.4591537, -2.5813347 51.4593431)",,,,,,,,0.007632932166599043,0.8,#66bd63
617239009,footway,,,False,False,13.77,32.18679999999999,1.54,"LINESTRING (-2.5814868 51.4591537, -2.5813169 51.4590895)",,,,,,,,0.0077271769390465225,0.8,#66bd63
"[477207163, 477207164, 382871997]",footway,,,False,True,29.47,32.18679999999999,3.296,"LINESTRING (-2.5832981 51.4582716, -2.5833106 51.458275, -2.5833226 51.4582783, -2.5835801 51.4583491, -2.5836972 51.4583495)",,,building_passage,,,,,0.12965749987934902,0.0,#a50026
112748671,footway,,,False,False,38.59,32.18679999999999,4.316,"LINESTRING (-2.5907958 51.45899, -2.5907832 51.459018, -2.5903388 51.4591743)",,,,,,,,0.016459628815777744,0.6,#d9ef8b
382882583,footway,,,False,False,30.63,32.18679999999999,3.426,"LINESTRING (-2.5907958 51.45899, -2.5909021 51.458952, -2.5910206 51.4589089, -2.5911335 51.4588197)",,,,,,,,0.01629932309286234,0.6,#d9ef8b
382882583,footway,,,False,True,54.87,32.18679999999999,6.137,"LINESTRING (-2.5907958 51.45899, -2.5901976 51.4591899, -2.5900846 51.4591941)",,,,,,,,0.017223650295509995,0.6,#d9ef8b
112748677,footway,,,False,False,13.6,32.18679999999999,1.521,"LINESTRING (-2.5904192 51.459987, -2.5902843 51.4598982)",,,,,,,,0.04131669982854816,0.1,#d62f27
1362339451,footway,,,False,True,40.95,32.18679999999999,4.58,"LINESTRING (-2.5904192 51.459987, -2.5906746 51.4603191)",,,,,,,,0.1502734591296338,0.0,#a50026
"[1414930801, 1414930803]",footway,,,False,True,5.9,32.18679999999999,0.659,"LINESTRING (-2.5904192 51.459987, -2.5904605 51.4599769, -2.5904984 51.4599676)",,,,,,,,0.04131669982854816,0.1,#d62f27
108841681,service,,,False,False,5.83,32.1868,0.652,"LINESTRING (-2.5906746 51.4603191, -2.5905964 51.4603385)",,,,,,,,0.1407185463550753,0.0,#a50026
108841681,service,,,False,True,3.26,32.1868,0.364,"LINESTRING (-2.5906746 51.4603191, -2.5907169 51.4603063)",,,,,,,,0.12496597579966838,0.0,#a50026
326565331,footway,,,False,False,18.28,32.18679999999999,2.045,"LINESTRING (-2.5906746 51.4603191, -2.5907851 51.4604684)",,,,,,,,0.21019547980713937,0.0,#a50026
1362339451,footway,,,False,False,40.95,32.18679999999999,4.58,"LINESTRING (-2.5906746 51.4603191, -2.5904192 51.459987)",,,,,,,,0.1502734591296338,0.0,#a50026
"[326356016, 78203450, 112748679]",footway,,,False,False,58.73,32.18679999999999,6.569,"LINESTRING (-2.5901332 51.4598028, -2.5901409 51.4597942, -2.5903136 51.4596672, -2.5903674 51.459625, -2.5904269 51.4595425, -2.5907255 51.4594505)",,,yes,,,,,0.019902747736509466,0.6,#d9ef8b
"[1362339450, 112748676, 112748679]","['footway', 'steps']",,,False,True,14.97,32.18679999999999,1.674,"LINESTRING (-2.5901332 51.4598028, -2.5901507 51.4598146, -2.590236 51.4598597, -2.5902843 51.4598982)",,,,,,,,0.027408335640588442,0.4,#fee08b
1362339449,footway,,,False,False,35.91,32.18679999999999,4.016,"LINESTRING (-2.5901332 51.4598028, -2.5899635 51.4597017, -2.5898118 51.4596071, -2.5897536 51.4595842)",,,,,,,,0.019902747736509466,0.6,#d9ef8b
112748677,footway,,,False,True,13.6,32.18679999999999,1.521,"LINESTRING (-2.5902843 51.4598982, -2.5904192 51.459987)",,,,,,,,0.04131669982854816,0.1,#d62f27
112748677,footway,,,False,False,24.18,32.18679999999999,2.704,"LINESTRING (-2.5902843 51.4598982, -2.5902051 51.4598713, -2.5900156 51.4597615)",,,,,,,,0.027408335640588442,0.4,#fee08b
"[1362339450, 112748676, 112748679]","['footway', 'steps']",,,False,False,14.97,32.18679999999999,1.674,"LINESTRING (-2.5902843 51.4598982, -2.590236 51.4598597, -2.5901507 51.4598146, -2.5901332 51.4598028)",,,,,,,,0.027408335640588442,0.4,#fee08b
"[108842672, 108842673, 202755220]",primary,20 mph,,False,True,40.66,32.1868,4.548,"LINESTRING (-2.5904984 51.4599676, -2.5905227 51.4599919, -2.5905519 51.460031, -2.5906244 51.4601609, -2.5907169 51.4603063)","['1', '2']",,,A38,,,,0.09789041885007997,0.0,#a50026
"[1414930801, 1414930803]",footway,,,False,False,5.9,32.18679999999999,0.659,"LINESTRING (-2.5904984 51.4599676, -2.5904605 51.4599769, -2.5904192 51.459987)",,,,,,,,0.04131669982854816,0.1,#d62f27
"[1414930802, 1414930803, 1091051221]",footway,,,False,True,8.58,32.18679999999999,0.96,"LINESTRING (-2.5904984 51.4599676, -2.5905427 51.4599568, -2.5905721 51.4599496, -2.5906137 51.4599394)",,,,,,,,0.03860216293053682,0.2,#f46d43
382889005,primary,20 mph,North Street,False,True,14.71,32.1868,1.645,"LINESTRING (-2.5904855 51.459834, -2.5906137 51.4599394)",2,,,A38,,,,0.032899454937934274,0.3,#fdad60
202755224,trunk,20 mph,St James' Barton,False,True,15.36,32.1868,1.718,"LINESTRING (-2.5904855 51.459834, -2.5906121 51.4598411, -2.5907039 51.4598269)",2,,,A38,circular,,,0.024638789414024812,0.5,#feffbe
"[1414930796, 202755223]",trunk,20 mph,St James' Barton,False,False,27.94,32.1868,3.125,"LINESTRING (-2.5904855 51.459834, -2.5903723 51.4598031, -2.5901682 51.4596839)","['4', '2']",,,A38,circular,,,0.024540248914562985,0.5,#feffbe
1026516207,footway,,,False,False,4.96,32.18679999999999,0.555,"LINESTRING (-2.5910192 51.4598495, -2.5909508 51.4598628)",,,,,,,,0.020094500552256315,0.6,#d9ef8b
112786975,footway,,,False,True,25.93,32.18679999999999,2.901,"LINESTRING (-2.5910192 51.4598495, -2.5910347 51.4598335, -2.5910608 51.459818, -2.5911587 51.4597887, -2.5912741 51.4597511, -2.5913149 51.4597161)",,,,,,,,0.01849023689104379,0.6,#d9ef8b
326498373,footway,,,False,False,31.93,32.18679999999999,3.572,"LINESTRING (-2.5910192 51.4598495, -2.5913102 51.4597759, -2.5914116 51.4597097)",,,,,,,,0.01849023689104379,0.6,#d9ef8b
326356015,footway,,,False,False,9.62,32.18679999999999,1.076,"LINESTRING (-2.5912532 51.4593155, -2.591123 51.4593456)",,,,,,,,0.00952777336711883,0.8,#66bd63
326565334,footway,,,False,True,38.7,32.18679999999999,4.328,"LINESTRING (-2.5908559 51.4611385, -2.5911735 51.4608522)",,,,,,,,0.018000444835742473,0.6,#d9ef8b
689769011,primary,20 mph,Stokes Croft,False,False,26.45,32.1868,2.958,"LINESTRING (-2.5908559 51.4611385, -2.5907256 51.4613621)",2,,,A38,,,,0.013691097158370618,0.7,#a5d86a
326565331,footway,,,False,True,68.55,32.18679999999999,7.667,"LINESTRING (-2.5908559 51.4611385, -2.590916 51.4608004, -2.5909133 51.46068, -2.5908274 51.4605336)",,,,,,,,0.07785987476817592,0.0,#a50026
665176848,primary,20 mph,North Street,False,True,17.28,32.1868,1.933,"LINESTRING (-2.5908559 51.4611385, -2.5909486 51.461007, -2.5909562 51.4609962)",2,,,A38,,,,0.016077721915044002,0.6,#d9ef8b
12853095,unclassified,,Clement Street,False,True,92.54,32.33444587155963,10.303,"LINESTRING (-2.5799385 51.4614193, -2.5809148 51.4608513)",,,,,,,,0.1669604776362758,0.0,#a50026
"[112885030, 12853095]","['unclassified', 'service']",,Clement Street,False,"[False, True]",17.69,32.33444587155963,1.969,"LINESTRING (-2.5799385 51.4614193, -2.579901 51.4614411, -2.5798631 51.4614839, -2.579797 51.4615504)",,,,,,parking_aisle,,0.013683185956384056,0.7,#a5d86a
"[112885032, 112885028]","['footway', 'unclassified']",,Clement Street,False,True,90.95,32.18679999999999,10.173,"LINESTRING (-2.5799385 51.4614193, -2.5800464 51.4615083, -2.5800427 51.461537, -2.5799646 51.4616353, -2.579522 51.4619921, -2.5793729 51.461921)",,,,,,,,0.013683185956384056,0.7,#a5d86a
112885030,service,,,False,False,77.87,32.1868,8.709,"LINESTRING (-2.579797 51.4615504, -2.5794975 51.4614268, -2.5793886 51.4615316, -2.5796736 51.461659, -2.579797 51.4615504)",,,,,,parking_aisle,,0.011050648653824005,0.7,#a5d86a
112885030,service,,,False,True,77.87,32.1868,8.709,"LINESTRING (-2.579797 51.4615504, -2.5796736 51.461659, -2.5793886 51.4615316, -2.5794975 51.4614268, -2.579797 51.4615504)",,,,,,parking_aisle,,0.011050648653824005,0.7,#a5d86a
"[112885030, 12853095]","['unclassified', 'service']",,Clement Street,False,"[False, True]",17.69,32.33444587155963,1.969,"LINESTRING (-2.579797 51.4615504, -2.5798631 51.4614839, -2.579901 51.4614411, -2.5799385 51.4614193)",,,,,,parking_aisle,,0.013683185956384056,0.7,#a5d86a
114515396,footway,,,False,True,5.3,32.18679999999999,0.593,"LINESTRING (-2.5793249 51.4627491, -2.5793882 51.4627759)",,,,,,,,0.004512795923604484,0.9,#199750
114515396,footway,,,False,False,5.3,32.18679999999999,0.593,"LINESTRING (-2.5793882 51.4627759, -2.5793249 51.4627491)",,,,,,,,0.004512795923604484,0.9,#199750
1364006095,unclassified,,Newfoundland Road,False,True,39.12,32.33444587155963,4.356,"LINESTRING (-2.5793882 51.4627759, -2.5796845 51.4624764)",,,,,,,,0.005437944282295648,0.9,#199750
519432812,service,,,False,False,10.57,32.1868,1.182,"LINESTRING (-2.5892123 51.4594016, -2.589174 51.4594436, -2.589147 51.4594872)",,,,,,,,0.009157938047345986,0.8,#66bd63
3512235,unclassified,20 mph,The Horsefair,False,False,5.86,32.1868,0.655,"LINESTRING (-2.5906244 51.4582572, -2.5905499 51.4582821)",1,,,,,,,0.021069633438806534,0.5,#feffbe
3512235,unclassified,20 mph,The Horsefair,False,True,33.92,32.1868,3.794,"LINESTRING (-2.5906244 51.4582572, -2.5908011 51.4581919, -2.5910454 51.4581015)",1,,,,,,,0.018939705659312397,0.6,#d9ef8b
"[16198701, 124100375]",pedestrian,,The Arcade,False,True,91.6,32.1868,10.245,"LINESTRING (-2.5906244 51.4582572, -2.5905454 51.4581743, -2.5899842 51.4575365)",,,yes,,,,,0.01979791835800676,0.6,#d9ef8b
1019440527,service,,,False,False,6.96,32.1868,0.778,"LINESTRING (-2.5886249 51.4565061, -2.5886726 51.4565152, -2.5886734 51.4565467)",,,,,,,,0.007871538260637306,0.8,#66bd63
"[326498362, 217596269, 1248005678, 1248005679]","['footway', 'steps']",,,False,True,79.51,32.18679999999999,8.892,"LINESTRING (-2.5911335 51.4588197, -2.5908521 51.4586957, -2.5908773 51.4586677, -2.5907574 51.4586118, -2.590613 51.4584291, -2.5906231 51.4584252, -2.5906446 51.4584189, -2.5906028 51.4583569, -2.5905499 51.4582821)",,,,,,,,0.025813814297522625,0.4,#fee08b
326498364,footway,,,False,False,128.86,32.18679999999999,14.413,"LINESTRING (-2.5911335 51.4588197, -2.5916609 51.4583456, -2.5918714 51.4581708, -2.5919072 51.458101, -2.5918591 51.458045, -2.591757 51.4579964, -2.5915244 51.4579741)",,,,,,,,0.0138448518460083,0.7,#a5d86a
382882583,footway,,,False,True,30.63,32.18679999999999,3.426,"LINESTRING (-2.5911335 51.4588197, -2.5910206 51.4589089, -2.5909021 51.458952, -2.5907958 51.45899)",,,,,,,,0.01629932309286234,0.6,#d9ef8b
353946716,unclassified,,New Street,False,True,53.86,32.33444587155963,5.997,"LINESTRING (-2.5807172 51.4572429, -2.5813786 51.4574975)",,,,,,,,0.02179920598553734,0.5,#feffbe
824590055,unclassified,,Saint Matthias Park,False,True,17.22,32.33444587155963,1.918,"LINESTRING (-2.5807172 51.4572429, -2.5809583 51.4572052)",,,,,,,,0.01149054453741802,0.7,#a5d86a
"[824590056, 1347126807]",unclassified,,Saint Matthias Park,False,False,13.24,32.33444587155963,1.474,"LINESTRING (-2.5807172 51.4572429, -2.5805994 51.4572662, -2.5805373 51.4572826)",,,,,,,,0.010336673579148036,0.8,#66bd63
160234170,service,,,False,False,22.94,32.1868,2.566,"LINESTRING (-2.5796845 51.4624764, -2.5799636 51.4625874)",,,,,,,,0.005437944282295648,0.9,#199750
1364006095,unclassified,,Newfoundland Road,False,False,39.12,32.33444587155963,4.356,"LINESTRING (-2.5796845 51.4624764, -2.5793882 51.4627759)",,,,,,,,0.005437944282295648,0.9,#199750
"[4013288, 1364006095]",unclassified,,Newfoundland Road,False,True,125.98,32.33444587155963,14.026,"LINESTRING (-2.5796845 51.4624764, -2.5797481 51.4624144, -2.5803651 51.4617659, -2.580548 51.461617, -2.5806395 51.4615793, -2.5807185 51.461573)",,,,,,,,0.014097884395311646,0.7,#a5d86a
160234171,service,,,False,True,9.8,32.1868,1.097,"LINESTRING (-2.5800337 51.4625108, -2.5799636 51.4625874)",,,,,,parking_aisle,,0.0055495227951740346,0.9,#199750
160234170,service,,,False,True,22.94,32.1868,2.566,"LINESTRING (-2.5799636 51.4625874, -2.5796845 51.4624764)",,,,,,,,0.005437944282295648,0.9,#199750
160234171,service,,,False,False,9.8,32.1868,1.097,"LINESTRING (-2.5799636 51.4625874, -2.5800337 51.4625108)",,,,,,parking_aisle,,0.0055495227951740346,0.9,#199750
160234171,service,,,False,True,48.74,32.1868,5.451,"LINESTRING (-2.5799636 51.4625874, -2.5796152 51.4629682)",,,,,,parking_aisle,,0.005272925730943435,0.9,#199750
160234171,service,,,False,False,48.74,32.1868,5.451,"LINESTRING (-2.5796152 51.4629682, -2.5799636 51.4625874)",,,,,,parking_aisle,,0.005272925730943435,0.9,#199750
186144152,footway,,,False,False,43.76,32.18679999999999,4.894,"LINESTRING (-2.5853622 51.4606892, -2.5853095 51.4607043, -2.5852804 51.4607152, -2.5852522 51.4607281, -2.5852257 51.4607444, -2.5852093 51.4607595, -2.5851956 51.4607739, -2.5851828 51.4607971, -2.5851727 51.4608213, -2.5851647 51.4608476, -2.5851609 51.4608741, -2.5851597 51.4609141, -2.5851648 51.4609557, -2.5851771 51.4609912, -2.5851946 51.4610248)",,,,,,,,0.017463746395186573,0.6,#d9ef8b
186144152,footway,,,False,True,47.55,32.18679999999999,5.318,"LINESTRING (-2.5853622 51.4606892, -2.5854161 51.4606818, -2.5854721 51.4606766, -2.585502 51.4606755, -2.5855402 51.4606751, -2.5855848 51.4606778, -2.585621 51.4606843, -2.5856512 51.460692, -2.5856946 51.4607072, -2.5857357 51.4607248, -2.5857655 51.4607434, -2.5858025 51.4607733, -2.5858409 51.4608136, -2.5858728 51.4608549, -2.5858885 51.4608778)",,,,,,,,0.05782713776792144,0.0,#a50026
377770966,footway,,,False,False,7.15,32.18679999999999,0.8,"LINESTRING (-2.5853622 51.4606892, -2.5853334 51.460652, -2.5853154 51.4606319)",,,,,,,,0.017463746395186573,0.6,#d9ef8b
186144151,footway,,,False,False,10.01,32.18679999999999,1.119,"LINESTRING (-2.5858885 51.4608778, -2.5859462 51.4608579, -2.5860178 51.4608379)",,,,,,,,0.11353369282712328,0.0,#a50026
186144152,footway,,,False,False,47.55,32.18679999999999,5.318,"LINESTRING (-2.5858885 51.4608778, -2.5858728 51.4608549, -2.5858409 51.4608136, -2.5858025 51.4607733, -2.5857655 51.4607434, -2.5857357 51.4607248, -2.5856946 51.4607072, -2.5856512 51.460692, -2.585621 51.4606843, -2.5855848 51.4606778, -2.5855402 51.4606751, -2.585502 51.4606755, -2.5854721 51.4606766, -2.5854161 51.4606818, -2.5853622 51.4606892)",,,,,,,,0.05782713776792144,0.0,#a50026
186144152,footway,,,False,True,49.1,32.18679999999999,5.492,"LINESTRING (-2.5858885 51.4608778, -2.5859027 51.4609011, -2.5859264 51.4609577, -2.5859402 51.4610156, -2.5859415 51.4610434, -2.5859354 51.4610758, -2.5859271 51.4611052, -2.5859117 51.4611345, -2.5858844 51.461161, -2.5858497 51.4611856, -2.5858304 51.4611972, -2.5858065 51.461208, -2.5857688 51.4612217, -2.5857264 51.4612354, -2.5856942 51.461245)",,,,,,,,0.05959817003157128,0.0,#a50026
186144152,footway,,,False,False,47.34,32.18679999999999,5.295,"LINESTRING (-2.5851946 51.4610248, -2.5852438 51.4610974, -2.5852854 51.461138, -2.5853372 51.461176, -2.5854181 51.4612198, -2.585442 51.4612308, -2.5854659 51.4612406, -2.5854868 51.4612466, -2.5855116 51.4612512, -2.5855591 51.4612554, -2.5856047 51.4612558, -2.5856495 51.4612531, -2.5856942 51.461245)",,,,,,,,0.02025056511432816,0.6,#d9ef8b
186144152,footway,,,False,True,43.76,32.18679999999999,4.894,"LINESTRING (-2.5851946 51.4610248, -2.5851771 51.4609912, -2.5851648 51.4609557, -2.5851597 51.4609141, -2.5851609 51.4608741, -2.5851647 51.4608476, -2.5851727 51.4608213, -2.5851828 51.4607971, -2.5851956 51.4607739, -2.5852093 51.4607595, -2.5852257 51.4607444, -2.5852522 51.4607281, -2.5852804 51.4607152, -2.5853095 51.4607043, -2.5853622 51.4606892)",,,,,,,,0.017463746395186573,0.6,#d9ef8b
377770965,footway,,,False,False,10.94,32.18679999999999,1.223,"LINESTRING (-2.5851946 51.4610248, -2.58515 51.4610367, -2.5850493 51.4610633)",,,,,,,,0.014735885383188303,0.7,#a5d86a
186144152,footway,,,False,False,49.1,32.18679999999999,5.492,"LINESTRING (-2.5856942 51.461245, -2.5857264 51.4612354, -2.5857688 51.4612217, -2.5858065 51.461208, -2.5858304 51.4611972, -2.5858497 51.4611856, -2.5858844 51.461161, -2.5859117 51.4611345, -2.5859271 51.4611052, -2.5859354 51.4610758, -2.5859415 51.4610434, -2.5859402 51.4610156, -2.5859264 51.4609577, -2.5859027 51.4609011, -2.5858885 51.4608778)",,,,,,,,0.05959817003157128,0.0,#a50026
186144152,footway,,,False,True,47.34,32.18679999999999,5.295,"LINESTRING (-2.5856942 51.461245, -2.5856495 51.4612531, -2.5856047 51.4612558, -2.5855591 51.4612554, -2.5855116 51.4612512, -2.5854868 51.4612466, -2.5854659 51.4612406, -2.585442 51.4612308, -2.5854181 51.4612198, -2.5853372 51.461176, -2.5852854 51.461138, -2.5852438 51.4610974, -2.5851946 51.4610248)",,,,,,,,0.02025056511432816,0.6,#d9ef8b
377770964,footway,,,False,True,9.64,32.18679999999999,1.078,"LINESTRING (-2.5856942 51.461245, -2.5857148 51.4612738, -2.5857532 51.4613235)",,,,,,,,0.02025056511432816,0.6,#d9ef8b
40554731,footway,,,False,False,83.57,32.18679999999999,9.347,"LINESTRING (-2.584674 51.4577391, -2.5846005 51.457839, -2.5844142 51.4580538, -2.5842546 51.458266, -2.5841286 51.458409)",,,,,,,,0.026174382354398763,0.4,#fee08b
40554731,footway,,,False,True,50.22,32.18679999999999,5.617,"LINESTRING (-2.584674 51.4577391, -2.5847592 51.4576005, -2.5848336 51.4575075, -2.5848387 51.4574746, -2.5848715 51.4574347, -2.5849235 51.4573899, -2.5849638 51.4573287)",,,,,,,,0.012543172896302806,0.7,#a5d86a
192224369,pedestrian,,Hollister Street,False,False,56.74,32.1868,6.346,"LINESTRING (-2.584674 51.4577391, -2.5847076 51.45775, -2.5852821 51.4579368, -2.5854145 51.4579288)",,permissive,,,,,,0.012543172896302806,0.7,#a5d86a
193799343,footway,,,False,True,7.15,32.18679999999999,0.8,"LINESTRING (-2.5920071 51.4579067, -2.5919169 51.4578754)",,,,,,,,0.00809296619881289,0.8,#66bd63
22988906,pedestrian,,Hanover Court,False,False,5.9,32.1868,0.66,"LINESTRING (-2.5871231 51.4587639, -2.5870757 51.458808)",,,,,,,,0.005421393876246592,0.9,#199750
3512235,unclassified,20 mph,The Horsefair,False,False,59.48,32.1868,6.652,"LINESTRING (-2.5871231 51.4587639, -2.5870329 51.4587086, -2.5869547 51.4586169, -2.5868182 51.4584249, -2.5867257 51.4582949)",1,,,,,,,0.0052800529916918314,0.9,#199750
3512235,unclassified,20 mph,The Horsefair,False,True,107.74,32.1868,12.05,"LINESTRING (-2.5871231 51.4587639, -2.5872102 51.4587988, -2.5874252 51.4588242, -2.5876383 51.4588345, -2.5881518 51.4588176, -2.5885084 51.458809, -2.5886556 51.4588173)",1,,,,,,,0.009284623222728891,0.8,#66bd63
194003840,service,,Whippington Court,False,False,10.84,32.1868,1.212,"LINESTRING (-2.5912675 51.4576164, -2.591126 51.4576579)",,,,,,,,0.014822302145754897,0.7,#a5d86a
194003838,service,,Whippington Court,False,True,42.84,32.1868,4.792,"LINESTRING (-2.591126 51.4576579, -2.5913606 51.4580144)",,,,,,,,0.014822302145754897,0.7,#a5d86a
194003840,service,,Whippington Court,False,False,5.79,32.1868,0.648,"LINESTRING (-2.591126 51.4576579, -2.5910488 51.4576779)",,,,,,,,0.015104582528675902,0.7,#a5d86a
194003840,service,,Whippington Court,False,True,10.84,32.1868,1.212,"LINESTRING (-2.591126 51.4576579, -2.5912675 51.4576164)",,,,,,,,0.014822302145754897,0.7,#a5d86a
246327890,pedestrian,,Champion Square,False,False,24.72,32.1868,2.765,"LINESTRING (-2.5833648 51.4577068, -2.5832342 51.4579137)",,,,,,,,0.02473143293464929,0.5,#feffbe
246327890,pedestrian,,Champion Square,False,True,22.52,32.1868,2.518,"LINESTRING (-2.5833648 51.4577068, -2.5836594 51.4577923)",,,,,,,,0.02620619867265015,0.4,#fee08b
"[1413912986, 194003839]","['unclassified', 'pedestrian']",,Champion Square,False,False,19.15,32.33444587155963,2.132,"LINESTRING (-2.5833648 51.4577068, -2.5831371 51.4576404, -2.5831137 51.457635)",,,,,,,,0.018951618034024686,0.6,#d9ef8b
194003840,service,,Whippington Court,False,True,5.79,32.1868,0.648,"LINESTRING (-2.5910488 51.4576779, -2.591126 51.4576579)",,,,,,,,0.015104582528675902,0.7,#a5d86a
3512235,unclassified,20 mph,The Horsefair,False,True,12.2,32.1868,1.365,"LINESTRING (-2.5913606 51.4580144, -2.5915244 51.4579741)",1,,,,,,,0.009229880588529903,0.8,#66bd63
194003838,service,,Whippington Court,False,False,42.84,32.1868,4.792,"LINESTRING (-2.5913606 51.4580144, -2.591126 51.4576579)",,,,,,,,0.014822302145754897,0.7,#a5d86a
3512235,unclassified,20 mph,The Horsefair,False,False,23.89,32.1868,2.672,"LINESTRING (-2.5913606 51.4580144, -2.5912987 51.4580315, -2.5910454 51.4581015)",1,,,,,,,0.011702559167627004,0.7,#a5d86a
40554731,footway,,,False,False,8.19,32.18679999999999,0.916,"LINESTRING (-2.5841286 51.458409, -2.5840801 51.4584762)",,,,,,,,0.026174382354398763,0.4,#fee08b
40554731,footway,,,False,True,83.57,32.18679999999999,9.347,"LINESTRING (-2.5841286 51.458409, -2.5842546 51.458266, -2.5844142 51.4580538, -2.5846005 51.457839, -2.584674 51.4577391)",,,,,,,,0.026174382354398763,0.4,#fee08b
"[1413912968, 1413912967]",footway,,,False,False,7.67,32.18679999999999,0.858,"LINESTRING (-2.5841286 51.458409, -2.5841144 51.4584042, -2.5840314 51.458376)",,,,,,,,0.03276222971714119,0.3,#fdad60
207653242,footway,,,False,False,4.1,32.18679999999999,0.459,"LINESTRING (-2.5870988 51.4595231, -2.5870399 51.4595192)",,,,,,,,0.009529390363958681,0.8,#66bd63
207653242,footway,,,False,True,5.48,32.18679999999999,0.613,"LINESTRING (-2.5870988 51.4595231, -2.5871779 51.4595251)",,,,,,,,0.009531830971591097,0.8,#66bd63
207653240,footway,,,False,True,46.48,32.18679999999999,5.199,"LINESTRING (-2.5870988 51.4595231, -2.5866151 51.4596058, -2.5864477 51.4596216)",,,,,,,,0.009933840677626211,0.8,#66bd63
207653242,footway,,,False,False,5.48,32.18679999999999,0.613,"LINESTRING (-2.5871779 51.4595251, -2.5870988 51.4595231)",,,,,,,,0.009531830971591099,0.8,#66bd63
207653242,footway,,,False,True,62.65,32.18679999999999,7.007,"LINESTRING (-2.5871779 51.4595251, -2.5880821 51.459523)",,,,,,,,0.009527531811717168,0.8,#66bd63
"[26792457, 525442076]","['footway', 'residential']",20 mph,Gloucester Street,False,False,19.64,32.1868,2.197,"LINESTRING (-2.5871779 51.4595251, -2.5872245 51.4596439, -2.5872472 51.4596964)",,,,,,,,0.011558575973349377,0.7,#a5d86a
207653242,footway,,,False,False,19.62,32.18679999999999,2.194,"LINESTRING (-2.585414 51.4593946, -2.5853893 51.4593981, -2.5851723 51.4594528, -2.5851507 51.4594589)",,,,,,,,0.006218374629331207,0.8,#66bd63
207653242,footway,,,False,True,77.22,32.18679999999999,8.637,"LINESTRING (-2.585414 51.4593946, -2.5855455 51.459376, -2.5856873 51.4593592, -2.5858006 51.4593571, -2.5859217 51.459363, -2.5861457 51.4593852, -2.5862624 51.4594086, -2.586501 51.4594575)",,,,,,,,0.008430147328716053,0.8,#66bd63
207653247,footway,,,False,False,21.41,32.18679999999999,2.394,"LINESTRING (-2.585414 51.4593946, -2.585447 51.4594441, -2.5855777 51.4594729, -2.5856541 51.4594507)",,,,,,,,0.006875292868506788,0.8,#66bd63
207653247,footway,,,False,True,21.41,32.18679999999999,2.394,"LINESTRING (-2.5856541 51.4594507, -2.5855777 51.4594729, -2.585447 51.4594441, -2.585414 51.4593946)",,,,,,,,0.006875292868506788,0.8,#66bd63
622811019,steps,,,False,True,18.62,34.8410028201237,1.924,"LINESTRING (-2.5864477 51.4596216, -2.586501 51.4594575)",,,,,,,,0.009788492498897914,0.8,#66bd63
207653240,footway,,,False,False,46.48,32.18679999999999,5.199,"LINESTRING (-2.5864477 51.4596216, -2.5866151 51.4596058, -2.5870988 51.4595231)",,,,,,,,0.009933840677626211,0.8,#66bd63
207653249,footway,,,False,False,17.22,32.18679999999999,1.926,"LINESTRING (-2.5864477 51.4596216, -2.5862649 51.4596519, -2.5862775 51.4596881)",,,,,,,,0.010010096290057634,0.8,#66bd63
25874409,residential,20 mph,Pritchard Street,False,True,35.77,32.1868,4.001,"LINESTRING (-2.5854667 51.4600774, -2.5856936 51.4603664)",,,,,,,,0.015659836678929784,0.7,#a5d86a
26230244,residential,20 mph,Norfolk Avenue,False,True,31.08,32.1868,3.476,"LINESTRING (-2.5854667 51.4600774, -2.5850581 51.4601928)",,,,,,,,0.01003597725461829,0.8,#66bd63
382880572,residential,20 mph,Pritchard Street,False,False,71.86,32.1868,8.037,"LINESTRING (-2.5854667 51.4600774, -2.5850655 51.4595361, -2.5850318 51.4594907)",,,,,,,,0.01003597725461829,0.8,#66bd63
"[671082507, 671082510]",service,,,False,False,29.36,32.1868,3.284,"LINESTRING (-2.5854667 51.4600774, -2.5857181 51.4600104, -2.585855 51.4599717)",,,,,,,,0.010627306039335083,0.8,#66bd63
622811019,steps,,,False,False,18.62,34.8410028201237,1.924,"LINESTRING (-2.586501 51.4594575, -2.5864477 51.4596216)",,,,,,,,0.009788492498897914,0.8,#66bd63
207653242,footway,,,False,False,77.22,32.18679999999999,8.637,"LINESTRING (-2.586501 51.4594575, -2.5862624 51.4594086, -2.5861457 51.4593852, -2.5859217 51.459363, -2.5858006 51.4593571, -2.5856873 51.4593592, -2.5855455 51.459376, -2.585414 51.4593946)",,,,,,,,0.008430147328716053,0.8,#66bd63
207653242,footway,,,False,True,38.05,32.18679999999999,4.256,"LINESTRING (-2.586501 51.4594575, -2.5865758 51.4594729, -2.5868688 51.4595079, -2.5870399 51.4595192)",,,,,,,,0.009489446390062644,0.8,#66bd63
207653242,footway,,,False,True,8.96,32.18679999999999,1.003,"LINESTRING (-2.5850318 51.4594907, -2.5851507 51.4594589)",,,,,,,,0.006126979360715804,0.8,#66bd63
382880571,footway,,,False,True,60.13,32.18679999999999,6.726,"LINESTRING (-2.5850318 51.4594907, -2.5842825 51.4597636)",,,,,,,,0.006518508396286204,0.8,#66bd63
382880572,residential,20 mph,Pritchard Street,False,False,8.12,32.1868,0.909,"LINESTRING (-2.5850318 51.4594907, -2.5849869 51.4594232)",,,,,,,,0.0064078263220434676,0.8,#66bd63
382880572,residential,20 mph,Pritchard Street,False,True,71.86,32.1868,8.037,"LINESTRING (-2.5850318 51.4594907, -2.5850655 51.4595361, -2.5854667 51.4600774)",,,,,,,,0.01003597725461829,0.8,#66bd63
207653249,footway,,,False,True,17.22,32.18679999999999,1.926,"LINESTRING (-2.5862775 51.4596881, -2.5862649 51.4596519, -2.5864477 51.4596216)",,,,,,,,0.010010096290057634,0.8,#66bd63
207653452,service,,,False,True,26.73,32.1868,2.989,"LINESTRING (-2.5868746 51.4597587, -2.5872472 51.4596964)",,,,,,,,0.012511941757446878,0.7,#a5d86a
26230244,residential,20 mph,Norfolk Avenue,False,False,14.18,32.1868,1.586,"LINESTRING (-2.5848717 51.4602454, -2.5850581 51.4601928)",,,,,,,,0.009427861966388581,0.8,#66bd63
26230244,residential,20 mph,Norfolk Avenue,False,True,27.24,32.1868,3.046,"LINESTRING (-2.5848717 51.4602454, -2.5845136 51.4603465)",,,,,,,,0.008942562231089534,0.8,#66bd63
671082499,service,,,False,True,5.14,32.1868,0.575,"LINESTRING (-2.5848717 51.4602454, -2.5848411 51.4602033)",,,,,,parking_aisle,,0.008942562231089534,0.8,#66bd63
26230244,residential,20 mph,Norfolk Avenue,False,False,31.08,32.1868,3.476,"LINESTRING (-2.5850581 51.4601928, -2.5854667 51.4600774)",,,,,,,,0.01003597725461829,0.8,#66bd63
26230244,residential,20 mph,Norfolk Avenue,False,True,14.18,32.1868,1.586,"LINESTRING (-2.5850581 51.4601928, -2.5848717 51.4602454)",,,,,,,,0.009427861966388581,0.8,#66bd63
671082497,service,,,False,True,4.08,32.1868,0.456,"LINESTRING (-2.5850581 51.4601928, -2.5850338 51.4601594)",,,,,,parking_aisle,,0.009427861966388581,0.8,#66bd63
"[471301377, 217596271]",footway,,,False,True,12.18,32.18679999999999,1.363,"LINESTRING (-2.5904083 51.4582058, -2.5904323 51.4582335, -2.5904907 51.4583026)",,,building_passage,,,,,0.023118935213140675,0.5,#feffbe
72343221,footway,,,False,False,42.0,32.18679999999999,4.697,"LINESTRING (-2.5829173 51.4631617, -2.5824974 51.4634341)",,,,,,,,0.0034060032043855713,0.9,#199750
72343221,footway,,,False,True,20.77,32.18679999999999,2.323,"LINESTRING (-2.5829173 51.4631617, -2.5827016 51.463032)",,,,,,,,0.0036574474803843216,0.9,#199750
235292826,footway,,,False,False,11.02,32.18679999999999,1.233,"LINESTRING (-2.5829173 51.4631617, -2.5829857 51.4631533, -2.5830433 51.4631107)",,,,,,,,0.0034060032043855713,0.9,#199750
72343229,footway,,,False,True,41.49,32.18679999999999,4.641,"LINESTRING (-2.5813233 51.4637959, -2.5809042 51.4640625)",,,,,,,,0.0031109427479171377,0.9,#199750
235292522,footway,,,False,False,5.24,32.18679999999999,0.586,"LINESTRING (-2.5813233 51.4637959, -2.5813795 51.4638274)",,,,,,,,0.0031109427479171377,0.9,#199750
72343229,footway,,,False,False,24.99,32.18679999999999,2.795,"LINESTRING (-2.5813233 51.4637959, -2.5814142 51.4637426, -2.5815839 51.4636405)",,,,,,,,0.0032500647668770193,0.9,#199750
72343234,footway,,,False,False,33.82,32.18679999999999,3.783,"LINESTRING (-2.5830433 51.4631107, -2.582818 51.4629628, -2.5827016 51.463032)",,,,,,,,0.0036857166463208565,0.9,#199750
72343234,footway,,,False,True,23.6,32.18679999999999,2.64,"LINESTRING (-2.5830433 51.4631107, -2.5831372 51.463165, -2.5832183 51.4631801, -2.5833018 51.4632405)",,,,,,,,0.003404528469614024,0.9,#199750
235292826,footway,,,False,True,11.02,32.18679999999999,1.233,"LINESTRING (-2.5830433 51.4631107, -2.5829857 51.4631533, -2.5829173 51.4631617)",,,,,,,,0.0034060032043855713,0.9,#199750
72343221,footway,,,False,False,20.77,32.18679999999999,2.323,"LINESTRING (-2.5827016 51.463032, -2.5829173 51.4631617)",,,,,,,,0.0036574474803843216,0.9,#199750
72343221,footway,,,False,True,8.14,32.18679999999999,0.911,"LINESTRING (-2.5827016 51.463032, -2.5826171 51.4629811)",,,,,,,,0.003766125477344999,0.9,#199750
72343234,footway,,,False,True,33.82,32.18679999999999,3.783,"LINESTRING (-2.5827016 51.463032, -2.582818 51.4629628, -2.5830433 51.4631107)",,,,,,,,0.0036857166463208565,0.9,#199750
72343233,residential,20 mph,Halston Drive,False,True,62.08,32.1868,6.944,"LINESTRING (-2.582288 51.4626297, -2.5817001 51.4630511)",,,,,,,,0.004540251470597361,0.9,#199750
"[72343233, 235292828]","['footway', 'residential']",20 mph,Halston Drive,False,"[False, True]",46.97,32.1868,5.253,"LINESTRING (-2.582288 51.4626297, -2.5824424 51.4627232, -2.5825471 51.4627151, -2.5826551 51.4627794, -2.582708 51.4627836, -2.5828128 51.4628543)",,,,,,,,0.004540251470597361,0.9,#199750
72343252,footway,,,False,False,67.97,32.18679999999999,7.603,"LINESTRING (-2.582288 51.4626297, -2.5822223 51.4625959, -2.5824396 51.462448, -2.5825274 51.4624118, -2.582681 51.4623753, -2.5828086 51.4623541, -2.58298 51.4623657)",,,,,,,,0.004775955617760588,0.9,#199750
72343224,unclassified,20 mph,Prince's Street,False,False,19.77,32.1868,2.212,"LINESTRING (-2.5832418 51.4623001, -2.5831617 51.4623072, -2.58298 51.4623657)",,,,,,,,0.004402045358332514,0.9,#199750
72343224,unclassified,20 mph,Prince's Street,False,True,34.82,32.1868,3.895,"LINESTRING (-2.5832418 51.4623001, -2.5833076 51.4623267, -2.5836041 51.4625157)",,,,,,,,0.004247779735610528,0.9,#199750
235295064,footway,,,False,True,90.82,32.18679999999999,10.158,"LINESTRING (-2.5832418 51.4623001, -2.5832579 51.4622, -2.5834811 51.4619027, -2.5840492 51.4617438)",,,,,,,,0.005744730601374316,0.9,#199750
72343252,footway,,,False,False,19.56,32.18679999999999,2.188,"LINESTRING (-2.5828128 51.4628543, -2.5826171 51.4629811)",,,,,,,,0.003828753272936121,0.9,#199750
72343252,footway,,,False,True,10.71,32.18679999999999,1.198,"LINESTRING (-2.5828128 51.4628543, -2.58292 51.4627849)",,,,,,,,0.0038549475084091183,0.9,#199750
"[72343233, 235292828]","['footway', 'residential']",20 mph,Halston Drive,False,"[False, True]",46.97,32.1868,5.253,"LINESTRING (-2.5828128 51.4628543, -2.582708 51.4627836, -2.5826551 51.4627794, -2.5825471 51.4627151, -2.5824424 51.4627232, -2.582288 51.4626297)",,,,,,,,0.004540251470597361,0.9,#199750
69892594,residential,20 mph,Burnell Drive,False,False,43.03,32.1868,4.812,"LINESTRING (-2.5837445 51.4631549, -2.5841821 51.4628803)",,,,,,,,0.003870063819626661,0.9,#199750
69892594,residential,20 mph,Burnell Drive,False,True,29.54,32.1868,3.304,"LINESTRING (-2.5837445 51.4631549, -2.5835227 51.4632941, -2.583444 51.4633434)",,,,,,,,0.003326448610950104,0.9,#199750
235295057,footway,,,False,True,17.35,32.18679999999999,1.941,"LINESTRING (-2.5837445 51.4631549, -2.5836522 51.4630898, -2.5835771 51.4631408)",,,,,,,,0.003351339283250463,0.9,#199750
235295055,footway,,,False,False,55.72,32.18679999999999,6.232,"LINESTRING (-2.584224 51.4611616, -2.584964 51.4609654)",,,,,,,,0.012160098929774028,0.7,#a5d86a
"[235295043, 625159261]","['footway', 'residential']",20 mph,Lemon Lane,False,False,42.53,32.1868,4.757,"LINESTRING (-2.584224 51.4611616, -2.5841618 51.4610736, -2.58397 51.4608134)",,,,,,,,0.007301967942931844,0.8,#66bd63
235295043,footway,,,False,True,47.48,32.18679999999999,5.31,"LINESTRING (-2.584224 51.4611616, -2.5841739 51.4612692, -2.5841363 51.4613385, -2.5840974 51.461372, -2.5840599 51.4613995, -2.5840196 51.4614304, -2.583907 51.4614889, -2.5838657 51.4615099)",,,,,,,,0.007301967942931844,0.8,#66bd63
235295055,footway,,,False,True,51.5,32.18679999999999,5.76,"LINESTRING (-2.584224 51.4611616, -2.5841444 51.4611915, -2.5840666 51.4612299, -2.5839942 51.4612617, -2.5839352 51.4612867, -2.5838802 51.4613043, -2.5837635 51.4613377, -2.583675 51.4613603, -2.5835709 51.4613704)",,,,,,,,0.007301967942931844,0.8,#66bd63
72343252,footway,,,False,False,10.71,32.18679999999999,1.198,"LINESTRING (-2.58292 51.4627849, -2.5828128 51.4628543)",,,,,,,,0.0038549475084091183,0.9,#199750
72343252,footway,,,False,True,47.59,32.18679999999999,5.323,"LINESTRING (-2.58292 51.4627849, -2.5829435 51.4627697, -2.5829644 51.4627402, -2.582976 51.4624607, -2.58298 51.4623657)",,,,,,,,0.004402045358332514,0.9,#199750
235295038,footway,,,False,True,21.36,32.18679999999999,2.389,"LINESTRING (-2.58292 51.4627849, -2.5830313 51.4628642, -2.583158 51.4629002)",,,,,,,,0.0038549475084091183,0.9,#199750
235295044,footway,,,False,False,12.08,32.18679999999999,1.351,"LINESTRING (-2.5834524 51.4627089, -2.5835751 51.4627861)",,,,,,,,0.0036404756768469862,0.9,#199750
235295047,footway,,,False,False,22.54,32.18679999999999,2.522,"LINESTRING (-2.5834524 51.4627089, -2.5836777 51.4625626)",,,,,,,,0.003966489244128727,0.9,#199750
235295047,footway,,,False,True,25.99,32.18679999999999,2.907,"LINESTRING (-2.5834524 51.4627089, -2.5831928 51.4628776)",,,,,,,,0.0036404756768469862,0.9,#199750
235295039,footway,,,False,False,15.5,32.18679999999999,1.733,"LINESTRING (-2.5835709 51.4613704, -2.583628 51.4613811, -2.5836924 51.4614179, -2.583738 51.4614563)",,,,,,,,0.0055791184155035865,0.9,#199750
235295039,footway,,,False,True,83.11,32.18679999999999,9.296,"LINESTRING (-2.5835709 51.4613704, -2.583455 51.4613552, -2.5833357 51.4613544, -2.5832458 51.4613669, -2.5831882 51.461387, -2.5831627 51.4614213, -2.583164 51.4614538, -2.5831868 51.4614923, -2.5832338 51.4615257, -2.5833256 51.4615577, -2.5834242 51.461575, -2.5835489 51.46158, -2.5836535 51.4615708, -2.5837072 51.4615491, -2.5837394 51.461524)",,,,,,,,0.005516688635342281,0.9,#199750
235295055,footway,,,False,False,51.5,32.18679999999999,5.76,"LINESTRING (-2.5835709 51.4613704, -2.583675 51.4613603, -2.5837635 51.4613377, -2.5838802 51.4613043, -2.5839352 51.4612867, -2.5839942 51.4612617, -2.5840666 51.4612299, -2.5841444 51.4611915, -2.584224 51.4611616)",,,,,,,,0.007301967942931844,0.8,#66bd63
69892596,residential,20 mph,Beggarswell Close,False,False,22.34,32.1868,2.499,"LINESTRING (-2.5835751 51.4627861, -2.5838013 51.4626429)",,,,,,,,0.003953135003379371,0.9,#199750
235295044,footway,,,False,True,12.08,32.18679999999999,1.351,"LINESTRING (-2.5835751 51.4627861, -2.5834524 51.4627089)",,,,,,,,0.0036404756768469862,0.9,#199750
"[348569491, 69892596]","['footway', 'residential']",20 mph,Beggarswell Close,False,True,38.96,32.1868,4.357,"LINESTRING (-2.5835751 51.4627861, -2.5833004 51.4629601, -2.5831928 51.4628776)",,,,,,,,0.003632508669685095,0.9,#199750
235295051,footway,,,False,False,48.84,32.18679999999999,5.463,"LINESTRING (-2.5827985 51.4635481, -2.5833018 51.4632405)",,,,,,,,0.0031657344322089374,0.9,#199750
564463032,footway,,,False,False,6.82,32.18679999999999,0.762,"LINESTRING (-2.5827985 51.4635481, -2.5827174 51.4635828)",,,,,,,,0.0030605228746530665,0.9,#199750
"[564463032, 564463033]","['footway', 'residential']",20 mph,Burnell Drive,False,True,20.11,32.1868,2.249,"LINESTRING (-2.5827985 51.4635481, -2.5829217 51.4635215, -2.5830332 51.4635929)",,,,,,,,0.0030605228746530665,0.9,#199750
72343221,footway,,,False,False,6.34,32.18679999999999,0.709,"LINESTRING (-2.5824974 51.4634341, -2.582409 51.4634488)",,,,,,,,0.0032775640636237193,0.9,#199750
72343221,footway,,,False,True,42.0,32.18679999999999,4.697,"LINESTRING (-2.5824974 51.4634341, -2.5829173 51.4631617)",,,,,,,,0.0034060032043855713,0.9,#199750
235295049,footway,,,False,False,22.49,32.18679999999999,2.515,"LINESTRING (-2.5824974 51.4634341, -2.5827174 51.4635828)",,,,,,,,0.003266427906643752,0.9,#199750
235295039,footway,,,False,False,7.73,32.18679999999999,0.865,"LINESTRING (-2.583738 51.4614563, -2.5837514 51.4614898, -2.5837394 51.461524)",,,,,,,,0.0055791184155035865,0.9,#199750
235295039,footway,,,False,True,15.5,32.18679999999999,1.733,"LINESTRING (-2.583738 51.4614563, -2.5836924 51.4614179, -2.583628 51.4613811, -2.5835709 51.4613704)",,,,,,,,0.0055791184155035865,0.9,#199750
235295042,footway,,,False,False,11.05,32.18679999999999,1.235,"LINESTRING (-2.583738 51.4614563, -2.5837903 51.4614772, -2.5838466 51.4614898, -2.5838657 51.4615099)",,,,,,,,0.005766231516354774,0.9,#199750
72343224,unclassified,20 mph,Prince's Street,False,False,7.29,32.1868,0.816,"LINESTRING (-2.5836777 51.4625626, -2.5836041 51.4625157)",,,,,,,,0.003968787686964601,0.9,#199750
72343224,unclassified,20 mph,Prince's Street,False,True,12.37,32.1868,1.384,"LINESTRING (-2.5836777 51.4625626, -2.5838013 51.4626429)",,,,,,,,0.003966489244128727,0.9,#199750
235295047,footway,,,False,True,22.54,32.18679999999999,2.522,"LINESTRING (-2.5836777 51.4625626, -2.5834524 51.4627089)",,,,,,,,0.003966489244128727,0.9,#199750
72343257,residential,20 mph,Ludlow Close,False,False,47.73,32.1868,5.338,"LINESTRING (-2.5826089 51.4637696, -2.5825161 51.4638311, -2.5821237 51.4640743)",,,,,,,,0.002912401484160175,0.9,#199750
"[69892598, 564463030]","['footway', 'residential']",20 mph,Ludlow Close,False,"[False, True]",59.36,32.1868,6.639,"LINESTRING (-2.5826089 51.4637696, -2.5828905 51.4639415, -2.5832225 51.4637408)",,,,,,,,0.002912401484160175,0.9,#199750
"[235295049, 564463030]","['footway', 'residential']",20 mph,Ludlow Close,False,True,30.06,32.1868,3.362,"LINESTRING (-2.5826089 51.4637696, -2.5825068 51.4637081, -2.5825877 51.4636516, -2.5827174 51.4635828)",,,,,,,,0.003051986780315533,0.9,#199750
235295043,footway,,,False,False,1.76,32.18679999999999,0.197,"LINESTRING (-2.5838462 51.4615201, -2.5838657 51.4615099)",,,,,,,,0.005766231516354774,0.9,#199750
235295040,footway,,,False,False,28.62,32.18679999999999,3.201,"LINESTRING (-2.5838462 51.4615201, -2.5839258 51.4615942, -2.5840357 51.4617262, -2.5840492 51.4617438)",,,,,,,,0.005762238740077226,0.9,#199750
235295043,footway,,,False,True,7.71,32.18679999999999,0.862,"LINESTRING (-2.5838462 51.4615201, -2.5837957 51.4615315, -2.5837394 51.461524)",,,,,,,,0.00571010095411612,0.9,#199750
72343234,footway,,,False,True,5.49,32.18679999999999,0.614,"LINESTRING (-2.5833018 51.4632405, -2.5833536 51.4632779)",,,,,,,,0.0031657344322089374,0.9,#199750
235295051,footway,,,False,True,48.84,32.18679999999999,5.463,"LINESTRING (-2.5833018 51.4632405, -2.5827985 51.4635481)",,,,,,,,0.0031657344322089374,0.9,#199750
72343234,footway,,,False,False,23.6,32.18679999999999,2.64,"LINESTRING (-2.5833018 51.4632405, -2.5832183 51.4631801, -2.5831372 51.463165, -2.5830433 51.4631107)",,,,,,,,0.003404528469614024,0.9,#199750
235295043,footway,,,False,True,1.76,32.18679999999999,0.197,"LINESTRING (-2.5838657 51.4615099, -2.5838462 51.4615201)",,,,,,,,0.005766231516354774,0.9,#199750
235295042,footway,,,False,True,11.05,32.18679999999999,1.235,"LINESTRING (-2.5838657 51.4615099, -2.5838466 51.4614898, -2.5837903 51.4614772, -2.583738 51.4614563)",,,,,,,,0.005766231516354774,0.9,#199750
235295043,footway,,,False,False,47.48,32.18679999999999,5.31,"LINESTRING (-2.5838657 51.4615099, -2.583907 51.4614889, -2.5840196 51.4614304, -2.5840599 51.4613995, -2.5840974 51.461372, -2.5841363 51.4613385, -2.5841739 51.4612692, -2.584224 51.4611616)",,,,,,,,0.007301967942931844,0.8,#66bd63
72343234,footway,,,False,False,5.49,32.18679999999999,0.614,"LINESTRING (-2.5833536 51.4632779, -2.5833018 51.4632405)",,,,,,,,0.0031657344322089374,0.9,#199750
72343234,footway,,,False,True,9.61,32.18679999999999,1.074,"LINESTRING (-2.5833536 51.4632779, -2.583444 51.4633434)",,,,,,,,0.0031117553503474406,0.9,#199750
235295057,footway,,,False,False,21.73,32.18679999999999,2.43,"LINESTRING (-2.5833536 51.4632779, -2.5835771 51.4631408)",,,,,,,,0.0032674888694418473,0.9,#199750
235295039,footway,,,False,False,83.11,32.18679999999999,9.296,"LINESTRING (-2.5837394 51.461524, -2.5837072 51.4615491, -2.5836535 51.4615708, -2.5835489 51.46158, -2.5834242 51.461575, -2.5833256 51.4615577, -2.5832338 51.4615257, -2.5831868 51.4614923, -2.583164 51.4614538, -2.5831627 51.4614213, -2.5831882 51.461387, -2.5832458 51.4613669, -2.5833357 51.4613544, -2.583455 51.4613552, -2.5835709 51.4613704)",,,,,,,,0.005516688635342281,0.9,#199750
235295039,footway,,,False,True,7.73,32.18679999999999,0.865,"LINESTRING (-2.5837394 51.461524, -2.5837514 51.4614898, -2.583738 51.4614563)",,,,,,,,0.0055791184155035865,0.9,#199750
235295043,footway,,,False,False,7.71,32.18679999999999,0.862,"LINESTRING (-2.5837394 51.461524, -2.5837957 51.4615315, -2.5838462 51.4615201)",,,,,,,,0.00571010095411612,0.9,#199750
235295057,footway,,,False,True,21.73,32.18679999999999,2.43,"LINESTRING (-2.5835771 51.4631408, -2.5833536 51.4632779)",,,,,,,,0.0032674888694418473,0.9,#199750
235295038,footway,,,False,False,39.84,32.18679999999999,4.456,"LINESTRING (-2.5835771 51.4631408, -2.5835532 51.4631259, -2.5834752 51.4630823, -2.5833799 51.4630322, -2.5833303 51.4630205, -2.583158 51.4629002)",,,,,,,,0.003575116228055045,0.9,#199750
235295057,footway,,,False,False,17.35,32.18679999999999,1.941,"LINESTRING (-2.5835771 51.4631408, -2.5836522 51.4630898, -2.5837445 51.4631549)",,,,,,,,0.003351339283250463,0.9,#199750
235295047,footway,,,False,False,3.48,32.18679999999999,0.39,"LINESTRING (-2.583158 51.4629002, -2.5831928 51.4628776)",,,,,,,,0.0035805628862577593,0.9,#199750
235295038,footway,,,False,False,21.36,32.18679999999999,2.389,"LINESTRING (-2.583158 51.4629002, -2.5830313 51.4628642, -2.58292 51.4627849)",,,,,,,,0.0038549475084091183,0.9,#199750
235295038,footway,,,False,True,39.84,32.18679999999999,4.456,"LINESTRING (-2.583158 51.4629002, -2.5833303 51.4630205, -2.5833799 51.4630322, -2.5834752 51.4630823, -2.5835532 51.4631259, -2.5835771 51.4631408)",,,,,,,,0.003575116228055045,0.9,#199750
235295049,footway,,,False,True,22.49,32.18679999999999,2.515,"LINESTRING (-2.5827174 51.4635828, -2.5824974 51.4634341)",,,,,,,,0.003266427906643752,0.9,#199750
564463032,footway,,,False,True,6.82,32.18679999999999,0.762,"LINESTRING (-2.5827174 51.4635828, -2.5827985 51.4635481)",,,,,,,,0.0030605228746530665,0.9,#199750
"[235295049, 564463030]","['footway', 'residential']",20 mph,Ludlow Close,False,False,30.06,32.1868,3.362,"LINESTRING (-2.5827174 51.4635828, -2.5825877 51.4636516, -2.5825068 51.4637081, -2.5826089 51.4637696)",,,,,,,,0.003051986780315533,0.9,#199750
235295040,footway,,,False,False,31.89,32.18679999999999,3.567,"LINESTRING (-2.5840492 51.4617438, -2.5841873 51.4619477, -2.5842743 51.4619844)",,,,,,,,0.005744730601374316,0.9,#199750
235295040,footway,,,False,True,28.62,32.18679999999999,3.201,"LINESTRING (-2.5840492 51.4617438, -2.5840357 51.4617262, -2.5839258 51.4615942, -2.5838462 51.4615201)",,,,,,,,0.005762238740077226,0.9,#199750
235295064,footway,,,False,False,90.82,32.18679999999999,10.158,"LINESTRING (-2.5840492 51.4617438, -2.5834811 51.4619027, -2.5832579 51.4622, -2.5832418 51.4623001)",,,,,,,,0.005744730601374316,0.9,#199750
72343243,residential,20 mph,Portland Square,False,False,2.36,32.1868,0.264,"LINESTRING (-2.584964 51.4609654, -2.5849499 51.4609461)",,,,,,,,0.012160098929774028,0.7,#a5d86a
72343243,residential,20 mph,Portland Square,False,True,12.39,32.1868,1.385,"LINESTRING (-2.584964 51.4609654, -2.5850493 51.4610633)",,,,,,,,0.012698984210942113,0.7,#a5d86a
235295055,footway,,,False,True,55.72,32.18679999999999,6.232,"LINESTRING (-2.584964 51.4609654, -2.584224 51.4611616)",,,,,,,,0.012160098929774028,0.7,#a5d86a
72343243,residential,20 mph,Portland Square,False,False,14.43,32.1868,1.613,"LINESTRING (-2.5859193 51.4607236, -2.5860178 51.4608379)",,,,,,,,0.11353369282712328,0.0,#a50026
72343243,residential,20 mph,Portland Square,False,True,32.59,32.1868,3.645,"LINESTRING (-2.5859193 51.4607236, -2.5857702 51.4606461, -2.5856324 51.4605958, -2.5855161 51.4605919)",,,,,,,,0.04536393987796569,0.0,#a50026
235295638,residential,20 mph,Portland Square,False,True,37.69,32.1868,4.216,"LINESTRING (-2.5859193 51.4607236, -2.5857889 51.460489, -2.5857257 51.4604073)",,,,,,,,0.04536393987796569,0.0,#a50026
72343243,residential,20 mph,Portland Square,False,False,32.59,32.1868,3.645,"LINESTRING (-2.5855161 51.4605919, -2.5856324 51.4605958, -2.5857702 51.4606461, -2.5859193 51.4607236)",,,,,,,,0.04536393987796569,0.0,#a50026
72343243,residential,20 mph,Portland Square,False,True,14.73,32.1868,1.647,"LINESTRING (-2.5855161 51.4605919, -2.5854102 51.4606038, -2.5853154 51.4606319)",,,,,,,,0.018918840788184385,0.6,#d9ef8b
235295638,residential,20 mph,Portland Square,False,False,28.9,32.1868,3.233,"LINESTRING (-2.5855161 51.4605919, -2.5856206 51.4605596, -2.5856997 51.4605341, -2.5857246 51.4605115, -2.5857286 51.460484, -2.5857257 51.4604073)",,,,,,,,0.020834868972034664,0.5,#feffbe
4234843,unclassified,20 mph,Pritchard Street,False,True,5.06,32.1868,0.566,"LINESTRING (-2.5857257 51.4604073, -2.5856936 51.4603664)",,,,,,,,0.017008141998595083,0.6,#d9ef8b
235295638,residential,20 mph,Portland Square,False,False,37.69,32.1868,4.216,"LINESTRING (-2.5857257 51.4604073, -2.5857889 51.460489, -2.5859193 51.4607236)",,,,,,,,0.04536393987796569,0.0,#a50026
235295638,residential,20 mph,Portland Square,False,True,28.9,32.1868,3.233,"LINESTRING (-2.5857257 51.4604073, -2.5857286 51.460484, -2.5857246 51.4605115, -2.5856997 51.4605341, -2.5856206 51.4605596, -2.5855161 51.4605919)",,,,,,,,0.020834868972034664,0.5,#feffbe
43590865,unclassified,20 mph,Dean Street,False,True,6.86,32.1868,0.767,"LINESTRING (-2.5854163 51.4615582, -2.5854567 51.4616145)",,,,,,,,0.011293295233097893,0.7,#a5d86a
477207180,residential,20 mph,Portland Square,False,False,40.11,32.1868,4.486,"LINESTRING (-2.5854163 51.4615582, -2.585191 51.4612259)",,,,,,,,0.013040425050036523,0.7,#a5d86a
235296250,residential,20 mph,Portland Square,False,True,31.29,32.1868,3.5,"LINESTRING (-2.5854163 51.4615582, -2.5854257 51.4614918, -2.58546 51.4614396, -2.58557 51.4613853, -2.5856669 51.4613481)",,,,,,,,0.016832688147893918,0.6,#d9ef8b
72343243,residential,20 mph,Portland Square,False,True,6.57,32.1868,0.735,"LINESTRING (-2.5856669 51.4613481, -2.5857532 51.4613235)",,,,,,,,0.01861368118350035,0.6,#d9ef8b
72343243,residential,20 mph,Portland Square,False,False,37.09,32.1868,4.148,"LINESTRING (-2.5856669 51.4613481, -2.585501 51.461345, -2.5853082 51.4612932, -2.585191 51.4612259)",,,,,,,,0.016832688147893918,0.6,#d9ef8b
235296250,residential,20 mph,Portland Square,False,False,31.29,32.1868,3.5,"LINESTRING (-2.5856669 51.4613481, -2.58557 51.4613853, -2.58546 51.4614396, -2.5854257 51.4614918, -2.5854163 51.4615582)",,,,,,,,0.016832688147893918,0.6,#d9ef8b
108234587,trunk,30 mph,Bond Street,False,True,7.28,48.2802,0.543,"LINESTRING (-2.5841445 51.4595424, -2.5840459 51.459565)",2,,,,,,,0.007926838899134155,0.8,#66bd63
"[3527218, 108234587]",trunk,30 mph,"['Bond Street', 'Bond Street South']",False,"[False, True]",43.13,48.2802,3.216,"LINESTRING (-2.5841445 51.4595424, -2.5844447 51.4594665, -2.5843118 51.4594649, -2.58424 51.4594579, -2.5841847 51.459438, -2.5841639 51.4594253)","['3', '2']",,,A4044,,,,0.008547678385772233,0.8,#66bd63
"[1362339438, 1362339439]",footway,,,False,False,8.3,32.18679999999999,0.929,"LINESTRING (-2.5841445 51.4595424, -2.5841308 51.4595039, -2.5841133 51.4594704)",,,,,,,,0.008378825369294995,0.8,#66bd63
"[1362339437, 1362339438]",footway,,,False,True,8.53,32.18679999999999,0.954,"LINESTRING (-2.5841445 51.4595424, -2.5841525 51.4595647, -2.5841455 51.4596184)",,,,,,,,0.007853030073265715,0.8,#66bd63
"[1362339434, 1362339435]",footway,,,False,False,7.0,32.18679999999999,0.782,"LINESTRING (-2.5841133 51.4594704, -2.5840576 51.4594808, -2.5840166 51.4594885)",,,,,,,,0.00849604175459437,0.8,#66bd63
"[1362339440, 1362339439]",footway,,,False,False,6.12,32.18679999999999,0.685,"LINESTRING (-2.5841133 51.4594704, -2.5841411 51.4594444, -2.5841639 51.4594253)",,,,,,,,0.008547678385772233,0.8,#66bd63
"[1362339438, 1362339439]",footway,,,False,True,8.3,32.18679999999999,0.929,"LINESTRING (-2.5841133 51.4594704, -2.5841308 51.4595039, -2.5841445 51.4595424)",,,,,,,,0.008378825369294995,0.8,#66bd63
"[1362339440, 1266443935]",footway,,,False,True,9.57,32.18679999999999,1.07,"LINESTRING (-2.5842405 51.4593539, -2.5842124 51.4593846, -2.5841639 51.4594253)",,,,,,,,0.008795998072848128,0.8,#66bd63
"[1266443936, 235300629]",footway,,,False,False,35.76,32.18679999999999,4.0,"LINESTRING (-2.5842405 51.4593539, -2.5842735 51.4593705, -2.5843305 51.4593894, -2.5844137 51.4593887, -2.5844935 51.459378, -2.584579 51.4593526, -2.5846996 51.4592974)",,,,,,,,0.008795998072848128,0.8,#66bd63
"[1266443937, 1266443938, 1266443939, 40554731, 1266443933, 1266443934]",footway,,,False,True,103.43,32.18679999999999,11.568,"LINESTRING (-2.5842405 51.4593539, -2.5842187 51.4593375, -2.5840983 51.4592165, -2.5840294 51.4591144, -2.5839951 51.4590359, -2.5839542 51.4588392, -2.5839629 51.4587934, -2.5839685 51.458731, -2.5840369 51.4585147, -2.5840801 51.4584762)",,,,,,,,0.025774437599464527,0.4,#fee08b
24038082,unclassified,30 mph,Saint Paul Street,False,False,40.37,48.2802,3.01,"LINESTRING (-2.5841194 51.4598294, -2.5841586 51.4598819, -2.5843634 51.4601591)",,,,,,,,0.006840786423521638,0.8,#66bd63
"[24038082, 108234591]","['trunk', 'unclassified']",30 mph,"['Bond Street South', 'Saint Paul Street']",False,True,23.62,48.2802,1.761,"LINESTRING (-2.5841194 51.4598294, -2.5840666 51.4597591, -2.584071 51.4597003, -2.5840601 51.4596247)",,,,A4044,,,,0.007547017219530292,0.8,#66bd63
"[1362339427, 235300325]",footway,,,False,False,13.46,32.18679999999999,1.506,"LINESTRING (-2.5841194 51.4598294, -2.5841492 51.4598181, -2.5842825 51.4597636)",,,,,,,,0.006517916188555372,0.8,#66bd63
"[382869601, 235300325]",footway,,,False,"[False, True]",139.89,32.18679999999999,15.646,"LINESTRING (-2.5841194 51.4598294, -2.5840746 51.4598509, -2.5838363 51.4599626, -2.5826862 51.4604479, -2.5824556 51.4605417)",,,,,,,,0.007872571715851717,0.8,#66bd63
382880571,footway,,,False,False,60.13,32.18679999999999,6.726,"LINESTRING (-2.5842825 51.4597636, -2.5850318 51.4594907)",,,,,,,,0.006518508396286204,0.8,#66bd63
"[1362339427, 1362339436, 1362339437]",footway,,,False,False,19.23,32.18679999999999,2.151,"LINESTRING (-2.5842825 51.4597636, -2.5842605 51.4597475, -2.5842083 51.4596995, -2.5841459 51.4596465, -2.5841455 51.4596184)",,,,,,,,0.0074249216713223815,0.8,#66bd63
"[1362339427, 235300325]",footway,,,False,True,13.46,32.18679999999999,1.506,"LINESTRING (-2.5842825 51.4597636, -2.5841492 51.4598181, -2.5841194 51.4598294)",,,,,,,,0.006517916188555372,0.8,#66bd63
382882583,footway,,,False,False,63.89,32.18679999999999,7.146,"LINESTRING (-2.5891627 51.4592088, -2.5900846 51.4591941)",,,,,,,,0.015396979332715341,0.7,#a5d86a
235305015,footway,,,False,True,46.47,32.18679999999999,5.197,"LINESTRING (-2.5891627 51.4592088, -2.589155 51.4591123, -2.5890452 51.4588923, -2.5889848 51.4588096)",,,,,,,,0.011897183905952803,0.7,#a5d86a
382882583,footway,,,False,True,151.59,32.18679999999999,16.955,"LINESTRING (-2.5891627 51.4592088, -2.5882372 51.459222, -2.5874505 51.4592445, -2.5869765 51.4592277)",,,,,,,,0.010394227698704435,0.8,#66bd63
24239231,footway,,,False,False,11.48,32.18679999999999,1.284,"LINESTRING (-2.5874385 51.4611189, -2.5873958 51.4611441, -2.5873268 51.461195)",,,,,,,,0.014407184037762748,0.7,#a5d86a
24239231,footway,,,False,True,30.52,32.18679999999999,3.414,"LINESTRING (-2.5874385 51.4611189, -2.5875734 51.4610785, -2.5876665 51.4610638, -2.5878613 51.4610654)",,,,,,,,0.014483188460154457,0.7,#a5d86a
244182194,footway,,,False,True,9.64,32.18679999999999,1.078,"LINESTRING (-2.5874385 51.4611189, -2.5873805 51.4611144, -2.5873403 51.4611043, -2.5873054 51.461096)",,,,,,,,0.015541063870013595,0.7,#a5d86a
244182194,footway,,,False,False,9.64,32.18679999999999,1.078,"LINESTRING (-2.5873054 51.461096, -2.5873403 51.4611043, -2.5873805 51.4611144, -2.5874385 51.4611189)",,,,,,,,0.015541063870013595,0.7,#a5d86a
244182195,footway,,,False,False,11.11,32.18679999999999,1.243,"LINESTRING (-2.5873054 51.461096, -2.5873161 51.4611361, -2.5873268 51.461195)",,,,,,,,0.015541063870013595,0.7,#a5d86a
244182195,footway,,,False,True,61.18,32.18679999999999,6.843,"LINESTRING (-2.5873054 51.461096, -2.5872947 51.4610802, -2.5872544 51.4610208, -2.5871874 51.4609406, -2.5871794 51.4609228, -2.5871814 51.4609111, -2.5871934 51.4609026, -2.5872535 51.4608859, -2.5876978 51.4607822)",,,,,,,,0.024612331716941858,0.5,#feffbe
24239238,footway,,,False,False,16.83,32.18679999999999,1.883,"LINESTRING (-2.5878103 51.4609174, -2.5878613 51.4610654)",,,,,,,,0.015278648366731058,0.7,#a5d86a
24239238,footway,,,False,True,18.52,32.18679999999999,2.072,"LINESTRING (-2.5878103 51.4609174, -2.5877349 51.4608939, -2.5876978 51.4607822)",,,,,,,,0.01994759396390908,0.6,#d9ef8b
642300391,footway,,,False,False,88.34,32.18679999999999,9.881,"LINESTRING (-2.5878103 51.4609174, -2.5878224 51.4608961, -2.5878278 51.4608884, -2.5878338 51.4608825, -2.5878395 51.460879, -2.5878476 51.4608758, -2.5878573 51.4608731, -2.5878727 51.46087, -2.5878942 51.4608679, -2.5879213 51.4608658, -2.5879388 51.4608658, -2.5879612 51.4608671, -2.5880125 51.4608738, -2.5880507 51.4608817, -2.5880789 51.4608903, -2.588094 51.4608961, -2.5881064 51.4609036, -2.5881168 51.460913, -2.588145 51.4609405, -2.5881475 51.4609452, -2.5881483 51.4609487, -2.5881468 51.4609523, -2.5881439 51.4609533, -2.5881374 51.4609556, -2.5881349 51.4609584, -2.5881337 51.4609625, -2.5881339 51.4609686, -2.5881359 51.4610045, -2.5881356 51.4610138, -2.5881329 51.4610229, -2.588126 51.4610336, -2.5881144 51.461045, -2.5880973 51.4610563, -2.5880799 51.4610638, -2.5880571 51.4610705, -2.5880397 51.4610737, -2.5880196 51.4610758, -2.5879947 51.4610749, -2.587974 51.4610714, -2.5879542 51.4610634, -2.5879314 51.4610511, -2.5879196 51.4610409, -2.5879133 51.4610302, -2.5879089 51.4610179, -2.5879089 51.4610068, -2.5879119 51.460993, -2.587918 51.4609834, -2.5879341 51.4609717, -2.5879535 51.4609623, -2.5879719 51.4609558, -2.5879894 51.4609531, -2.5880051 51.4609527, -2.5880249 51.4609542, -2.5880407 51.4609596, -2.5880511 51.4609657, -2.5880601 51.4609742, -2.5880675 51.4609843, -2.5880688 51.4609914, -2.5880688 51.4610041, -2.5880672 51.4610129, -2.5880621 51.4610202, -2.5880561 51.4610254, -2.588045 51.4610296, -2.5880263 51.4610327, -2.5880179 51.461033, -2.5880122 51.461033, -2.5880053 51.4610314, -2.5879998 51.4610286, -2.5879971 51.4610251, -2.5879966 51.4610201, -2.5879981 51.4610157, -2.5879994 51.4610135)",,,,,,,,0.015555195769072324,0.7,#a5d86a
244680993,footway,,,False,False,21.5,32.18679999999999,2.404,"LINESTRING (-2.5830821 51.4571872, -2.583025 51.4572023, -2.5829922 51.4572218, -2.5829746 51.4572393, -2.5828923 51.4573318)",,,,,,,,0.0162130013679199,0.6,#d9ef8b
991645735,pedestrian,,Champion Square,False,False,7.21,32.1868,0.806,"LINESTRING (-2.5841624 51.457938, -2.5840679 51.4579109)",,,,,,,,0.02835653989166249,0.4,#fee08b
246327890,pedestrian,,Champion Square,False,True,37.13,32.1868,4.153,"LINESTRING (-2.5829467 51.458248, -2.583201 51.4579541)",,,,,,,,0.055013162988144515,0.0,#a50026
627039560,pedestrian,,,False,False,26.76,32.1868,2.993,"LINESTRING (-2.5829467 51.458248, -2.5825658 51.4582879)",,,,,,,,0.055013162988144515,0.0,#a50026
991645736,pedestrian,,Champion Square,False,False,13.98,32.1868,1.564,"LINESTRING (-2.5829467 51.458248, -2.582941 51.4583737)",,,,,,,,0.14118662107669044,0.0,#a50026
"[727603379, 727603380]",footway,,,False,True,88.54,32.18679999999999,9.903,"LINESTRING (-2.5905331 51.457372, -2.5909944 51.458029, -2.5910454 51.4581015)",,,,,,,,0.050258688698080416,0.0,#a50026
26230319,residential,20 mph,King Square Avenue,False,True,71.68,32.1868,8.017,"LINESTRING (-2.5921642 51.4613967, -2.5914223 51.4609474)",,,,,,,,0.01338711465880663,0.7,#a5d86a
42879142,secondary,20 mph,Jamaica Street,False,False,23.36,32.1868,2.612,"LINESTRING (-2.5921642 51.4613967, -2.5919408 51.461554)",2,,,B4051,,,,0.009170221267455312,0.8,#66bd63
284531768,unclassified,20 mph,Backfields Lane,False,True,11.72,32.1868,1.311,"LINESTRING (-2.5882186 51.462216, -2.5883204 51.4623002)",,,,,,,,0.008634917945595934,0.8,#66bd63
4234845,unclassified,20 mph,Brunswick Street,False,False,45.92,32.1868,5.136,"LINESTRING (-2.5880269 51.4624689, -2.5876224 51.4621417)",,,,,,,,0.007795831115744535,0.8,#66bd63
4234845,unclassified,20 mph,Brunswick Street,False,True,48.58,32.1868,5.433,"LINESTRING (-2.5880269 51.4624689, -2.5884548 51.462815)",,,,,,,,0.011920284493459173,0.7,#a5d86a
"[284531833, 72343206]","['footway', 'unclassified']",20 mph,Backfields Lane,False,"[False, True]",47.17,32.1868,5.276,"LINESTRING (-2.5880269 51.4624689, -2.5881795 51.4623941, -2.5881654 51.462381, -2.5880795 51.4624218, -2.5880633 51.4624082, -2.5881696 51.4623586, -2.5881806 51.4623669, -2.5883204 51.4623002)",,,,,,,,0.00861508726622265,0.8,#66bd63
519432811,service,,,False,True,9.36,32.1868,1.047,"LINESTRING (-2.589061 51.4594061, -2.5890668 51.4594539, -2.5890621 51.45949)",,,,,,,,0.008935672322598306,0.8,#66bd63
207653242,footway,,,False,True,5.89,32.18679999999999,0.659,"LINESTRING (-2.5890621 51.45949, -2.589147 51.4594872)",,,,,,,,0.009157938047345986,0.8,#66bd63
"[519432811, 519432812, 124100406]",service,,,False,True,51.94,32.1868,5.809,"LINESTRING (-2.5890621 51.45949, -2.5889633 51.4596587, -2.5889547 51.459681, -2.5889667 51.459691, -2.5889937 51.459697, -2.589018 51.4596886, -2.5890296 51.4596743, -2.589147 51.4594872)",,,building_passage,,,,,0.01043648920951492,0.8,#66bd63
207653242,footway,,,False,False,68.14,32.18679999999999,7.621,"LINESTRING (-2.5890621 51.45949, -2.5884411 51.45953, -2.5880821 51.459523)",,,,,,,,0.008935672322598306,0.8,#66bd63
519432811,service,,,False,False,9.36,32.1868,1.047,"LINESTRING (-2.5890621 51.45949, -2.5890668 51.4594539, -2.589061 51.4594061)",,,,,,,,0.008935672322598306,0.8,#66bd63
627040444,pedestrian,,Philadelphia Street,False,False,60.77,32.1868,6.797,"LINESTRING (-2.5879118 51.4570036, -2.5875543 51.4570445, -2.5872215 51.4571114, -2.5870702 51.4571508)",,,,,,,,0.00591497419021033,0.8,#66bd63
627040444,pedestrian,,Philadelphia Street,False,True,48.0,32.1868,5.369,"LINESTRING (-2.5879118 51.4570036, -2.5880631 51.4569914, -2.5880769 51.4570188, -2.5884024 51.4570099, -2.5885701 51.4570006)",,,,,,,,0.008108677812534451,0.8,#66bd63
627040446,footway,,,False,True,74.55,32.18679999999999,8.338,"LINESTRING (-2.5879118 51.4570036, -2.5879249 51.4570399, -2.5881126 51.4574404, -2.587795 51.457527)",,,,,,,,0.006156655873000026,0.8,#66bd63
1383346680,footway,,,False,False,35.38,32.18679999999999,3.957,"LINESTRING (-2.5896134 51.4567967, -2.5891472 51.4569265)",,,building_passage,,,,,0.017832750294350688,0.6,#d9ef8b
1383346680,footway,,,False,True,52.75,32.18679999999999,5.899,"LINESTRING (-2.5896134 51.4567967, -2.5903073 51.4566016)",,,building_passage,,,,,0.036369587989251315,0.2,#f46d43
"[323978931, 1383346679]",footway,,Greyhound Walk,False,"[False, True]",73.97,32.18679999999999,8.273,"LINESTRING (-2.5896134 51.4567967, -2.5897422 51.4569739, -2.5900108 51.4573436, -2.5900574 51.4574016)",,,building_passage,,,,,0.02781616139109032,0.4,#fee08b
326356015,footway,,,False,False,29.91,32.18679999999999,3.345,"LINESTRING (-2.591123 51.4593456, -2.5907255 51.4594505)",,,,,,,,0.011755932494021345,0.7,#a5d86a
326356015,footway,,,False,True,9.62,32.18679999999999,1.076,"LINESTRING (-2.591123 51.4593456, -2.5912532 51.4593155)",,,,,,,,0.00952777336711883,0.8,#66bd63
"[615874817, 615879527]","['footway', 'steps']",,,False,"[False, True]",8.2,32.18679999999999,0.917,"LINESTRING (-2.591123 51.4593456, -2.591171 51.4593894, -2.5911937 51.4594045)",,,,,,,,0.009863834564371282,0.8,#66bd63
326356015,footway,,,False,True,29.91,32.18679999999999,3.345,"LINESTRING (-2.5907255 51.4594505, -2.591123 51.4593456)",,,,,,,,0.011755932494021345,0.7,#a5d86a
"[326356016, 78203450, 112748679]",footway,,,False,True,58.73,32.18679999999999,6.569,"LINESTRING (-2.5907255 51.4594505, -2.5904269 51.4595425, -2.5903674 51.459625, -2.5903136 51.4596672, -2.5901409 51.4597942, -2.5901332 51.4598028)",,,yes,,,,,0.019902747736509466,0.6,#d9ef8b
"[326356017, 50659423]",footway,,,False,"[False, True]",44.86,32.18679999999999,5.017,"LINESTRING (-2.5907255 51.4594505, -2.5909242 51.4595811, -2.5909948 51.4596524, -2.5910916 51.4597784)",,,yes,,,,,0.01580119063889269,0.6,#d9ef8b
"[50659424, 326356018, 741066402]",footway,,,False,True,41.37,32.18679999999999,4.627,"LINESTRING (-2.5907255 51.4594505, -2.5905321 51.4593508, -2.5904356 51.4592879, -2.5903449 51.4591813, -2.5903388 51.4591743)",,,yes,,,,,0.015675565480251005,0.7,#a5d86a
"[615874821, 1026516204, 615879525, 1414930797]","['footway', 'steps']",,,False,"[False, True]",145.65,32.18679999999999,16.291,"LINESTRING (-2.5907255 51.4594505, -2.5908593 51.4593018, -2.5908687 51.459234, -2.5908805 51.4592054, -2.5909031 51.4591876, -2.5909333 51.4591814, -2.5909736 51.4591786, -2.5910157 51.4591809, -2.5910562 51.4591956, -2.5910811 51.4591644, -2.5911638 51.459196, -2.5912277 51.4592374, -2.5912708 51.4592912, -2.5913063 51.4593449, -2.591314 51.459462, -2.591277 51.459535, -2.5911815 51.4596099, -2.5907332 51.4597604, -2.5906704 51.4597722)",,,,,,,,0.020263822626321138,0.6,#d9ef8b
"[1414930804, 615879526, 615874822]","['footway', 'steps']",,,False,True,42.01,32.18679999999999,4.699,"LINESTRING (-2.5907255 51.4594505, -2.590755 51.459565, -2.5907526 51.4596055, -2.5907587 51.4596282, -2.590775 51.4596505, -2.5907774 51.4596651, -2.5907665 51.4596998, -2.5907531 51.4597223, -2.5906553 51.4597361, -2.5906704 51.4597722)",,,,,,,,0.020263822626321138,0.6,#d9ef8b
26230299,residential,20 mph,Moon Street,False,False,4.71,32.1868,0.527,"LINESTRING (-2.5907851 51.4604684, -2.5908459 51.4604494)",,,,,,,,0.1578405330116579,0.0,#a50026
26230299,residential,20 mph,Moon Street,False,True,27.65,32.1868,3.093,"LINESTRING (-2.5907851 51.4604684, -2.5904285 51.4605801)",,,,,,,,0.23594703211316034,0.0,#a50026
326565331,footway,,,False,False,7.82,32.18679999999999,0.875,"LINESTRING (-2.5907851 51.4604684, -2.5908274 51.4605336)",,,,,,,,0.1578405330116579,0.0,#a50026
326565331,footway,,,False,True,18.28,32.18679999999999,2.045,"LINESTRING (-2.5907851 51.4604684, -2.5906746 51.4603191)",,,,,,,,0.21019547980713937,0.0,#a50026
26230315,residential,20 mph,Cherry Lane,False,False,7.79,32.1868,0.871,"LINESTRING (-2.5912218 51.4605179, -2.591114 51.4605378)",,,,,,,,0.0328442212005329,0.3,#fdad60
326565334,footway,,,False,True,8.41,32.18679999999999,0.941,"LINESTRING (-2.5912218 51.4605179, -2.5911841 51.460446)",,,,,,,,0.029509585536684254,0.4,#fee08b
26230315,residential,20 mph,Cherry Lane,False,True,50.04,32.1868,5.597,"LINESTRING (-2.5912218 51.4605179, -2.5912848 51.4605044, -2.5918455 51.4602926)",,,,,,,,0.026914796564552017,0.4,#fee08b
326565334,footway,,,False,False,37.67,32.18679999999999,4.213,"LINESTRING (-2.5912218 51.4605179, -2.5912325 51.4606984, -2.5911735 51.4608522)",,,,,,,,0.026914796564552017,0.4,#fee08b
326565334,footway,,,False,False,8.41,32.18679999999999,0.941,"LINESTRING (-2.5911841 51.460446, -2.5912218 51.4605179)",,,,,,,,0.029509585536684254,0.4,#fee08b
326565335,footway,,,False,False,6.94,32.18679999999999,0.776,"LINESTRING (-2.5911841 51.460446, -2.5910909 51.4604689)",,,,,,,,0.0364508352995448,0.2,#f46d43
"[326565332, 326565333, 326565334]",footway,,,False,True,67.79,32.18679999999999,7.583,"LINESTRING (-2.5911841 51.460446, -2.5909977 51.4601001, -2.5909282 51.4599285, -2.590927 51.4599138, -2.5909508 51.4598628)",,,building_passage,,,,,0.03076993317179801,0.3,#fdad60
326565331,footway,,,False,True,7.82,32.18679999999999,0.875,"LINESTRING (-2.5908274 51.4605336, -2.5907851 51.4604684)",,,,,,,,0.1578405330116579,0.0,#a50026
1347073803,footway,,,False,True,4.94,32.18679999999999,0.553,"LINESTRING (-2.5908274 51.4605336, -2.5908938 51.4605173)",,,,,,,,0.07785987476817592,0.0,#a50026
326565331,footway,,,False,False,68.55,32.18679999999999,7.667,"LINESTRING (-2.5908274 51.4605336, -2.5909133 51.46068, -2.590916 51.4608004, -2.5908559 51.4611385)",,,,,,,,0.07785987476817592,0.0,#a50026
4019345,primary,20 mph,North Street,False,False,8.25,32.1868,0.922,"LINESTRING (-2.5908938 51.4605173, -2.5908459 51.4604494)",2,,,A38,,,,0.09615994894736224,0.0,#a50026
1347073803,footway,,,False,False,4.94,32.18679999999999,0.553,"LINESTRING (-2.5908938 51.4605173, -2.5908274 51.4605336)",,,,,,,,0.07785987476817592,0.0,#a50026
4019345,primary,20 mph,North Street,False,True,54.47,32.1868,6.092,"LINESTRING (-2.5908938 51.4605173, -2.5909551 51.4606204, -2.5909662 51.4606611, -2.5909745 51.4607555, -2.5909666 51.4608324, -2.5909401 51.4609753, -2.5909562 51.4609962)",2,,,A38,,,,0.06482978184738401,0.0,#a50026
"[1347073802, 1347073803, 326565335]",footway,,,False,True,14.68,32.18679999999999,1.642,"LINESTRING (-2.5908938 51.4605173, -2.5909545 51.4605024, -2.5910421 51.4604809, -2.5910909 51.4604689)",,,,,,,,0.06482978184738401,0.0,#a50026
108842670,primary,20 mph,North Street,False,False,7.83,32.1868,0.875,"LINESTRING (-2.5910909 51.4604689, -2.591114 51.4605378)",2,,,A38,,,,0.0364508352995448,0.2,#f46d43
326565335,footway,,,False,True,6.94,32.18679999999999,0.776,"LINESTRING (-2.5910909 51.4604689, -2.5911841 51.460446)",,,,,,,,0.0364508352995448,0.2,#f46d43
"[326498368, 108842670, 108842671]",primary,20 mph,North Street,False,True,64.59,32.1868,7.224,"LINESTRING (-2.5910909 51.4604689, -2.5910267 51.4603591, -2.5908925 51.4601299, -2.5908856 51.4601139, -2.5908535 51.4600175, -2.5908444 51.4599429, -2.5908448 51.4599127)","['1', '2']",,,A38,,,,0.039537877252019446,0.2,#f46d43
"[1347073802, 1347073803, 326565335]",footway,,,False,False,14.68,32.18679999999999,1.642,"LINESTRING (-2.5910909 51.4604689, -2.5910421 51.4604809, -2.5909545 51.4605024, -2.5908938 51.4605173)",,,,,,,,0.06482978184738401,0.0,#a50026
235295047,footway,,,False,False,25.99,32.18679999999999,2.907,"LINESTRING (-2.5831928 51.4628776, -2.5834524 51.4627089)",,,,,,,,0.0036404756768469862,0.9,#199750
235295047,footway,,,False,True,3.48,32.18679999999999,0.39,"LINESTRING (-2.5831928 51.4628776, -2.583158 51.4629002)",,,,,,,,0.0035805628862577593,0.9,#199750
"[348569491, 69892596]","['footway', 'residential']",20 mph,Beggarswell Close,False,False,38.96,32.1868,4.357,"LINESTRING (-2.5831928 51.4628776, -2.5833004 51.4629601, -2.5835751 51.4627861)",,,,,,,,0.003632508669685095,0.9,#199750
382889005,primary,20 mph,North Street,False,False,14.71,32.1868,1.645,"LINESTRING (-2.5906137 51.4599394, -2.5904855 51.459834)",2,,,A38,,,,0.032899454937934274,0.3,#fdad60
"[112748680, 112748673, 112748674]",primary,20 mph,North Street,False,True,59.21,32.1868,6.622,"LINESTRING (-2.5906137 51.4599394, -2.5906409 51.4599725, -2.5906626 51.4600111, -2.5907333 51.4601458, -2.5908029 51.4602772, -2.5908459 51.4604494)","['1', '2']",,,A38,,,,0.09643138377876406,0.0,#a50026
"[1414930802, 1414930803, 1091051221]",footway,,,False,False,8.58,32.18679999999999,0.96,"LINESTRING (-2.5906137 51.4599394, -2.5905721 51.4599496, -2.5905427 51.4599568, -2.5904984 51.4599676)",,,,,,,,0.03860216293053682,0.2,#f46d43
"[326498369, 1091051221]",footway,,,False,True,9.81,32.18679999999999,1.098,"LINESTRING (-2.5906137 51.4599394, -2.5906534 51.4599297, -2.5907457 51.4599074)",,,,,,,,0.032899454937934274,0.3,#fdad60
72343243,residential,20 mph,Portland Square,False,True,16.31,32.1868,1.825,"LINESTRING (-2.5853154 51.4606319, -2.5851028 51.460695)",,,,,,,,0.015946908149294284,0.6,#d9ef8b
72343243,residential,20 mph,Portland Square,False,False,14.73,32.1868,1.647,"LINESTRING (-2.5853154 51.4606319, -2.5854102 51.4606038, -2.5855161 51.4605919)",,,,,,,,0.018918840788184385,0.6,#d9ef8b
377770966,footway,,,False,True,7.15,32.18679999999999,0.8,"LINESTRING (-2.5853154 51.4606319, -2.5853334 51.460652, -2.5853622 51.4606892)",,,,,,,,0.017463746395186573,0.6,#d9ef8b
72343243,residential,20 mph,Portland Square,False,False,12.39,32.1868,1.385,"LINESTRING (-2.5850493 51.4610633, -2.584964 51.4609654)",,,,,,,,0.012698984210942113,0.7,#a5d86a
72343243,residential,20 mph,Portland Square,False,True,20.57,32.1868,2.301,"LINESTRING (-2.5850493 51.4610633, -2.585191 51.4612259)",,,,,,,,0.013040425050036523,0.7,#a5d86a
377770965,footway,,,False,True,10.94,32.18679999999999,1.223,"LINESTRING (-2.5850493 51.4610633, -2.58515 51.4610367, -2.5851946 51.4610248)",,,,,,,,0.014735885383188303,0.7,#a5d86a
72343243,residential,20 mph,Portland Square,False,False,6.57,32.1868,0.735,"LINESTRING (-2.5857532 51.4613235, -2.5856669 51.4613481)",,,,,,,,0.01861368118350035,0.6,#d9ef8b
72343243,residential,20 mph,Portland Square,False,True,16.81,32.1868,1.88,"LINESTRING (-2.5857532 51.4613235, -2.5859738 51.4612605)",,,,,,,,0.02470176396093218,0.5,#feffbe
377770964,footway,,,False,False,9.64,32.18679999999999,1.078,"LINESTRING (-2.5857532 51.4613235, -2.5857148 51.4612738, -2.5856942 51.461245)",,,,,,,,0.02025056511432816,0.6,#d9ef8b
27330986,pedestrian,,Stratton Lane,False,False,47.47,32.1868,5.309,"LINESTRING (-2.5847497 51.4588726, -2.5847019 51.4591833, -2.5846917 51.4592675, -2.5846996 51.4592974)",,permissive,,,,,,0.009752033170467205,0.8,#66bd63
27330986,pedestrian,,Stratton Lane,False,True,10.57,32.1868,1.182,"LINESTRING (-2.5847497 51.4588726, -2.5847219 51.4588714, -2.5847302 51.4587939)",,permissive,,,,,,0.010407329307724722,0.8,#66bd63
"[690763188, 690763189, 380989798, 690763191]","['pedestrian', 'steps']",,,False,True,20.7,32.1868,2.315,"LINESTRING (-2.5847497 51.4588726, -2.5847579 51.4588294, -2.5847661 51.4587853, -2.5847731 51.458754, -2.584791 51.4586883)",,permissive,yes,,,,,0.010713864227263507,0.8,#66bd63
"[382866321, 1362339433]",footway,,,False,False,8.63,32.18679999999999,0.965,"LINESTRING (-2.5838939 51.4595031, -2.583851 51.4594795, -2.5837864 51.4594676)",,,,,,,,0.009200018116037977,0.8,#66bd63
"[382866321, 1362339434]",footway,,,False,True,8.68,32.18679999999999,0.971,"LINESTRING (-2.5838939 51.4595031, -2.5839388 51.4595008, -2.5840166 51.4594885)",,,,,,,,0.00867358170456357,0.8,#66bd63
"[1362339430, 1362339431]",footway,,,False,False,11.68,32.18679999999999,1.306,"LINESTRING (-2.5838939 51.4595031, -2.5838582 51.4595305, -2.5838699 51.4595517, -2.5838986 51.4595955)",,,,,,,,0.00867358170456357,0.8,#66bd63
"[382866322, 1362339428]",footway,,,False,True,5.96,32.18679999999999,0.667,"LINESTRING (-2.5841455 51.4596184, -2.584106 51.4596219, -2.5840601 51.4596247)",,,,,,,,0.007547017219530292,0.8,#66bd63
"[1362339437, 1362339438]",footway,,,False,False,8.53,32.18679999999999,0.954,"LINESTRING (-2.5841455 51.4596184, -2.5841525 51.4595647, -2.5841445 51.4595424)",,,,,,,,0.007853030073265715,0.8,#66bd63
"[1362339427, 1362339436, 1362339437]",footway,,,False,True,19.23,32.18679999999999,2.151,"LINESTRING (-2.5841455 51.4596184, -2.5841459 51.4596465, -2.5842083 51.4596995, -2.5842605 51.4597475, -2.5842825 51.4597636)",,,,,,,,0.0074249216713223815,0.8,#66bd63
"[382869601, 235300325]",footway,,,False,"[False, True]",139.89,32.18679999999999,15.646,"LINESTRING (-2.5824556 51.4605417, -2.5826862 51.4604479, -2.5838363 51.4599626, -2.5840746 51.4598509, -2.5841194 51.4598294)",,,,,,,,0.007872571715851717,0.8,#66bd63
1173237856,footway,,,False,False,11.05,32.18679999999999,1.236,"LINESTRING (-2.5824556 51.4605417, -2.5823967 51.4605657, -2.5824401 51.4606142)",,,,,,,,0.008171820987998577,0.8,#66bd63
"[1413912971, 1413912972]",footway,,,False,False,6.7,32.18679999999999,0.75,"LINESTRING (-2.5824556 51.4605417, -2.5824387 51.4605265, -2.5824038 51.4604908)",,,,,,,,0.007983987985410081,0.8,#66bd63
991645735,pedestrian,,Champion Square,False,False,26.52,32.1868,2.966,"LINESTRING (-2.5840679 51.4579109, -2.5837209 51.4578102)",,,,,,,,0.029603180074134948,0.4,#fee08b
991645735,pedestrian,,Champion Square,False,True,7.21,32.1868,0.806,"LINESTRING (-2.5840679 51.4579109, -2.5841624 51.457938)",,,,,,,,0.02835653989166249,0.4,#fee08b
1413912984,footway,,,False,False,55.12,32.18679999999999,6.165,"LINESTRING (-2.5840679 51.4579109, -2.5840322 51.4579532, -2.5836972 51.4583495)",,,,,,,,0.11726224591096818,0.0,#a50026
1413912984,footway,,,False,True,39.61,32.18679999999999,4.43,"LINESTRING (-2.5840679 51.4579109, -2.5841005 51.4578727, -2.5842333 51.4576855, -2.5842915 51.4575835)",,,,,,,,0.02835653989166249,0.4,#fee08b
382880572,residential,20 mph,Pritchard Street,False,True,8.12,32.1868,0.909,"LINESTRING (-2.5849869 51.4594232, -2.5850318 51.4594907)",,,,,,,,0.0064078263220434676,0.8,#66bd63
207653242,footway,,,False,False,8.96,32.18679999999999,1.003,"LINESTRING (-2.5851507 51.4594589, -2.5850318 51.4594907)",,,,,,,,0.006126979360715804,0.8,#66bd63
207653242,footway,,,False,True,19.62,32.18679999999999,2.194,"LINESTRING (-2.5851507 51.4594589, -2.5851723 51.4594528, -2.5853893 51.4593981, -2.585414 51.4593946)",,,,,,,,0.006218374629331207,0.8,#66bd63
"[1362339441, 1362339442, 1362339443, 1362339444, 365406620]",footway,,,False,True,42.25,32.18679999999999,4.725,"LINESTRING (-2.5851507 51.4594589, -2.5851345 51.4594357, -2.5851025 51.4593896, -2.5850732 51.4593474, -2.5850623 51.4593317, -2.5848966 51.4593764, -2.5848828 51.4593567, -2.584863 51.4593282, -2.5848271 51.4592804, -2.5848111 51.4592591)",,,,,,,,0.007389698354037406,0.8,#66bd63
207653242,footway,,,False,True,4.1,32.18679999999999,0.459,"LINESTRING (-2.5870399 51.4595192, -2.5870988 51.4595231)",,,,,,,,0.009529390363958681,0.8,#66bd63
207653242,footway,,,False,False,38.05,32.18679999999999,4.256,"LINESTRING (-2.5870399 51.4595192, -2.5868688 51.4595079, -2.5865758 51.4594729, -2.586501 51.4594575)",,,,,,,,0.009489446390062644,0.8,#66bd63
"[192224370, 1362339445, 1362339446, 1362339447, 1362339448]",footway,,,False,False,40.17,32.18679999999999,4.493,"LINESTRING (-2.5870399 51.4595192, -2.5870485 51.4594782, -2.5870536 51.459414, -2.5870647 51.4593861, -2.5870689 51.4593525, -2.5869472 51.4593429, -2.5869524 51.4593272, -2.586964 51.4592919, -2.5869729 51.4592461, -2.5869765 51.4592277)",,,,,,,,0.009489446390062644,0.8,#66bd63
40554581,footway,,,False,True,10.84,32.18679999999999,1.212,"LINESTRING (-2.5869765 51.4592277, -2.5868248 51.4592039)",,,,,,,,0.007249640397320907,0.8,#66bd63
382882583,footway,,,False,False,151.59,32.18679999999999,16.955,"LINESTRING (-2.5869765 51.4592277, -2.5874505 51.4592445, -2.5882372 51.459222, -2.5891627 51.4592088)",,,,,,,,0.010394227698704435,0.8,#66bd63
"[192224370, 1362339445, 1362339446, 1362339447, 1362339448]",footway,,,False,True,40.17,32.18679999999999,4.493,"LINESTRING (-2.5869765 51.4592277, -2.5869729 51.4592461, -2.586964 51.4592919, -2.5869524 51.4593272, -2.5869472 51.4593429, -2.5870689 51.4593525, -2.5870647 51.4593861, -2.5870536 51.459414, -2.5870485 51.4594782, -2.5870399 51.4595192)",,,,,,,,0.009489446390062644,0.8,#66bd63
207653242,footway,,,False,False,62.65,32.18679999999999,7.007,"LINESTRING (-2.5880821 51.459523, -2.5871779 51.4595251)",,,,,,,,0.009527531811717168,0.8,#66bd63
4235038,unclassified,20 mph,York Street,False,False,10.2,32.1868,1.141,"LINESTRING (-2.5880821 51.459523, -2.5880706 51.4594825, -2.5880591 51.4594324)",2,,,,,,,0.007911617508789331,0.8,#66bd63
4235038,unclassified,20 mph,York Street,False,True,39.05,32.1868,4.367,"LINESTRING (-2.5880821 51.459523, -2.5880909 51.459554, -2.5881242 51.4596518, -2.5882067 51.4598654)",2,,,,,,,0.009642778956442222,0.8,#66bd63
207653242,footway,,,False,True,68.14,32.18679999999999,7.621,"LINESTRING (-2.5880821 51.459523, -2.5884411 51.45953, -2.5890621 51.45949)",,,,,,,,0.008935672322598306,0.8,#66bd63
207653242,footway,,,False,False,5.89,32.18679999999999,0.659,"LINESTRING (-2.589147 51.4594872, -2.5890621 51.45949)",,,,,,,,0.009157938047345986,0.8,#66bd63
"[519432811, 519432812, 124100406]",service,,,False,False,51.94,32.1868,5.809,"LINESTRING (-2.589147 51.4594872, -2.5890296 51.4596743, -2.589018 51.4596886, -2.5889937 51.459697, -2.5889667 51.459691, -2.5889547 51.459681, -2.5889633 51.4596587, -2.5890621 51.45949)",,,building_passage,,,,,0.01043648920951492,0.8,#66bd63
207653242,footway,,,False,True,45.22,32.18679999999999,5.058,"LINESTRING (-2.589147 51.4594872, -2.5895012 51.4594849, -2.5897536 51.4595842)",,,,,,,,0.012101233790900303,0.7,#a5d86a
519432812,service,,,False,True,10.57,32.1868,1.182,"LINESTRING (-2.589147 51.4594872, -2.589174 51.4594436, -2.5892123 51.4594016)",,,,,,,,0.009157938047345986,0.8,#66bd63
112748677,footway,,,False,True,26.96,32.18679999999999,3.016,"LINESTRING (-2.5897536 51.4595842, -2.5897942 51.4596276, -2.5900156 51.4597615)",,,,,,,,0.017375427185929437,0.6,#d9ef8b
207653242,footway,,,False,False,45.22,32.18679999999999,5.058,"LINESTRING (-2.5897536 51.4595842, -2.5895012 51.4594849, -2.589147 51.4594872)",,,,,,,,0.012101233790900303,0.7,#a5d86a
1362339449,footway,,,False,True,35.91,32.18679999999999,4.016,"LINESTRING (-2.5897536 51.4595842, -2.5898118 51.4596071, -2.5899635 51.4597017, -2.5901332 51.4598028)",,,,,,,,0.019902747736509466,0.6,#d9ef8b
202761559,primary,20 mph,Stokes Croft,False,False,15.91,32.1868,1.779,"LINESTRING (-2.5901855 51.462178, -2.5902389 51.4621124, -2.5903093 51.4620585)",,,,A38,,,,0.10154294215989514,0.0,#a50026
471285349,footway,,,False,False,13.13,32.18679999999999,1.469,"LINESTRING (-2.5901855 51.462178, -2.5901338 51.4621692, -2.5901569 51.4620857)",,,,,,,,0.07141412638170172,0.0,#a50026
471285349,footway,,,False,True,5.57,32.18679999999999,0.623,"LINESTRING (-2.5901855 51.462178, -2.5902116 51.4621838, -2.590233 51.4621876, -2.5902622 51.4621929)",,,,,,,,0.11779268704167828,0.0,#a50026
"[625435528, 471285353, 625435532]",primary,20 mph,Stokes Croft,False,True,59.38,32.1868,6.642,"LINESTRING (-2.5901855 51.462178, -2.5901453 51.4622387, -2.5901074 51.4622933, -2.5900664 51.4623702, -2.5900222 51.4624492, -2.5899497 51.4626113, -2.5899404 51.4626527, -2.5899383 51.4626868)",1,,,A38,,,,0.07141412638170172,0.0,#a50026
1347126815,footway,,,False,False,4.14,32.18679999999999,0.463,"LINESTRING (-2.5800025 51.4566269, -2.5799626 51.4565992)",,,,,,,,0.03622755708482157,0.2,#f46d43
529808768,primary,30 mph,West Street,False,False,5.34,48.2802,0.398,"LINESTRING (-2.5798558 51.456479, -2.5799256 51.4564587)",2,,,A420,,,,0.07338691918101041,0.0,#a50026
529808768,primary,30 mph,West Street,False,True,17.12,48.2802,1.277,"LINESTRING (-2.5798558 51.456479, -2.5797958 51.4564962, -2.579744 51.4565111, -2.5796264 51.4565357)",2,,,A420,,,,0.09873468087723708,0.0,#a50026
"[1347126814, 1347126815]",footway,,,False,"[False, True]",15.28,32.18679999999999,1.709,"LINESTRING (-2.5798558 51.456479, -2.5798782 51.4565056, -2.5799256 51.4565556, -2.5799626 51.4565992)",,,,,,,,0.07338691918101041,0.0,#a50026
72343257,residential,20 mph,Ludlow Close,False,False,4.57,32.1868,0.511,"LINESTRING (-2.5820606 51.4641195, -2.5820127 51.4641478)",,,,,,,,0.0027219750310337205,0.9,#199750
72343257,residential,20 mph,Ludlow Close,False,True,6.66,32.1868,0.745,"LINESTRING (-2.5820606 51.4641195, -2.5821237 51.4640743)",,,,,,,,0.002749102771852036,0.9,#199750
395171851,footway,,,False,False,14.24,32.18679999999999,1.592,"LINESTRING (-2.5820606 51.4641195, -2.582056 51.4642475)",,,,,,,,0.0027219750310337205,0.9,#199750
395171851,footway,,,False,False,6.12,32.18679999999999,0.684,"LINESTRING (-2.582056 51.4642475, -2.5820544 51.4643025)",,,,,,,,0.0026244518540636643,0.9,#199750
395171851,footway,,,False,True,14.24,32.18679999999999,1.592,"LINESTRING (-2.582056 51.4642475, -2.5820606 51.4641195)",,,,,,,,0.0027219750310337205,0.9,#199750
395171838,footway,,,False,False,22.63,32.18679999999999,2.531,"LINESTRING (-2.582056 51.4642475, -2.5821118 51.4642321, -2.5821835 51.464223, -2.5822332 51.4642312, -2.5822757 51.4642467, -2.5822961 51.4642667, -2.5823035 51.4642999)",,,,,,,,0.0026288213876029085,0.9,#199750
395171838,footway,,,False,True,9.13,32.18679999999999,1.021,"LINESTRING (-2.582056 51.4642475, -2.582001 51.4642732, -2.5819609 51.4643035)",,,,,,,,0.0026244518540636643,0.9,#199750
395171848,footway,,,False,False,6.48,32.18679999999999,0.725,"LINESTRING (-2.5820544 51.4643025, -2.5819609 51.4643035)",,,,,,,,0.0025944966315763584,0.9,#199750
395171848,footway,,,False,True,17.26,32.18679999999999,1.93,"LINESTRING (-2.5820544 51.4643025, -2.5823035 51.4642999)",,,,,,,,0.00258452984155766,0.9,#199750
395171851,footway,,,False,False,16.98,32.18679999999999,1.899,"LINESTRING (-2.5820544 51.4643025, -2.5820873 51.4644538)",,,,,,,,0.00258452984155766,0.9,#199750
395171851,footway,,,False,True,6.12,32.18679999999999,0.684,"LINESTRING (-2.5820544 51.4643025, -2.582056 51.4642475)",,,,,,,,0.0026244518540636643,0.9,#199750
395171848,footway,,,False,False,17.26,32.18679999999999,1.93,"LINESTRING (-2.5823035 51.4642999, -2.5820544 51.4643025)",,,,,,,,0.00258452984155766,0.9,#199750
395171848,footway,,,False,True,3.93,32.18679999999999,0.439,"LINESTRING (-2.5823035 51.4642999, -2.5823601 51.4643022)",,,,,,,,0.0025550309332633284,0.9,#199750
395171838,footway,,,False,False,24.91,32.18679999999999,2.786,"LINESTRING (-2.5823035 51.4642999, -2.5822961 51.4643278, -2.5822757 51.4643733, -2.5822493 51.4643998, -2.5822113 51.4644244, -2.5821396 51.4644462, -2.5820873 51.4644538)",,,,,,,,0.0025550309332633284,0.9,#199750
395171838,footway,,,False,True,22.63,32.18679999999999,2.531,"LINESTRING (-2.5823035 51.4642999, -2.5822961 51.4642667, -2.5822757 51.4642467, -2.5822332 51.4642312, -2.5821835 51.464223, -2.5821118 51.4642321, -2.582056 51.4642475)",,,,,,,,0.0026288213876029085,0.9,#199750
3878220,unclassified,20 mph,Grosvenor Road,False,False,36.9,32.1868,4.127,"LINESTRING (-2.5826653 51.4643102, -2.5830591 51.4640868)",,,,,,,,0.0025743343690923268,0.9,#199750
395171848,footway,,,False,False,5.08,32.18679999999999,0.568,"LINESTRING (-2.5826653 51.4643102, -2.5825922 51.4643068)",,,,,,,,0.002509523372658159,0.9,#199750
3878220,unclassified,20 mph,Grosvenor Road,False,True,34.46,32.1868,3.855,"LINESTRING (-2.5826653 51.4643102, -2.5825671 51.4643811, -2.5823312 51.4645398)",,,,,,,,0.002496309839142101,0.9,#199750
72343257,residential,20 mph,Ludlow Close,False,False,16.49,32.1868,1.844,"LINESTRING (-2.5817541 51.4643058, -2.5815921 51.4644144)",,,,,,,,0.0026142018780873104,0.9,#199750
72343257,residential,20 mph,Ludlow Close,False,True,18.75,32.1868,2.097,"LINESTRING (-2.5817541 51.4643058, -2.5819464 51.4641871)",,,,,,,,0.002683681906089928,0.9,#199750
395171848,footway,,,False,True,14.33,32.18679999999999,1.603,"LINESTRING (-2.5817541 51.4643058, -2.5819609 51.4643035)",,,,,,,,0.0026142018780873104,0.9,#199750
395171848,footway,,,False,False,14.33,32.18679999999999,1.603,"LINESTRING (-2.5819609 51.4643035, -2.5817541 51.4643058)",,,,,,,,0.0026142018780873104,0.9,#199750
395171848,footway,,,False,True,6.48,32.18679999999999,0.725,"LINESTRING (-2.5819609 51.4643035, -2.5820544 51.4643025)",,,,,,,,0.0025944966315763584,0.9,#199750
395171838,footway,,,False,False,9.13,32.18679999999999,1.021,"LINESTRING (-2.5819609 51.4643035, -2.582001 51.4642732, -2.582056 51.4642475)",,,,,,,,0.0026244518540636643,0.9,#199750
395171838,footway,,,False,True,26.18,32.18679999999999,2.928,"LINESTRING (-2.5819609 51.4643035, -2.5819273 51.4643337, -2.5819085 51.4643697, -2.5819078 51.4643876, -2.5819159 51.4644064, -2.5819501 51.4644319, -2.5819869 51.4644449, -2.5820226 51.4644526, -2.5820873 51.4644538)",,,,,,,,0.0025944966315763584,0.9,#199750
395171851,footway,,,False,True,16.98,32.18679999999999,1.899,"LINESTRING (-2.5820873 51.4644538, -2.5820544 51.4643025)",,,,,,,,0.00258452984155766,0.9,#199750
395171838,footway,,,False,False,26.18,32.18679999999999,2.928,"LINESTRING (-2.5820873 51.4644538, -2.5820226 51.4644526, -2.5819869 51.4644449, -2.5819501 51.4644319, -2.5819159 51.4644064, -2.5819078 51.4643876, -2.5819085 51.4643697, -2.5819273 51.4643337, -2.5819609 51.4643035)",,,,,,,,0.0025944966315763584,0.9,#199750
395171838,footway,,,False,True,24.91,32.18679999999999,2.786,"LINESTRING (-2.5820873 51.4644538, -2.5821396 51.4644462, -2.5822113 51.4644244, -2.5822493 51.4643998, -2.5822757 51.4643733, -2.5822961 51.4643278, -2.5823035 51.4642999)",,,,,,,,0.0025550309332633284,0.9,#199750
382889002,primary,20 mph,Stokes Croft,False,False,6.79,32.1868,0.76,"LINESTRING (-2.5899999 51.4626939, -2.5899886 51.4627228, -2.5899555 51.4627464)",,,,A38,,,,0.022882289211055038,0.5,#feffbe
"[382889002, 1255967452, 471285354]",primary,20 mph,Stokes Croft,False,True,58.64,32.1868,6.559,"LINESTRING (-2.5899999 51.4626939, -2.5900238 51.4626353, -2.5901863 51.4623133, -2.5902622 51.4621929)",1,,,A38,,,,0.11779268704167828,0.0,#a50026
625435527,footway,,,False,False,4.34,32.18679999999999,0.486,"LINESTRING (-2.5899999 51.4626939, -2.5899895 51.4626931, -2.5899646 51.4626906, -2.5899383 51.4626868)",,,,,,,,0.02008645500901046,0.6,#d9ef8b
471285349,footway,,,False,False,5.57,32.18679999999999,0.623,"LINESTRING (-2.5902622 51.4621929, -2.590233 51.4621876, -2.5902116 51.4621838, -2.5901855 51.462178)",,,,,,,,0.11779268704167828,0.0,#a50026
"[382889002, 471285354, 1255967452]",primary,20 mph,Stokes Croft,False,False,58.64,32.1868,6.559,"LINESTRING (-2.5902622 51.4621929, -2.5901863 51.4623133, -2.5900238 51.4626353, -2.5899999 51.4626939)",1,,,A38,,,,0.11779268704167828,0.0,#a50026
471285354,primary,20 mph,Stokes Croft,False,True,15.37,32.1868,1.719,"LINESTRING (-2.5902622 51.4621929, -2.5902985 51.4621212, -2.5903093 51.4620585)",,,,A38,,,,0.1274263902710315,0.0,#a50026
471285351,primary,20 mph,Stokes Croft,False,True,6.38,32.1868,0.713,"LINESTRING (-2.5903093 51.4620585, -2.5903385 51.4620041)",,,,A38,,,,0.1013956111258436,0.0,#a50026
202761559,primary,20 mph,Stokes Croft,False,True,15.91,32.1868,1.779,"LINESTRING (-2.5903093 51.4620585, -2.5902389 51.4621124, -2.5901855 51.462178)",,,,A38,,,,0.10154294215989514,0.0,#a50026
471285354,primary,20 mph,Stokes Croft,False,False,15.37,32.1868,1.719,"LINESTRING (-2.5903093 51.4620585, -2.5902985 51.4621212, -2.5902622 51.4621929)",,,,A38,,,,0.1274263902710315,0.0,#a50026
711114417,tertiary,20 mph,Lower Castle Street,False,False,10.13,32.1868,1.133,"LINESTRING (-2.585816 51.4569856, -2.5858771 51.4570684)",3,,,,,,,0.005224139830285467,0.9,#199750
"[711114417, 22634258]",tertiary,20 mph,Lower Castle Street,False,True,30.8,32.1868,3.445,"LINESTRING (-2.585816 51.4569856, -2.5857752 51.4569297, -2.5857456 51.4568859, -2.585655 51.4567441, -2.5856446 51.4567301)",3,,,,,,,0.005150819986598801,0.9,#199750
"[1360635499, 1360635500]",footway,,,False,False,17.47,32.18679999999999,1.954,"LINESTRING (-2.585816 51.4569856, -2.5857647 51.4570137, -2.5857407 51.4570218, -2.5857914 51.4571141)",,,,,,,,0.005446816125260109,0.9,#199750
"[1360635498, 1360635499]",footway,,,False,True,7.93,32.18679999999999,0.887,"LINESTRING (-2.585816 51.4569856, -2.5858788 51.4569511, -2.5859043 51.4569404)",,,,,,,,0.005150819986598801,0.9,#199750
"[711114418, 22634693]",unclassified,20 mph,Penn Street,False,True,39.01,32.1868,4.363,"LINESTRING (-2.585966 51.4571757, -2.5859803 51.4572012, -2.5860016 51.457239, -2.5861396 51.457434, -2.5861662 51.4574662, -2.5861884 51.4574977)","['3', '1']",,,,,,,0.005399174299171604,0.9,#199750
"[1360635504, 1360635505]",footway,,,False,False,20.1,32.18679999999999,2.248,"LINESTRING (-2.585966 51.4571757, -2.5858877 51.4571947, -2.5858761 51.4571978, -2.5858432 51.4572068, -2.5858024 51.4571337, -2.5857914 51.4571141)",,,,,,,,0.005548369154579742,0.9,#199750
"[1360635504, 1360635502, 1360635503]",footway,,,False,True,21.74,32.18679999999999,2.432,"LINESTRING (-2.585966 51.4571757, -2.5859946 51.4571688, -2.586007 51.4571657, -2.5860107 51.4571344, -2.5860309 51.4571054, -2.5860629 51.4570818, -2.5860899 51.4570703, -2.5860758 51.4570529, -2.5860511 51.4570222)",,,,,,,,0.005285420683980173,0.9,#199750
"[486880427, 486880428, 486880429]",footway,,,False,True,17.59,32.18679999999999,1.967,"LINESTRING (-2.5884995 51.463667, -2.5884539 51.4636308, -2.5883772 51.4635699, -2.5883427 51.4635426)",,,building_passage,,,,,0.012378640144479421,0.7,#a5d86a
26792514,residential,20 mph,Hepburn Road,False,True,66.08,32.1868,7.391,"LINESTRING (-2.5883427 51.4635426, -2.5875944 51.4639111)",,,,,,,,0.010807438018774158,0.7,#a5d86a
"[26792514, 94255692]","['service', 'residential']",20 mph,Hepburn Road,False,False,119.77,32.1868,13.395,"LINESTRING (-2.5883427 51.4635426, -2.5889975 51.4632201, -2.5890837 51.463187, -2.5891775 51.4631827, -2.5898705 51.4632387)",,,,,,,,0.3927724823115031,0.0,#a50026
"[486880427, 486880428, 486880429]",footway,,,False,False,17.59,32.18679999999999,1.967,"LINESTRING (-2.5883427 51.4635426, -2.5883772 51.4635699, -2.5884539 51.4636308, -2.5884995 51.463667)",,,building_passage,,,,,0.012378640144479421,0.7,#a5d86a
"[487056552, 487056550, 487056551]",service,,,False,True,23.78,32.1868,2.659,"LINESTRING (-2.5886994 51.4629685, -2.5886709 51.4629433, -2.5885719 51.4628542, -2.5885015 51.4627938)",,,building_passage,,,,,0.016008993908106027,0.6,#d9ef8b
193994529,unclassified,20 mph,City Road,False,False,4.0,32.1868,0.448,"LINESTRING (-2.5885015 51.4627938, -2.5884548 51.462815)",2,,,,,,,0.012219051130221403,0.7,#a5d86a
193994529,unclassified,20 mph,City Road,False,True,136.04,32.1868,15.216,"LINESTRING (-2.5885015 51.4627938, -2.588686 51.4627107, -2.589522 51.4623344, -2.5898146 51.4622071, -2.5901013 51.4620844)",2,,,,,,,0.045193656502895765,0.0,#a50026
"[487056552, 487056550, 487056551]",service,,,False,False,23.78,32.1868,2.659,"LINESTRING (-2.5885015 51.4627938, -2.5885719 51.4628542, -2.5886709 51.4629433, -2.5886994 51.4629685)",,,building_passage,,,,,0.016008993908106027,0.6,#d9ef8b
496181296,footway,,,False,True,10.02,32.18679999999999,1.121,"LINESTRING (-2.5792643 51.4574648, -2.579302 51.4575518)",,,,,,,,0.02023368307784798,0.6,#d9ef8b
531217986,residential,20 mph,Bragg's Lane,False,True,27.18,32.1868,3.04,"LINESTRING (-2.5792643 51.4574648, -2.5794965 51.4574187, -2.5796369 51.4573885)",,,,,,,,0.02026727397720111,0.6,#d9ef8b
496181296,footway,,,False,False,10.02,32.18679999999999,1.121,"LINESTRING (-2.579302 51.4575518, -2.5792643 51.4574648)",,,,,,,,0.02023368307784798,0.6,#d9ef8b
496181296,footway,,,False,True,6.28,32.18679999999999,0.702,"LINESTRING (-2.579302 51.4575518, -2.5793778 51.4575827)",,,,,,,,0.016822023995636867,0.6,#d9ef8b
496181296,footway,,,False,False,6.28,32.18679999999999,0.702,"LINESTRING (-2.5793778 51.4575827, -2.579302 51.4575518)",,,,,,,,0.016822023995636867,0.6,#d9ef8b
496181298,service,5 mph,,False,True,31.05,32.1868,3.472,"LINESTRING (-2.5794241 51.4571428, -2.5796369 51.4573885)",,,,,,,,0.046244323529002665,0.0,#a50026
69892652,service,,Dale Street,False,True,21.55,32.1868,2.41,"LINESTRING (-2.5826734 51.4596741, -2.5827866 51.4597806, -2.5828043 51.459804, -2.5828141 51.4598238, -2.5828171 51.4598432)",1,,,,,,,0.007742716229686298,0.8,#66bd63
518932210,service,,,False,False,71.08,32.1868,7.95,"LINESTRING (-2.5826734 51.4596741, -2.5819715 51.4599588, -2.5819331 51.4599854, -2.5818425 51.4600443)",,,,,,,,0.00832814351956967,0.8,#66bd63
1204048168,service,,Dale Street,False,False,30.61,32.1868,3.424,"LINESTRING (-2.5826734 51.4596741, -2.582563 51.4595685, -2.5825315 51.4595417, -2.582512 51.4595294, -2.5824892 51.4595174, -2.5824617 51.4595066, -2.5824414 51.4595016, -2.5824171 51.4594977, -2.5823921 51.4594966, -2.5823682 51.4594989)",2,,,,,,,0.008549855997352319,0.8,#66bd63
112746818,footway,,River Street,False,False,35.51,32.18679999999999,3.972,"LINESTRING (-2.5822404 51.4586665, -2.5826032 51.4584409)",,,,,,,,0.03448578547393992,0.3,#fdad60
112746818,footway,,River Street,False,True,34.81,32.18679999999999,3.894,"LINESTRING (-2.5822404 51.4586665, -2.5818643 51.4588741)",,,,,,,,0.016468070997086207,0.6,#d9ef8b
617239006,footway,,,False,False,20.07,32.18679999999999,2.244,"LINESTRING (-2.5822404 51.4586665, -2.5820473 51.458532)",,,,,,,,0.016468070997086207,0.6,#d9ef8b
24239164,unclassified,,River Street,False,False,5.13,32.33444587155963,0.571,"LINESTRING (-2.5820473 51.458532, -2.5819934 51.4585636)",,,,,,,,0.014562623321765429,0.7,#a5d86a
617239006,footway,,,False,True,20.07,32.18679999999999,2.244,"LINESTRING (-2.5820473 51.458532, -2.5822404 51.4586665)",,,,,,,,0.016468070997086207,0.6,#d9ef8b
24239164,unclassified,,River Street,False,True,32.77,32.33444587155963,3.649,"LINESTRING (-2.5820473 51.458532, -2.5820833 51.4585166, -2.5824054 51.4583716, -2.5824286 51.4583579)",,,,,,,,0.024072348849216767,0.5,#feffbe
24239164,unclassified,,River Street,False,False,32.77,32.33444587155963,3.649,"LINESTRING (-2.5824286 51.4583579, -2.5824054 51.4583716, -2.5820833 51.4585166, -2.5820473 51.458532)",,,,,,,,0.024072348849216767,0.5,#feffbe
518932240,footway,,,False,False,15.23,32.18679999999999,1.703,"LINESTRING (-2.5824286 51.4583579, -2.5825106 51.4583937, -2.5826032 51.4584409)",,,,,,,,0.03448578547393992,0.3,#fdad60
518932240,footway,,,False,True,17.08,32.18679999999999,1.91,"LINESTRING (-2.5824286 51.4583579, -2.5822644 51.4582907, -2.5822237 51.4582726)",,,,,,,,0.024072348849216767,0.5,#feffbe
112746818,footway,,River Street,False,True,35.51,32.18679999999999,3.972,"LINESTRING (-2.5826032 51.4584409, -2.5822404 51.4586665)",,,,,,,,0.03448578547393992,0.3,#fdad60
518932240,footway,,,False,False,29.81,32.18679999999999,3.334,"LINESTRING (-2.5826032 51.4584409, -2.582697 51.4584902, -2.5827768 51.4584493, -2.582941 51.4583737)",,,,,,,,0.14118662107669044,0.0,#a50026
518932240,footway,,,False,True,15.23,32.18679999999999,1.703,"LINESTRING (-2.5826032 51.4584409, -2.5825106 51.4583937, -2.5824286 51.4583579)",,,,,,,,0.03448578547393992,0.3,#fdad60
40554581,footway,,,False,True,8.82,32.18679999999999,0.987,"LINESTRING (-2.5848111 51.4592591, -2.5846996 51.4592974)",,,,,,,,0.007591170169262338,0.8,#66bd63
40554581,footway,,,False,False,142.83,32.18679999999999,15.975,"LINESTRING (-2.5848111 51.4592591, -2.5849792 51.4592112, -2.5853512 51.4591411, -2.585604 51.4591199, -2.5859212 51.4591148, -2.5862569 51.4591366, -2.586543 51.4591668, -2.5868248 51.4592039)",,,,,,,,0.007389698354037406,0.8,#66bd63
"[1362339441, 1362339442, 1362339443, 1362339444, 365406620]",footway,,,False,False,42.25,32.18679999999999,4.725,"LINESTRING (-2.5848111 51.4592591, -2.5848271 51.4592804, -2.584863 51.4593282, -2.5848828 51.4593567, -2.5848966 51.4593764, -2.5850623 51.4593317, -2.5850732 51.4593474, -2.5851025 51.4593896, -2.5851345 51.4594357, -2.5851507 51.4594589)",,,,,,,,0.007389698354037406,0.8,#66bd63
"[365406619, 38696934]",trunk,20 mph,"['Bond Street', ""St James' Barton""]",False,"[False, True]",87.54,32.1868,9.791,"LINESTRING (-2.5895789 51.4593167, -2.5899337 51.4593135, -2.5899697 51.4593135, -2.5900195 51.459313, -2.5902104 51.4593056, -2.5901384 51.4593965, -2.5901129 51.4594792, -2.5901284 51.4595574, -2.5901487 51.4596026, -2.5901682 51.4596839)",3,,,"['A38', 'A4044']",circular,,,0.016230940711348823,0.6,#d9ef8b
207653452,service,,,False,False,26.73,32.1868,2.989,"LINESTRING (-2.5872472 51.4596964, -2.5868746 51.4597587)",,,,,,,,0.012511941757446878,0.7,#a5d86a
382880574,residential,20 mph,Gloucester Street,False,False,34.94,32.1868,3.908,"LINESTRING (-2.5872472 51.4596964, -2.5873836 51.4599989)",,,,,,,,0.017730254895107305,0.6,#d9ef8b
"[26792457, 525442076]","['footway', 'residential']",20 mph,Gloucester Street,False,True,19.64,32.1868,2.197,"LINESTRING (-2.5872472 51.4596964, -2.5872245 51.4596439, -2.5871779 51.4595251)",,,,,,,,0.011558575973349377,0.7,#a5d86a
529808768,primary,30 mph,West Street,False,False,17.12,48.2802,1.277,"LINESTRING (-2.5796264 51.4565357, -2.579744 51.4565111, -2.5797958 51.4564962, -2.5798558 51.456479)",2,,,A420,,,,0.0987346808772371,0.0,#a50026
496181298,service,5 mph,,False,False,31.05,32.1868,3.472,"LINESTRING (-2.5796369 51.4573885, -2.5794241 51.4571428)",,,,,,,,0.046244323529002665,0.0,#a50026
531217986,residential,20 mph,Bragg's Lane,False,False,27.18,32.1868,3.04,"LINESTRING (-2.5796369 51.4573885, -2.5794965 51.4574187, -2.5792643 51.4574648)",,,,,,,,0.02026727397720111,0.6,#d9ef8b
"[531217986, 32606701]",residential,20 mph,Bragg's Lane,False,True,57.09,32.1868,6.386,"LINESTRING (-2.5796369 51.4573885, -2.5797339 51.4573613, -2.5800214 51.4572605, -2.5801323 51.4572244, -2.5801914 51.4572062, -2.5802906 51.4571807, -2.5803731 51.4571592)",,,,,,,,0.01905971567026422,0.6,#d9ef8b
1347126809,footway,,,False,True,11.51,32.18679999999999,1.287,"LINESTRING (-2.5803653 51.4572951, -2.5804246 51.4572884, -2.5805213 51.4572616)",,,,,,,,0.011615291325398435,0.7,#a5d86a
541977748,service,,,False,True,20.12,32.1868,2.251,"LINESTRING (-2.5883319 51.460852, -2.5884856 51.4608258, -2.5886121 51.4608043)",,,,,,,,0.010759888781083889,0.8,#66bd63
4012533,unclassified,20 mph,Upper York Street,False,False,49.59,32.1868,5.546,"LINESTRING (-2.5886121 51.4608043, -2.5884195 51.4603748)",,,,,,,,0.010633431510856868,0.8,#66bd63
4012533,unclassified,20 mph,Upper York Street,False,True,29.74,32.1868,3.326,"LINESTRING (-2.5886121 51.4608043, -2.5887285 51.4610617)",,,,,,,,0.011561253787809716,0.7,#a5d86a
541977748,service,,,False,False,20.12,32.1868,2.251,"LINESTRING (-2.5886121 51.4608043, -2.5884856 51.4608258, -2.5883319 51.460852)",,,,,,,,0.010759888781083889,0.8,#66bd63
204097711,unclassified,20 mph,Upper York Street,False,False,28.12,32.1868,3.145,"LINESTRING (-2.5889677 51.461266, -2.5887285 51.4610617)",,,,,,,,0.01704723870218172,0.6,#d9ef8b
204097711,unclassified,20 mph,Upper York Street,False,True,21.4,32.1868,2.394,"LINESTRING (-2.5889677 51.461266, -2.5891498 51.4614215)",,,,,,,,0.026458446222838564,0.4,#fee08b
541977756,service,,,False,True,10.01,32.1868,1.12,"LINESTRING (-2.5889677 51.461266, -2.589082 51.4612109)",,,,,,,,0.017255620658168352,0.6,#d9ef8b
541977756,service,,,False,False,10.01,32.1868,1.12,"LINESTRING (-2.589082 51.4612109, -2.5889677 51.461266)",,,,,,,,0.017255620658168352,0.6,#d9ef8b
26230308,residential,20 mph,Backfields,False,False,44.13,32.1868,4.936,"LINESTRING (-2.5886428 51.4616618, -2.5891498 51.4614215)",,,,,,,,0.026458446222838564,0.4,#fee08b
26230308,residential,20 mph,Backfields,False,True,10.97,32.1868,1.227,"LINESTRING (-2.5886428 51.4616618, -2.5885168 51.4617216)",,,,,,,,0.015231697549449792,0.7,#a5d86a
541977761,residential,20 mph,Backfields,False,True,7.37,32.1868,0.825,"LINESTRING (-2.5886428 51.4616618, -2.5887032 51.4617164)",,,,,,,,0.016073854948224803,0.6,#d9ef8b
541977761,residential,20 mph,Backfields,False,False,7.37,32.1868,0.825,"LINESTRING (-2.5887032 51.4617164, -2.5886428 51.4616618)",,,,,,,,0.016073854948224803,0.6,#d9ef8b
541977766,service,,,False,True,8.93,32.1868,0.999,"LINESTRING (-2.589422 51.4615217, -2.5893214 51.4615719)",,,,,,,,0.06165384929650462,0.0,#a50026
204097711,unclassified,20 mph,Upper York Street,False,False,20.52,32.1868,2.295,"LINESTRING (-2.5893214 51.4615719, -2.5891498 51.4614215)",,,,,,,,0.05201857358217238,0.0,#a50026
204097711,unclassified,20 mph,Upper York Street,False,True,23.09,32.1868,2.583,"LINESTRING (-2.5893214 51.4615719, -2.5895087 51.4617437)",,,,,,,,0.0818728744145804,0.0,#a50026
541977766,service,,,False,False,8.93,32.1868,0.999,"LINESTRING (-2.5893214 51.4615719, -2.589422 51.4615217)",,,,,,,,0.06165384929650462,0.0,#a50026
"[555569877, 555569878, 555569879]",service,,,False,True,24.11,32.1868,2.697,"LINESTRING (-2.5913836 51.461629, -2.5914361 51.4616582, -2.5915582 51.4617261, -2.5916432 51.4617734)",,,building_passage,,,,,0.01284298920775106,0.7,#a5d86a
42879142,secondary,20 mph,Jamaica Street,False,False,20.69,32.1868,2.315,"LINESTRING (-2.5916432 51.4617734, -2.5914505 51.4619156)",2,,,B4051,,,,0.01720317698151166,0.6,#d9ef8b
42879142,secondary,20 mph,Jamaica Street,False,True,31.94,32.1868,3.573,"LINESTRING (-2.5916432 51.4617734, -2.5919408 51.461554)",2,,,B4051,,,,0.01284298920775106,0.7,#a5d86a
"[555569877, 555569878, 555569879]",service,,,False,False,24.11,32.1868,2.697,"LINESTRING (-2.5916432 51.4617734, -2.5915582 51.4617261, -2.5914361 51.4616582, -2.5913836 51.461629)",,,building_passage,,,,,0.01284298920775106,0.7,#a5d86a
"[562592842, 562592844]",service,,,False,True,21.98,32.1868,2.458,"LINESTRING (-2.5861774 51.4605668, -2.586266 51.4606859, -2.5863133 51.4607454)",,,building_passage,,,,,0.10752823433137429,0.0,#a50026
12853092,unclassified,,Wellington Road,False,False,34.86,32.33444587155963,3.882,"LINESTRING (-2.5804078 51.460123, -2.5803126 51.4601576, -2.5799647 51.4602715)",,,,,,,,0.01721546847869211,0.6,#d9ef8b
12853092,unclassified,,Wellington Road,False,True,16.69,32.33444587155963,1.859,"LINESTRING (-2.5804078 51.460123, -2.5805412 51.4600703, -2.5806087 51.4600402)",,,,,,,,0.014835937056432127,0.7,#a5d86a
562901652,service,,,False,False,15.01,32.1868,1.679,"LINESTRING (-2.5804078 51.460123, -2.5804651 51.4601745, -2.5805104 51.4602153, -2.580538 51.4602301)",,,,,,parking_aisle,,0.01763030784772599,0.6,#d9ef8b
562901653,service,,,False,True,11.95,32.1868,1.336,"LINESTRING (-2.5810094 51.4599687, -2.5808903 51.459891)",,,,,,,,0.010449155424939275,0.8,#66bd63
562901653,service,,,False,False,11.95,32.1868,1.336,"LINESTRING (-2.5808903 51.459891, -2.5810094 51.4599687)",,,,,,,,0.010449155424939275,0.8,#66bd63
12853092,unclassified,,Wellington Road,False,False,25.61,32.33444587155963,2.851,"LINESTRING (-2.5808903 51.459891, -2.5807716 51.4599551, -2.5806087 51.4600402)",,,,,,,,0.012754581783324165,0.7,#a5d86a
12853092,unclassified,,Wellington Road,False,True,32.95,32.33444587155963,3.669,"LINESTRING (-2.5808903 51.459891, -2.5810363 51.4598074, -2.5812375 51.4596885)",,,,,,,,0.00999272841404615,0.8,#66bd63
24239207,residential,20 mph,Lemon Lane,False,False,38.74,32.1868,4.332,"LINESTRING (-2.5837396 51.460496, -2.58397 51.4608134)",,,,,,,,0.006639297803527525,0.8,#66bd63
24239207,residential,20 mph,Lemon Lane,False,True,13.35,32.1868,1.493,"LINESTRING (-2.5837396 51.460496, -2.5836602 51.4603866)",,,,,,,,0.0058305685762119605,0.9,#199750
564055130,service,,,False,True,4.36,32.1868,0.488,"LINESTRING (-2.5837396 51.460496, -2.5837968 51.4604796)",,,,,,,,0.005948399326012764,0.8,#66bd63
564055130,service,,,False,False,4.36,32.1868,0.488,"LINESTRING (-2.5837968 51.4604796, -2.5837396 51.460496)",,,,,,,,0.005948399326012764,0.8,#66bd63
72343224,unclassified,20 mph,Prince's Street,False,True,7.29,32.1868,0.816,"LINESTRING (-2.5836041 51.4625157, -2.5836777 51.4625626)",,,,,,,,0.003968787686964601,0.9,#199750
72343224,unclassified,20 mph,Prince's Street,False,False,34.82,32.1868,3.895,"LINESTRING (-2.5836041 51.4625157, -2.5833076 51.4623267, -2.5832418 51.4623001)",,,,,,,,0.004247779735610528,0.9,#199750
"[564463058, 885024932]",service,,,False,False,42.63,32.1868,4.768,"LINESTRING (-2.5836041 51.4625157, -2.5837067 51.4624431, -2.583702 51.4624116, -2.5834274 51.4622225)",,,,,,,,0.004185761841565785,0.9,#199750
565773114,service,,,False,True,14.31,32.1868,1.6,"LINESTRING (-2.5835535 51.4579006, -2.5836343 51.4578381, -2.5836594 51.4577923)",,,,,,,,0.03601627750039747,0.2,#f46d43
246327890,pedestrian,,Champion Square,False,False,22.52,32.1868,2.518,"LINESTRING (-2.5836594 51.4577923, -2.5833648 51.4577068)",,,,,,,,0.02620619867265015,0.4,#fee08b
246327890,pedestrian,,Champion Square,False,True,4.7,32.1868,0.526,"LINESTRING (-2.5836594 51.4577923, -2.5837209 51.4578102)",,,,,,,,0.027638158775542192,0.4,#fee08b
565773114,service,,,False,False,14.31,32.1868,1.6,"LINESTRING (-2.5836594 51.4577923, -2.5836343 51.4578381, -2.5835535 51.4579006)",,,,,,,,0.03601627750039747,0.2,#f46d43
"[606486360, 606486358]",residential,20 mph,Cumberland Street,False,False,7.64,32.1868,0.855,"LINESTRING (-2.5897037 51.4601155, -2.5896192 51.4600988, -2.5895984 51.4600951)",,,,,,,,0.03409878238333079,0.3,#fdad60
112748677,footway,,,False,False,26.96,32.18679999999999,3.016,"LINESTRING (-2.5900156 51.4597615, -2.5897942 51.4596276, -2.5897536 51.4595842)",,,,,,,,0.017375427185929437,0.6,#d9ef8b
112748677,footway,,,False,True,24.18,32.18679999999999,2.704,"LINESTRING (-2.5900156 51.4597615, -2.5902051 51.4598713, -2.5902843 51.4598982)",,,,,,,,0.027408335640588442,0.4,#fee08b
"[26230294, 629261550, 629261551]",footway,,,False,False,58.0,32.18679999999999,6.488,"LINESTRING (-2.5900156 51.4597615, -2.5899142 51.4599206, -2.589817 51.4600731, -2.5898083 51.4600904, -2.5896325 51.4600487, -2.5895984 51.4600951)",,,building_passage,,,,,0.034507282202123124,0.3,#fdad60
26230276,footway,,,False,True,46.82,32.18679999999999,5.237,"LINESTRING (-2.5825756 51.460767, -2.5828657 51.4611473)",,,,,,,,0.007633738522555663,0.8,#66bd63
1173237852,service,,,False,False,0.57,32.1868,0.063,"LINESTRING (-2.5825756 51.460767, -2.5825685 51.4607695)",,,,,,,,0.007663632443665173,0.8,#66bd63
1173237852,service,,,False,True,11.55,32.1868,1.291,"LINESTRING (-2.5825756 51.460767, -2.5827203 51.4607155)",,,,,,,,0.007633738522555663,0.8,#66bd63
3512235,unclassified,20 mph,The Horsefair,False,False,107.74,32.1868,12.05,"LINESTRING (-2.5886556 51.4588173, -2.5885084 51.458809, -2.5881518 51.4588176, -2.5876383 51.4588345, -2.5874252 51.4588242, -2.5872102 51.4587988, -2.5871231 51.4587639)",1,,,,,,,0.009284623222728891,0.8,#66bd63
3512235,unclassified,20 mph,The Horsefair,False,True,22.85,32.1868,2.556,"LINESTRING (-2.5886556 51.4588173, -2.5887195 51.4588196, -2.5888719 51.4588141, -2.5889848 51.4588096)",1,,,,,,,0.01173312173486426,0.7,#a5d86a
612092247,service,,Callowhill Court,False,False,88.68,32.1868,9.919,"LINESTRING (-2.5886556 51.4588173, -2.5884402 51.4584831, -2.5878716 51.4585496, -2.5878367 51.4584758)",,,,,,,,0.009284623222728891,0.8,#66bd63
612092247,service,,Callowhill Court,False,True,30.02,32.1868,3.358,"LINESTRING (-2.5874108 51.4585254, -2.5878367 51.4584758)",,,,,,,,0.006129304295836113,0.8,#66bd63
612092247,service,,Callowhill Court,False,False,30.02,32.1868,3.358,"LINESTRING (-2.5878367 51.4584758, -2.5874108 51.4585254)",,,,,,,,0.006129304295836113,0.8,#66bd63
612092247,service,,Callowhill Court,False,True,88.68,32.1868,9.919,"LINESTRING (-2.5878367 51.4584758, -2.5878716 51.4585496, -2.5884402 51.4584831, -2.5886556 51.4588173)",,,,,,,,0.009284623222728891,0.8,#66bd63
"[612092248, 651203558]","['footway', 'service']",,Callowhill Court,False,"[False, True]",36.54,32.18679999999999,4.087,"LINESTRING (-2.5878367 51.4584758, -2.5877807 51.4582996, -2.5877408 51.4581772, -2.5877325 51.4581537)",,,,,,,,0.006129304295836113,0.8,#66bd63
615789159,footway,,,False,True,14.85,32.18679999999999,1.661,"LINESTRING (-2.5861338 51.4567663, -2.5861308 51.4566898, -2.5861247 51.4566645, -2.586109 51.4566346)",,,,,,,,0.004407464161903905,0.9,#199750
615789162,footway,,,False,False,13.95,32.18679999999999,1.56,"LINESTRING (-2.58618 51.4568211, -2.5863137 51.4569149)",,,,,,,,0.004440183983065518,0.9,#199750
615789163,footway,,,False,False,22.17,32.18679999999999,2.48,"LINESTRING (-2.5861888 51.4567956, -2.5862649 51.4567886, -2.5863073 51.456781, -2.5863512 51.4567608, -2.5863965 51.4567288, -2.5864323 51.4566871)",,,,,,,,0.004394759136187054,0.9,#199750
615789161,footway,,,False,False,16.22,32.18679999999999,1.814,"LINESTRING (-2.5861245 51.4568363, -2.5860208 51.4569424, -2.5860048 51.4569616)",,,,,,,,0.004858742664229559,0.9,#199750
20343257,tertiary,20 mph,Broad Weir,False,True,23.84,32.1868,2.666,"LINESTRING (-2.5863137 51.4569149, -2.5866044 51.4568002)",2,,,,,,,0.004428221118411506,0.9,#199750
615789162,footway,,,False,True,13.95,32.18679999999999,1.56,"LINESTRING (-2.5863137 51.4569149, -2.58618 51.4568211)",,,,,,,,0.004440183983065518,0.9,#199750
20343257,tertiary,20 mph,Broad Weir,False,False,21.82,32.1868,2.441,"LINESTRING (-2.5863137 51.4569149, -2.5861693 51.4569787, -2.586109 51.4570058, -2.5860511 51.4570222)",2,,,,,,,0.004899850105127304,0.9,#199750
627040439,footway,,,False,False,49.77,32.18679999999999,5.566,"LINESTRING (-2.5863137 51.4569149, -2.5863658 51.4569831, -2.5867313 51.4572161, -2.5867832 51.4572491)",,,,,,,,0.004459439358553608,0.9,#199750
68800005,footway,,,False,False,17.79,32.18679999999999,1.99,"LINESTRING (-2.5864323 51.4566871, -2.5865331 51.4567272, -2.5866044 51.4568002)",,,,,,,,0.004028622618708114,0.9,#199750
68800005,footway,,,False,True,23.37,32.18679999999999,2.614,"LINESTRING (-2.5864323 51.4566871, -2.5864034 51.4566884, -2.5862494 51.4566701, -2.586109 51.4566346)",,,,,,,,0.0042399398935359005,0.9,#199750
615789163,footway,,,False,True,22.17,32.18679999999999,2.48,"LINESTRING (-2.5864323 51.4566871, -2.5863965 51.4567288, -2.5863512 51.4567608, -2.5863073 51.456781, -2.5862649 51.4567886, -2.5861888 51.4567956)",,,,,,,,0.004394759136187054,0.9,#199750
615789164,footway,,,False,False,26.32,32.18679999999999,2.944,"LINESTRING (-2.5860767 51.4568, -2.5860024 51.4567944, -2.5859252 51.4567791, -2.5858352 51.456754, -2.5857604 51.4567216, -2.58573 51.4567117)",,,,,,,,0.00472394463587194,0.9,#199750
22634258,tertiary,20 mph,Lower Castle Street,False,True,32.06,32.1868,3.586,"LINESTRING (-2.5856446 51.4567301, -2.5854634 51.4564648)",3,,,,,,,0.004847825540982319,0.9,#199750
1360635497,footway,,,False,True,6.26,32.18679999999999,0.7,"LINESTRING (-2.5856446 51.4567301, -2.58573 51.4567117)",,,,,,,,0.004847825540982319,0.9,#199750
"[711114417, 22634258]",tertiary,20 mph,Lower Castle Street,False,False,30.8,32.1868,3.445,"LINESTRING (-2.5856446 51.4567301, -2.585655 51.4567441, -2.5857456 51.4568859, -2.5857752 51.4569297, -2.585816 51.4569856)",3,,,,,,,0.005150819986598801,0.9,#199750
"[615874817, 615879527]","['footway', 'steps']",,,False,"[False, True]",8.2,32.18679999999999,0.917,"LINESTRING (-2.5911937 51.4594045, -2.591171 51.4593894, -2.591123 51.4593456)",,,,,,,,0.009863834564371282,0.8,#66bd63
"[615874821, 1026516204, 1414930797, 615879525]","['footway', 'steps']",,,False,"[False, True]",145.65,32.18679999999999,16.291,"LINESTRING (-2.5906704 51.4597722, -2.5907332 51.4597604, -2.5911815 51.4596099, -2.591277 51.459535, -2.591314 51.459462, -2.5913063 51.4593449, -2.5912708 51.4592912, -2.5912277 51.4592374, -2.5911638 51.459196, -2.5910811 51.4591644, -2.5910562 51.4591956, -2.5910157 51.4591809, -2.5909736 51.4591786, -2.5909333 51.4591814, -2.5909031 51.4591876, -2.5908805 51.4592054, -2.5908687 51.459234, -2.5908593 51.4593018, -2.5907255 51.4594505)",,,,,,,,0.020263822626321138,0.6,#d9ef8b
"[615879526, 1414930804, 615874822]","['footway', 'steps']",,,False,False,42.01,32.18679999999999,4.699,"LINESTRING (-2.5906704 51.4597722, -2.5906553 51.4597361, -2.5907531 51.4597223, -2.5907665 51.4596998, -2.5907774 51.4596651, -2.590775 51.4596505, -2.5907587 51.4596282, -2.5907526 51.4596055, -2.590755 51.459565, -2.5907255 51.4594505)",,,,,,,,0.020263822626321138,0.6,#d9ef8b
"[1026516206, 1414930799]",footway,,,False,True,6.51,32.18679999999999,0.728,"LINESTRING (-2.5906704 51.4597722, -2.5906808 51.4597892, -2.5907039 51.4598269)",,,,,,,,0.02258808112415102,0.5,#feffbe
"[112885032, 112885028]","['footway', 'unclassified']",,Clement Street,False,False,90.95,32.18679999999999,10.173,"LINESTRING (-2.5793729 51.461921, -2.579522 51.4619921, -2.5799646 51.4616353, -2.5800427 51.461537, -2.5800464 51.4615083, -2.5799385 51.4614193)",,,,,,,,0.013683185956384056,0.7,#a5d86a
562901652,service,,,False,False,18.16,32.1868,2.031,"LINESTRING (-2.581189 51.4605775, -2.5809893 51.4604717)",,,,,,parking_aisle,,0.021997767984696746,0.5,#feffbe
562901652,service,,,False,True,65.43,32.1868,7.319,"LINESTRING (-2.581189 51.4605775, -2.5814404 51.4604689, -2.5812052 51.4603296, -2.5809893 51.4604717)",,,,,,parking_aisle,,0.02180253915927397,0.5,#feffbe
683627697,footway,,,False,False,19.5,32.18679999999999,2.181,"LINESTRING (-2.581189 51.4605775, -2.5812515 51.4606146, -2.5811572 51.4606764, -2.5811598 51.4607127)",,,,,,,,0.027995775615605154,0.4,#fee08b
562901652,service,,,False,True,18.12,32.1868,2.026,"LINESTRING (-2.5809893 51.4604717, -2.580791 51.4603655)",,,,,,parking_aisle,,0.021234713063243676,0.5,#feffbe
562901652,service,,,False,True,18.16,32.1868,2.031,"LINESTRING (-2.5809893 51.4604717, -2.581189 51.4605775)",,,,,,parking_aisle,,0.021997767984696746,0.5,#feffbe
562901652,service,,,False,False,65.43,32.1868,7.319,"LINESTRING (-2.5809893 51.4604717, -2.5812052 51.4603296, -2.5814404 51.4604689, -2.581189 51.4605775)",,,,,,parking_aisle,,0.02180253915927397,0.5,#feffbe
12853092,unclassified,,Wellington Road,False,False,16.69,32.33444587155963,1.859,"LINESTRING (-2.5806087 51.4600402, -2.5805412 51.4600703, -2.5804078 51.460123)",,,,,,,,0.014835937056432127,0.7,#a5d86a
12853092,unclassified,,Wellington Road,False,True,25.61,32.33444587155963,2.851,"LINESTRING (-2.5806087 51.4600402, -2.5807716 51.4599551, -2.5808903 51.459891)",,,,,,,,0.012754581783324165,0.7,#a5d86a
"[690766129, 690766130, 690766131, 690766132, 617001681]",footway,,,False,True,113.65,32.18679999999999,12.711,"LINESTRING (-2.5806087 51.4600402, -2.5805771 51.4601574, -2.5808677 51.4603303, -2.5809193 51.4603597, -2.5809908 51.4604024, -2.5812249 51.4602489, -2.5815195 51.4604233, -2.5816006 51.4604705, -2.5816155 51.4604803)",,,,,,,,0.0184447339052113,0.6,#d9ef8b
382869603,footway,,Clement Street,False,False,42.3,32.18679999999999,4.731,"LINESTRING (-2.5816155 51.4604803, -2.5812007 51.4607214, -2.5811598 51.4607127)",,,,,,,,0.027995775615605154,0.4,#fee08b
"[382869603, 1413912975]",footway,,Clement Street,False,True,42.43,32.18679999999999,4.745,"LINESTRING (-2.5816155 51.4604803, -2.5820006 51.4602892, -2.5820373 51.4602556, -2.5820608 51.4602556, -2.582092 51.4602576)",,,,,,,,0.013148239415590648,0.7,#a5d86a
"[617001681, 690766130, 690766131, 690766132, 690766129]",footway,,,False,False,113.65,32.18679999999999,12.711,"LINESTRING (-2.5816155 51.4604803, -2.5816006 51.4604705, -2.5815195 51.4604233, -2.5812249 51.4602489, -2.5809908 51.4604024, -2.5809193 51.4603597, -2.5808677 51.4603303, -2.5805771 51.4601574, -2.5806087 51.4600402)",,,,,,,,0.0184447339052113,0.6,#d9ef8b
617175638,footway,,,False,True,20.86,32.18679999999999,2.334,"LINESTRING (-2.5836486 51.4594928, -2.5833527 51.4594579)",,,,,,,,0.00997503058787475,0.8,#66bd63
"[108234586, 1413912981]",footway,,,False,False,60.25,32.18679999999999,6.739,"LINESTRING (-2.5836486 51.4594928, -2.5836283 51.4595175, -2.5835586 51.4595629, -2.5830639 51.4597645, -2.5830026 51.4597753, -2.5829545 51.4598065)",,,,,,,,0.009246303018829035,0.8,#66bd63
"[108234586, 1413912983]",footway,,,False,True,106.62,32.18679999999999,11.926,"LINESTRING (-2.5836486 51.4594928, -2.5836822 51.4594511, -2.5837036 51.4593778, -2.5837009 51.4593016, -2.5836191 51.4591896, -2.5835628 51.459049, -2.5835238 51.4589255, -2.5834984 51.4586949, -2.5835202 51.4586084, -2.5835423 51.4585614)",,,,,,,,0.04659316143351806,0.0,#a50026
617175638,footway,,,False,False,20.86,32.18679999999999,2.334,"LINESTRING (-2.5833527 51.4594579, -2.5836486 51.4594928)",,,,,,,,0.00997503058787475,0.8,#66bd63
617175640,service,,,False,False,47.82,32.1868,5.349,"LINESTRING (-2.5833527 51.4594579, -2.5833729 51.459478, -2.583038 51.4596087, -2.5828948 51.4594757)",,,,,,parking_aisle,,0.00997503058787475,0.8,#66bd63
617175640,service,,,False,True,25.46,32.1868,2.847,"LINESTRING (-2.5833527 51.4594579, -2.5832454 51.4593512, -2.5831017 51.4594022)",,,,,,parking_aisle,,0.01137807767746984,0.7,#a5d86a
617175639,service,,,False,True,34.9,32.1868,3.904,"LINESTRING (-2.5830236 51.4591512, -2.5829136 51.4592189, -2.5831017 51.4594022)",,,,,,parking_aisle,,0.01497207863840019,0.7,#a5d86a
617175640,service,,,False,True,16.5,32.1868,1.846,"LINESTRING (-2.5831017 51.4594022, -2.5828948 51.4594757)",,,,,,parking_aisle,,0.01066324232735325,0.8,#66bd63
617175639,service,,,False,False,34.9,32.1868,3.904,"LINESTRING (-2.5831017 51.4594022, -2.5829136 51.4592189, -2.5830236 51.4591512)",,,,,,parking_aisle,,0.01497207863840019,0.7,#a5d86a
617175640,service,,,False,False,25.46,32.1868,2.847,"LINESTRING (-2.5831017 51.4594022, -2.5832454 51.4593512, -2.5833527 51.4594579)",,,,,,parking_aisle,,0.01137807767746984,0.7,#a5d86a
617175640,service,,,False,False,16.5,32.1868,1.846,"LINESTRING (-2.5828948 51.4594757, -2.5831017 51.4594022)",,,,,,parking_aisle,,0.01066324232735325,0.8,#66bd63
617175640,service,,,False,True,17.14,32.1868,1.917,"LINESTRING (-2.5828948 51.4594757, -2.5826779 51.4595498)",,,,,,parking_aisle,,0.009620760591523971,0.8,#66bd63
617175640,service,,,False,True,47.82,32.1868,5.349,"LINESTRING (-2.5828948 51.4594757, -2.583038 51.4596087, -2.5833729 51.459478, -2.5833527 51.4594579)",,,,,,parking_aisle,,0.00997503058787475,0.8,#66bd63
617175640,service,,,False,False,17.14,32.1868,1.917,"LINESTRING (-2.5826779 51.4595498, -2.5828948 51.4594757)",,,,,,parking_aisle,,0.009620760591523971,0.8,#66bd63
519404173,service,,Dale Street,False,False,34.39,32.1868,3.847,"LINESTRING (-2.5826779 51.4595498, -2.5829243 51.4597831, -2.5829545 51.4598065)",3,,,,,,,0.008629550061655233,0.8,#66bd63
519404173,service,,Dale Street,False,True,23.15,32.1868,2.589,"LINESTRING (-2.5826779 51.4595498, -2.5826367 51.4595005, -2.5826179 51.4594748, -2.582602 51.459449, -2.5825827 51.4594115, -2.5825556 51.4593567)",3,,,,,,,0.010092062602089552,0.8,#66bd63
12853087,residential,,Great Ann Street,False,True,39.56,32.1868,4.424,"LINESTRING (-2.5809231 51.4580373, -2.5813516 51.4582724)",,,,,,,,0.012579168529094183,0.7,#a5d86a
12853087,residential,,Great Ann Street,False,False,14.83,32.1868,1.659,"LINESTRING (-2.5809231 51.4580373, -2.5808658 51.4580058, -2.5808051 51.4579831, -2.580739 51.4579767)",,,,,,,,0.01185717972407166,0.7,#a5d86a
"[670726178, 670726179, 617175645, 617175646]","['footway', 'service']",,,False,"[False, True]",77.34,32.18679999999999,8.651,"LINESTRING (-2.5809231 51.4580373, -2.5810451 51.45795, -2.5810743 51.4579294, -2.5810844 51.457922, -2.5811487 51.4579086, -2.5812694 51.4578251, -2.5813356 51.45782, -2.5813881 51.4577824, -2.5814019 51.4577733, -2.58142 51.4577653, -2.5814391 51.4577613, -2.5814592 51.4577601, -2.5814763 51.4577607, -2.5814921 51.4577641, -2.5815039 51.4577686, -2.5817644 51.4579102)",,,,,,,,0.03297694566753879,0.3,#fdad60
617175646,service,,,False,False,8.05,32.1868,0.901,"LINESTRING (-2.581852 51.4579578, -2.5817644 51.4579102)",,,,,,,,0.032593186632353485,0.3,#fdad60
12853091,residential,20 mph,Great George Street,False,False,28.53,32.1868,3.191,"LINESTRING (-2.581852 51.4579578, -2.5820177 51.4578366, -2.582119 51.4577625)",1,,,,,,,0.1808833506938096,0.0,#a50026
12853091,residential,20 mph,Great George Street,False,True,49.19,32.1868,5.502,"LINESTRING (-2.581852 51.4579578, -2.5814593 51.4582453, -2.5813919 51.4582947)",1,,,,,,,0.030569591298929177,0.3,#fdad60
617175647,service,,,False,True,15.93,32.1868,1.781,"LINESTRING (-2.5806043 51.4586172, -2.5807727 51.4587147)",,,,,,parking_aisle,,0.010024676477596346,0.8,#66bd63
617175647,service,,,False,False,15.93,32.1868,1.781,"LINESTRING (-2.5807727 51.4587147, -2.5806043 51.4586172)",,,,,,parking_aisle,,0.010024676477596346,0.8,#66bd63
12853078,living_street,20 mph,Great George Street,False,False,45.0,32.1868,5.034,"LINESTRING (-2.5807727 51.4587147, -2.580968 51.4585774, -2.5812133 51.4584174)",1,,,,,,,0.010116751941556895,0.8,#66bd63
12853078,living_street,20 mph,Great George Street,False,True,60.52,32.1868,6.769,"LINESTRING (-2.5807727 51.4587147, -2.5806512 51.4588002, -2.580326 51.4590238, -2.5801921 51.4591213)",1,,,,,,,0.01943641774051114,0.6,#d9ef8b
42899174,residential,,Great Ann Street,False,False,57.65,32.1868,6.448,"LINESTRING (-2.5803218 51.4582365, -2.5797672 51.458623)",,,,,,,,0.01867642967490362,0.6,#d9ef8b
42899174,residential,,Great Ann Street,False,True,7.3,32.1868,0.817,"LINESTRING (-2.5803218 51.4582365, -2.5803905 51.4581867)",,,,,,,,0.008999593805001961,0.8,#66bd63
617175649,footway,,,False,False,30.06,32.18679999999999,3.362,"LINESTRING (-2.5803218 51.4582365, -2.5802534 51.4582327, -2.5800713 51.4581636, -2.5799415 51.4581144)",,,,,,,,0.009257605743381319,0.8,#66bd63
617175649,footway,,,False,True,30.06,32.18679999999999,3.362,"LINESTRING (-2.5799415 51.4581144, -2.5800713 51.4581636, -2.5802534 51.4582327, -2.5803218 51.4582365)",,,,,,,,0.009257605743381319,0.8,#66bd63
"[670726181, 670726182]",service,,,False,False,67.94,32.1868,7.599,"LINESTRING (-2.5799415 51.4581144, -2.5799344 51.4581135, -2.5799248 51.458116, -2.5799169 51.4581192, -2.5799091 51.4581236, -2.5792658 51.4585532)",,,,,,,,0.019394490730379684,0.6,#d9ef8b
"[617175652, 670726181]",service,,,False,True,81.37,32.1868,9.101,"LINESTRING (-2.5799415 51.4581144, -2.5799691 51.4581098, -2.5799786 51.4581076, -2.5799882 51.4581036, -2.5799986 51.4580974, -2.5804111 51.4578025, -2.5804192 51.4577964, -2.5804302 51.4577916, -2.5804442 51.457789, -2.5804574 51.457789, -2.5804722 51.4577914, -2.5804852 51.457796, -2.580496 51.4578006, -2.5806934 51.4579078, -2.5807099 51.4579193, -2.5807196 51.4579287, -2.5807266 51.4579368, -2.580732 51.4579473, -2.580739 51.4579767)",,,,,,,,0.010850080031865853,0.7,#a5d86a
68808074,footway,,,False,False,13.92,32.18679999999999,1.557,"LINESTRING (-2.5826715 51.4569153, -2.5826551 51.4569027, -2.5826025 51.4568715, -2.5825636 51.4568495, -2.5825238 51.4568309)",,,,,,,,0.011569022178915417,0.7,#a5d86a
68808074,footway,,,False,True,50.86,32.18679999999999,5.689,"LINESTRING (-2.5826715 51.4569153, -2.5826856 51.4569262, -2.5827155 51.4569596, -2.5827359 51.4569927, -2.5827536 51.4570235, -2.5827624 51.4570533, -2.5827695 51.457082, -2.5827704 51.4571208, -2.5827686 51.4571443, -2.5827663 51.4571641, -2.5827666 51.4571864, -2.5827678 51.4572122, -2.5827788 51.4572345, -2.5828007 51.4572628, -2.5828124 51.4572856, -2.5828353 51.4573055, -2.5828923 51.4573318)",,,,,,,,0.016597706797765337,0.6,#d9ef8b
244680593,footway,,,False,True,18.09,32.18679999999999,2.024,"LINESTRING (-2.5826715 51.4569153, -2.5826265 51.4569432, -2.5825775 51.4569577, -2.5824961 51.4569708, -2.5824377 51.4569773)",,,,,,,,0.013691629464222125,0.7,#a5d86a
24239077,unclassified,,Redcross Street,False,False,46.67,32.33444587155963,5.196,"LINESTRING (-2.5825238 51.4568309, -2.5831649 51.4567022)",,,,,,,,0.011065091254751629,0.7,#a5d86a
24239077,unclassified,,Redcross Street,False,True,30.67,32.33444587155963,3.415,"LINESTRING (-2.5825238 51.4568309, -2.582466 51.4568449, -2.5824086 51.4568586, -2.5821509 51.456928, -2.5821158 51.4569378)",,,,,,,,0.01384675954132594,0.7,#a5d86a
68808074,footway,,,False,True,13.92,32.18679999999999,1.557,"LINESTRING (-2.5825238 51.4568309, -2.5825636 51.4568495, -2.5826025 51.4568715, -2.5826551 51.4569027, -2.5826715 51.4569153)",,,,,,,,0.011569022178915417,0.7,#a5d86a
68808074,footway,,,False,False,12.74,32.18679999999999,1.425,"LINESTRING (-2.583014 51.4577313, -2.5831137 51.457635)",,,,,,,,0.01670124671917651,0.6,#d9ef8b
112744436,footway,,,False,False,23.61,32.18679999999999,2.641,"LINESTRING (-2.583014 51.4577313, -2.5827979 51.4576977, -2.5826957 51.4576926, -2.5826803 51.4576915)",,,,,,,,0.027479084726914006,0.4,#fee08b
246326774,footway,,,False,True,39.78,32.18679999999999,4.449,"LINESTRING (-2.583014 51.4577313, -2.5831163 51.4578232, -2.5830607 51.4579503, -2.5832342 51.4579137)",,,,,,,,0.02473143293464929,0.5,#feffbe
246327890,pedestrian,,Champion Square,False,False,37.13,32.1868,4.153,"LINESTRING (-2.583201 51.4579541, -2.5829467 51.458248)",,,,,,,,0.055013162988144515,0.0,#a50026
246327890,pedestrian,,Champion Square,False,True,5.05,32.1868,0.564,"LINESTRING (-2.583201 51.4579541, -2.5832342 51.4579137)",,,,,,,,0.02505429497760756,0.5,#feffbe
617239005,service,,,False,True,8.76,32.1868,0.979,"LINESTRING (-2.583201 51.4579541, -2.5833169 51.4579855)",,,,,,,,0.03205415683865679,0.3,#fdad60
617239005,service,,,False,False,8.76,32.1868,0.979,"LINESTRING (-2.5833169 51.4579855, -2.583201 51.4579541)",,,,,,,,0.03205415683865679,0.3,#fdad60
112746818,footway,,River Street,False,False,34.81,32.18679999999999,3.894,"LINESTRING (-2.5818643 51.4588741, -2.5822404 51.4586665)",,,,,,,,0.016468070997086207,0.6,#d9ef8b
112746818,footway,,River Street,False,True,23.55,32.18679999999999,2.634,"LINESTRING (-2.5818643 51.4588741, -2.5816357 51.4590308)",,,,,,,,0.010535968256702458,0.8,#66bd63
617239007,footway,,,False,False,18.42,32.18679999999999,2.061,"LINESTRING (-2.5818643 51.4588741, -2.581683 51.4587529)",,,,,,,,0.010535968256702458,0.8,#66bd63
24239164,unclassified,,River Street,False,False,1.11,32.33444587155963,0.123,"LINESTRING (-2.581683 51.4587529, -2.5816737 51.458761)",,,,,,,,0.010001525823644808,0.8,#66bd63
24239164,unclassified,,River Street,False,True,2.33,32.33444587155963,0.259,"LINESTRING (-2.581683 51.4587529, -2.5817026 51.4587359)",,,,,,,,0.010201569620015715,0.8,#66bd63
617239007,footway,,,False,True,18.42,32.18679999999999,2.061,"LINESTRING (-2.581683 51.4587529, -2.5818643 51.4588741)",,,,,,,,0.010535968256702458,0.8,#66bd63
24239164,unclassified,,River Street,False,True,19.4,32.33444587155963,2.16,"LINESTRING (-2.5813169 51.4590895, -2.5814651 51.4589415)",,,,,,,,0.008153851756152797,0.8,#66bd63
617239009,footway,,,False,True,13.77,32.18679999999999,1.54,"LINESTRING (-2.5813169 51.4590895, -2.5814868 51.4591537)",,,,,,,,0.0077271769390465225,0.8,#66bd63
24239164,unclassified,,River Street,False,False,24.59,32.33444587155963,2.737,"LINESTRING (-2.5813169 51.4590895, -2.5813058 51.4591035, -2.5811734 51.4592805, -2.5811666 51.4592898)",,,,,,,,0.008418703236695803,0.8,#66bd63
617239009,footway,,,False,False,13.6,32.18679999999999,1.521,"LINESTRING (-2.5813169 51.4590895, -2.5812709 51.4590721, -2.5811736 51.4590354, -2.5811509 51.4590244)",,,,,,,,0.008408460831260964,0.8,#66bd63
112746818,footway,,River Street,False,False,23.55,32.18679999999999,2.634,"LINESTRING (-2.5813347 51.4593431, -2.5814868 51.4591537)",,,,,,,,0.007632932166599043,0.8,#66bd63
617239010,footway,,,False,False,13.07,32.18679999999999,1.462,"LINESTRING (-2.5813347 51.4593431, -2.5811666 51.4592898)",,,,,,,,0.008418703236695803,0.8,#66bd63
"[112746818, 518932212, 518932214]","['footway', 'steps']",,River Street,False,True,35.6,32.18679999999999,3.982,"LINESTRING (-2.5813347 51.4593431, -2.5813271 51.4593526, -2.5811649 51.4595618, -2.5811796 51.4595761, -2.5811121 51.4596192)",,,,,,,,0.008081963842588986,0.8,#66bd63
24359420,unclassified,20 mph,Brigstocke Road,False,False,67.28,32.1868,7.525,"LINESTRING (-2.5881204 51.4644197, -2.5875944 51.4639111)",,,,,,,,0.01543252261037414,0.7,#a5d86a
"[624866104, 624866105, 624866103]",service,,,False,True,24.16,32.1868,2.702,"LINESTRING (-2.5881204 51.4644197, -2.5882184 51.4643888, -2.5883799 51.464338, -2.5884316 51.4643216)",,,building_passage,,,,,0.020649537266609296,0.5,#feffbe
"[624866104, 624866105, 624866103]",service,,,False,False,24.16,32.1868,2.702,"LINESTRING (-2.5884316 51.4643216, -2.5883799 51.464338, -2.5882184 51.4643888, -2.5881204 51.4644197)",,,building_passage,,,,,0.020649537266609296,0.5,#feffbe
625435527,footway,,,False,True,4.34,32.18679999999999,0.486,"LINESTRING (-2.5899383 51.4626868, -2.5899646 51.4626906, -2.5899895 51.4626931, -2.5899999 51.4626939)",,,,,,,,0.02008645500901046,0.6,#d9ef8b
"[625435528, 471285353, 625435532]",primary,20 mph,Stokes Croft,False,False,59.38,32.1868,6.642,"LINESTRING (-2.5899383 51.4626868, -2.5899404 51.4626527, -2.5899497 51.4626113, -2.5900222 51.4624492, -2.5900664 51.4623702, -2.5901074 51.4622933, -2.5901453 51.4622387, -2.5901855 51.462178)",1,,,A38,,,,0.07141412638170172,0.0,#a50026
625435528,primary,20 mph,Stokes Croft,False,True,6.88,32.1868,0.77,"LINESTRING (-2.5899383 51.4626868, -2.589937 51.4627182, -2.5899555 51.4627464)",,,,A38,,,,0.022882289211055038,0.5,#feffbe
625435530,primary,20 mph,Stokes Croft,False,False,12.12,32.1868,1.356,"LINESTRING (-2.5899555 51.4627464, -2.5899541 51.4628554)",2,,,A38,,,,0.030980268791126336,0.3,#fdad60
382889002,primary,20 mph,Stokes Croft,False,True,6.79,32.1868,0.76,"LINESTRING (-2.5899555 51.4627464, -2.5899886 51.4627228, -2.5899999 51.4626939)",,,,A38,,,,0.022882289211055038,0.5,#feffbe
625435528,primary,20 mph,Stokes Croft,False,False,6.88,32.1868,0.77,"LINESTRING (-2.5899555 51.4627464, -2.589937 51.4627182, -2.5899383 51.4626868)",,,,A38,,,,0.022882289211055038,0.5,#feffbe
24359413,unclassified,20 mph,Wilder Street,False,True,64.24,32.1868,7.185,"LINESTRING (-2.5874519 51.4616775, -2.588183 51.4613221)",,,,,,,,0.009704411535261486,0.8,#66bd63
24359413,unclassified,20 mph,Wilder Street,False,False,21.08,32.1868,2.357,"LINESTRING (-2.5874519 51.4616775, -2.5873944 51.4617055, -2.5872167 51.4617977)",,,,,,,,0.00846323623633458,0.8,#66bd63
"[625529176, 625529174, 625529175]",service,,,False,True,16.8,32.1868,1.879,"LINESTRING (-2.5874519 51.4616775, -2.5874019 51.4616375, -2.5873273 51.4615778, -2.5873029 51.4615583)",,,building_passage,,,,,0.009860937418446621,0.8,#66bd63
"[625529176, 625529174, 625529175]",service,,,False,False,16.8,32.1868,1.879,"LINESTRING (-2.5873029 51.4615583, -2.5873273 51.4615778, -2.5874019 51.4616375, -2.5874519 51.4616775)",,,building_passage,,,,,0.009860937418446621,0.8,#66bd63
24359413,unclassified,20 mph,Wilder Street,False,True,25.8,32.1868,2.885,"LINESTRING (-2.5865848 51.4621063, -2.5868757 51.4619615)",,,,,,,,0.007934122826701995,0.8,#66bd63
24359413,unclassified,20 mph,Wilder Street,False,False,47.84,32.1868,5.351,"LINESTRING (-2.5865848 51.4621063, -2.5860941 51.4623508, -2.5860455 51.462375)",,,,,,,,0.007393329802039374,0.8,#66bd63
"[625536892, 625536893, 625536894]",service,,,False,True,19.65,32.1868,2.198,"LINESTRING (-2.5865848 51.4621063, -2.586534 51.4620542, -2.5864831 51.4620063, -2.5864331 51.461957)",,,building_passage,,,,,0.008549056427729284,0.8,#66bd63
"[625536892, 625536893, 625536894]",service,,,False,False,19.65,32.1868,2.198,"LINESTRING (-2.5864331 51.461957, -2.5864831 51.4620063, -2.586534 51.4620542, -2.5865848 51.4621063)",,,building_passage,,,,,0.008549056427729284,0.8,#66bd63
246327890,pedestrian,,Champion Square,False,False,5.05,32.1868,0.564,"LINESTRING (-2.5832342 51.4579137, -2.583201 51.4579541)",,,,,,,,0.02505429497760756,0.5,#feffbe
246327890,pedestrian,,Champion Square,False,True,24.72,32.1868,2.765,"LINESTRING (-2.5832342 51.4579137, -2.5833648 51.4577068)",,,,,,,,0.02473143293464929,0.5,#feffbe
246326774,footway,,,False,False,39.78,32.18679999999999,4.449,"LINESTRING (-2.5832342 51.4579137, -2.5830607 51.4579503, -2.5831163 51.4578232, -2.583014 51.4577313)",,,,,,,,0.02473143293464929,0.5,#feffbe
991645736,pedestrian,,Champion Square,False,True,13.98,32.1868,1.564,"LINESTRING (-2.582941 51.4583737, -2.5829467 51.458248)",,,,,,,,0.14118662107669044,0.0,#a50026
518932240,footway,,,False,True,29.81,32.18679999999999,3.334,"LINESTRING (-2.582941 51.4583737, -2.5827768 51.4584493, -2.582697 51.4584902, -2.5826032 51.4584409)",,,,,,,,0.14118662107669044,0.0,#a50026
"[991645736, 42878902]","['unclassified', 'pedestrian']",,"['Tucker Street', 'Champion Square']",False,False,31.0,32.33444587155963,3.451,"LINESTRING (-2.582941 51.4583737, -2.5829699 51.458407, -2.5831687 51.4586136)",,,,,,,,0.43821276157279193,0.0,#a50026
690763194,pedestrian,,Brigstowe Street,False,False,14.37,32.1868,1.608,"LINESTRING (-2.5848568 51.4585657, -2.584791 51.4586883)",,permissive,,,,,,0.010960465579925418,0.7,#a5d86a
"[690763193, 380989807]","['steps', 'pedestrian']",,,False,True,21.56,34.8410028201237,2.228,"LINESTRING (-2.5848568 51.4585657, -2.5849745 51.4585276, -2.5851494 51.4585052)",,permissive,,,,,,0.010960465579925418,0.7,#a5d86a
690763194,pedestrian,,Brigstowe Street,False,True,82.13,32.1868,9.186,"LINESTRING (-2.5848568 51.4585657, -2.5848919 51.4584087, -2.5851394 51.4581692, -2.5854145 51.4579288)",,permissive,,,,,,0.011614805474883883,0.7,#a5d86a
192224369,pedestrian,,Hollister Street,False,True,56.74,32.1868,6.346,"LINESTRING (-2.5854145 51.4579288, -2.5852821 51.4579368, -2.5847076 51.45775, -2.584674 51.4577391)",,permissive,,,,,,0.012543172896302806,0.7,#a5d86a
690763184,pedestrian,,Brigstowe Street,False,True,72.17,32.1868,8.072,"LINESTRING (-2.5854145 51.4579288, -2.5857778 51.4576928, -2.5860072 51.457575, -2.5861884 51.4574977)",,permissive,,,,,,0.008366489848346039,0.8,#66bd63
690763194,pedestrian,,Brigstowe Street,False,False,82.13,32.1868,9.186,"LINESTRING (-2.5854145 51.4579288, -2.5851394 51.4581692, -2.5848919 51.4584087, -2.5848568 51.4585657)",,permissive,,,,,,0.011614805474883883,0.7,#a5d86a
690763194,pedestrian,,Brigstowe Street,False,True,14.37,32.1868,1.608,"LINESTRING (-2.584791 51.4586883, -2.5848568 51.4585657)",,permissive,,,,,,0.010960465579925418,0.7,#a5d86a
"[627040443, 690763181, 690763182, 690763183]","['steps', 'pedestrian']",,Concorde Street,False,True,160.07,34.8410028201237,16.539,"LINESTRING (-2.584791 51.4586883, -2.5851102 51.4586785, -2.5851211 51.4586782, -2.585219 51.4586635, -2.5857803 51.4586717, -2.5863386 51.4587137, -2.5868461 51.4587977, -2.5870757 51.458808)",,permissive,,,,,,0.010713864227263507,0.8,#66bd63
"[690763188, 690763189, 380989798, 690763191]","['steps', 'pedestrian']",,,False,False,20.7,34.8410028201237,2.139,"LINESTRING (-2.584791 51.4586883, -2.5847731 51.458754, -2.5847661 51.4587853, -2.5847579 51.4588294, -2.5847497 51.4588726)",,permissive,yes,,,,,0.010713864227263507,0.8,#66bd63
22988906,pedestrian,,Hanover Court,False,True,5.9,32.1868,0.66,"LINESTRING (-2.5870757 51.458808, -2.5871231 51.4587639)",,,,,,,,0.005421393876246592,0.9,#199750
22988906,pedestrian,,Hanover Court,False,False,47.35,32.1868,5.296,"LINESTRING (-2.5870757 51.458808, -2.5870455 51.4588661, -2.5869575 51.4590027, -2.5868431 51.4591779, -2.5868248 51.4592039)",,,,,,,,0.007068166121106215,0.8,#66bd63
"[627040443, 690763181, 690763182, 690763183]","['steps', 'pedestrian']",,Concorde Street,False,False,160.07,34.8410028201237,16.539,"LINESTRING (-2.5870757 51.458808, -2.5868461 51.4587977, -2.5863386 51.4587137, -2.5857803 51.4586717, -2.585219 51.4586635, -2.5851211 51.4586782, -2.5851102 51.4586785, -2.584791 51.4586883)",,permissive,,,,,,0.010713864227263507,0.8,#66bd63
"[711114418, 22634693]",unclassified,20 mph,Penn Street,False,False,39.01,32.1868,4.363,"LINESTRING (-2.5861884 51.4574977, -2.5861662 51.4574662, -2.5861396 51.457434, -2.5860016 51.457239, -2.5859803 51.4572012, -2.585966 51.4571757)","['3', '1']",,,,,,,0.005399174299171604,0.9,#199750
22634693,unclassified,20 mph,Penn Street,False,True,90.34,32.1868,10.104,"LINESTRING (-2.5861884 51.4574977, -2.5862148 51.4575354, -2.5862506 51.4575891, -2.5864451 51.4578807, -2.5866966 51.4582459)",1,,,,,,,0.005393366535874654,0.9,#199750
627040444,pedestrian,,Philadelphia Street,False,True,49.62,32.1868,5.55,"LINESTRING (-2.5861884 51.4574977, -2.5862407 51.4574763, -2.5867832 51.4572491)",,,,,,,,0.005393366535874654,0.9,#199750
690763184,pedestrian,,Brigstowe Street,False,False,72.17,32.1868,8.072,"LINESTRING (-2.5861884 51.4574977, -2.5860072 51.457575, -2.5857778 51.4576928, -2.5854145 51.4579288)",,permissive,,,,,,0.008366489848346039,0.8,#66bd63
627040444,pedestrian,,Philadelphia Street,False,True,22.69,32.1868,2.538,"LINESTRING (-2.5867832 51.4572491, -2.5870702 51.4571508)",,,,,,,,0.00438411374699651,0.9,#199750
627040439,footway,,,False,True,49.77,32.18679999999999,5.566,"LINESTRING (-2.5867832 51.4572491, -2.5867313 51.4572161, -2.5863658 51.4569831, -2.5863137 51.4569149)",,,,,,,,0.004459439358553608,0.9,#199750
627040444,pedestrian,,Philadelphia Street,False,False,49.62,32.1868,5.55,"LINESTRING (-2.5867832 51.4572491, -2.5862407 51.4574763, -2.5861884 51.4574977)",,,,,,,,0.005393366535874654,0.9,#199750
627040444,pedestrian,,Philadelphia Street,False,False,22.69,32.1868,2.538,"LINESTRING (-2.5870702 51.4571508, -2.5867832 51.4572491)",,,,,,,,0.00438411374699651,0.9,#199750
627040444,pedestrian,,Philadelphia Street,False,True,60.77,32.1868,6.797,"LINESTRING (-2.5870702 51.4571508, -2.5872215 51.4571114, -2.5875543 51.4570445, -2.5879118 51.4570036)",,,,,,,,0.00591497419021033,0.8,#66bd63
627040446,footway,,,False,False,91.29,32.18679999999999,10.211,"LINESTRING (-2.5870702 51.4571508, -2.5870694 51.4572043, -2.5872696 51.4576144, -2.587795 51.457527)",,,,,,,,0.0053646584645163165,0.9,#199750
627040445,footway,,,False,True,51.68,32.18679999999999,5.78,"LINESTRING (-2.587795 51.457527, -2.587804 51.4575407, -2.5880528 51.4579188, -2.5880806 51.4579563)",,,,,,,,0.006126584755805034,0.8,#66bd63
627040446,footway,,,False,False,74.55,32.18679999999999,8.338,"LINESTRING (-2.587795 51.457527, -2.5881126 51.4574404, -2.5879249 51.4570399, -2.5879118 51.4570036)",,,,,,,,0.006156655873000027,0.8,#66bd63
627040446,footway,,,False,True,91.29,32.18679999999999,10.211,"LINESTRING (-2.587795 51.457527, -2.5872696 51.4576144, -2.5870694 51.4572043, -2.5870702 51.4571508)",,,,,,,,0.0053646584645163165,0.9,#199750
"[627040448, 85621228]","['footway', 'pedestrian']",,Broadmead,False,False,101.26,32.18679999999999,11.326,"LINESTRING (-2.5880806 51.4579563, -2.5875726 51.4580824, -2.5869933 51.458184, -2.5867192 51.4582421, -2.5866966 51.4582459)",,,,,,,,0.006126584755805034,0.8,#66bd63
85621228,pedestrian,,Broadmead,False,True,75.42,32.1868,8.435,"LINESTRING (-2.5880806 51.4579563, -2.5882204 51.4579216, -2.5884303 51.4578706, -2.5887152 51.4578152, -2.5890827 51.457696)",,,,,,,,0.008984443262449675,0.8,#66bd63
627040445,footway,,,False,False,51.68,32.18679999999999,5.78,"LINESTRING (-2.5880806 51.4579563, -2.5880528 51.4579188, -2.587804 51.4575407, -2.587795 51.457527)",,,,,,,,0.006126584755805034,0.8,#66bd63
3512235,unclassified,20 mph,The Horsefair,False,False,59.76,32.1868,6.684,"LINESTRING (-2.5897481 51.4585635, -2.5891332 51.4587747, -2.5890608 51.4587996, -2.5889848 51.4588096)",1,,,,,,,0.03305821455097533,0.3,#fdad60
3512235,unclassified,20 mph,The Horsefair,False,True,57.8,32.1868,6.464,"LINESTRING (-2.5897481 51.4585635, -2.5899495 51.4584927, -2.5900242 51.4584651, -2.5901335 51.458427, -2.5904747 51.4583082)",1,,,,,,,0.04833641069299789,0.0,#a50026
627040447,pedestrian,,Merchant Street,False,False,107.41,32.1868,12.013,"LINESTRING (-2.5897481 51.4585635, -2.5896846 51.4584968, -2.58953 51.458326, -2.5892043 51.4579497, -2.5890827 51.457696)",,,,,,,,0.03305821455097533,0.3,#fdad60
22634693,unclassified,20 mph,Penn Street,False,True,5.81,32.1868,0.65,"LINESTRING (-2.5866966 51.4582459, -2.5867257 51.4582949)",1,,,,,,,0.004842452949177527,0.9,#199750
22634693,unclassified,20 mph,Penn Street,False,False,90.34,32.1868,10.104,"LINESTRING (-2.5866966 51.4582459, -2.5864451 51.4578807, -2.5862506 51.4575891, -2.5862148 51.4575354, -2.5861884 51.4574977)",1,,,,,,,0.005393366535874654,0.9,#199750
"[627040448, 85621228]","['footway', 'pedestrian']",,Broadmead,False,True,101.26,32.18679999999999,11.326,"LINESTRING (-2.5866966 51.4582459, -2.5867192 51.4582421, -2.5869933 51.458184, -2.5875726 51.4580824, -2.5880806 51.4579563)",,,,,,,,0.006126584755805034,0.8,#66bd63
20343257,tertiary,20 mph,Broad Weir,False,True,4.11,32.1868,0.459,"LINESTRING (-2.585998 51.4570386, -2.5860511 51.4570222)",2,,,,,,,0.004998568408853635,0.9,#199750
642300390,footway,,,False,False,7.55,32.18679999999999,0.844,"LINESTRING (-2.5879994 51.4610135, -2.5879895 51.4610077, -2.587989 51.4609992, -2.5879982 51.460993, -2.5880118 51.4609927, -2.5880218 51.4609985, -2.5880223 51.461007, -2.5880131 51.4610132, -2.5879994 51.4610135)",,,,,,,,0.012375400718852708,0.7,#a5d86a
642300390,footway,,,False,True,7.55,32.18679999999999,0.844,"LINESTRING (-2.5879994 51.4610135, -2.5880131 51.4610132, -2.5880223 51.461007, -2.5880218 51.4609985, -2.5880118 51.4609927, -2.5879982 51.460993, -2.587989 51.4609992, -2.5879895 51.4610077, -2.5879994 51.4610135)",,,,,,,,0.012375400718852708,0.7,#a5d86a
642300391,footway,,,False,True,88.34,32.18679999999999,9.881,"LINESTRING (-2.5879994 51.4610135, -2.5879981 51.4610157, -2.5879966 51.4610201, -2.5879971 51.4610251, -2.5879998 51.4610286, -2.5880053 51.4610314, -2.5880122 51.461033, -2.5880179 51.461033, -2.5880263 51.4610327, -2.588045 51.4610296, -2.5880561 51.4610254, -2.5880621 51.4610202, -2.5880672 51.4610129, -2.5880688 51.4610041, -2.5880688 51.4609914, -2.5880675 51.4609843, -2.5880601 51.4609742, -2.5880511 51.4609657, -2.5880407 51.4609596, -2.5880249 51.4609542, -2.5880051 51.4609527, -2.5879894 51.4609531, -2.5879719 51.4609558, -2.5879535 51.4609623, -2.5879341 51.4609717, -2.587918 51.4609834, -2.5879119 51.460993, -2.5879089 51.4610068, -2.5879089 51.4610179, -2.5879133 51.4610302, -2.5879196 51.4610409, -2.5879314 51.4610511, -2.5879542 51.4610634, -2.587974 51.4610714, -2.5879947 51.4610749, -2.5880196 51.4610758, -2.5880397 51.4610737, -2.5880571 51.4610705, -2.5880799 51.4610638, -2.5880973 51.4610563, -2.5881144 51.461045, -2.588126 51.4610336, -2.5881329 51.4610229, -2.5881356 51.4610138, -2.5881359 51.4610045, -2.5881339 51.4609686, -2.5881337 51.4609625, -2.5881349 51.4609584, -2.5881374 51.4609556, -2.5881439 51.4609533, -2.5881468 51.4609523, -2.5881483 51.4609487, -2.5881475 51.4609452, -2.588145 51.4609405, -2.5881168 51.460913, -2.5881064 51.4609036, -2.588094 51.4608961, -2.5880789 51.4608903, -2.5880507 51.4608817, -2.5880125 51.4608738, -2.5879612 51.4608671, -2.5879388 51.4608658, -2.5879213 51.4608658, -2.5878942 51.4608679, -2.5878727 51.46087, -2.5878573 51.4608731, -2.5878476 51.4608758, -2.5878395 51.460879, -2.5878338 51.4608825, -2.5878278 51.4608884, -2.5878224 51.4608961, -2.5878103 51.4609174)",,,,,,,,0.015555195769072324,0.7,#a5d86a
954084490,footway,,,False,False,14.79,32.18679999999999,1.654,"LINESTRING (-2.5843242 51.4571762, -2.5843375 51.4572172, -2.5843488 51.4573081)",,,,,,,,0.00972229010454117,0.8,#66bd63
"[612092248, 651203558]","['footway', 'service']",,Callowhill Court,False,"[False, True]",36.54,32.18679999999999,4.087,"LINESTRING (-2.5877325 51.4581537, -2.5877408 51.4581772, -2.5877807 51.4582996, -2.5878367 51.4584758)",,,,,,,,0.006129304295836113,0.8,#66bd63
471285349,footway,,,False,True,6.73,32.18679999999999,0.753,"LINESTRING (-2.5901764 51.4620264, -2.5901713 51.4620452, -2.5901651 51.4620617, -2.5901569 51.4620857)",,,,,,,,0.05452729352379576,0.0,#a50026
651817261,unclassified,,City Road,False,False,6.6,32.33444587155963,0.735,"LINESTRING (-2.5901764 51.4620264, -2.5902146 51.4620118, -2.5902615 51.4620235)",,,,,,,,0.06686990316187183,0.0,#a50026
651817261,unclassified,,City Road,False,True,8.07,32.33444587155963,0.899,"LINESTRING (-2.5901764 51.4620264, -2.5901187 51.4620498, -2.5901167 51.4620795)",,,,,,,,0.05144399456592524,0.0,#a50026
4019424,unclassified,,City Road,False,False,2.87,32.33444587155963,0.319,"LINESTRING (-2.5901569 51.4620857, -2.5901167 51.4620795)",,,,,,,,0.05452729352379576,0.0,#a50026
4019424,unclassified,,City Road,False,True,10.66,32.33444587155963,1.187,"LINESTRING (-2.5901569 51.4620857, -2.5901992 51.4620703, -2.5902495 51.4620511, -2.5902615 51.4620235)",,,,,,,,0.07312766711071667,0.0,#a50026
471285349,footway,,,False,False,6.73,32.18679999999999,0.753,"LINESTRING (-2.5901569 51.4620857, -2.5901651 51.4620617, -2.5901713 51.4620452, -2.5901764 51.4620264)",,,,,,,,0.05452729352379576,0.0,#a50026
471285349,footway,,,False,True,13.13,32.18679999999999,1.469,"LINESTRING (-2.5901569 51.4620857, -2.5901338 51.4621692, -2.5901855 51.462178)",,,,,,,,0.07141412638170172,0.0,#a50026
4019424,unclassified,,City Road,False,True,2.87,32.33444587155963,0.319,"LINESTRING (-2.5901167 51.4620795, -2.5901569 51.4620857)",,,,,,,,0.05452729352379576,0.0,#a50026
651817263,unclassified,20 mph,City Road,False,False,1.2,32.1868,0.134,"LINESTRING (-2.5901167 51.4620795, -2.5901013 51.4620844)",2,,,,,,,0.047133940879358696,0.0,#a50026
651817261,unclassified,,City Road,False,False,8.07,32.33444587155963,0.899,"LINESTRING (-2.5901167 51.4620795, -2.5901187 51.4620498, -2.5901764 51.4620264)",,,,,,,,0.05144399456592524,0.0,#a50026
651817264,unclassified,20 mph,City Road,False,True,5.75,32.1868,0.644,"LINESTRING (-2.5902615 51.4620235, -2.5903385 51.4620041)",,,,,,,,0.07221891076659687,0.0,#a50026
4019424,unclassified,,City Road,False,False,10.66,32.33444587155963,1.187,"LINESTRING (-2.5902615 51.4620235, -2.5902495 51.4620511, -2.5901992 51.4620703, -2.5901569 51.4620857)",,,,,,,,0.07312766711071667,0.0,#a50026
651817261,unclassified,,City Road,False,True,6.6,32.33444587155963,0.735,"LINESTRING (-2.5902615 51.4620235, -2.5902146 51.4620118, -2.5901764 51.4620264)",,,,,,,,0.06686990316187183,0.0,#a50026
663625146,service,,,False,True,38.13,32.1868,4.264,"LINESTRING (-2.5825341 51.4616387, -2.5823617 51.4614219, -2.5822897 51.4613315)",,,,,,,,0.008271444594535021,0.8,#66bd63
3526935,trunk,30 mph,Newfoundland Way,False,False,25.59,48.2802,1.908,"LINESTRING (-2.5818705 51.4607148, -2.5815743 51.4608523)",2,,,A4032,,,,0.016359442125488538,0.6,#d9ef8b
3526935,trunk,30 mph,Newfoundland Way,False,True,44.56,48.2802,3.323,"LINESTRING (-2.5818705 51.4607148, -2.5819001 51.460701, -2.5822928 51.4605368, -2.5824038 51.4604908)",2,,,A4032,,,,0.012042764373363305,0.7,#a5d86a
663625161,service,,,False,True,112.13,32.1868,12.541,"LINESTRING (-2.5818705 51.4607148, -2.5820634 51.460824, -2.582109 51.4608608, -2.5821345 51.4609001, -2.5821385 51.4609519, -2.5821278 51.4609945, -2.5820942 51.4610204, -2.5820352 51.4610405, -2.5819708 51.4610622, -2.5818756 51.4610964, -2.5816275 51.4612134, -2.5815833 51.4612259, -2.5815471 51.4612209, -2.5814505 51.4611842, -2.5812664 51.4610797)",,,,,,,,0.022455830744810373,0.5,#feffbe
663638698,service,,,False,False,31.49,32.1868,3.522,"LINESTRING (-2.5902978 51.4631778, -2.5907034 51.4633056)",,,,,,,,0.026335383213161933,0.4,#fee08b
4019344,primary,20 mph,Stokes Croft,False,False,11.06,32.1868,1.237,"LINESTRING (-2.5906351 51.4614405, -2.5906572 51.4614014, -2.5907256 51.4613621)",,,,A38,,,,0.012914771125685964,0.7,#a5d86a
4019344,primary,20 mph,Stokes Croft,False,True,9.67,32.1868,1.081,"LINESTRING (-2.5906351 51.4614405, -2.5906156 51.4614749, -2.5906236 51.4615251)",,,,A38,,,,0.014689641212940785,0.7,#a5d86a
665176846,footway,,,False,True,5.49,32.18679999999999,0.614,"LINESTRING (-2.5906351 51.4614405, -2.5906606 51.4614466, -2.5906847 51.4614522, -2.5907092 51.461458)",,,,,,,,0.013019492149660496,0.7,#a5d86a
665176844,primary,20 mph,Stokes Croft,False,False,9.81,32.1868,1.098,"LINESTRING (-2.5907092 51.461458, -2.5906894 51.46149, -2.5906236 51.4615251)",,,,A38,,,,0.014689641212940785,0.7,#a5d86a
665176844,primary,20 mph,Stokes Croft,False,True,11.03,32.1868,1.234,"LINESTRING (-2.5907092 51.461458, -2.590735 51.4614165, -2.5907256 51.4613621)",,,,A38,,,,0.013019492149660496,0.7,#a5d86a
665176846,footway,,,False,False,5.49,32.18679999999999,0.614,"LINESTRING (-2.5907092 51.461458, -2.5906847 51.4614522, -2.5906606 51.4614466, -2.5906351 51.4614405)",,,,,,,,0.013019492149660496,0.7,#a5d86a
4019344,primary,20 mph,Stokes Croft,False,False,9.67,32.1868,1.081,"LINESTRING (-2.5906236 51.4615251, -2.5906156 51.4614749, -2.5906351 51.4614405)",,,,A38,,,,0.014689641212940785,0.7,#a5d86a
665176844,primary,20 mph,Stokes Croft,False,True,9.81,32.1868,1.098,"LINESTRING (-2.5906236 51.4615251, -2.5906894 51.46149, -2.5907092 51.461458)",,,,A38,,,,0.014689641212940785,0.7,#a5d86a
"[382888999, 665176847]",primary,20 mph,Stokes Croft,False,False,44.16,32.1868,4.939,"LINESTRING (-2.5906236 51.4615251, -2.5905561 51.4616308, -2.5904587 51.4617908, -2.5903977 51.4618964)",2,,,A38,,,,0.03997558562320938,0.2,#f46d43
689769011,primary,20 mph,Stokes Croft,False,True,26.45,32.1868,2.958,"LINESTRING (-2.5907256 51.4613621, -2.5908559 51.4611385)",2,,,A38,,,,0.013691097158370618,0.7,#a5d86a
4019344,primary,20 mph,Stokes Croft,False,True,11.06,32.1868,1.237,"LINESTRING (-2.5907256 51.4613621, -2.5906572 51.4614014, -2.5906351 51.4614405)",,,,A38,,,,0.012914771125685964,0.7,#a5d86a
665176844,primary,20 mph,Stokes Croft,False,False,11.03,32.1868,1.234,"LINESTRING (-2.5907256 51.4613621, -2.590735 51.4614165, -2.5907092 51.461458)",,,,A38,,,,0.013019492149660496,0.7,#a5d86a
"[665195808, 665195809, 665195810]",footway,,,False,True,19.3,32.18679999999999,2.158,"LINESTRING (-2.5895387 51.4644561, -2.5895281 51.4644293, -2.5894915 51.4643369, -2.589472 51.4642876)",,,building_passage,,,,,0.05613867515761942,0.0,#a50026
154351381,secondary,20 mph,Ashley Road,False,False,17.95,32.1868,2.008,"LINESTRING (-2.589472 51.4642876, -2.5892327 51.4643495)",,,,B4051,,,,0.059460211731087835,0.0,#a50026
154351381,secondary,20 mph,Ashley Road,False,True,18.95,32.1868,2.119,"LINESTRING (-2.589472 51.4642876, -2.5894864 51.4642839, -2.5897288 51.464229)",,,,B4051,,,,0.05613867515761942,0.0,#a50026
"[665195808, 665195809, 665195810]",footway,,,False,False,19.3,32.18679999999999,2.158,"LINESTRING (-2.589472 51.4642876, -2.5894915 51.4643369, -2.5895281 51.4644293, -2.5895387 51.4644561)",,,building_passage,,,,,0.05613867515761942,0.0,#a50026
668336928,service,,,False,True,26.22,32.1868,2.933,"LINESTRING (-2.581788 51.4584693, -2.5815365 51.4586455)",,,,,,alley,,0.01166591375442615,0.7,#a5d86a
668336926,footway,,,False,True,7.72,32.18679999999999,0.863,"LINESTRING (-2.581788 51.4584693, -2.5818535 51.4585057, -2.5818692 51.4584947)",,,,,,,,0.012448309836139726,0.7,#a5d86a
"[668336924, 668336925, 668336927]","['footway', 'steps']",,,False,True,7.7,32.18679999999999,0.862,"LINESTRING (-2.581788 51.4584693, -2.5818036 51.4584584, -2.5818533 51.4584859, -2.5818628 51.4584912, -2.5818692 51.4584947)",,,,,,,,0.012448309836139726,0.7,#a5d86a
"[668336924, 668336925, 668336927]","['footway', 'steps']",,,False,False,7.7,32.18679999999999,0.862,"LINESTRING (-2.5818692 51.4584947, -2.5818628 51.4584912, -2.5818533 51.4584859, -2.5818036 51.4584584, -2.581788 51.4584693)",,,,,,,,0.012448309836139726,0.7,#a5d86a
668336926,footway,,,False,False,7.72,32.18679999999999,0.863,"LINESTRING (-2.5818692 51.4584947, -2.5818535 51.4585057, -2.581788 51.4584693)",,,,,,,,0.012448309836139726,0.7,#a5d86a
668336925,footway,,,False,True,11.52,32.18679999999999,1.289,"LINESTRING (-2.5818692 51.4584947, -2.5819102 51.4585175, -2.5819934 51.4585636)",,,,,,,,0.013690091435414681,0.7,#a5d86a
24239164,unclassified,,River Street,False,False,27.8,32.33444587155963,3.095,"LINESTRING (-2.5819934 51.4585636, -2.5817026 51.4587359)",,,,,,,,0.013690091435414681,0.7,#a5d86a
24239164,unclassified,,River Street,False,True,5.13,32.33444587155963,0.571,"LINESTRING (-2.5819934 51.4585636, -2.5820473 51.458532)",,,,,,,,0.014562623321765429,0.7,#a5d86a
668336925,footway,,,False,False,11.52,32.18679999999999,1.289,"LINESTRING (-2.5819934 51.4585636, -2.5819102 51.4585175, -2.5818692 51.4584947)",,,,,,,,0.013690091435414681,0.7,#a5d86a
668336928,service,,,False,False,26.22,32.1868,2.933,"LINESTRING (-2.5815365 51.4586455, -2.581788 51.4584693)",,,,,,alley,,0.01166591375442615,0.7,#a5d86a
668336929,unclassified,,Bull Lane,False,True,15.28,32.33444587155963,1.701,"LINESTRING (-2.5815365 51.4586455, -2.5817026 51.4587359)",,,,,,,,0.010201569620015715,0.8,#66bd63
668336929,unclassified,,Bull Lane,False,False,25.74,32.33444587155963,2.866,"LINESTRING (-2.5815365 51.4586455, -2.5813927 51.4585673, -2.5812738 51.4586521)",,,,,,,,0.009430932087780135,0.8,#66bd63
668336929,unclassified,,Bull Lane,False,True,25.74,32.33444587155963,2.866,"LINESTRING (-2.5812738 51.4586521, -2.5813927 51.4585673, -2.5815365 51.4586455)",,,,,,,,0.009430932087780135,0.8,#66bd63
617175650,footway,,,False,True,32.89,32.18679999999999,3.679,"LINESTRING (-2.5792995 51.4585722, -2.5797672 51.458623)",,,,,,,,0.020720479876761323,0.5,#feffbe
1413471966,footway,,,False,True,3.15,32.18679999999999,0.352,"LINESTRING (-2.5792995 51.4585722, -2.5792658 51.4585532)",,,,,,,,0.02027883532167331,0.6,#d9ef8b
1413471966,footway,,,False,False,28.89,32.18679999999999,3.231,"LINESTRING (-2.5792995 51.4585722, -2.5795186 51.4586988, -2.5795845 51.4587147, -2.5796181 51.4587356)",,,,,,,,0.02677860271922172,0.4,#fee08b
42899174,residential,,Great Ann Street,False,False,16.23,32.1868,1.815,"LINESTRING (-2.5797672 51.458623, -2.5796181 51.4587356)",,,,,,,,0.02677860271922172,0.4,#fee08b
42899174,residential,,Great Ann Street,False,True,57.65,32.1868,6.448,"LINESTRING (-2.5797672 51.458623, -2.5803218 51.4582365)",,,,,,,,0.01867642967490362,0.6,#d9ef8b
617175650,footway,,,False,False,32.89,32.18679999999999,3.679,"LINESTRING (-2.5797672 51.458623, -2.5792995 51.4585722)",,,,,,,,0.020720479876761323,0.5,#feffbe
617239009,footway,,,False,True,13.6,32.18679999999999,1.521,"LINESTRING (-2.5811509 51.4590244, -2.5811736 51.4590354, -2.5812709 51.4590721, -2.5813169 51.4590895)",,,,,,,,0.008408460831260964,0.8,#66bd63
670726167,footway,,,False,True,4.14,32.18679999999999,0.463,"LINESTRING (-2.5798249 51.4580181, -2.5798641 51.45799)",,,,,,,,0.008601328016362257,0.8,#66bd63
670726167,footway,,,False,False,4.14,32.18679999999999,0.463,"LINESTRING (-2.5798641 51.45799, -2.5798249 51.4580181)",,,,,,,,0.008601328016362257,0.8,#66bd63
670726170,footway,,,False,False,0.84,32.18679999999999,0.094,"LINESTRING (-2.5798641 51.45799, -2.5798732 51.457995)",,,,,,,,0.008389738539827257,0.8,#66bd63
670726170,footway,,,False,True,16.41,32.18679999999999,1.835,"LINESTRING (-2.5798641 51.45799, -2.5796998 51.4578837)",,,,,,,,0.009652516244821835,0.8,#66bd63
670726170,footway,,,False,True,0.84,32.18679999999999,0.094,"LINESTRING (-2.5798732 51.457995, -2.5798641 51.45799)",,,,,,,,0.008389738539827257,0.8,#66bd63
670726170,footway,,,False,False,16.41,32.18679999999999,1.835,"LINESTRING (-2.5796998 51.4578837, -2.5798641 51.45799)",,,,,,,,0.009652516244821835,0.8,#66bd63
42899133,primary,30 mph,Lamb Street,False,True,24.12,48.2802,1.799,"LINESTRING (-2.5796998 51.4578837, -2.5798391 51.4577878, -2.5799275 51.4577197)",2,,,A420,,,,0.010591569230172144,0.8,#66bd63
670726171,footway,,,False,True,11.9,32.18679999999999,1.331,"LINESTRING (-2.5818133 51.4578236, -2.5818234 51.4578291, -2.5818328 51.4578373, -2.5818353 51.4578417, -2.5818342 51.4578543, -2.5818288 51.457863, -2.5818238 51.4578678, -2.5817644 51.4579102)",,,,,,,,0.047972288324107465,0.0,#a50026
617175646,service,,,False,True,8.05,32.1868,0.901,"LINESTRING (-2.5817644 51.4579102, -2.581852 51.4579578)",,,,,,,,0.032593186632353485,0.3,#fdad60
"[670726178, 670726179, 617175645, 617175646]","['footway', 'service']",,,False,"[False, True]",77.34,32.18679999999999,8.651,"LINESTRING (-2.5817644 51.4579102, -2.5815039 51.4577686, -2.5814921 51.4577641, -2.5814763 51.4577607, -2.5814592 51.4577601, -2.5814391 51.4577613, -2.58142 51.4577653, -2.5814019 51.4577733, -2.5813881 51.4577824, -2.5813356 51.45782, -2.5812694 51.4578251, -2.5811487 51.4579086, -2.5810844 51.457922, -2.5810743 51.4579294, -2.5810451 51.45795, -2.5809231 51.4580373)",,,,,,,,0.03297694566753879,0.3,#fdad60
670726171,footway,,,False,False,11.9,32.18679999999999,1.331,"LINESTRING (-2.5817644 51.4579102, -2.5818238 51.4578678, -2.5818288 51.457863, -2.5818342 51.4578543, -2.5818353 51.4578417, -2.5818328 51.4578373, -2.5818234 51.4578291, -2.5818133 51.4578236)",,,,,,,,0.047972288324107465,0.0,#a50026
670726176,footway,,,False,True,2.3,32.18679999999999,0.258,"LINESTRING (-2.5805609 51.4576049, -2.580539 51.4576205)",,,,,,,,0.010120417847937869,0.8,#66bd63
670726177,footway,,Pinnel Street,False,True,2.04,32.18679999999999,0.229,"LINESTRING (-2.5805197 51.4576344, -2.580539 51.4576205)",,,,,,,,0.009977658348388173,0.8,#66bd63
670726176,footway,,,False,False,2.3,32.18679999999999,0.258,"LINESTRING (-2.580539 51.4576205, -2.5805609 51.4576049)",,,,,,,,0.010120417847937869,0.8,#66bd63
670726177,footway,,Pinnel Street,False,False,2.04,32.18679999999999,0.229,"LINESTRING (-2.580539 51.4576205, -2.5805197 51.4576344)",,,,,,,,0.009977658348388173,0.8,#66bd63
670726177,footway,,Pinnel Street,False,True,29.62,32.18679999999999,3.313,"LINESTRING (-2.580539 51.4576205, -2.5802176 51.4574449)",,,,,,,,0.01172184363965488,0.7,#a5d86a
42899133,primary,30 mph,Lamb Street,False,True,4.28,48.2802,0.319,"LINESTRING (-2.5802176 51.4574449, -2.580242 51.4574095)",2,,,A420,,,,0.01183792396279245,0.7,#a5d86a
670726177,footway,,Pinnel Street,False,False,29.62,32.18679999999999,3.313,"LINESTRING (-2.5802176 51.4574449, -2.580539 51.4576205)",,,,,,,,0.01172184363965488,0.7,#a5d86a
42899133,primary,30 mph,Lamb Street,False,False,36.58,48.2802,2.728,"LINESTRING (-2.5802176 51.4574449, -2.5800779 51.4575823, -2.5799275 51.4577197)",2,,,A420,,,,0.01172184363965488,0.7,#a5d86a
670954364,service,,,False,True,6.28,32.1868,0.702,"LINESTRING (-2.5793464 51.459021, -2.579278 51.458984)",,,,,,parking_aisle,,1.0,0.0,#a50026
670954364,service,,,False,False,6.28,32.1868,0.702,"LINESTRING (-2.579278 51.458984, -2.5793464 51.459021)",,,,,,parking_aisle,,1.0,0.0,#a50026
12853088,unclassified,,Little Ann Street,False,True,30.88,32.33444587155963,3.438,"LINESTRING (-2.579278 51.458984, -2.5795264 51.4588068, -2.5795691 51.4587737)",,,,,,,,0.19671603280786204,0.0,#a50026
671082499,service,,,False,False,5.14,32.1868,0.575,"LINESTRING (-2.5848411 51.4602033, -2.5848717 51.4602454)",,,,,,parking_aisle,,0.008942562231089534,0.8,#66bd63
671082497,service,,,False,False,4.08,32.1868,0.456,"LINESTRING (-2.5850338 51.4601594, -2.5850581 51.4601928)",,,,,,parking_aisle,,0.009427861966388581,0.8,#66bd63
671082508,service,,,False,False,5.21,32.1868,0.583,"LINESTRING (-2.585855 51.4599717, -2.5859235 51.4599523)",,,,,,,,0.01089763671347835,0.7,#a5d86a
207653243,service,,,False,False,22.64,32.1868,2.532,"LINESTRING (-2.585855 51.4599717, -2.5858631 51.4599653, -2.5858688 51.459958, -2.5858735 51.4599465, -2.5858745 51.4599331, -2.5858724 51.4599212, -2.5858661 51.4599064, -2.5858547 51.4598938, -2.5858406 51.4598832, -2.5858222 51.4598748, -2.5857973 51.4598683, -2.5857776 51.4598662, -2.5857538 51.4598667, -2.5857333 51.459869, -2.5857135 51.4598731, -2.585681 51.4598823)",,,,,,,,0.010628056378667627,0.8,#66bd63
"[671082507, 671082510]",service,,,False,True,29.36,32.1868,3.284,"LINESTRING (-2.585855 51.4599717, -2.5857181 51.4600104, -2.5854667 51.4600774)",,,,,,,,0.010627306039335083,0.8,#66bd63
671082508,service,,,False,True,5.21,32.1868,0.583,"LINESTRING (-2.5859235 51.4599523, -2.585855 51.4599717)",,,,,,,,0.01089763671347835,0.7,#a5d86a
207653243,service,,,False,True,22.64,32.1868,2.532,"LINESTRING (-2.585681 51.4598823, -2.5857135 51.4598731, -2.5857333 51.459869, -2.5857538 51.4598667, -2.5857776 51.4598662, -2.5857973 51.4598683, -2.5858222 51.4598748, -2.5858406 51.4598832, -2.5858547 51.4598938, -2.5858661 51.4599064, -2.5858724 51.4599212, -2.5858745 51.4599331, -2.5858735 51.4599465, -2.5858688 51.459958, -2.5858631 51.4599653, -2.585855 51.4599717)",,,,,,,,0.010628056378667627,0.8,#66bd63
675633592,service,,,False,False,14.9,32.1868,1.666,"LINESTRING (-2.5813949 51.4595972, -2.5812375 51.4596885)",,,,,,,,0.007653601846866945,0.8,#66bd63
675633593,service,,,False,True,17.58,32.1868,1.966,"LINESTRING (-2.5814887 51.4596297, -2.5813726 51.4597703)",,,,,,,,0.007835993264274853,0.8,#66bd63
675703547,footway,,,False,True,12.51,32.18679999999999,1.399,"LINESTRING (-2.5833218 51.4644139, -2.583332 51.4644085, -2.5833073 51.4643906, -2.5834055 51.4643382)",,,,,,,,0.002565340414033849,0.9,#199750
72343250,residential,20 mph,William Street,False,False,36.84,32.1868,4.121,"LINESTRING (-2.5834055 51.4643382, -2.5830591 51.4640868)",,,,,,,,0.0025743343690923268,0.9,#199750
72343250,residential,20 mph,William Street,False,True,19.3,32.1868,2.158,"LINESTRING (-2.5834055 51.4643382, -2.5835869 51.4644699)",,,,,,,,0.002657167002335213,0.9,#199750
675703547,footway,,,False,False,12.51,32.18679999999999,1.399,"LINESTRING (-2.5834055 51.4643382, -2.5833073 51.4643906, -2.583332 51.4644085, -2.5833218 51.4644139)",,,,,,,,0.002565340414033849,0.9,#199750
"[675703545, 675703546, 675703549]","['footway', 'steps']",,,False,True,9.9,32.18679999999999,1.107,"LINESTRING (-2.5834784 51.4645278, -2.5835084 51.4645118, -2.5835287 51.464501, -2.5835869 51.4644699)",,,,,,,,0.002657167002335213,0.9,#199750
72343250,residential,20 mph,William Street,False,False,19.3,32.1868,2.158,"LINESTRING (-2.5835869 51.4644699, -2.5834055 51.4643382)",,,,,,,,0.002657167002335213,0.9,#199750
"[675703545, 675703546, 675703549]","['footway', 'steps']",,,False,False,9.9,32.18679999999999,1.107,"LINESTRING (-2.5835869 51.4644699, -2.5835287 51.464501, -2.5835084 51.4645118, -2.5834784 51.4645278)",,,,,,,,0.002657167002335213,0.9,#199750
675713051,residential,20 mph,Halston Drive,False,True,10.65,32.1868,1.191,"LINESTRING (-2.5815855 51.4632988, -2.5814741 51.4632328)",,,,,,,,0.003820211009299341,0.9,#199750
675713051,residential,20 mph,Halston Drive,False,False,10.65,32.1868,1.191,"LINESTRING (-2.5814741 51.4632328, -2.5815855 51.4632988)",,,,,,,,0.003820211009299341,0.9,#199750
72343233,residential,20 mph,Halston Drive,False,False,25.59,32.1868,2.862,"LINESTRING (-2.5814741 51.4632328, -2.5815048 51.4632018, -2.5815705 51.463149, -2.5817001 51.4630511)",,,,,,,,0.00405989572697724,0.9,#199750
72343233,residential,20 mph,Halston Drive,False,True,41.25,32.1868,4.614,"LINESTRING (-2.5814741 51.4632328, -2.5812192 51.4634904, -2.5811616 51.4635486)",,,,,,,,0.003820211009299341,0.9,#199750
675713052,residential,20 mph,Halston Drive,False,True,9.3,32.1868,1.04,"LINESTRING (-2.5812571 51.4636074, -2.5811616 51.4635486)",,,,,,,,0.003416726753590189,0.9,#199750
675713052,residential,20 mph,Halston Drive,False,False,9.3,32.1868,1.04,"LINESTRING (-2.5811616 51.4635486, -2.5812571 51.4636074)",,,,,,,,0.003416726753590189,0.9,#199750
72343233,residential,20 mph,Halston Drive,False,False,41.25,32.1868,4.614,"LINESTRING (-2.5811616 51.4635486, -2.5812192 51.4634904, -2.5814741 51.4632328)",,,,,,,,0.003820211009299341,0.9,#199750
72343233,residential,20 mph,Halston Drive,False,True,55.49,32.1868,6.206,"LINESTRING (-2.5811616 51.4635486, -2.5809972 51.4637148, -2.5808686 51.4638346, -2.580726 51.4639673)",,,,,,,,0.003416726753590189,0.9,#199750
675713077,footway,,,False,False,0.81,32.18679999999999,0.091,"LINESTRING (-2.5818705 51.4640412, -2.5818787 51.464036)",,,,,,,,0.0028154853842499504,0.9,#199750
"[675713074, 675713075, 675713076, 675713070]","['footway', 'steps']",,,False,False,6.19,32.18679999999999,0.693,"LINESTRING (-2.5818705 51.4640412, -2.5818435 51.4640246, -2.5818395 51.4640221, -2.5818244 51.464013, -2.5818006 51.4640173)",,,,,,,,0.0028425395874452845,0.9,#199750
"[675713072, 675713077, 675713071]","['footway', 'steps']",,,False,True,1.5,32.18679999999999,0.168,"LINESTRING (-2.5818705 51.4640412, -2.581866 51.464044, -2.5818597 51.464048, -2.5818552 51.4640508)",,,,,,,,0.0028121264555784568,0.9,#199750
675713077,footway,,,False,True,0.81,32.18679999999999,0.091,"LINESTRING (-2.5818787 51.464036, -2.5818705 51.4640412)",,,,,,,,0.0028154853842499504,0.9,#199750
675713092,footway,,,False,False,5.31,32.18679999999999,0.594,"LINESTRING (-2.5818552 51.4640508, -2.5818006 51.4640173)",,,,,,,,0.0028418632935503334,0.9,#199750
675713092,footway,,,False,True,15.34,32.18679999999999,1.716,"LINESTRING (-2.5818552 51.4640508, -2.5820127 51.4641478)",,,,,,,,0.002805939354917562,0.9,#199750
"[675713072, 675713077, 675713071]","['footway', 'steps']",,,False,False,1.5,32.18679999999999,0.168,"LINESTRING (-2.5818552 51.4640508, -2.5818597 51.464048, -2.581866 51.464044, -2.5818705 51.4640412)",,,,,,,,0.0028121264555784568,0.9,#199750
675713092,footway,,,False,False,8.75,32.18679999999999,0.979,"LINESTRING (-2.5818006 51.4640173, -2.5817118 51.4640733)",,,,,,,,0.0028418632935503334,0.9,#199750
675713092,footway,,,False,True,5.31,32.18679999999999,0.594,"LINESTRING (-2.5818006 51.4640173, -2.5818552 51.4640508)",,,,,,,,0.0028418632935503334,0.9,#199750
"[675713074, 675713075, 675713076, 675713070]","['footway', 'steps']",,,False,True,6.19,32.18679999999999,0.693,"LINESTRING (-2.5818006 51.4640173, -2.5818244 51.464013, -2.5818395 51.4640221, -2.5818435 51.4640246, -2.5818705 51.4640412)",,,,,,,,0.0028425395874452845,0.9,#199750
72343257,residential,20 mph,Ludlow Close,False,False,6.34,32.1868,0.709,"LINESTRING (-2.5820127 51.4641478, -2.5819464 51.4641871)",,,,,,,,0.0027060462145310584,0.9,#199750
72343257,residential,20 mph,Ludlow Close,False,True,4.57,32.1868,0.511,"LINESTRING (-2.5820127 51.4641478, -2.5820606 51.4641195)",,,,,,,,0.0027219750310337205,0.9,#199750
675713092,footway,,,False,False,15.34,32.18679999999999,1.716,"LINESTRING (-2.5820127 51.4641478, -2.5818552 51.4640508)",,,,,,,,0.002805939354917562,0.9,#199750
675713093,residential,20 mph,Corey Close,False,True,7.68,32.1868,0.859,"LINESTRING (-2.5815664 51.4638975, -2.5814903 51.4639477)",,,,,,,,0.0029811706767757036,0.9,#199750
69892600,residential,20 mph,Corey Close,False,True,9.41,32.1868,1.052,"LINESTRING (-2.5814903 51.4639477, -2.5813916 51.4638896)",,,,,,,,0.0030078325117160448,0.9,#199750
675713093,residential,20 mph,Corey Close,False,False,7.68,32.1868,0.859,"LINESTRING (-2.5814903 51.4639477, -2.5815664 51.4638975)",,,,,,,,0.0029811706767757036,0.9,#199750
69892600,residential,20 mph,Corey Close,False,False,20.75,32.1868,2.321,"LINESTRING (-2.5814903 51.4639477, -2.5816211 51.4640246, -2.5816672 51.46405, -2.5817118 51.4640733)",,,,,,,,0.0029414614096016133,0.9,#199750
69892600,residential,20 mph,Corey Close,False,False,9.41,32.1868,1.052,"LINESTRING (-2.5813916 51.4638896, -2.5814903 51.4639477)",,,,,,,,0.0030078325117160448,0.9,#199750
69892600,residential,20 mph,Corey Close,False,False,20.6,32.1868,2.304,"LINESTRING (-2.5817118 51.4640733, -2.5819464 51.4641871)",,,,,,,,0.0028041533491290757,0.9,#199750
675713092,footway,,,False,True,8.75,32.18679999999999,0.979,"LINESTRING (-2.5817118 51.4640733, -2.5818006 51.4640173)",,,,,,,,0.0028418632935503334,0.9,#199750
69892600,residential,20 mph,Corey Close,False,True,20.75,32.1868,2.321,"LINESTRING (-2.5817118 51.4640733, -2.5816672 51.46405, -2.5816211 51.4640246, -2.5814903 51.4639477)",,,,,,,,0.0029414614096016133,0.9,#199750
562901652,service,,,False,False,23.11,32.1868,2.584,"LINESTRING (-2.580538 51.4602301, -2.580791 51.4603655)",,,,,,parking_aisle,,0.019921631917638898,0.6,#d9ef8b
617001680,service,,,False,True,62.99,32.1868,7.045,"LINESTRING (-2.580538 51.4602301, -2.58032 51.4603108, -2.5806325 51.4604795, -2.580791 51.4603655)",,,,,,parking_aisle,,0.029877915179344294,0.4,#fee08b
562901652,service,,,False,True,15.01,32.1868,1.679,"LINESTRING (-2.580538 51.4602301, -2.5805104 51.4602153, -2.5804651 51.4601745, -2.5804078 51.460123)",,,,,,parking_aisle,,0.01763030784772599,0.6,#d9ef8b
562901652,service,,,False,False,18.12,32.1868,2.026,"LINESTRING (-2.580791 51.4603655, -2.5809893 51.4604717)",,,,,,parking_aisle,,0.021234713063243676,0.5,#feffbe
562901652,service,,,False,True,23.11,32.1868,2.584,"LINESTRING (-2.580791 51.4603655, -2.580538 51.4602301)",,,,,,parking_aisle,,0.019921631917638898,0.6,#d9ef8b
617001680,service,,,False,False,62.99,32.1868,7.045,"LINESTRING (-2.580791 51.4603655, -2.5806325 51.4604795, -2.58032 51.4603108, -2.580538 51.4602301)",,,,,,parking_aisle,,0.029877915179344294,0.4,#fee08b
42899174,residential,,Great Ann Street,False,False,5.43,32.1868,0.607,"LINESTRING (-2.5796181 51.4587356, -2.5795691 51.4587737)",,,,,,,,0.031319252741694725,0.3,#fdad60
42899174,residential,,Great Ann Street,False,True,16.23,32.1868,1.815,"LINESTRING (-2.5796181 51.4587356, -2.5797672 51.458623)",,,,,,,,0.02677860271922172,0.4,#fee08b
1413471966,footway,,,False,True,28.89,32.18679999999999,3.231,"LINESTRING (-2.5796181 51.4587356, -2.5795845 51.4587147, -2.5795186 51.4586988, -2.5792995 51.4585722)",,,,,,,,0.02677860271922172,0.4,#fee08b
4019345,primary,20 mph,North Street,False,False,54.47,32.1868,6.092,"LINESTRING (-2.5909562 51.4609962, -2.5909401 51.4609753, -2.5909666 51.4608324, -2.5909745 51.4607555, -2.5909662 51.4606611, -2.5909551 51.4606204, -2.5908938 51.4605173)",2,,,A38,,,,0.06482978184738401,0.0,#a50026
108842670,primary,20 mph,North Street,False,True,21.32,32.1868,2.385,"LINESTRING (-2.5909562 51.4609962, -2.5909992 51.4609845, -2.5911007 51.4608348)",2,,,A38,,,,0.019570242513936572,0.6,#d9ef8b
665176848,primary,20 mph,North Street,False,False,17.28,32.1868,1.933,"LINESTRING (-2.5909562 51.4609962, -2.5909486 51.461007, -2.5908559 51.4611385)",2,,,A38,,,,0.016077721915044002,0.6,#d9ef8b
27330986,pedestrian,,Stratton Lane,False,False,10.57,32.1868,1.182,"LINESTRING (-2.5847302 51.4587939, -2.5847219 51.4588714, -2.5847497 51.4588726)",,permissive,,,,,,0.010407329307724722,0.8,#66bd63
690763190,footway,,,False,False,30.0,32.18679999999999,3.355,"LINESTRING (-2.5847302 51.4587939, -2.5846691 51.4587884, -2.5844694 51.4586313, -2.5844914 51.4586036)",,permissive,,,,,,0.014168632364646347,0.7,#a5d86a
"[690763185, 690763187, 690763190]",footway,,,False,True,65.68,32.18679999999999,7.347,"LINESTRING (-2.5847302 51.4587939, -2.58517 51.4588134, -2.5852011 51.458712, -2.5851519 51.4586359, -2.5851494 51.4585052)",,permissive,,,,,yes,0.010407329307724722,0.8,#66bd63
"[690763185, 690763186, 690763190]",footway,,,False,False,81.17,32.18679999999999,9.079,"LINESTRING (-2.5844914 51.4586036, -2.5845094 51.4585761, -2.584766 51.4582879, -2.5848754 51.4583178, -2.5849949 51.4583572, -2.5851795 51.4584337, -2.5851494 51.4585052)",,permissive,,,,,yes,0.014245373656922576,0.7,#a5d86a
690763190,footway,,,False,True,30.0,32.18679999999999,3.355,"LINESTRING (-2.5844914 51.4586036, -2.5844694 51.4586313, -2.5846691 51.4587884, -2.5847302 51.4587939)",,permissive,,,,,,0.014168632364646347,0.7,#a5d86a
690763192,pedestrian,,Milk Street,False,True,31.83,32.1868,3.56,"LINESTRING (-2.5844914 51.4586036, -2.5841146 51.4584857, -2.5840801 51.4584762)",,permissive,,,,,,0.02576463708018274,0.4,#fee08b
"[690763193, 380989807]","['pedestrian', 'steps']",,,False,False,21.56,32.1868,2.411,"LINESTRING (-2.5851494 51.4585052, -2.5849745 51.4585276, -2.5848568 51.4585657)",,permissive,,,,,,0.010960465579925418,0.7,#a5d86a
627040442,pedestrian,,George White Street,False,True,112.31,32.1868,12.561,"LINESTRING (-2.5851494 51.4585052, -2.5854117 51.4584442, -2.5858861 51.4583541, -2.5861764 51.4583294, -2.5864644 51.4583115, -2.5867257 51.4582949)",,permissive,,,,,,0.009374517619584792,0.8,#66bd63
"[690763185, 690763187, 690763190]",footway,,,False,False,65.68,32.18679999999999,7.347,"LINESTRING (-2.5851494 51.4585052, -2.5851519 51.4586359, -2.5852011 51.458712, -2.58517 51.4588134, -2.5847302 51.4587939)",,permissive,,,,,yes,0.010407329307724722,0.8,#66bd63
"[690763185, 690763186, 690763190]",footway,,,False,True,81.17,32.18679999999999,9.079,"LINESTRING (-2.5851494 51.4585052, -2.5851795 51.4584337, -2.5849949 51.4583572, -2.5848754 51.4583178, -2.584766 51.4582879, -2.5845094 51.4585761, -2.5844914 51.4586036)",,permissive,,,,,yes,0.014245373656922576,0.7,#a5d86a
20340852,service,,,False,True,8.87,32.1868,0.992,"LINESTRING (-2.5853501 51.456502, -2.5854634 51.4564648)",,,,,,,,0.004652588716081838,0.9,#199750
728214810,footway,,,False,True,5.53,32.18679999999999,0.619,"LINESTRING (-2.5855493 51.4570213, -2.5856226 51.4570016)",,,,,,,,0.005620155365627535,0.9,#199750
"[963320040, 963320041, 963320042]","['footway', 'steps']",,,False,False,10.84,32.18679999999999,1.212,"LINESTRING (-2.5857914 51.4571141, -2.5857039 51.4570843, -2.5856761 51.4570773, -2.5856513 51.4570711)",,,,,,,,0.005578007272949799,0.9,#199750
"[1360635499, 1360635500]",footway,,,False,True,17.47,32.18679999999999,1.954,"LINESTRING (-2.5857914 51.4571141, -2.5857407 51.4570218, -2.5857647 51.4570137, -2.585816 51.4569856)",,,,,,,,0.005446816125260109,0.9,#199750
"[1360635504, 1360635505]",footway,,,False,True,20.1,32.18679999999999,2.248,"LINESTRING (-2.5857914 51.4571141, -2.5858024 51.4571337, -2.5858432 51.4572068, -2.5858761 51.4571978, -2.5858877 51.4571947, -2.585966 51.4571757)",,,,,,,,0.005548369154579742,0.9,#199750
"[50659428, 50659429, 112748671]","['footway', 'steps']",,,False,"[False, True]",18.71,32.18679999999999,2.092,"LINESTRING (-2.5903388 51.4591743, -2.5903258 51.4591789, -2.5902317 51.4592086, -2.5901894 51.4592083, -2.5900846 51.4591941)",,,,,,,,0.015675565480251005,0.7,#a5d86a
112748671,footway,,,False,True,38.59,32.18679999999999,4.316,"LINESTRING (-2.5903388 51.4591743, -2.5907832 51.459018, -2.5907958 51.45899)",,,,,,,,0.016459628815777744,0.6,#d9ef8b
"[50659424, 741066402, 326356018]",footway,,,False,False,41.37,32.18679999999999,4.627,"LINESTRING (-2.5903388 51.4591743, -2.5903449 51.4591813, -2.5904356 51.4592879, -2.5905321 51.4593508, -2.5907255 51.4594505)",,,yes,,,,,0.015675565480251005,0.7,#a5d86a
"[564463058, 885024932]",service,,,False,True,42.63,32.1868,4.768,"LINESTRING (-2.5834274 51.4622225, -2.583702 51.4624116, -2.5837067 51.4624431, -2.5836041 51.4625157)",,,,,,,,0.004185761841565785,0.9,#199750
728214811,footway,,,False,True,3.97,32.18679999999999,0.444,"LINESTRING (-2.5855831 51.4569079, -2.5855617 51.456941)",,,,,,,,0.005407516894370392,0.9,#199750
728214811,footway,,,False,False,3.97,32.18679999999999,0.444,"LINESTRING (-2.5855617 51.456941, -2.5855831 51.4569079)",,,,,,,,0.005407516894370392,0.9,#199750
728214809,footway,,,False,False,8.36,32.18679999999999,0.935,"LINESTRING (-2.5855617 51.456941, -2.5855851 51.4569469, -2.5856226 51.4570016)",,,,,,,,0.0054615281670530955,0.9,#199750
728214809,footway,,,False,True,11.54,32.18679999999999,1.291,"LINESTRING (-2.5855617 51.456941, -2.5855383 51.4569351, -2.5854744 51.4569521, -2.5854462 51.4569109)",,,,,,,,0.005558656724325738,0.9,#199750
"[728214809, 963320039]","['footway', 'steps']",,,False,False,11.52,32.18679999999999,1.289,"LINESTRING (-2.5856513 51.4570711, -2.5856417 51.4570859, -2.5855779 51.4571028, -2.5855955 51.4571288, -2.5856056 51.4571438)",,,,,,,,0.005829125570821708,0.9,#199750
728214809,footway,,,False,True,8.38,32.18679999999999,0.938,"LINESTRING (-2.5856513 51.4570711, -2.5856604 51.4570569, -2.5856226 51.4570016)",,,,,,,,0.005578007272949799,0.9,#199750
"[963320040, 963320041, 963320042]","['footway', 'steps']",,,False,True,10.84,32.18679999999999,1.212,"LINESTRING (-2.5856513 51.4570711, -2.5856761 51.4570773, -2.5857039 51.4570843, -2.5857914 51.4571141)",,,,,,,,0.005578007272949799,0.9,#199750
728214810,footway,,,False,False,5.53,32.18679999999999,0.619,"LINESTRING (-2.5856226 51.4570016, -2.5855493 51.4570213)",,,,,,,,0.005620155365627535,0.9,#199750
728214809,footway,,,False,False,8.38,32.18679999999999,0.938,"LINESTRING (-2.5856226 51.4570016, -2.5856604 51.4570569, -2.5856513 51.4570711)",,,,,,,,0.005578007272949799,0.9,#199750
728214809,footway,,,False,True,8.36,32.18679999999999,0.935,"LINESTRING (-2.5856226 51.4570016, -2.5855851 51.4569469, -2.5855617 51.456941)",,,,,,,,0.0054615281670530955,0.9,#199750
"[728214810, 963320043]","['footway', 'steps']",,,False,True,5.0,32.18679999999999,0.559,"LINESTRING (-2.5856226 51.4570016, -2.5856613 51.4569914, -2.585689 51.456984)",,,,,,,,0.0054615281670530955,0.9,#199750
728214809,footway,,,False,False,11.54,32.18679999999999,1.291,"LINESTRING (-2.5854462 51.4569109, -2.5854744 51.4569521, -2.5855383 51.4569351, -2.5855617 51.456941)",,,,,,,,0.005558656724325738,0.9,#199750
"[728214809, 963320039]","['footway', 'steps']",,,False,True,11.52,32.18679999999999,1.289,"LINESTRING (-2.5856056 51.4571438, -2.5855955 51.4571288, -2.5855779 51.4571028, -2.5856417 51.4570859, -2.5856513 51.4570711)",,,,,,,,0.005829125570821708,0.9,#199750
"[728214810, 963320043]","['footway', 'steps']",,,False,False,5.0,32.18679999999999,0.559,"LINESTRING (-2.585689 51.456984, -2.5856613 51.4569914, -2.5856226 51.4570016)",,,,,,,,0.0054615281670530955,0.9,#199750
822247850,footway,,,False,False,48.29,32.18679999999999,5.401,"LINESTRING (-2.5801416 51.4565547, -2.5801432 51.4565698, -2.5801519 51.4565801, -2.5804465 51.4569092, -2.580462 51.4569383)",,,,,,,,0.02841907346867641,0.4,#fee08b
"[529808772, 1413471972, 1413471973]",footway,,,False,False,13.48,32.18679999999999,1.508,"LINESTRING (-2.5801416 51.4565547, -2.5801179 51.4565549, -2.5800445 51.456575, -2.5799965 51.4565881, -2.5799626 51.4565992)",,,,,,,,0.03622755708482157,0.2,#f46d43
966540335,footway,,,False,False,21.22,32.18679999999999,2.373,"LINESTRING (-2.580462 51.4569383, -2.5806339 51.4570962)",,,,,,,,0.0126845259698985,0.7,#a5d86a
822247850,footway,,,False,True,48.29,32.18679999999999,5.401,"LINESTRING (-2.580462 51.4569383, -2.5804465 51.4569092, -2.5801519 51.4565801, -2.5801432 51.4565698, -2.5801416 51.4565547)",,,,,,,,0.02841907346867641,0.4,#fee08b
966540335,footway,,,False,True,49.86,32.18679999999999,5.576,"LINESTRING (-2.580462 51.4569383, -2.5806238 51.4568644, -2.5806399 51.4568556, -2.5806546 51.4568439, -2.5806721 51.4568065, -2.5810133 51.4566635)",,,,,,,,0.0126845259698985,0.7,#a5d86a
966540335,footway,,,False,False,49.86,32.18679999999999,5.576,"LINESTRING (-2.5810133 51.4566635, -2.5806721 51.4568065, -2.5806546 51.4568439, -2.5806399 51.4568556, -2.5806238 51.4568644, -2.580462 51.4569383)",,,,,,,,0.0126845259698985,0.7,#a5d86a
4322381,unclassified,20 mph,Fairfax Street,False,False,2.97,32.1868,0.333,"LINESTRING (-2.5887919 51.4564916, -2.5887575 51.4565076)",,,building_passage,,,,,0.008173892684376481,0.8,#66bd63
4322380,unclassified,20 mph,Fairfax Street,False,False,29.43,32.1868,3.292,"LINESTRING (-2.5886734 51.4565467, -2.5885806 51.4565848, -2.5884648 51.456623, -2.5884014 51.4566251, -2.5883414 51.456613, -2.5882945 51.4565938)",2,,,,,,,0.007871538260637306,0.8,#66bd63
1019440527,service,,,False,True,6.96,32.1868,0.778,"LINESTRING (-2.5886734 51.4565467, -2.5886726 51.4565152, -2.5886249 51.4565061)",,,,,,,,0.007871538260637306,0.8,#66bd63
"[1388013306, 4322381]",unclassified,20 mph,Fairfax Street,False,True,7.28,32.1868,0.814,"LINESTRING (-2.5886734 51.4565467, -2.5887104 51.4565311, -2.5887575 51.4565076)",2,,building_passage,,,,,0.008088341402937155,0.8,#66bd63
4322381,unclassified,20 mph,Fairfax Street,False,True,2.97,32.1868,0.333,"LINESTRING (-2.5887575 51.4565076, -2.5887919 51.4564916)",,,building_passage,,,,,0.008173892684376481,0.8,#66bd63
"[1388013306, 4322381]",unclassified,20 mph,Fairfax Street,False,False,7.28,32.1868,0.814,"LINESTRING (-2.5887575 51.4565076, -2.5887104 51.4565311, -2.5886734 51.4565467)",2,,building_passage,,,,,0.008088341402937155,0.8,#66bd63
"[326498369, 1091051221]",footway,,,False,False,9.81,32.18679999999999,1.098,"LINESTRING (-2.5907457 51.4599074, -2.5906534 51.4599297, -2.5906137 51.4599394)",,,,,,,,0.032899454937934274,0.3,#fdad60
"[326498369, 1091051222]",footway,,,False,True,6.9,32.18679999999999,0.772,"LINESTRING (-2.5907457 51.4599074, -2.5908003 51.4599121, -2.5908448 51.4599127)",,,,,,,,0.026757465247101174,0.4,#fee08b
"[1026516206, 1414930798]",footway,,,False,False,9.42,32.18679999999999,1.054,"LINESTRING (-2.5907457 51.4599074, -2.5907317 51.4598726, -2.5907039 51.4598269)",,,,,,,,0.026757465247101174,0.4,#fee08b
3512235,unclassified,20 mph,The Horsefair,False,True,1.27,32.1868,0.142,"LINESTRING (-2.5904747 51.4583082, -2.5904907 51.4583026)",1,,,,,,,0.023735840848860146,0.5,#feffbe
1068675913,service,,,False,False,49.23,32.1868,5.506,"LINESTRING (-2.5904747 51.4583082, -2.5907878 51.4587056)",,,,,,,,0.027740030938143718,0.4,#fee08b
3512235,unclassified,20 mph,The Horsefair,False,False,57.8,32.1868,6.464,"LINESTRING (-2.5904747 51.4583082, -2.5901335 51.458427, -2.5900242 51.4584651, -2.5899495 51.4584927, -2.5897481 51.4585635)",1,,,,,,,0.048336410692997905,0.0,#a50026
3512235,unclassified,20 mph,The Horsefair,False,False,4.69,32.1868,0.525,"LINESTRING (-2.5905499 51.4582821, -2.5904907 51.4583026)",1,,,,,,,0.023118935213140675,0.5,#feffbe
3512235,unclassified,20 mph,The Horsefair,False,True,5.86,32.1868,0.655,"LINESTRING (-2.5905499 51.4582821, -2.5906244 51.4582572)",1,,,,,,,0.021069633438806534,0.5,#feffbe
"[326498362, 217596269, 1248005678, 1248005679]","['footway', 'steps']",,,False,False,79.51,32.18679999999999,8.892,"LINESTRING (-2.5905499 51.4582821, -2.5906028 51.4583569, -2.5906446 51.4584189, -2.5906231 51.4584252, -2.590613 51.4584291, -2.5907574 51.4586118, -2.5908773 51.4586677, -2.5908521 51.4586957, -2.5911335 51.4588197)",,,,,,,,0.025813814297522625,0.4,#fee08b
1068675913,service,,,False,True,49.23,32.1868,5.506,"LINESTRING (-2.5907878 51.4587056, -2.5904747 51.4583082)",,,,,,,,0.02774003093814372,0.4,#fee08b
1148066283,service,,,False,True,28.59,32.1868,3.198,"LINESTRING (-2.5847945 51.4620878, -2.5847114 51.4620047, -2.5846477 51.4619316, -2.5846363 51.4619073, -2.5846082 51.4618597)",,,,,,driveway,,0.0066187714738420445,0.8,#66bd63
25874506,residential,20 mph,Bishop Street,False,True,64.8,32.1868,7.247,"LINESTRING (-2.5846082 51.4618597, -2.5854567 51.4616145)",,,,,,,,0.010859473937642559,0.7,#a5d86a
25874506,residential,20 mph,Bishop Street,False,False,27.86,32.1868,3.116,"LINESTRING (-2.5846082 51.4618597, -2.5845804 51.4618677, -2.5843015 51.4619483, -2.5842743 51.4619844)",,,,,,,,0.0066187714738420445,0.8,#66bd63
1148066283,service,,,False,False,28.59,32.1868,3.198,"LINESTRING (-2.5846082 51.4618597, -2.5846363 51.4619073, -2.5846477 51.4619316, -2.5847114 51.4620047, -2.5847945 51.4620878)",,,,,,driveway,,0.0066187714738420445,0.8,#66bd63
1163067624,service,,,False,True,9.52,32.1868,1.065,"LINESTRING (-2.5906116 51.4634326, -2.5906812 51.4635064)",,,,,,,,0.02366505393285574,0.5,#feffbe
106678895,residential,20 mph,Armada Place,False,False,63.51,32.1868,7.103,"LINESTRING (-2.5906116 51.4634326, -2.5905691 51.4635075, -2.5905452 51.4635638, -2.590465 51.4638066, -2.5904191 51.4639454, -2.5904181 51.4639715, -2.5904238 51.4639889)",,,,,,,,0.07568375202111544,0.0,#a50026
106678895,residential,20 mph,Armada Place,False,True,15.49,32.1868,1.733,"LINESTRING (-2.5906116 51.4634326, -2.5906511 51.4633741, -2.5907034 51.4633056)",,,,,,,,0.021775134272400236,0.5,#feffbe
1163066595,footway,,,False,False,2.85,32.18679999999999,0.319,"LINESTRING (-2.5906812 51.4635064, -2.5907183 51.4634953)",,,,,,,,0.02366505393285574,0.5,#feffbe
1163067624,service,,,False,False,9.52,32.1868,1.065,"LINESTRING (-2.5906812 51.4635064, -2.5906116 51.4634326)",,,,,,,,0.02366505393285574,0.5,#feffbe
"[1163066595, 1163066596]",footway,,,False,True,71.7,32.18679999999999,8.02,"LINESTRING (-2.5906812 51.4635064, -2.5906327 51.463521, -2.5906136 51.4635571, -2.5905318 51.4637904, -2.5905242 51.4638141, -2.5904822 51.463945, -2.5904815 51.4639607, -2.5904885 51.4639807, -2.5904989 51.4639962, -2.5905154 51.464011, -2.5905338 51.4640206, -2.5905579 51.4640271, -2.5906753 51.4640413)",,,,,,,,0.05732896273420041,0.0,#a50026
1163067624,service,,,False,True,11.47,32.1868,1.282,"LINESTRING (-2.5906812 51.4635064, -2.5906918 51.4635176, -2.5907034 51.4635266, -2.5907163 51.4635358, -2.5907237 51.4635399, -2.5907953 51.4635803)",,,,,,,,0.02397223999428652,0.5,#feffbe
1163067624,service,,,False,False,11.47,32.1868,1.282,"LINESTRING (-2.5907953 51.4635803, -2.5907237 51.4635399, -2.5907163 51.4635358, -2.5907034 51.4635266, -2.5906918 51.4635176, -2.5906812 51.4635064)",,,,,,,,0.02397223999428652,0.5,#feffbe
1163115987,service,,,False,False,3.51,32.1868,0.393,"LINESTRING (-2.5908496 51.4640564, -2.5908577 51.4640252)",,,,,,,,0.021460338253901902,0.5,#feffbe
1163115987,service,,,False,True,3.66,32.1868,0.409,"LINESTRING (-2.5908496 51.4640564, -2.5908412 51.4640889)",,,,,,,,0.02090951314855504,0.5,#feffbe
"[1163067626, 1163067627]",footway,,,False,False,12.19,32.18679999999999,1.364,"LINESTRING (-2.5908496 51.4640564, -2.5907417 51.4640471, -2.5906753 51.4640413)",,,,,,,,0.02704321194204887,0.4,#fee08b
"[1163067627, 1163067628]",footway,,,False,True,9.38,32.18679999999999,1.049,"LINESTRING (-2.5908496 51.4640564, -2.5909411 51.4640643, -2.5909837 51.464068)",,,,,,,,0.02090951314855504,0.5,#feffbe
"[1163066588, 1163066589, 1163066590, 1163066591]",footway,,,False,"[False, True]",68.88,32.18679999999999,7.704,"LINESTRING (-2.5909837 51.464068, -2.5909611 51.4640629, -2.590943 51.4640559, -2.5909277 51.4640427, -2.590919 51.46403, -2.5909187 51.4640156, -2.5909244 51.4640002, -2.590964 51.4639523, -2.5909841 51.4639231, -2.5910018 51.4638915, -2.5910186 51.4638414, -2.5910235 51.4638121, -2.591022 51.4637937, -2.5910165 51.4637798, -2.5910055 51.4637579, -2.590966 51.4636793, -2.5909663 51.4636734, -2.5909702 51.4636674, -2.5909976 51.4636485, -2.5911365 51.4635528, -2.5911432 51.4635269)",,,building_passage,,,,yes,0.021048863753983498,0.5,#feffbe
"[1163067627, 1163067628]",footway,,,False,False,9.38,32.18679999999999,1.049,"LINESTRING (-2.5909837 51.464068, -2.5909411 51.4640643, -2.5908496 51.4640564)",,,,,,,,0.02090951314855504,0.5,#feffbe
"[1163066595, 1163066596]",footway,,,False,False,71.7,32.18679999999999,8.02,"LINESTRING (-2.5906753 51.4640413, -2.5905579 51.4640271, -2.5905338 51.4640206, -2.5905154 51.464011, -2.5904989 51.4639962, -2.5904885 51.4639807, -2.5904815 51.4639607, -2.5904822 51.463945, -2.5905242 51.4638141, -2.5905318 51.4637904, -2.5906136 51.4635571, -2.5906327 51.463521, -2.5906812 51.4635064)",,,,,,,,0.05732896273420041,0.0,#a50026
"[1163066585, 1163066586, 1163066596]",footway,,,False,"[False, True]",74.41,32.18679999999999,8.323,"LINESTRING (-2.5906753 51.4640413, -2.5907051 51.4640432, -2.5907313 51.4640415, -2.5907588 51.4640346, -2.5907779 51.4640252, -2.5907933 51.4640102, -2.5907993 51.4639947, -2.5908007 51.4639761, -2.5907846 51.4639195, -2.5907809 51.4638836, -2.5907816 51.4638483, -2.5907879 51.4638172, -2.5908034 51.4637819, -2.5908184 51.4637558, -2.5908315 51.4637405, -2.590855 51.4637215, -2.5909105 51.4636773, -2.5909011 51.4636592, -2.5909531 51.4636234, -2.591092 51.4635277, -2.59114 51.4635262)",,,building_passage,,,,,0.027659190784588616,0.4,#fee08b
"[1163067626, 1163067627]",footway,,,False,True,12.19,32.18679999999999,1.364,"LINESTRING (-2.5906753 51.4640413, -2.5907417 51.4640471, -2.5908496 51.4640564)",,,,,,,,0.02704321194204887,0.4,#fee08b
1163115987,service,,,False,True,3.51,32.1868,0.393,"LINESTRING (-2.5908577 51.4640252, -2.5908496 51.4640564)",,,,,,,,0.021460338253901902,0.5,#feffbe
"[93280979, 1163066598]",service,,,False,False,62.92,32.1868,7.038,"LINESTRING (-2.5908577 51.4640252, -2.5908315 51.4639456, -2.5908231 51.4638993, -2.5908205 51.4638713, -2.5908221 51.463841, -2.5908298 51.4638128, -2.59085 51.4637735, -2.5908637 51.4637541, -2.5908825 51.463734, -2.5909673 51.4636632, -2.5909915 51.463645, -2.5911315 51.46355, -2.59114 51.4635262)",,,building_passage,,,,,0.025681548318099164,0.4,#fee08b
"[1163066600, 1163066597, 93280990, 1163066599]",service,,,False,False,64.4,32.1868,7.203,"LINESTRING (-2.5908577 51.4640252, -2.5908935 51.4639899, -2.5909338 51.4639415, -2.5909479 51.4639197, -2.5909636 51.4638861, -2.5909774 51.4638387, -2.5909804 51.4638165, -2.5909811 51.4637992, -2.590979 51.4637881, -2.5909679 51.4637651, -2.5909316 51.4636929, -2.5909272 51.4636797, -2.5909274 51.4636681, -2.5909326 51.4636576, -2.5909383 51.463649, -2.5909462 51.4636418, -2.590964 51.4636295, -2.5911028 51.4635338, -2.5911432 51.4635269)",,,building_passage,,,,yes,0.021460338253901902,0.5,#feffbe
1163066595,footway,,,False,True,2.85,32.18679999999999,0.319,"LINESTRING (-2.5907183 51.4634953, -2.5906812 51.4635064)",,,,,,,,0.02366505393285574,0.5,#feffbe
1163066603,footway,,,False,False,17.08,32.18679999999999,1.91,"LINESTRING (-2.5907183 51.4634953, -2.5908345 51.4633748, -2.5908421 51.4633627)",,,,,,,,0.022258481308176287,0.5,#feffbe
"[1163066603, 1163066604, 1163066605]",footway,,,False,True,18.58,32.18679999999999,2.078,"LINESTRING (-2.5907183 51.4634953, -2.5907327 51.4635032, -2.5907443 51.4635098, -2.5908906 51.463409, -2.5909008 51.463402)",,,building_passage,,,,,0.022258481308176287,0.5,#feffbe
1163066606,footway,,,False,True,5.97,32.18679999999999,0.668,"LINESTRING (-2.5909008 51.463402, -2.5908421 51.4633627)",,,,,,,,0.01633087093951671,0.6,#d9ef8b
"[1163066603, 1163066604, 1163066605]",footway,,,False,False,18.58,32.18679999999999,2.078,"LINESTRING (-2.5909008 51.463402, -2.5908906 51.463409, -2.5907443 51.4635098, -2.5907327 51.4635032, -2.5907183 51.4634953)",,,building_passage,,,,,0.022258481308176287,0.5,#feffbe
1163066606,footway,,,False,False,8.93,32.18679999999999,0.999,"LINESTRING (-2.5909008 51.463402, -2.5909051 51.4634049, -2.5909894 51.4634603)",,,,,,,,0.016769737812909212,0.6,#d9ef8b
1163066606,footway,,,False,True,8.93,32.18679999999999,0.999,"LINESTRING (-2.5909894 51.4634603, -2.5909051 51.4634049, -2.5909008 51.463402)",,,,,,,,0.016769737812909212,0.6,#d9ef8b
1163066606,footway,,,False,False,5.97,32.18679999999999,0.668,"LINESTRING (-2.5908421 51.4633627, -2.5909008 51.463402)",,,,,,,,0.01633087093951671,0.6,#d9ef8b
"[1163066602, 1163066603, 1163066607]",footway,,,False,False,51.83,32.18679999999999,5.797,"LINESTRING (-2.5908421 51.4633627, -2.5908468 51.463345, -2.5908676 51.4632253, -2.5908702 51.46322, -2.5908753 51.4632142, -2.5909328 51.4631664, -2.591007 51.4631154, -2.5911553 51.4630179, -2.5912135 51.4629796)",,,,,,,,0.023007202706643085,0.5,#feffbe
1163066603,footway,,,False,True,17.08,32.18679999999999,1.91,"LINESTRING (-2.5908421 51.4633627, -2.5908345 51.4633748, -2.5907183 51.4634953)",,,,,,,,0.022258481308176287,0.5,#feffbe
93114288,service,,,False,False,4.22,32.1868,0.472,"LINESTRING (-2.5912135 51.4629796, -2.5911706 51.4629527)",,,,,,,,0.024965212198855242,0.5,#feffbe
93114288,service,,,False,True,8.81,32.1868,0.985,"LINESTRING (-2.5912135 51.4629796, -2.5912954 51.4630309, -2.5913046 51.4630347)",,,,,,,,0.023007202706643085,0.5,#feffbe
"[1163066601, 1163066602]",footway,,,False,False,8.82,32.18679999999999,0.987,"LINESTRING (-2.5912135 51.4629796, -2.5912715 51.4629414, -2.5913011 51.462922)",,,,,,,,0.0256769512840633,0.4,#fee08b
"[1163066602, 1163066603, 1163066607]",footway,,,False,True,51.83,32.18679999999999,5.797,"LINESTRING (-2.5912135 51.4629796, -2.5911553 51.4630179, -2.591007 51.4631154, -2.5909328 51.4631664, -2.5908753 51.4632142, -2.5908702 51.46322, -2.5908676 51.4632253, -2.5908468 51.463345, -2.5908421 51.4633627)",,,,,,,,0.023007202706643085,0.5,#feffbe
93114288,service,,,False,False,12.64,32.1868,1.414,"LINESTRING (-2.5914645 51.463022, -2.5914069 51.4630505, -2.5913971 51.4630531, -2.5913852 51.4630536, -2.5913681 51.4630514, -2.5913046 51.4630347)",,,,,,,,0.01964619530574584,0.6,#d9ef8b
1163066616,footway,,,False,True,9.2,32.18679999999999,1.029,"LINESTRING (-2.5915407 51.4630081, -2.5914516 51.4630695)",,,,,,,,0.018095504093018175,0.6,#d9ef8b
93159681,footway,,,False,True,5.39,32.18679999999999,0.603,"LINESTRING (-2.5915407 51.4630081, -2.5915277 51.4629994, -2.5915187 51.4629909, -2.591512 51.4629812, -2.5915048 51.462966)",,,,,,,,0.020003972654639834,0.6,#d9ef8b
1163066616,footway,,,False,False,32.15,32.18679999999999,3.595,"LINESTRING (-2.5915407 51.4630081, -2.5917763 51.4628458, -2.5917163 51.4627863)",,,,,,,,0.02138060970615756,0.5,#feffbe
93159681,footway,,,False,False,5.39,32.18679999999999,0.603,"LINESTRING (-2.5915048 51.462966, -2.591512 51.4629812, -2.5915187 51.4629909, -2.5915277 51.4629994, -2.5915407 51.4630081)",,,,,,,,0.020003972654639834,0.6,#d9ef8b
93159681,footway,,,False,True,23.24,32.18679999999999,2.599,"LINESTRING (-2.5915048 51.462966, -2.5915125 51.4629599, -2.5915353 51.4629411, -2.591603 51.4628655, -2.5916164 51.4628475, -2.591658 51.4627811)",,,,,,,,0.023105730293568518,0.5,#feffbe
1163066614,footway,,,False,False,24.74,32.18679999999999,2.767,"LINESTRING (-2.5915048 51.462966, -2.5914893 51.4629762, -2.5914638 51.462989, -2.5913862 51.4630162, -2.5913722 51.4630176, -2.5913611 51.463016, -2.5912987 51.4629811, -2.5912905 51.4629742, -2.5912851 51.462966, -2.5912823 51.4629545, -2.5912838 51.4629434, -2.591289 51.4629337, -2.5913011 51.462922)",,,,,,,,0.0256769512840633,0.4,#fee08b
1163066614,footway,,,False,True,44.15,32.18679999999999,4.938,"LINESTRING (-2.5917393 51.4626337, -2.5913011 51.462922)",,,,,,,,0.02830069623227661,0.4,#fee08b
1163066613,footway,,,False,True,18.58,32.18679999999999,2.079,"LINESTRING (-2.5917393 51.4626337, -2.5917524 51.4626414, -2.5917574 51.4626493, -2.5917589 51.4626558, -2.5917569 51.4626644, -2.5916828 51.4627457, -2.5916722 51.4627585, -2.591658 51.4627811)",,,,,,,,0.026613136455003572,0.4,#fee08b
"[1163066610, 1163066611, 1163066612, 1163066614, 93114294, 93114297, 93114301]","['footway', 'steps']",,,False,False,26.81,32.18679999999999,2.999,"LINESTRING (-2.5917393 51.4626337, -2.5917619 51.4626188, -2.5917914 51.4626017, -2.5918109 51.4625963, -2.5918293 51.4625958, -2.5918474 51.462599, -2.5918615 51.4626046, -2.5918913 51.4626313, -2.5919131 51.462657, -2.5919322 51.4626815, -2.5919438 51.4626965, -2.5919597 51.462717, -2.591974 51.4627353)",,,,,,,,0.026613136455003572,0.4,#fee08b
93114294,footway,,,False,False,7.99,32.18679999999999,0.893,"LINESTRING (-2.591974 51.4627353, -2.5920595 51.4627835)",,,,,,,,0.01742436126589437,0.6,#d9ef8b
1163066615,footway,,,False,True,0.36,32.18679999999999,0.04,"LINESTRING (-2.591974 51.4627353, -2.5919694 51.4627368)",,,,,,,,0.017478845693177248,0.6,#d9ef8b
"[1163066610, 1163066611, 1163066612, 93114294, 1163066614, 93114297, 93114301]","['footway', 'steps']",,,False,True,26.81,32.18679999999999,2.999,"LINESTRING (-2.591974 51.4627353, -2.5919597 51.462717, -2.5919438 51.4626965, -2.5919322 51.4626815, -2.5919131 51.462657, -2.5918913 51.4626313, -2.5918615 51.4626046, -2.5918474 51.462599, -2.5918293 51.4625958, -2.5918109 51.4625963, -2.5917914 51.4626017, -2.5917619 51.4626188, -2.5917393 51.4626337)",,,,,,,,0.026613136455003572,0.4,#fee08b
1163066614,footway,,,False,False,44.15,32.18679999999999,4.938,"LINESTRING (-2.5913011 51.462922, -2.5917393 51.4626337)",,,,,,,,0.02830069623227661,0.4,#fee08b
"[1163066601, 1163066602]",footway,,,False,True,8.82,32.18679999999999,0.987,"LINESTRING (-2.5913011 51.462922, -2.5912715 51.4629414, -2.5912135 51.4629796)",,,,,,,,0.0256769512840633,0.4,#fee08b
1163066614,footway,,,False,True,24.74,32.18679999999999,2.767,"LINESTRING (-2.5913011 51.462922, -2.591289 51.4629337, -2.5912838 51.4629434, -2.5912823 51.4629545, -2.5912851 51.462966, -2.5912905 51.4629742, -2.5912987 51.4629811, -2.5913611 51.463016, -2.5913722 51.4630176, -2.5913862 51.4630162, -2.5914638 51.462989, -2.5914893 51.4629762, -2.5915048 51.462966)",,,,,,,,0.0256769512840633,0.4,#fee08b
93159681,footway,,,False,False,23.24,32.18679999999999,2.599,"LINESTRING (-2.591658 51.4627811, -2.5916164 51.4628475, -2.591603 51.4628655, -2.5915353 51.4629411, -2.5915125 51.4629599, -2.5915048 51.462966)",,,,,,,,0.023105730293568518,0.5,#feffbe
93159685,footway,,,False,True,4.24,32.18679999999999,0.474,"LINESTRING (-2.591658 51.4627811, -2.5916761 51.4627868, -2.591687 51.4627886, -2.5917017 51.4627882, -2.5917163 51.4627863)",,,,,,,,0.023105730293568518,0.5,#feffbe
1163066613,footway,,,False,False,18.58,32.18679999999999,2.079,"LINESTRING (-2.591658 51.4627811, -2.5916722 51.4627585, -2.5916828 51.4627457, -2.5917569 51.4626644, -2.5917589 51.4626558, -2.5917574 51.4626493, -2.5917524 51.4626414, -2.5917393 51.4626337)",,,,,,,,0.026613136455003572,0.4,#fee08b
93159685,footway,,,False,False,4.24,32.18679999999999,0.474,"LINESTRING (-2.5917163 51.4627863, -2.5917017 51.4627882, -2.591687 51.4627886, -2.5916761 51.4627868, -2.591658 51.4627811)",,,,,,,,0.023105730293568518,0.5,#feffbe
1163066615,footway,,,False,False,18.39,32.18679999999999,2.057,"LINESTRING (-2.5917163 51.4627863, -2.5919591 51.46274, -2.5919694 51.4627368)",,,,,,,,0.02138060970615756,0.5,#feffbe
1163066616,footway,,,False,True,32.15,32.18679999999999,3.595,"LINESTRING (-2.5917163 51.4627863, -2.5917763 51.4628458, -2.5915407 51.4630081)",,,,,,,,0.02138060970615756,0.5,#feffbe
"[1163066585, 1163066586, 1163066596]",footway,,,False,"[False, True]",74.41,32.18679999999999,8.323,"LINESTRING (-2.59114 51.4635262, -2.591092 51.4635277, -2.5909531 51.4636234, -2.5909011 51.4636592, -2.5909105 51.4636773, -2.590855 51.4637215, -2.5908315 51.4637405, -2.5908184 51.4637558, -2.5908034 51.4637819, -2.5907879 51.4638172, -2.5907816 51.4638483, -2.5907809 51.4638836, -2.5907846 51.4639195, -2.5908007 51.4639761, -2.5907993 51.4639947, -2.5907933 51.4640102, -2.5907779 51.4640252, -2.5907588 51.4640346, -2.5907313 51.4640415, -2.5907051 51.4640432, -2.5906753 51.4640413)",,,building_passage,,,,,0.027659190784588616,0.4,#fee08b
"[1163066620, 93159684, 1163066598]",service,,,False,False,128.6,32.1868,14.383,"LINESTRING (-2.59114 51.4635262, -2.5915827 51.4632212, -2.5914855 51.4631664, -2.5914791 51.4631629, -2.5914664 51.4631573, -2.5914513 51.4631547, -2.5914369 51.4631541, -2.5914206 51.4631562, -2.5914092 51.4631599, -2.5913961 51.4631661, -2.5913867 51.4631712, -2.5912161 51.4632888, -2.5911598 51.4633275, -2.591145 51.4633339, -2.591122 51.4633395, -2.5911002 51.463341, -2.5910776 51.4633393, -2.5910565 51.4633342, -2.5910379 51.4633266, -2.5910233 51.4633161, -2.5910142 51.4633057, -2.591009 51.4632929, -2.591007 51.4632781, -2.5910114 51.4632649, -2.5910206 51.4632526, -2.591034 51.4632423, -2.5912311 51.46311, -2.5912437 51.4631053, -2.5912694 51.4631011)",,,building_passage,,,,yes,0.024751381464468453,0.5,#feffbe
"[93280979, 1163066598]",service,,,False,True,62.92,32.1868,7.038,"LINESTRING (-2.59114 51.4635262, -2.5911315 51.46355, -2.5909915 51.463645, -2.5909673 51.4636632, -2.5908825 51.463734, -2.5908637 51.4637541, -2.59085 51.4637735, -2.5908298 51.4638128, -2.5908221 51.463841, -2.5908205 51.4638713, -2.5908231 51.4638993, -2.5908315 51.4639456, -2.5908577 51.4640252)",,,building_passage,,,,,0.025681548318099164,0.4,#fee08b
1163066626,service,,,False,True,7.78,32.1868,0.87,"LINESTRING (-2.5913046 51.4630347, -2.5912694 51.4631011)",,,,,,,,0.01964619530574584,0.6,#d9ef8b
93114288,service,,,False,False,8.81,32.1868,0.985,"LINESTRING (-2.5913046 51.4630347, -2.5912954 51.4630309, -2.5912135 51.4629796)",,,,,,,,0.023007202706643085,0.5,#feffbe
93114288,service,,,False,True,12.64,32.1868,1.414,"LINESTRING (-2.5913046 51.4630347, -2.5913681 51.4630514, -2.5913852 51.4630536, -2.5913971 51.4630531, -2.5914069 51.4630505, -2.5914645 51.463022)",,,,,,,,0.01964619530574584,0.6,#d9ef8b
1163066626,service,,,False,False,7.78,32.1868,0.87,"LINESTRING (-2.5912694 51.4631011, -2.5913046 51.4630347)",,,,,,,,0.01964619530574584,0.6,#d9ef8b
"[1163066620, 93159684, 1163066598]",service,,,False,True,128.6,32.1868,14.383,"LINESTRING (-2.5912694 51.4631011, -2.5912437 51.4631053, -2.5912311 51.46311, -2.591034 51.4632423, -2.5910206 51.4632526, -2.5910114 51.4632649, -2.591007 51.4632781, -2.591009 51.4632929, -2.5910142 51.4633057, -2.5910233 51.4633161, -2.5910379 51.4633266, -2.5910565 51.4633342, -2.5910776 51.4633393, -2.5911002 51.463341, -2.591122 51.4633395, -2.591145 51.4633339, -2.5911598 51.4633275, -2.5912161 51.4632888, -2.5913867 51.4631712, -2.5913961 51.4631661, -2.5914092 51.4631599, -2.5914206 51.4631562, -2.5914369 51.4631541, -2.5914513 51.4631547, -2.5914664 51.4631573, -2.5914791 51.4631629, -2.5914855 51.4631664, -2.5915827 51.4632212, -2.59114 51.4635262)",,,building_passage,,,,yes,0.02475138146446845,0.5,#feffbe
"[1163066624, 1163066625, 1163066626, 1163066600, 1163066621, 1163066622, 1163066623]",service,,,False,True,73.26,32.1868,8.193,"LINESTRING (-2.5912694 51.4631011, -2.5912858 51.4631178, -2.5913041 51.4631324, -2.5913204 51.4631425, -2.5913363 51.46315, -2.5913552 51.4631552, -2.5913747 51.4631572, -2.5913891 51.463157, -2.5914174 51.4631547, -2.5914372 51.463152, -2.5914516 51.4631526, -2.5914667 51.4631552, -2.5914818 51.4631608, -2.5914894 51.4631655, -2.5915356 51.4631915, -2.5915851 51.463221, -2.5915646 51.4632355, -2.5914154 51.4633381, -2.5913656 51.4633722, -2.5912162 51.4634755, -2.5911673 51.4635103, -2.5911432 51.4635269)",,,,,,,,0.024830205361009855,0.5,#feffbe
1163066616,footway,,,False,False,9.2,32.18679999999999,1.029,"LINESTRING (-2.5914516 51.4630695, -2.5915407 51.4630081)",,,,,,,,0.018095504093018175,0.6,#d9ef8b
"[1163115983, 1163115984, 1163115985, 1163066616, 1163066617, 1163066618, 1163066619]","['footway', 'steps']",,,False,"[False, True]",69.53,32.18679999999999,7.777,"LINESTRING (-2.5914516 51.4630695, -2.5914138 51.4630955, -2.5914201 51.463099, -2.5914407 51.4631106, -2.5915099 51.4631496, -2.5915199 51.4631552, -2.5915268 51.4631504, -2.5920461 51.4627927, -2.5920595 51.4627835)",,,building_passage,,,,,0.019814326427280093,0.6,#d9ef8b
"[1163115980, 1163115981, 1163115982]",footway,,,False,"[False, True]",53.49,32.18679999999999,5.983,"LINESTRING (-2.5914516 51.4630695, -2.5914614 51.4630749, -2.5914732 51.4630815, -2.5919375 51.4627593, -2.5919694 51.4627368)",,,building_passage,,,,,0.01797014279783332,0.6,#d9ef8b
1163066615,footway,,,False,False,0.36,32.18679999999999,0.04,"LINESTRING (-2.5919694 51.4627368, -2.591974 51.4627353)",,,,,,,,0.017478845693177248,0.6,#d9ef8b
1163066615,footway,,,False,True,18.39,32.18679999999999,2.057,"LINESTRING (-2.5919694 51.4627368, -2.5919591 51.46274, -2.5917163 51.4627863)",,,,,,,,0.02138060970615756,0.5,#feffbe
"[1163115980, 1163115981, 1163115982]",footway,,,False,"[False, True]",53.49,32.18679999999999,5.983,"LINESTRING (-2.5919694 51.4627368, -2.5919375 51.4627593, -2.5914732 51.4630815, -2.5914614 51.4630749, -2.5914516 51.4630695)",,,building_passage,,,,,0.017970142797833325,0.6,#d9ef8b
93114294,footway,,,False,False,8.45,32.18679999999999,0.946,"LINESTRING (-2.5920595 51.4627835, -2.59215 51.4628345)",,,,,,,,0.015315080079202594,0.7,#a5d86a
93114294,footway,,,False,True,7.99,32.18679999999999,0.893,"LINESTRING (-2.5920595 51.4627835, -2.591974 51.4627353)",,,,,,,,0.01742436126589437,0.6,#d9ef8b
"[1163115983, 1163115984, 1163115985, 1163066616, 1163066617, 1163066618, 1163066619]","['footway', 'steps']",,,False,"[False, True]",69.53,32.18679999999999,7.777,"LINESTRING (-2.5920595 51.4627835, -2.5920461 51.4627927, -2.5915268 51.4631504, -2.5915199 51.4631552, -2.5915099 51.4631496, -2.5914407 51.4631106, -2.5914201 51.463099, -2.5914138 51.4630955, -2.5914516 51.4630695)",,,building_passage,,,,,0.019814326427280093,0.6,#d9ef8b
"[1163066588, 1163066589, 1163066590, 1163066591]",footway,,,False,"[False, True]",68.88,32.18679999999999,7.704,"LINESTRING (-2.5911432 51.4635269, -2.5911365 51.4635528, -2.5909976 51.4636485, -2.5909702 51.4636674, -2.5909663 51.4636734, -2.590966 51.4636793, -2.5910055 51.4637579, -2.5910165 51.4637798, -2.591022 51.4637937, -2.5910235 51.4638121, -2.5910186 51.4638414, -2.5910018 51.4638915, -2.5909841 51.4639231, -2.590964 51.4639523, -2.5909244 51.4640002, -2.5909187 51.4640156, -2.590919 51.46403, -2.5909277 51.4640427, -2.590943 51.4640559, -2.5909611 51.4640629, -2.5909837 51.464068)",,,building_passage,,,,yes,0.021048863753983505,0.5,#feffbe
"[1163066624, 1163066625, 1163066626, 1163066600, 1163066621, 1163066622, 1163066623]",service,,,False,False,73.26,32.1868,8.193,"LINESTRING (-2.5911432 51.4635269, -2.5911673 51.4635103, -2.5912162 51.4634755, -2.5913656 51.4633722, -2.5914154 51.4633381, -2.5915646 51.4632355, -2.5915851 51.463221, -2.5915356 51.4631915, -2.5914894 51.4631655, -2.5914818 51.4631608, -2.5914667 51.4631552, -2.5914516 51.4631526, -2.5914372 51.463152, -2.5914174 51.4631547, -2.5913891 51.463157, -2.5913747 51.4631572, -2.5913552 51.4631552, -2.5913363 51.46315, -2.5913204 51.4631425, -2.5913041 51.4631324, -2.5912858 51.4631178, -2.5912694 51.4631011)",,,,,,,,0.024830205361009862,0.5,#feffbe
"[1163066600, 1163066597, 93280990, 1163066599]",service,,,False,True,64.4,32.1868,7.203,"LINESTRING (-2.5911432 51.4635269, -2.5911028 51.4635338, -2.590964 51.4636295, -2.5909462 51.4636418, -2.5909383 51.463649, -2.5909326 51.4636576, -2.5909274 51.4636681, -2.5909272 51.4636797, -2.5909316 51.4636929, -2.5909679 51.4637651, -2.590979 51.4637881, -2.5909811 51.4637992, -2.5909804 51.4638165, -2.5909774 51.4638387, -2.5909636 51.4638861, -2.5909479 51.4639197, -2.5909338 51.4639415, -2.5908935 51.4639899, -2.5908577 51.4640252)",,,building_passage,,,,yes,0.021460338253901902,0.5,#feffbe
1173237852,service,,,False,True,19.83,32.1868,2.217,"LINESTRING (-2.5823434 51.4608789, -2.5825209 51.4607865, -2.5825685 51.4607695)",,,,,,,,0.008725070579952759,0.8,#66bd63
1173237852,service,,,False,True,0.57,32.1868,0.063,"LINESTRING (-2.5825685 51.4607695, -2.5825756 51.460767)",,,,,,,,0.007663632443665173,0.8,#66bd63
1173237853,footway,,,False,False,5.33,32.18679999999999,0.596,"LINESTRING (-2.5825685 51.4607695, -2.5825333 51.4607269)",,,,,,,,0.007784713687387944,0.8,#66bd63
1173237852,service,,,False,False,19.83,32.1868,2.217,"LINESTRING (-2.5825685 51.4607695, -2.5825209 51.4607865, -2.5823434 51.4608789)",,,,,,,,0.008725070579952759,0.8,#66bd63
1173237853,footway,,,False,True,5.33,32.18679999999999,0.596,"LINESTRING (-2.5825333 51.4607269, -2.5825685 51.4607695)",,,,,,,,0.007784713687387944,0.8,#66bd63
1173237855,service,,,False,False,23.51,32.1868,2.63,"LINESTRING (-2.5828583 51.4609087, -2.5827203 51.4607155)",,,,,,parking_aisle,,0.007066628506260863,0.8,#66bd63
1173237852,service,,,False,False,11.55,32.1868,1.291,"LINESTRING (-2.5827203 51.4607155, -2.5825756 51.460767)",,,,,,,,0.007633738522555663,0.8,#66bd63
1173237852,service,,,False,True,18.12,32.1868,2.026,"LINESTRING (-2.5827203 51.4607155, -2.5829474 51.4606347)",,,,,,,,0.007066628506260863,0.8,#66bd63
1173237855,service,,,False,True,23.51,32.1868,2.63,"LINESTRING (-2.5827203 51.4607155, -2.5828583 51.4609087)",,,,,,parking_aisle,,0.007066628506260863,0.8,#66bd63
1173237856,footway,,,False,True,11.05,32.18679999999999,1.236,"LINESTRING (-2.5824401 51.4606142, -2.5823967 51.4605657, -2.5824556 51.4605417)",,,,,,,,0.008171820987998577,0.8,#66bd63
22988932,trunk_link,30 mph,Bond Street South,False,False,29.22,48.2802,2.179,"LINESTRING (-2.5847833 51.4573054, -2.5847624 51.4573597, -2.5847312 51.4574137, -2.5846117 51.4575434)",3,,,A420,,,,0.01099891798971596,0.7,#a5d86a
22988932,trunk_link,30 mph,Bond Street South,False,True,34.65,48.2802,2.584,"LINESTRING (-2.5847833 51.4573054, -2.5848035 51.4572545, -2.5848053 51.4572374, -2.5848077 51.4572064, -2.5848086 51.457195, -2.5848056 51.4571534, -2.5848005 51.4571183, -2.5847876 51.4570846, -2.584744 51.4570008)",3,,,A420,,,,0.00841161479350949,0.8,#66bd63
"[1413912961, 1413912964, 1413912965]",footway,,,False,False,18.93,32.18679999999999,2.118,"LINESTRING (-2.5847833 51.4573054, -2.5847071 51.4572956, -2.5846855 51.4572929, -2.5846836 51.4572309, -2.5846451 51.4572306, -2.5846097 51.4572303)",,,,,,,,0.008621784721038838,0.8,#66bd63
"[1413912965, 42878901]",footway,,,False,True,12.77,32.18679999999999,1.428,"LINESTRING (-2.5847833 51.4573054, -2.5848584 51.4573151, -2.5849638 51.4573287)",,,,,,,,0.00841161479350949,0.8,#66bd63
519404173,service,,Dale Street,False,False,16.22,32.1868,1.815,"LINESTRING (-2.5829545 51.4598065, -2.5829623 51.4598109, -2.5829874 51.4598213, -2.5830162 51.4598272, -2.5830558 51.4598286, -2.5830954 51.4598259, -2.5831765 51.459813)",3,,,,,,,0.007183283281520106,0.8,#66bd63
519404173,service,,Dale Street,False,True,34.39,32.1868,3.847,"LINESTRING (-2.5829545 51.4598065, -2.5829243 51.4597831, -2.5826779 51.4595498)",3,,,,,,,0.008629550061655233,0.8,#66bd63
"[1413912979, 1413912980, 1413912981]",footway,,,False,False,11.34,32.18679999999999,1.268,"LINESTRING (-2.5829545 51.4598065, -2.5829153 51.4598319, -2.5828951 51.4598449, -2.582871 51.4598444, -2.5828171 51.4598432)",,,,,,,,0.00716542027515956,0.8,#66bd63
"[108234586, 1413912981]",footway,,,False,True,60.25,32.18679999999999,6.739,"LINESTRING (-2.5829545 51.4598065, -2.5830026 51.4597753, -2.5830639 51.4597645, -2.5835586 51.4595629, -2.5836283 51.4595175, -2.5836486 51.4594928)",,,,,,,,0.009246303018829035,0.8,#66bd63
24239164,unclassified,,River Street,False,True,1.11,32.33444587155963,0.123,"LINESTRING (-2.5816737 51.458761, -2.581683 51.4587529)",,,,,,,,0.010001525823644808,0.8,#66bd63
24239164,unclassified,,River Street,False,False,24.73,32.33444587155963,2.754,"LINESTRING (-2.5816737 51.458761, -2.5816621 51.4587711, -2.5814781 51.4589303, -2.5814651 51.4589415)",,,,,,,,0.009908642151907749,0.8,#66bd63
1267998936,service,,,False,True,21.01,32.1868,2.35,"LINESTRING (-2.5816737 51.458761, -2.5815395 51.4586923, -2.5814394 51.458641)",,,,,,driveway,,0.009908642151907749,0.8,#66bd63
1267998936,service,,,False,False,21.01,32.1868,2.35,"LINESTRING (-2.5814394 51.458641, -2.5815395 51.4586923, -2.5816737 51.458761)",,,,,,driveway,,0.009908642151907749,0.8,#66bd63
1326368872,pedestrian,,Merchant Street,False,True,2.71,32.1868,0.303,"LINESTRING (-2.5885701 51.4570006, -2.5885866 51.4570227)",,,,,,,,0.008184153032886863,0.8,#66bd63
627040444,pedestrian,,Philadelphia Street,False,False,48.0,32.1868,5.369,"LINESTRING (-2.5885701 51.4570006, -2.5884024 51.4570099, -2.5880769 51.4570188, -2.5880631 51.4569914, -2.5879118 51.4570036)",,,,,,,,0.008108677812534451,0.8,#66bd63
"[1326368872, 665168406]","['footway', 'pedestrian']",,Merchant Street,False,False,50.31,32.18679999999999,5.627,"LINESTRING (-2.5885701 51.4570006, -2.5884732 51.4568708, -2.5882868 51.4566552, -2.5882767 51.4566173, -2.5882945 51.4565938)",,,,,,,,0.008108677812534451,0.8,#66bd63
627040447,pedestrian,,Merchant Street,False,True,49.61,32.1868,5.549,"LINESTRING (-2.5887635 51.4572966, -2.588913 51.4574876, -2.5890827 51.457696)",,,,,,,,0.008993186340398132,0.8,#66bd63
1326368873,pedestrian,,Merchant Street,False,False,17.99,32.1868,2.012,"LINESTRING (-2.5887635 51.4572966, -2.5888162 51.4572819, -2.5887529 51.4571939, -2.5887099 51.4572059)",,,,,,,,0.0090452139715187,0.8,#66bd63
1326368873,pedestrian,,Merchant Street,False,True,20.6,32.1868,2.304,"LINESTRING (-2.5887635 51.4572966, -2.5887033 51.4573134, -2.5886401 51.4572253, -2.5887099 51.4572059)",,,,,,,,0.008731404098640073,0.8,#66bd63
85621228,pedestrian,,Broadmead,False,False,75.42,32.1868,8.435,"LINESTRING (-2.5890827 51.457696, -2.5887152 51.4578152, -2.5884303 51.4578706, -2.5882204 51.4579216, -2.5880806 51.4579563)",,,,,,,,0.008984443262449675,0.8,#66bd63
85621228,pedestrian,,Broadmead,False,True,35.6,32.1868,3.982,"LINESTRING (-2.5890827 51.457696, -2.5894207 51.4575881, -2.5895424 51.457553)",,,,,,,,0.013210662078280568,0.7,#a5d86a
627040447,pedestrian,,Merchant Street,False,False,49.61,32.1868,5.549,"LINESTRING (-2.5890827 51.457696, -2.588913 51.4574876, -2.5887635 51.4572966)",,,,,,,,0.008993186340398132,0.8,#66bd63
627040447,pedestrian,,Merchant Street,False,True,107.41,32.1868,12.013,"LINESTRING (-2.5890827 51.457696, -2.5892043 51.4579497, -2.58953 51.458326, -2.5896846 51.4584968, -2.5897481 51.4585635)",,,,,,,,0.03305821455097533,0.3,#fdad60
42899133,primary,30 mph,Lamb Street,False,False,24.12,48.2802,1.799,"LINESTRING (-2.5799275 51.4577197, -2.5798391 51.4577878, -2.5796998 51.4578837)",2,,,A420,,,,0.010591569230172144,0.8,#66bd63
42899133,primary,30 mph,Lamb Street,False,True,36.58,48.2802,2.728,"LINESTRING (-2.5799275 51.4577197, -2.5800779 51.4575823, -2.5802176 51.4574449)",2,,,A420,,,,0.01172184363965488,0.7,#a5d86a
1297793664,service,,,False,True,35.57,32.1868,3.978,"LINESTRING (-2.5799275 51.4577197, -2.5798625 51.4576844, -2.5796568 51.4575702, -2.5795183 51.4576086)",,,,,,,,0.014177625809895103,0.7,#a5d86a
1297793664,service,,,False,False,35.57,32.1868,3.978,"LINESTRING (-2.5795183 51.4576086, -2.5796568 51.4575702, -2.5798625 51.4576844, -2.5799275 51.4577197)",,,,,,,,0.014177625809895103,0.7,#a5d86a
"[1323594154, 1323594155]",footway,,,False,True,12.54,32.18679999999999,1.403,"LINESTRING (-2.5895923 51.4637217, -2.5896586 51.4637254, -2.5897726 51.4637318)",,,building_passage,,,,,0.08279844655905134,0.0,#a50026
204097421,primary,20 mph,Stokes Croft,False,True,55.25,32.1868,6.179,"LINESTRING (-2.5897726 51.4637318, -2.5898705 51.4632387)",2,,,A38,,,,0.10365532617822948,0.0,#a50026
"[204097421, 396598742]",primary,20 mph,Stokes Croft,False,False,29.06,32.1868,3.25,"LINESTRING (-2.5897726 51.4637318, -2.5897597 51.4637967, -2.5897435 51.4639924)","['3', '2']",,,A38,,,,0.09290074506836617,0.0,#a50026
"[1323594154, 1323594155]",footway,,,False,False,12.54,32.18679999999999,1.403,"LINESTRING (-2.5897726 51.4637318, -2.5896586 51.4637254, -2.5895923 51.4637217)",,,building_passage,,,,,0.08279844655905134,0.0,#a50026
85621228,pedestrian,,Broadmead,False,False,35.6,32.1868,3.982,"LINESTRING (-2.5895424 51.457553, -2.5894207 51.4575881, -2.5890827 51.457696)",,,,,,,,0.013210662078280568,0.7,#a5d86a
1323620722,pedestrian,,Broadmead,False,False,23.64,32.1868,2.644,"LINESTRING (-2.5895424 51.457553, -2.5895144 51.4575152, -2.5896997 51.457462, -2.5897292 51.4575018)",,,,,,,,0.016340919596495532,0.6,#d9ef8b
1323620722,pedestrian,,Broadmead,False,True,23.66,32.1868,2.646,"LINESTRING (-2.5895424 51.457553, -2.589572 51.4575929, -2.5897572 51.4575397, -2.5897292 51.4575018)",,,,,,,,0.016217103853803108,0.6,#d9ef8b
1323620722,pedestrian,,Broadmead,False,False,23.66,32.1868,2.646,"LINESTRING (-2.5897292 51.4575018, -2.5897572 51.4575397, -2.589572 51.4575929, -2.5895424 51.457553)",,,,,,,,0.016217103853803108,0.6,#d9ef8b
1323620722,pedestrian,,Broadmead,False,True,23.64,32.1868,2.644,"LINESTRING (-2.5897292 51.4575018, -2.5896997 51.457462, -2.5895144 51.4575152, -2.5895424 51.457553)",,,,,,,,0.016340919596495532,0.6,#d9ef8b
1326365446,pedestrian,,Broadmead,False,True,25.33,32.1868,2.833,"LINESTRING (-2.5897292 51.4575018, -2.5899017 51.457452, -2.5900574 51.4574016)",,,,,,,,0.027344796685697583,0.4,#fee08b
1326365446,pedestrian,,Broadmead,False,False,7.38,32.1868,0.825,"LINESTRING (-2.5901519 51.457371, -2.5900574 51.4574016)",,,,,,,,0.03411290275859105,0.3,#fdad60
1326365447,pedestrian,,Broadmead,False,False,23.53,32.1868,2.632,"LINESTRING (-2.5901519 51.457371, -2.5901243 51.4573337, -2.5903098 51.4572804, -2.5903389 51.4573197)",,,,,,,,0.06919710038202584,0.0,#a50026
1326365447,pedestrian,,Broadmead,False,True,23.81,32.1868,2.663,"LINESTRING (-2.5901519 51.457371, -2.5901818 51.4574114, -2.5903674 51.4573581, -2.5903389 51.4573197)",,,,,,,,0.06167381578072142,0.0,#a50026
1323620723,pedestrian,,Broadmead,False,True,47.28,32.1868,5.288,"LINESTRING (-2.5903389 51.4573197, -2.590956 51.4571382)",,,,,,,,0.11674319681577064,0.0,#a50026
1326365447,pedestrian,,Broadmead,False,False,23.81,32.1868,2.663,"LINESTRING (-2.5903389 51.4573197, -2.5903674 51.4573581, -2.5901818 51.4574114, -2.5901519 51.457371)",,,,,,,,0.06167381578072142,0.0,#a50026
1326365447,pedestrian,,Broadmead,False,True,23.53,32.1868,2.632,"LINESTRING (-2.5903389 51.4573197, -2.5903098 51.4572804, -2.5901243 51.4573337, -2.5901519 51.457371)",,,,,,,,0.06919710038202584,0.0,#a50026
1326368872,pedestrian,,Merchant Street,False,False,3.43,32.1868,0.384,"LINESTRING (-2.5887099 51.4572059, -2.5886888 51.457178)",,,,,,,,0.008639472258510627,0.8,#66bd63
1326368873,pedestrian,,Merchant Street,False,False,20.6,32.1868,2.304,"LINESTRING (-2.5887099 51.4572059, -2.5886401 51.4572253, -2.5887033 51.4573134, -2.5887635 51.4572966)",,,,,,,,0.008731404098640073,0.8,#66bd63
1326368873,pedestrian,,Merchant Street,False,True,17.99,32.1868,2.012,"LINESTRING (-2.5887099 51.4572059, -2.5887529 51.4571939, -2.5888162 51.4572819, -2.5887635 51.4572966)",,,,,,,,0.0090452139715187,0.8,#66bd63
1347126809,footway,,,False,False,11.51,32.18679999999999,1.287,"LINESTRING (-2.5805213 51.4572616, -2.5804246 51.4572884, -2.5803653 51.4572951)",,,,,,,,0.011615291325398435,0.7,#a5d86a
1347126810,footway,,,False,False,2.58,32.18679999999999,0.289,"LINESTRING (-2.5805213 51.4572616, -2.5805269 51.4572689, -2.5805373 51.4572826)",,,,,,,,0.01054502053075736,0.8,#66bd63
"[1347126810, 1347126811]",footway,,,False,True,22.31,32.18679999999999,2.496,"LINESTRING (-2.5805213 51.4572616, -2.5805071 51.4572429, -2.580502 51.4572357, -2.5804939 51.4572244, -2.5805608 51.4571348, -2.5805824 51.4571157, -2.5806339 51.4570962)",,,,,,,,0.010918270360658159,0.7,#a5d86a
824590056,unclassified,,Saint Matthias Park,False,False,24.91,32.33444587155963,2.773,"LINESTRING (-2.5805373 51.4572826, -2.5805056 51.4572909, -2.580242 51.4574095)",,,,,,,,0.01183792396279245,0.7,#a5d86a
"[824590056, 1347126807]",unclassified,,Saint Matthias Park,False,True,13.24,32.33444587155963,1.474,"LINESTRING (-2.5805373 51.4572826, -2.5805994 51.4572662, -2.5807172 51.4572429)",,,,,,,,0.010336673579148036,0.8,#66bd63
1347126810,footway,,,False,True,2.58,32.18679999999999,0.289,"LINESTRING (-2.5805373 51.4572826, -2.5805269 51.4572689, -2.5805213 51.4572616)",,,,,,,,0.01054502053075736,0.8,#66bd63
966540335,footway,,,False,True,21.22,32.18679999999999,2.373,"LINESTRING (-2.5806339 51.4570962, -2.580462 51.4569383)",,,,,,,,0.0126845259698985,0.7,#a5d86a
966540335,footway,,,False,False,34.04,32.18679999999999,3.807,"LINESTRING (-2.5806339 51.4570962, -2.5806656 51.4571241, -2.5806951 51.4571446, -2.5807209 51.4571563, -2.5807524 51.457163, -2.580792 51.4571676, -2.5808289 51.457168, -2.5808678 51.4571645, -2.580955 51.4571461, -2.5810657 51.4571724)",,,,,,,,0.012118714433909984,0.7,#a5d86a
"[1347126810, 1347126811]",footway,,,False,False,22.31,32.18679999999999,2.496,"LINESTRING (-2.5806339 51.4570962, -2.5805824 51.4571157, -2.5805608 51.4571348, -2.5804939 51.4572244, -2.580502 51.4572357, -2.5805071 51.4572429, -2.5805213 51.4572616)",,,,,,,,0.010918270360658159,0.7,#a5d86a
1347126815,footway,,,False,True,4.14,32.18679999999999,0.463,"LINESTRING (-2.5799626 51.4565992, -2.5800025 51.4566269)",,,,,,,,0.03622755708482157,0.2,#f46d43
"[1347126814, 1347126815]",footway,,,False,"[False, True]",15.28,32.18679999999999,1.709,"LINESTRING (-2.5799626 51.4565992, -2.5799256 51.4565556, -2.5798782 51.4565056, -2.5798558 51.456479)",,,,,,,,0.07338691918101041,0.0,#a50026
"[1413471972, 529808772, 1413471973]",footway,,,False,True,13.48,32.18679999999999,1.508,"LINESTRING (-2.5799626 51.4565992, -2.5799965 51.4565881, -2.5800445 51.456575, -2.5801179 51.4565549, -2.5801416 51.4565547)",,,,,,,,0.03622755708482157,0.2,#f46d43
1360635497,footway,,,False,False,6.26,32.18679999999999,0.7,"LINESTRING (-2.58573 51.4567117, -2.5856446 51.4567301)",,,,,,,,0.004847825540982319,0.9,#199750
615789164,footway,,,False,True,26.32,32.18679999999999,2.944,"LINESTRING (-2.58573 51.4567117, -2.5857604 51.4567216, -2.5858352 51.456754, -2.5859252 51.4567791, -2.5860024 51.4567944, -2.5860767 51.4568)",,,,,,,,0.00472394463587194,0.9,#199750
1360635501,footway,,,False,True,28.33,32.18679999999999,3.169,"LINESTRING (-2.58573 51.4567117, -2.5858657 51.456913, -2.5859043 51.4569404)",,,,,,,,0.004948815846049142,0.9,#199750
"[1360635498, 1360635499]",footway,,,False,False,7.93,32.18679999999999,0.887,"LINESTRING (-2.5859043 51.4569404, -2.5858788 51.4569511, -2.585816 51.4569856)",,,,,,,,0.005150819986598801,0.9,#199750
1360635501,footway,,,False,False,28.33,32.18679999999999,3.169,"LINESTRING (-2.5859043 51.4569404, -2.5858657 51.456913, -2.58573 51.4567117)",,,,,,,,0.004948815846049142,0.9,#199750
1360635501,footway,,,False,True,7.44,32.18679999999999,0.833,"LINESTRING (-2.5859043 51.4569404, -2.5859568 51.456957, -2.5860048 51.4569616)",,,,,,,,0.004948815846049142,0.9,#199750
"[615789161, 1360635502]",footway,,,False,False,7.47,32.18679999999999,0.835,"LINESTRING (-2.5860048 51.4569616, -2.5860168 51.4569797, -2.5860511 51.4570222)",,,,,,,,0.004899850105127304,0.9,#199750
615789161,footway,,,False,True,16.22,32.18679999999999,1.814,"LINESTRING (-2.5860048 51.4569616, -2.5860208 51.4569424, -2.5861245 51.4568363)",,,,,,,,0.004858742664229559,0.9,#199750
1360635501,footway,,,False,False,7.44,32.18679999999999,0.833,"LINESTRING (-2.5860048 51.4569616, -2.5859568 51.456957, -2.5859043 51.4569404)",,,,,,,,0.004948815846049142,0.9,#199750
20343257,tertiary,20 mph,Broad Weir,False,False,4.11,32.1868,0.459,"LINESTRING (-2.5860511 51.4570222, -2.585998 51.4570386)",2,,,,,,,0.004998568408853635,0.9,#199750
20343257,tertiary,20 mph,Broad Weir,False,True,21.82,32.1868,2.441,"LINESTRING (-2.5860511 51.4570222, -2.586109 51.4570058, -2.5861693 51.4569787, -2.5863137 51.4569149)",2,,,,,,,0.004899850105127304,0.9,#199750
"[1360635504, 1360635502, 1360635503]",footway,,,False,False,21.74,32.18679999999999,2.432,"LINESTRING (-2.5860511 51.4570222, -2.5860758 51.4570529, -2.5860899 51.4570703, -2.5860629 51.4570818, -2.5860309 51.4571054, -2.5860107 51.4571344, -2.586007 51.4571657, -2.5859946 51.4571688, -2.585966 51.4571757)",,,,,,,,0.005285420683980173,0.9,#199750
"[615789161, 1360635502]",footway,,,False,True,7.47,32.18679999999999,0.835,"LINESTRING (-2.5860511 51.4570222, -2.5860168 51.4569797, -2.5860048 51.4569616)",,,,,,,,0.004899850105127304,0.9,#199750
1362339433,footway,,,False,True,5.38,32.18679999999999,0.601,"LINESTRING (-2.5837122 51.4594534, -2.5837864 51.4594676)",,,,,,,,0.009489767341433622,0.8,#66bd63
1363125950,footway,,,False,False,3.95,32.18679999999999,0.441,"LINESTRING (-2.5922107 51.4577963, -2.5922227 51.4577616)",,,,,,,,0.009064605628517769,0.8,#66bd63
1363125950,footway,,,False,True,3.95,32.18679999999999,0.441,"LINESTRING (-2.5922227 51.4577616, -2.5922107 51.4577963)",,,,,,,,0.009064605628517769,0.8,#66bd63
"[37354499, 572213301]",service,20 mph,Union Street,False,True,22.46,32.1868,2.512,"LINESTRING (-2.5922227 51.4577616, -2.5921603 51.4577514, -2.5921501 51.4577495, -2.5920306 51.4577229, -2.5919179 51.4576936)",,,,,,,,0.009627006751317186,0.8,#66bd63
1258648261,service,,,False,True,6.61,32.1868,0.739,"LINESTRING (-2.584829 51.4569739, -2.584744 51.4570008)",,,,,,,,0.006858559376553618,0.8,#66bd63
1365972622,footway,,,False,False,41.13,32.18679999999999,4.601,"LINESTRING (-2.584829 51.4569739, -2.5848935 51.457066, -2.5849705 51.4572357, -2.5849638 51.4573287)",,,,,,,,0.007996396233637343,0.8,#66bd63
1377064496,path,,Bull Lane,False,False,4.4,32.1868,0.492,"LINESTRING (-2.5812133 51.4584174, -2.5812617 51.458443)",,,,,,,,0.010116751941556895,0.8,#66bd63
12853078,living_street,20 mph,Great George Street,False,False,18.42,32.1868,2.061,"LINESTRING (-2.5812133 51.4584174, -2.581298 51.4583622, -2.5813919 51.4582947)",1,,,,,,,0.012397086414823934,0.7,#a5d86a
12853078,living_street,20 mph,Great George Street,False,True,45.0,32.1868,5.034,"LINESTRING (-2.5812133 51.4584174, -2.580968 51.4585774, -2.5807727 51.4587147)",1,,,,,,,0.010116751941556895,0.8,#66bd63
1377064496,path,,Bull Lane,False,True,4.4,32.1868,0.492,"LINESTRING (-2.5812617 51.458443, -2.5812133 51.4584174)",,,,,,,,0.010116751941556895,0.8,#66bd63
1323620723,pedestrian,,Broadmead,False,False,47.28,32.1868,5.288,"LINESTRING (-2.590956 51.4571382, -2.5903389 51.4573197)",,,,,,,,0.1167431968157707,0.0,#a50026
1323620723,pedestrian,,Broadmead,False,True,24.64,32.1868,2.756,"LINESTRING (-2.590956 51.4571382, -2.5910029 51.4571255, -2.5912088 51.4570502, -2.5912617 51.4570259)",,,,,,,,0.03320598712652159,0.3,#fdad60
"[1383346680, 1383346678]",footway,,,False,False,86.48,32.18679999999999,9.673,"LINESTRING (-2.590956 51.4571382, -2.5909315 51.4571054, -2.5905646 51.4565852, -2.5904531 51.4565606, -2.5903073 51.4566016)",,,building_passage,,,,,0.1671879709967254,0.0,#a50026
1326365446,pedestrian,,Broadmead,False,True,7.38,32.1868,0.825,"LINESTRING (-2.5900574 51.4574016, -2.5901519 51.457371)",,,,,,,,0.03411290275859105,0.3,#fdad60
1326365446,pedestrian,,Broadmead,False,False,25.33,32.1868,2.833,"LINESTRING (-2.5900574 51.4574016, -2.5899017 51.457452, -2.5897292 51.4575018)",,,,,,,,0.027344796685697583,0.4,#fee08b
"[323978931, 1383346679]",footway,,Greyhound Walk,False,"[False, True]",73.97,32.18679999999999,8.273,"LINESTRING (-2.5900574 51.4574016, -2.5900108 51.4573436, -2.5897422 51.4569739, -2.5896134 51.4567967)",,,building_passage,,,,,0.027816161391090322,0.4,#fee08b
1383346680,footway,,,False,True,35.38,32.18679999999999,3.957,"LINESTRING (-2.5891472 51.4569265, -2.5896134 51.4567967)",,,building_passage,,,,,0.017832750294350688,0.6,#d9ef8b
"[1383346681, 1383346683]",footway,,,False,False,42.04,32.18679999999999,4.702,"LINESTRING (-2.5891472 51.4569265, -2.5889765 51.4569057, -2.5885866 51.4570227)",,,building_passage,,,,,0.011944901805513835,0.7,#a5d86a
"[1383346681, 1383346682]",footway,,,False,"[False, True]",45.87,32.18679999999999,5.13,"LINESTRING (-2.5891472 51.4569265, -2.5890617 51.4570761, -2.5886888 51.457178)",,,building_passage,,,,,0.011944901805513835,0.7,#a5d86a
1326368872,pedestrian,,Merchant Street,False,False,18.66,32.1868,2.088,"LINESTRING (-2.5886888 51.457178, -2.5885866 51.4570227)",,,,,,,,0.008573532161841762,0.8,#66bd63
1326368872,pedestrian,,Merchant Street,False,True,3.43,32.1868,0.384,"LINESTRING (-2.5886888 51.457178, -2.5887099 51.4572059)",,,,,,,,0.008639472258510627,0.8,#66bd63
"[1383346681, 1383346682]",footway,,,False,"[False, True]",45.87,32.18679999999999,5.13,"LINESTRING (-2.5886888 51.457178, -2.5890617 51.4570761, -2.5891472 51.4569265)",,,building_passage,,,,,0.011944901805513835,0.7,#a5d86a
1326368872,pedestrian,,Merchant Street,False,False,2.71,32.1868,0.303,"LINESTRING (-2.5885866 51.4570227, -2.5885701 51.4570006)",,,,,,,,0.008184153032886863,0.8,#66bd63
1326368872,pedestrian,,Merchant Street,False,True,18.66,32.1868,2.088,"LINESTRING (-2.5885866 51.4570227, -2.5886888 51.457178)",,,,,,,,0.008573532161841762,0.8,#66bd63
"[1383346681, 1383346683]",footway,,,False,True,42.04,32.18679999999999,4.702,"LINESTRING (-2.5885866 51.4570227, -2.5889765 51.4569057, -2.5891472 51.4569265)",,,building_passage,,,,,0.011944901805513835,0.7,#a5d86a
1383346685,steps,,,False,False,14.29,34.8410028201237,1.476,"LINESTRING (-2.5901118 51.4565608, -2.5903073 51.4566016)",,,,,,,,0.036369587989251315,0.2,#f46d43
1383346680,footway,,,False,False,52.75,32.18679999999999,5.899,"LINESTRING (-2.5903073 51.4566016, -2.5896134 51.4567967)",,,building_passage,,,,,0.036369587989251315,0.2,#f46d43
1383346685,steps,,,False,True,14.29,34.8410028201237,1.476,"LINESTRING (-2.5903073 51.4566016, -2.5901118 51.4565608)",,,,,,,,0.036369587989251315,0.2,#f46d43
"[1383346680, 1383346678]",footway,,,False,True,86.48,32.18679999999999,9.673,"LINESTRING (-2.5903073 51.4566016, -2.5904531 51.4565606, -2.5905646 51.4565852, -2.5909315 51.4571054, -2.590956 51.4571382)",,,building_passage,,,,,0.16718797099672536,0.0,#a50026
518932240,footway,,,False,False,17.08,32.18679999999999,1.91,"LINESTRING (-2.5822237 51.4582726, -2.5822644 51.4582907, -2.5824286 51.4583579)",,,,,,,,0.024072348849216767,0.5,#feffbe
1413471966,footway,,,False,False,3.15,32.18679999999999,0.352,"LINESTRING (-2.5792658 51.4585532, -2.5792995 51.4585722)",,,,,,,,0.02027883532167331,0.6,#d9ef8b
"[670726181, 670726182]",service,,,False,True,67.94,32.1868,7.599,"LINESTRING (-2.5792658 51.4585532, -2.5799091 51.4581236, -2.5799169 51.4581192, -2.5799248 51.458116, -2.5799344 51.4581135, -2.5799415 51.4581144)",,,,,,,,0.019394490730379684,0.6,#d9ef8b
246327890,pedestrian,,Champion Square,False,False,4.7,32.1868,0.526,"LINESTRING (-2.5837209 51.4578102, -2.5836594 51.4577923)",,,,,,,,0.027638158775542192,0.4,#fee08b
991645735,pedestrian,,Champion Square,False,True,26.52,32.1868,2.966,"LINESTRING (-2.5837209 51.4578102, -2.5840679 51.4579109)",,,,,,,,0.029603180074134948,0.4,#fee08b
166522670,footway,,,False,True,47.7,32.18679999999999,5.335,"LINESTRING (-2.5837209 51.4578102, -2.5838003 51.4577861, -2.5838929 51.4577664, -2.5840038 51.4577359, -2.5841401 51.4576845, -2.5842915 51.4575835)",,,,,,,,0.027638158775542192,0.4,#fee08b
1091051222,footway,,,False,False,3.29,32.18679999999999,0.368,"LINESTRING (-2.5908923 51.4599133, -2.5908448 51.4599127)",,,,,,,,0.024526297251259467,0.5,#feffbe
1427956660,service,,,False,True,25.7,32.1868,2.875,"LINESTRING (-2.5920828 51.4601149, -2.5918455 51.4602926)",,,,,,driveway,,0.012212420204275935,0.7,#a5d86a
112681451,service,,,False,True,21.81,32.1868,2.44,"LINESTRING (-2.5830748 51.4571778, -2.5832965 51.4571397, -2.5833459 51.4570967)",,,,,,parking_aisle,,0.012177151177119032,0.7,#a5d86a
68808074,footway,,,False,True,12.74,32.18679999999999,1.425,"LINESTRING (-2.5831137 51.457635, -2.583014 51.4577313)",,,,,,,,0.01670124671917651,0.6,#d9ef8b
194003839,unclassified,,Champion Square,False,False,21.98,32.33444587155963,2.448,"LINESTRING (-2.5831137 51.457635, -2.5828198 51.4575605)",,,,,,,,0.02133278963976998,0.5,#feffbe
68808074,footway,,,False,False,41.3,32.18679999999999,4.62,"LINESTRING (-2.5831137 51.457635, -2.583147 51.4576008, -2.5831682 51.4575624, -2.5830976 51.4574786, -2.58301 51.4573977, -2.5829481 51.4573638, -2.5828923 51.4573318)",,,,,,,,0.0162130013679199,0.6,#d9ef8b
"[1413912986, 194003839]","['unclassified', 'pedestrian']",,Champion Square,False,True,19.15,32.33444587155963,2.132,"LINESTRING (-2.5831137 51.457635, -2.5831371 51.4576404, -2.5833648 51.4577068)",,,,,,,,0.018951618034024686,0.6,#d9ef8b
395171848,footway,,,False,False,3.93,32.18679999999999,0.439,"LINESTRING (-2.5823601 51.4643022, -2.5823035 51.4642999)",,,,,,,,0.0025550309332633284,0.9,#199750
1435191564,footway,,,False,False,1.81,32.18679999999999,0.203,"LINESTRING (-2.5823601 51.4643022, -2.5823607 51.4642859)",,,,,,,,0.002556946289407636,0.9,#199750
1435191565,footway,,,False,False,26.5,32.18679999999999,2.963,"LINESTRING (-2.5823601 51.4643022, -2.5823312 51.4645398)",,,,,,,,0.0025457885680783814,0.9,#199750
395171848,footway,,,False,True,16.09,32.18679999999999,1.799,"LINESTRING (-2.5823601 51.4643022, -2.5825198 51.4643046, -2.5825922 51.4643068)",,,,,,,,0.0025457885680783814,0.9,#199750
1435191564,footway,,,False,True,1.81,32.18679999999999,0.203,"LINESTRING (-2.5823607 51.4642859, -2.5823601 51.4643022)",,,,,,,,0.002556946289407636,0.9,#199750
1435191566,footway,,,False,True,11.14,32.18679999999999,1.246,"LINESTRING (-2.5823607 51.4642859, -2.5825215 51.4642887)",,,,,,,,0.002556946289407636,0.9,#199750
1435191568,steps,,,False,False,2.56,34.8410028201237,0.264,"LINESTRING (-2.5823607 51.4642859, -2.5823618 51.4642629)",,,,,,,,0.0025728117453503534,0.9,#199750
1435191565,footway,,,False,True,26.5,32.18679999999999,2.963,"LINESTRING (-2.5823312 51.4645398, -2.5823601 51.4643022)",,,,,,,,0.0025457885680783814,0.9,#199750
3878220,unclassified,20 mph,Grosvenor Road,False,False,34.46,32.1868,3.855,"LINESTRING (-2.5823312 51.4645398, -2.5825671 51.4643811, -2.5826653 51.4643102)",,,,,,,,0.002496309839142101,0.9,#199750
1435191566,footway,,,False,False,11.14,32.18679999999999,1.246,"LINESTRING (-2.5825215 51.4642887, -2.5823607 51.4642859)",,,,,,,,0.002556946289407636,0.9,#199750
395171848,footway,,,False,True,5.08,32.18679999999999,0.568,"LINESTRING (-2.5825922 51.4643068, -2.5826653 51.4643102)",,,,,,,,0.002509523372658159,0.9,#199750
1435191567,steps,,,False,False,2.67,34.8410028201237,0.276,"LINESTRING (-2.5825922 51.4643068, -2.5826182 51.4642891)",,,,,,,,0.0025172941195061053,0.9,#199750
395171848,footway,,,False,False,16.09,32.18679999999999,1.799,"LINESTRING (-2.5825922 51.4643068, -2.5825198 51.4643046, -2.5823601 51.4643022)",,,,,,,,0.0025457885680783814,0.9,#199750
1435191567,steps,,,False,True,2.67,34.8410028201237,0.276,"LINESTRING (-2.5826182 51.4642891, -2.5825922 51.4643068)",,,,,,,,0.0025172941195061053,0.9,#199750
1435191568,steps,,,False,True,2.56,34.8410028201237,0.264,"LINESTRING (-2.5823618 51.4642629, -2.5823607 51.4642859)",,,,,,,,0.0025728117453503534,0.9,#199750
1446865258,living_street,,Bullard close,False,True,58.02,32.1868,6.489,"LINESTRING (-2.5887076 51.4639837, -2.5888955 51.4641569, -2.588799 51.4641962, -2.5889037 51.4643124, -2.5889891 51.464406)",,,,,,,,0.06912940604997328,0.0,#a50026
154351381,secondary,20 mph,Ashley Road,False,True,18.01,32.1868,2.014,"LINESTRING (-2.5889891 51.464406, -2.5892327 51.4643495)",,,,B4051,,,,0.06912940604997328,0.0,#a50026
1446865258,living_street,,Bullard close,False,False,58.02,32.1868,6.489,"LINESTRING (-2.5889891 51.464406, -2.5889037 51.4643124, -2.588799 51.4641962, -2.5888955 51.4641569, -2.5887076 51.4639837)",,,,,,,,0.06912940604997328,0.0,#a50026
1323620723,pedestrian,,Broadmead,False,False,24.64,32.1868,2.756,"LINESTRING (-2.5912617 51.4570259, -2.5912088 51.4570502, -2.5910029 51.4571255, -2.590956 51.4571382)",,,,,,,,0.03320598712652159,0.3,#fdad60
"[1323620723, 1269037380]",pedestrian,,Broadmead,False,True,7.04,32.1868,0.788,"LINESTRING (-2.5912617 51.4570259, -2.5912971 51.4570097, -2.5913488 51.4569937)",,,,,,,,0.02097411295135073,0.5,#feffbe
461464740,footway,,,False,False,10.97,32.18679999999999,1.227,"LINESTRING (-2.5914055 51.4569861, -2.5915603 51.4569655)",,,,,,,,0.023091806581411946,0.5,#feffbe
461464740,footway,,,False,True,4.02,32.18679999999999,0.449,"LINESTRING (-2.5914055 51.4569861, -2.5913488 51.4569937)",,,,,,,,0.020849090812167816,0.5,#feffbe
