u,v,key,geometry
21761594,3297556863,0,"LINESTRING (-3.526957 50.725543, -3.526695 50.725621)"
21761594,497693629,0,"LINESTRING (-3.526957 50.725543, -3.526846 50.725451)"
21761594,376042422,0,"LINESTRING (-3.526957 50.725543, -3.527069 50.725513)"
21761609,174022412,0,"LINESTRING (-3.522206 50.725268, -3.52219 50.725175, -3.52216 50.725119, -3.522103 50.725065, -3.521768 50.724932)"
21761609,5784302000,0,"LINESTRING (-3.522206 50.725268, -3.522216 50.725326, -3.522241 50.725386, -3.52226 50.725406)"
21761609,5784256589,0,"LINESTRING (-3.522206 50.725268, -3.522214 50.725245, -3.522255 50.725169, -3.522332 50.725105, -3.522424 50.725063)"
21761614,21761636,0,"LINESTRING (-3.523002 50.72532, -3.52317 50.72525, -3.523353 50.725198)"
21761614,563661380,0,"LINESTRING (-3.523002 50.72532, -3.52299 50.725351, -3.522952 50.72541, -3.522892 50.725461)"
21761614,5784256586,0,"LINESTRING (-3.523002 50.72532, -3.522991 50.725226, -3.522955 50.725167, -3.522924 50.725142)"
21761636,5784256586,0,"LINESTRING (-3.523353 50.725198, -3.523179 50.725185, -3.523062 50.725168, -3.522924 50.725142)"
21761636,21761614,0,"LINESTRING (-3.523353 50.725198, -3.52317 50.72525, -3.523002 50.72532)"
21761636,1786461708,0,"LINESTRING (-3.523353 50.725198, -3.523562 50.725175, -3.52363 50.725167)"
21761641,6531967633,0,"LINESTRING (-3.52634 50.725099, -3.526282 50.725146)"
21761641,6212403293,0,"LINESTRING (-3.52634 50.725099, -3.526413 50.725035)"
21761641,497693629,0,"LINESTRING (-3.52634 50.725099, -3.526606 50.72523, -3.526808 50.725415, -3.526846 50.725451)"
21761641,6212412132,0,"LINESTRING (-3.52634 50.725099, -3.526072 50.725003, -3.525939 50.724989, -3.525765 50.724971, -3.525673 50.724969)"
21761693,1875951316,0,"LINESTRING (-3.523108 50.727661, -3.523282 50.727584)"
21761693,1875951317,0,"LINESTRING (-3.523108 50.727661, -3.523019 50.727596)"
21761693,1875951315,0,"LINESTRING (-3.523108 50.727661, -3.522995 50.727746)"
21761693,1875951314,0,"LINESTRING (-3.523108 50.727661, -3.523255 50.727747)"
30792310,40931643,0,"LINESTRING (-3.530798 50.72374, -3.531264 50.723469, -3.531311 50.723443)"
30792310,2020242481,0,"LINESTRING (-3.530798 50.72374, -3.530759 50.72376, -3.530727 50.723774)"
30792310,54212216,0,"LINESTRING (-3.530798 50.72374, -3.530868 50.723789, -3.531411 50.724185)"
34699806,34918740,0,"LINESTRING (-3.522498 50.727237, -3.522237 50.727064)"
34699806,324160573,0,"LINESTRING (-3.522498 50.727237, -3.522911 50.726952)"
34699806,497694168,0,"LINESTRING (-3.522498 50.727237, -3.522778 50.727437)"
34699810,8984062212,0,"LINESTRING (-3.523808 50.72641, -3.523922 50.726473)"
34699810,628029353,0,"LINESTRING (-3.523808 50.72641, -3.523708 50.72635)"
34699810,8984079217,0,"LINESTRING (-3.523808 50.72641, -3.523696 50.726478)"
34699810,6873422367,0,"LINESTRING (-3.523808 50.72641, -3.523846 50.72639, -3.523895 50.726362)"
34700215,7644003303,0,"LINESTRING (-3.524474 50.726802, -3.524437 50.726789, -3.524334 50.726722)"
34700215,1875951316,0,"LINESTRING (-3.524474 50.726802, -3.524434 50.726855, -3.524322 50.726923, -3.524166 50.727021, -3.523775 50.727276, -3.523376 50.727532, -3.523282 50.727584)"
34700215,315875802,0,"LINESTRING (-3.524474 50.726802, -3.52454 50.726804, -3.524592 50.726782, -3.52463 50.726756, -3.524762 50.726675, -3.524893 50.72659)"
34702928,299022772,0,"LINESTRING (-3.525319 50.725273, -3.525369 50.72529, -3.52542 50.725287, -3.525514 50.725284, -3.52556 50.725288, -3.525606 50.725296, -3.525622 50.7253, -3.525696 50.725335, -3.525741 50.725368, -3.525755 50.725383, -3.525762 50.725403, -3.525763 50.725416, -3.525763 50.725429, -3.525759 50.725442)"
34702928,3329242110,0,"LINESTRING (-3.525319 50.725273, -3.52531 50.725249, -3.525291 50.725175, -3.525275 50.725111)"
34702928,9721565962,0,"LINESTRING (-3.525319 50.725273, -3.525332 50.725376, -3.525309 50.725435, -3.525284 50.725469)"
34917448,9797141046,0,"LINESTRING (-3.520834 50.724685, -3.520804 50.724735)"
34917448,5666896496,0,"LINESTRING (-3.520834 50.724685, -3.520873 50.724614)"
34917448,174022412,0,"LINESTRING (-3.520834 50.724685, -3.520904 50.724705, -3.521383 50.724819, -3.521768 50.724932)"
34917754,1513241812,0,"LINESTRING (-3.523139 50.724373, -3.523114 50.72443)"
34917754,838035987,0,"LINESTRING (-3.523139 50.724373, -3.52292 50.724326, -3.522715 50.724304)"
34918242,838035987,0,"LINESTRING (-3.522251 50.724223, -3.522715 50.724304)"
34918242,332087879,0,"LINESTRING (-3.522251 50.724223, -3.522205 50.724228, -3.521872 50.724158)"
34918243,332087879,0,"LINESTRING (-3.52178 50.724137, -3.521872 50.724158)"
34918675,34918740,0,"LINESTRING (-3.521822 50.726817, -3.522237 50.727064)"
34918675,4164010935,0,"LINESTRING (-3.521822 50.726817, -3.522701 50.726198)"
34918740,34918675,0,"LINESTRING (-3.522237 50.727064, -3.521822 50.726817)"
34918740,34699806,0,"LINESTRING (-3.522237 50.727064, -3.522498 50.727237)"
34919266,12858024637,0,"LINESTRING (-3.529219 50.727197, -3.529105 50.727277, -3.529009 50.727338, -3.528944 50.727357, -3.528893 50.727366, -3.528793 50.727382, -3.528688 50.727391)"
34919266,762653565,0,"LINESTRING (-3.529219 50.727197, -3.529125 50.727158, -3.528938 50.72708, -3.528678 50.726958, -3.528422 50.726835, -3.528365 50.726805, -3.528313 50.726774, -3.528237 50.72672, -3.528088 50.726612)"
34919266,12241767039,0,"LINESTRING (-3.529219 50.727197, -3.529404 50.727282, -3.52951 50.72734, -3.529599 50.727402, -3.529671 50.727455, -3.529784 50.72755)"
34920974,959491872,0,"LINESTRING (-3.531722 50.726277, -3.531887 50.726169)"
34920974,343132404,0,"LINESTRING (-3.531722 50.726277, -3.531801 50.726324, -3.531724 50.726376)"
34920974,343132380,0,"LINESTRING (-3.531722 50.726277, -3.531636 50.726225, -3.531555 50.726279)"
34920978,343133257,0,"LINESTRING (-3.528912 50.726581, -3.52879 50.726483)"
34920978,2402758005,0,"LINESTRING (-3.528912 50.726581, -3.529016 50.726619, -3.529252 50.726762, -3.5294 50.726829, -3.529479 50.726847, -3.529555 50.726859, -3.529639 50.72686)"
34920978,1677444722,0,"LINESTRING (-3.528912 50.726581, -3.52894 50.72666, -3.529069 50.726856, -3.529179 50.726927, -3.529395 50.727021, -3.529583 50.727073, -3.529686 50.727086, -3.529788 50.72708)"
36670547,59996735,0,"LINESTRING (-3.526203 50.729128, -3.526426 50.728419)"
36670547,11991995390,0,"LINESTRING (-3.526203 50.729128, -3.525966 50.729101, -3.525809 50.729075, -3.525605 50.72903, -3.525454 50.728966, -3.525272 50.728895, -3.525044 50.728792)"
36670551,1875951314,0,"LINESTRING (-3.523462 50.727951, -3.523255 50.727747)"
36670551,10068852034,0,"LINESTRING (-3.523462 50.727951, -3.523529 50.727922, -3.523709 50.727819, -3.523916 50.727681, -3.52398 50.727638, -3.52444 50.727358, -3.524533 50.727346)"
36670551,84914575,0,"LINESTRING (-3.523462 50.727951, -3.523618 50.728061, -3.523794 50.728176)"
36670781,41437537,0,"LINESTRING (-3.527508 50.726028, -3.527911 50.725812)"
36670781,3297556862,0,"LINESTRING (-3.527508 50.726028, -3.527381 50.726079)"
36670781,762653565,0,"LINESTRING (-3.527508 50.726028, -3.527595 50.726166, -3.527846 50.726396, -3.527945 50.726498, -3.528088 50.726612)"
36670915,5783907569,0,"LINESTRING (-3.525502 50.724689, -3.525495 50.724877)"
36670915,5781609899,0,"LINESTRING (-3.525502 50.724689, -3.525658 50.724694)"
36670915,1479619195,0,"LINESTRING (-3.525502 50.724689, -3.525506 50.724653, -3.525524 50.724613, -3.525556 50.724571, -3.525611 50.724457)"
36670916,59817557,0,"LINESTRING (-3.525682 50.724295, -3.525782 50.72431, -3.525874 50.72433, -3.526113 50.724411)"
36670916,36671018,0,"LINESTRING (-3.525682 50.724295, -3.525564 50.72427, -3.525318 50.724231, -3.524812 50.724161)"
36670916,1479619195,0,"LINESTRING (-3.525682 50.724295, -3.525645 50.724366, -3.525623 50.72441, -3.525611 50.724457)"
36670922,3518325224,0,"LINESTRING (-3.526594 50.724037, -3.526332 50.724012, -3.526255 50.724008, -3.526228 50.724007, -3.526198 50.724011, -3.52618 50.72403)"
36671018,9773108243,0,"LINESTRING (-3.524812 50.724161, -3.524802 50.724191)"
36671018,36670916,0,"LINESTRING (-3.524812 50.724161, -3.525318 50.724231, -3.525564 50.72427, -3.525682 50.724295)"
36671018,986600684,0,"LINESTRING (-3.524812 50.724161, -3.524716 50.724147, -3.524091 50.724048, -3.524005 50.72404)"
36671159,40929978,0,"LINESTRING (-3.526727 50.722193, -3.526718 50.722209)"
36671159,40927408,0,"LINESTRING (-3.526727 50.722193, -3.527014 50.722246, -3.527175 50.722273)"
36671794,743366623,0,"LINESTRING (-3.525495 50.723732, -3.525245 50.723823, -3.524979 50.723848)"
36671794,445773003,0,"LINESTRING (-3.525495 50.723732, -3.525536 50.723695, -3.525713 50.723475, -3.525814 50.723441, -3.526237 50.723461)"
36671794,1786461764,0,"LINESTRING (-3.525495 50.723732, -3.525536 50.72382, -3.525616 50.72385, -3.52567 50.72386)"
40926521,5679453049,0,"LINESTRING (-3.526786 50.723207, -3.526839 50.723204)"
40926521,248779246,0,"LINESTRING (-3.526786 50.723207, -3.526757 50.723276, -3.526651 50.723633)"
40926521,40927408,0,"LINESTRING (-3.526786 50.723207, -3.527098 50.722446, -3.527175 50.722273)"
40926521,106201157,0,"LINESTRING (-3.526786 50.723207, -3.526722 50.723196, -3.526296 50.723125)"
40926542,40927969,0,"LINESTRING (-3.52946 50.724433, -3.529435 50.724411, -3.529373 50.724358, -3.529275 50.724275, -3.529051 50.724104)"
40926542,62147659,0,"LINESTRING (-3.52946 50.724433, -3.529275 50.724522, -3.528646 50.724826, -3.528613 50.724842)"
40926542,292271934,0,"LINESTRING (-3.52946 50.724433, -3.529621 50.724355, -3.529856 50.724242, -3.529882 50.724229)"
40927408,5679453050,0,"LINESTRING (-3.527175 50.722273, -3.52722 50.722279)"
40927408,36671159,0,"LINESTRING (-3.527175 50.722273, -3.527014 50.722246, -3.526727 50.722193)"
40927408,40926521,0,"LINESTRING (-3.527175 50.722273, -3.527098 50.722446, -3.526786 50.723207)"
40927417,10151804984,0,"LINESTRING (-3.530642 50.723112, -3.530746 50.723071)"
40927418,59741712,0,"LINESTRING (-3.531023 50.722975, -3.531305 50.722913)"
40927418,10151804984,0,"LINESTRING (-3.531023 50.722975, -3.530746 50.723071)"
40927418,9410998081,0,"LINESTRING (-3.531023 50.722975, -3.531009 50.722954, -3.530999 50.722938)"
40927969,40926542,0,"LINESTRING (-3.529051 50.724104, -3.529275 50.724275, -3.529373 50.724358, -3.529435 50.724411, -3.52946 50.724433)"
40927969,5218741405,0,"LINESTRING (-3.529051 50.724104, -3.52897 50.724039, -3.528632 50.723825, -3.528561 50.723785)"
40927969,59741696,0,"LINESTRING (-3.529051 50.724104, -3.529144 50.724042, -3.52939 50.72391)"
40929610,10159677997,0,"LINESTRING (-3.530106 50.723405, -3.530116 50.723442, -3.530106 50.723468, -3.530099 50.723475, -3.529982 50.72355, -3.529914 50.723597)"
40929610,2020242481,0,"LINESTRING (-3.530106 50.723405, -3.530165 50.723424, -3.530314 50.723514, -3.530595 50.72368, -3.530644 50.723713, -3.530701 50.723753, -3.530727 50.723774)"
40929610,5218483197,0,"LINESTRING (-3.530106 50.723405, -3.530079 50.723358, -3.53008 50.723342, -3.530093 50.723324)"
40929978,36671159,0,"LINESTRING (-3.526718 50.722209, -3.526727 50.722193)"
40929978,1786461615,0,"LINESTRING (-3.526718 50.722209, -3.526504 50.722508, -3.526422 50.722654)"
40929986,8993433312,0,"LINESTRING (-3.525275 50.72288, -3.525304 50.722832)"
40929986,106201157,0,"LINESTRING (-3.525275 50.72288, -3.525552 50.72298, -3.525783 50.72303, -3.526076 50.723087, -3.526296 50.723125)"
40930365,40931643,0,"LINESTRING (-3.532037 50.723013, -3.53199 50.723046, -3.531659 50.723248, -3.531397 50.723389, -3.531311 50.723443)"
40930365,75266375,0,"LINESTRING (-3.532037 50.723013, -3.532071 50.722988, -3.532155 50.722946)"
40930365,5218476452,0,"LINESTRING (-3.532037 50.723013, -3.531988 50.722985, -3.531964 50.722972, -3.531731 50.722851, -3.531654 50.722822)"
40931643,10693280265,0,"LINESTRING (-3.531311 50.723443, -3.53135 50.723469, -3.531373 50.723485, -3.531781 50.723772, -3.531824 50.72375, -3.531825 50.723747)"
40931643,30792310,0,"LINESTRING (-3.531311 50.723443, -3.531264 50.723469, -3.530798 50.72374)"
40931643,40930365,0,"LINESTRING (-3.531311 50.723443, -3.531397 50.723389, -3.531659 50.723248, -3.53199 50.723046, -3.532037 50.723013)"
40932208,10693280283,0,"LINESTRING (-3.532032 50.723653, -3.532178 50.723593)"
40932208,10693280265,0,"LINESTRING (-3.532032 50.723653, -3.531825 50.723747)"
40932208,10075493350,0,"LINESTRING (-3.532032 50.723653, -3.532174 50.723754)"
40933558,10081847575,0,"LINESTRING (-3.530658 50.722574, -3.530637 50.722712, -3.53063 50.722724)"
41436222,12680199227,0,"LINESTRING (-3.528173 50.725672, -3.528265 50.725741)"
41436222,41437050,0,"LINESTRING (-3.528173 50.725672, -3.528261 50.725593, -3.528407 50.725523, -3.528888 50.725292)"
41436222,9773201158,0,"LINESTRING (-3.528173 50.725672, -3.528092 50.725713, -3.527952 50.72578)"
41436223,959306928,0,"LINESTRING (-3.528933 50.725224, -3.528929 50.725169, -3.528926 50.725151)"
41436223,41436787,0,"LINESTRING (-3.528933 50.725224, -3.529012 50.725237, -3.529061 50.725241, -3.52911 50.72526, -3.52916 50.725297)"
41436223,41437050,0,"LINESTRING (-3.528933 50.725224, -3.528924 50.725257, -3.528888 50.725292)"
41436787,9773096890,0,"LINESTRING (-3.52916 50.725297, -3.529564 50.725142, -3.529717 50.725142, -3.529736 50.72514, -3.529752 50.725139)"
41436787,41436223,0,"LINESTRING (-3.52916 50.725297, -3.52911 50.72526, -3.529061 50.725241, -3.529012 50.725237, -3.528933 50.725224)"
41436787,41437044,0,"LINESTRING (-3.52916 50.725297, -3.529198 50.725332, -3.529441 50.725538, -3.529518 50.725636)"
41437044,41437050,0,"LINESTRING (-3.529518 50.725636, -3.529367 50.725585, -3.529053 50.725448, -3.528888 50.725292)"
41437044,41436787,0,"LINESTRING (-3.529518 50.725636, -3.529441 50.725538, -3.529198 50.725332, -3.52916 50.725297)"
41437044,342384459,0,"LINESTRING (-3.529518 50.725636, -3.529601 50.725689, -3.529655 50.725759)"
41437050,41437044,0,"LINESTRING (-3.528888 50.725292, -3.529053 50.725448, -3.529367 50.725585, -3.529518 50.725636)"
41437050,41436223,0,"LINESTRING (-3.528888 50.725292, -3.528924 50.725257, -3.528933 50.725224)"
41437050,41436222,0,"LINESTRING (-3.528888 50.725292, -3.528407 50.725523, -3.528261 50.725593, -3.528173 50.725672)"
41437537,9773201158,0,"LINESTRING (-3.527911 50.725812, -3.527952 50.72578)"
41437537,36670781,0,"LINESTRING (-3.527911 50.725812, -3.527508 50.726028)"
41437537,2562840010,0,"LINESTRING (-3.527911 50.725812, -3.528186 50.726012)"
41437657,376042422,0,"LINESTRING (-3.527454 50.725384, -3.527069 50.725513)"
41437657,9773201158,0,"LINESTRING (-3.527454 50.725384, -3.527481 50.725407, -3.527556 50.725472, -3.527921 50.725761, -3.527952 50.72578)"
41437657,59817531,0,"LINESTRING (-3.527454 50.725384, -3.527569 50.725331, -3.527777 50.725233)"
41438063,59817531,0,"LINESTRING (-3.528549 50.724872, -3.527777 50.725233)"
41438063,959306928,0,"LINESTRING (-3.528549 50.724872, -3.528572 50.724892, -3.52881 50.725101, -3.528865 50.725145, -3.528926 50.725151)"
41438063,62147659,0,"LINESTRING (-3.528549 50.724872, -3.528579 50.724858, -3.528613 50.724842)"
41438275,1479619192,0,"LINESTRING (-3.527005 50.727087, -3.527021 50.727022)"
41438275,59996816,0,"LINESTRING (-3.527005 50.727087, -3.526946 50.727273)"
41438275,59996025,0,"LINESTRING (-3.527005 50.727087, -3.527299 50.727189, -3.527361 50.727218)"
41438280,2906051676,0,"LINESTRING (-3.525573 50.727191, -3.525551 50.727082, -3.525537 50.727025, -3.525535 50.726985, -3.525509 50.72689)"
41438280,3597229443,0,"LINESTRING (-3.525573 50.727191, -3.52558 50.727213, -3.525574 50.727233, -3.525568 50.72725, -3.525523 50.727301)"
41438280,5218704433,0,"LINESTRING (-3.525573 50.727191, -3.525651 50.72717, -3.525713 50.727136, -3.525794 50.727057, -3.525863 50.726979, -3.525794 50.72693, -3.525813 50.726909, -3.525826 50.726889, -3.525833 50.726872, -3.525835 50.726859, -3.525828 50.726832, -3.525822 50.726825, -3.525806 50.726814, -3.525778 50.7268, -3.525761 50.726795, -3.52573 50.726792, -3.525698 50.726794, -3.525662 50.726803, -3.525639 50.726814, -3.525628 50.726828, -3.525621 50.726844, -3.525619 50.726855, -3.525621 50.726874, -3.52563 50.726889, -3.525646 50.726901, -3.525671 50.726912, -3.525693 50.726917, -3.525721 50.726919, -3.525758 50.726915, -3.525851 50.726947)"
54212215,62142185,0,"LINESTRING (-3.530955 50.724424, -3.530489 50.724649)"
54212215,54212216,0,"LINESTRING (-3.530955 50.724424, -3.530974 50.724412, -3.531411 50.724185)"
54212215,62143010,0,"LINESTRING (-3.530955 50.724424, -3.531003 50.724459, -3.531199 50.724594, -3.53134 50.724697)"
54212215,54212504,0,"LINESTRING (-3.530955 50.724424, -3.53091 50.724388, -3.530907 50.724384, -3.530816 50.72431, -3.530628 50.72418, -3.530385 50.724016, -3.53034 50.723985, -3.530325 50.723974)"
54212216,59743605,0,"LINESTRING (-3.531411 50.724185, -3.53172 50.724412)"
54212216,54212215,0,"LINESTRING (-3.531411 50.724185, -3.530974 50.724412, -3.530955 50.724424)"
54212216,30792310,0,"LINESTRING (-3.531411 50.724185, -3.530868 50.723789, -3.530798 50.72374)"
54212504,106201139,0,"LINESTRING (-3.530325 50.723974, -3.530203 50.724048, -3.53016 50.724072, -3.53013 50.72411)"
54212504,2020242481,0,"LINESTRING (-3.530325 50.723974, -3.530636 50.723811, -3.530727 50.723774)"
54212504,54212215,0,"LINESTRING (-3.530325 50.723974, -3.53034 50.723985, -3.530385 50.724016, -3.530628 50.72418, -3.530816 50.72431, -3.530907 50.724384, -3.53091 50.724388, -3.530955 50.724424)"
54212836,8963647388,0,"LINESTRING (-3.531712 50.725022, -3.531704 50.725016, -3.531571 50.724912, -3.531496 50.724837, -3.531431 50.724776)"
54212836,54212837,0,"LINESTRING (-3.531712 50.725022, -3.531766 50.725062, -3.531785 50.725067, -3.531803 50.725067, -3.531877 50.725023, -3.532113 50.724877, -3.532178 50.724845, -3.532252 50.724821)"
54212836,62141562,0,"LINESTRING (-3.531712 50.725022, -3.531644 50.725074, -3.531504 50.725169)"
54212837,54212836,0,"LINESTRING (-3.532252 50.724821, -3.532178 50.724845, -3.532113 50.724877, -3.531877 50.725023, -3.531803 50.725067, -3.531785 50.725067, -3.531766 50.725062, -3.531712 50.725022)"
54212837,62142577,0,"LINESTRING (-3.532252 50.724821, -3.532194 50.724763, -3.53188 50.724533)"
59741696,8000006736,0,"LINESTRING (-3.52939 50.72391, -3.529456 50.72391)"
59741696,2402766418,0,"LINESTRING (-3.52939 50.72391, -3.529318 50.72387, -3.529145 50.723774)"
59741696,40927969,0,"LINESTRING (-3.52939 50.72391, -3.529144 50.724042, -3.529051 50.724104)"
59741712,40927418,0,"LINESTRING (-3.531305 50.722913, -3.531023 50.722975)"
59741712,5218476452,0,"LINESTRING (-3.531305 50.722913, -3.531366 50.722902, -3.531502 50.722875, -3.531654 50.722822)"
59741712,9410998084,0,"LINESTRING (-3.531305 50.722913, -3.5313 50.722886, -3.531302 50.72286, -3.531278 50.722841)"
59741713,59741714,0,"LINESTRING (-3.531203 50.722782, -3.530952 50.722873)"
59741713,9410998084,0,"LINESTRING (-3.531203 50.722782, -3.531278 50.722841)"
59741714,59741713,0,"LINESTRING (-3.530952 50.722873, -3.531203 50.722782)"
59741714,9410998081,0,"LINESTRING (-3.530952 50.722873, -3.530999 50.722938)"
59741714,106201148,0,"LINESTRING (-3.530952 50.722873, -3.53085 50.722885, -3.530728 50.722896, -3.530478 50.722889)"
59741717,9410998076,0,"LINESTRING (-3.529009 50.722818, -3.529746 50.72318)"
59741717,1996169484,0,"LINESTRING (-3.529009 50.722818, -3.529045 50.722789, -3.529083 50.722785)"
59741717,248779144,0,"LINESTRING (-3.529009 50.722818, -3.528928 50.722778, -3.528866 50.722755, -3.528665 50.722692, -3.528417 50.722622, -3.528346 50.722602, -3.528291 50.722555, -3.527743 50.722401, -3.527534 50.722349)"
59743605,54212216,0,"LINESTRING (-3.53172 50.724412, -3.531411 50.724185)"
59743605,62142577,0,"LINESTRING (-3.53172 50.724412, -3.53188 50.724533)"
59743605,3805308258,0,"LINESTRING (-3.53172 50.724412, -3.531777 50.724385, -3.532235 50.724136, -3.532242 50.724122)"
59817390,59996411,0,"LINESTRING (-3.527454 50.727726, -3.527502 50.72774)"
59817390,760487643,0,"LINESTRING (-3.527454 50.727726, -3.527367 50.727724, -3.527266 50.727738)"
59817390,59996025,0,"LINESTRING (-3.527454 50.727726, -3.527435 50.727481, -3.527376 50.727291, -3.527361 50.727218)"
59817392,59996816,0,"LINESTRING (-3.526855 50.727577, -3.526946 50.727273)"
59817392,494926562,0,"LINESTRING (-3.526855 50.727577, -3.52656 50.728102)"
59817392,760487643,0,"LINESTRING (-3.526855 50.727577, -3.527162 50.727702, -3.527266 50.727738)"
59817531,41438063,0,"LINESTRING (-3.527777 50.725233, -3.528549 50.724872)"
59817531,5094813861,0,"LINESTRING (-3.527777 50.725233, -3.527763 50.72522, -3.527612 50.725079, -3.527211 50.724728)"
59817531,41437657,0,"LINESTRING (-3.527777 50.725233, -3.527569 50.725331, -3.527454 50.725384)"
59817539,62147663,0,"LINESTRING (-3.527337 50.723679, -3.527265 50.724151)"
59817539,1786461652,0,"LINESTRING (-3.527337 50.723679, -3.527084 50.723671)"
59817539,59817540,0,"LINESTRING (-3.527337 50.723679, -3.527384 50.723464, -3.527386 50.723455, -3.527518 50.723282)"
59817540,299022718,0,"LINESTRING (-3.527518 50.723282, -3.527407 50.723271)"
59817540,59817539,0,"LINESTRING (-3.527518 50.723282, -3.527386 50.723455, -3.527384 50.723464, -3.527337 50.723679)"
59817540,10159677944,0,"LINESTRING (-3.527518 50.723282, -3.527757 50.723312, -3.527813 50.72334, -3.528231 50.723602, -3.528265 50.723621)"
59817555,1479619195,0,"LINESTRING (-3.526086 50.724511, -3.525611 50.724457)"
59817555,59817557,0,"LINESTRING (-3.526086 50.724511, -3.526098 50.724476, -3.526113 50.724411)"
59817555,9629666235,0,"LINESTRING (-3.526086 50.724511, -3.526051 50.72458, -3.526039 50.724617)"
59817555,1786461667,0,"LINESTRING (-3.526086 50.724511, -3.526201 50.724523, -3.526437 50.724581, -3.526526 50.724598, -3.52664 50.724613, -3.526659 50.724635, -3.526706 50.724668)"
59817557,59817555,0,"LINESTRING (-3.526113 50.724411, -3.526098 50.724476, -3.526086 50.724511)"
59817557,36670916,0,"LINESTRING (-3.526113 50.724411, -3.525874 50.72433, -3.525782 50.72431, -3.525682 50.724295)"
59817557,3518325224,0,"LINESTRING (-3.526113 50.724411, -3.526156 50.724403, -3.526181 50.72438, -3.526158 50.724264, -3.52617 50.724157, -3.526181 50.724055, -3.52618 50.72403)"
59817616,59817617,0,"LINESTRING (-3.526426 50.723925, -3.526448 50.723868, -3.52629 50.723606, -3.526216 50.723599)"
59817616,59817617,1,"LINESTRING (-3.526426 50.723925, -3.526322 50.723913, -3.526217 50.723905, -3.5262 50.723899, -3.526188 50.723891, -3.526183 50.723881, -3.526188 50.723817, -3.526216 50.723599)"
59817616,248779246,0,"LINESTRING (-3.526426 50.723925, -3.526522 50.723936, -3.526542 50.723934, -3.52656 50.723929, -3.526569 50.723922, -3.526574 50.723912, -3.526591 50.723865, -3.526651 50.723633)"
59817617,445773003,0,"LINESTRING (-3.526216 50.723599, -3.526237 50.723461)"
59817617,59817616,0,"LINESTRING (-3.526216 50.723599, -3.526188 50.723817, -3.526183 50.723881, -3.526188 50.723891, -3.5262 50.723899, -3.526217 50.723905, -3.526322 50.723913, -3.526426 50.723925)"
59817617,59817616,1,"LINESTRING (-3.526216 50.723599, -3.52629 50.723606, -3.526448 50.723868, -3.526426 50.723925)"
59996025,795238613,0,"LINESTRING (-3.527361 50.727218, -3.527642 50.727285)"
59996025,59817390,0,"LINESTRING (-3.527361 50.727218, -3.527376 50.727291, -3.527435 50.727481, -3.527454 50.727726)"
59996025,41438275,0,"LINESTRING (-3.527361 50.727218, -3.527299 50.727189, -3.527005 50.727087)"
59996188,59996190,0,"LINESTRING (-3.52689 50.728573, -3.527214 50.728588, -3.527914 50.728498)"
59996190,59996364,0,"LINESTRING (-3.527914 50.728498, -3.527788 50.728277)"
59996190,59996188,0,"LINESTRING (-3.527914 50.728498, -3.527214 50.728588, -3.52689 50.728573)"
59996190,315875791,0,"LINESTRING (-3.527914 50.728498, -3.527944 50.728559, -3.528124 50.728887, -3.528207 50.729008)"
59996364,59996190,0,"LINESTRING (-3.527788 50.728277, -3.527914 50.728498)"
59996364,760487643,0,"LINESTRING (-3.527788 50.728277, -3.5276 50.728304, -3.527187 50.728192, -3.52717 50.728178, -3.527158 50.728162, -3.52716 50.728138, -3.527163 50.728111, -3.52722 50.727924, -3.527266 50.727738)"
59996364,59996411,0,"LINESTRING (-3.527788 50.728277, -3.52769 50.728109, -3.527502 50.72774)"
59996411,59817390,0,"LINESTRING (-3.527502 50.72774, -3.527454 50.727726)"
59996411,2081303102,0,"LINESTRING (-3.527502 50.72774, -3.527892 50.727712, -3.528004 50.727709)"
59996411,59996364,0,"LINESTRING (-3.527502 50.72774, -3.52769 50.728109, -3.527788 50.728277)"
59996729,11991995390,0,"LINESTRING (-3.524932 50.728741, -3.525044 50.728792)"
59996729,59996788,0,"LINESTRING (-3.524932 50.728741, -3.52472 50.728639, -3.524433 50.728496)"
59996729,59996735,0,"LINESTRING (-3.524932 50.728741, -3.525119 50.728637, -3.525202 50.728616, -3.525279 50.728612, -3.525357 50.728619, -3.525508 50.72864, -3.525597 50.728648, -3.525704 50.728641, -3.525813 50.728634, -3.525896 50.728623, -3.52599 50.728595, -3.526084 50.728558, -3.526272 50.728468, -3.526426 50.728419)"
59996735,494926562,0,"LINESTRING (-3.526426 50.728419, -3.52656 50.728102)"
59996735,36670547,0,"LINESTRING (-3.526426 50.728419, -3.526203 50.729128)"
59996735,59996729,0,"LINESTRING (-3.526426 50.728419, -3.526272 50.728468, -3.526084 50.728558, -3.52599 50.728595, -3.525896 50.728623, -3.525813 50.728634, -3.525704 50.728641, -3.525597 50.728648, -3.525508 50.72864, -3.525357 50.728619, -3.525279 50.728612, -3.525202 50.728616, -3.525119 50.728637, -3.524932 50.728741)"
59996788,318323627,0,"LINESTRING (-3.524433 50.728496, -3.52404 50.728315)"
59996788,59996729,0,"LINESTRING (-3.524433 50.728496, -3.52472 50.728639, -3.524932 50.728741)"
59996816,1787913803,0,"LINESTRING (-3.526946 50.727273, -3.526605 50.72722)"
59996816,41438275,0,"LINESTRING (-3.526946 50.727273, -3.527005 50.727087)"
59996816,59817392,0,"LINESTRING (-3.526946 50.727273, -3.526855 50.727577)"
59997016,343133257,0,"LINESTRING (-3.531617 50.727008, -3.531613 50.72701, -3.531187 50.727169, -3.530916 50.727271, -3.530704 50.727352, -3.53031 50.727488, -3.530186 50.72752, -3.530069 50.727514, -3.529942 50.72747, -3.529729 50.727336, -3.529729 50.727301, -3.529475 50.727213, -3.529108 50.727044, -3.528979 50.726977, -3.528902 50.726897, -3.528807 50.726761, -3.528737 50.726631, -3.528761 50.726508, -3.52879 50.726483)"
62141049,1630309392,0,"LINESTRING (-3.530775 50.726025, -3.530786 50.726059, -3.530958 50.72627, -3.530959 50.726286)"
62141049,75258004,0,"LINESTRING (-3.530775 50.726025, -3.530815 50.726049, -3.531077 50.726213, -3.531174 50.726204, -3.531329 50.726142)"
62141049,2020242352,0,"LINESTRING (-3.530775 50.726025, -3.530714 50.725981, -3.530552 50.725863, -3.530484 50.725819, -3.530415 50.725786, -3.530299 50.725735, -3.530242 50.725718, -3.530179 50.725708, -3.530104 50.725712, -3.530026 50.725724, -3.529986 50.725735, -3.529924 50.725762, -3.529819 50.725795, -3.529766 50.725805, -3.529727 50.725745)"
62141055,2420694446,0,"LINESTRING (-3.531383 50.726028, -3.53145 50.726013)"
62141055,2020242304,0,"LINESTRING (-3.531383 50.726028, -3.53133 50.725926)"
62141055,75258004,0,"LINESTRING (-3.531383 50.726028, -3.531378 50.726048, -3.531336 50.726126, -3.531329 50.726142)"
62141060,2020242688,0,"LINESTRING (-3.530848 50.725373, -3.531183 50.725624)"
62141060,62143009,0,"LINESTRING (-3.530848 50.725373, -3.530812 50.725249, -3.530867 50.725159, -3.530905 50.725068, -3.530912 50.725053, -3.530937 50.724966)"
62141060,2020242352,0,"LINESTRING (-3.530848 50.725373, -3.530776 50.725345, -3.530726 50.725333, -3.530555 50.725317, -3.530421 50.725336, -3.530329 50.725351, -3.530266 50.725377, -3.530189 50.725435, -3.530142 50.725483, -3.53011 50.725532, -3.530068 50.725625, -3.530042 50.725653, -3.529966 50.72569, -3.529727 50.725745)"
62141562,62143009,0,"LINESTRING (-3.531504 50.725169, -3.531345 50.725159, -3.531145 50.725099, -3.53104 50.725062, -3.531016 50.725025, -3.530979 50.724998, -3.530937 50.724966)"
62141562,54212836,0,"LINESTRING (-3.531504 50.725169, -3.531644 50.725074, -3.531712 50.725022)"
62141562,13541593253,0,"LINESTRING (-3.531504 50.725169, -3.531493 50.725191, -3.531499 50.725195)"
62142185,54212215,0,"LINESTRING (-3.530489 50.724649, -3.530955 50.724424)"
62142185,306495559,0,"LINESTRING (-3.530489 50.724649, -3.530523 50.724677, -3.530617 50.724766)"
62142185,2020242415,0,"LINESTRING (-3.530489 50.724649, -3.530079 50.724821, -3.530013 50.724856, -3.529977 50.724874)"
62142577,59743605,0,"LINESTRING (-3.53188 50.724533, -3.53172 50.724412)"
62142577,54212837,0,"LINESTRING (-3.53188 50.724533, -3.532194 50.724763, -3.532252 50.724821)"
62142577,8963647388,0,"LINESTRING (-3.53188 50.724533, -3.53179 50.724574, -3.531588 50.72468, -3.53157 50.724699, -3.53151 50.724734, -3.531455 50.724764, -3.531453 50.724764, -3.531431 50.724776)"
62143009,62141562,0,"LINESTRING (-3.530937 50.724966, -3.530979 50.724998, -3.531016 50.725025, -3.53104 50.725062, -3.531145 50.725099, -3.531345 50.725159, -3.531504 50.725169)"
62143009,306496592,0,"LINESTRING (-3.530937 50.724966, -3.530841 50.724981, -3.53082 50.724965, -3.530631 50.724824, -3.530473 50.724899, -3.530173 50.725054, -3.530117 50.725079, -3.530105 50.725084)"
62143009,62141060,0,"LINESTRING (-3.530937 50.724966, -3.530912 50.725053, -3.530905 50.725068, -3.530867 50.725159, -3.530812 50.725249, -3.530848 50.725373)"
62143009,62143010,0,"LINESTRING (-3.530937 50.724966, -3.530978 50.724916, -3.530992 50.724907, -3.530995 50.724905, -3.531075 50.72485, -3.531093 50.72484, -3.531152 50.7248, -3.531213 50.724764, -3.531249 50.724746, -3.531316 50.72471, -3.531318 50.724709, -3.53134 50.724697)"
62143010,8963647388,0,"LINESTRING (-3.53134 50.724697, -3.531431 50.724776)"
62143010,54212215,0,"LINESTRING (-3.53134 50.724697, -3.531199 50.724594, -3.531003 50.724459, -3.530955 50.724424)"
62143010,62143009,0,"LINESTRING (-3.53134 50.724697, -3.531318 50.724709, -3.531316 50.72471, -3.531249 50.724746, -3.531213 50.724764, -3.531152 50.7248, -3.531093 50.72484, -3.531075 50.72485, -3.530995 50.724905, -3.530992 50.724907, -3.530978 50.724916, -3.530937 50.724966)"
62147659,6873148262,0,"LINESTRING (-3.528613 50.724842, -3.528583 50.724816, -3.52805 50.724372, -3.527962 50.724351)"
62147659,41438063,0,"LINESTRING (-3.528613 50.724842, -3.528579 50.724858, -3.528549 50.724872)"
62147659,40926542,0,"LINESTRING (-3.528613 50.724842, -3.528646 50.724826, -3.529275 50.724522, -3.52946 50.724433)"
62147663,59817539,0,"LINESTRING (-3.527265 50.724151, -3.527337 50.723679)"
62147663,659867225,0,"LINESTRING (-3.527265 50.724151, -3.527256 50.724179)"
62147663,6873148262,0,"LINESTRING (-3.527265 50.724151, -3.527305 50.724153, -3.527515 50.724167, -3.527541 50.724177, -3.527896 50.724306, -3.527962 50.724351)"
62150371,293210688,0,"LINESTRING (-3.521614 50.725981, -3.52175 50.726045)"
62150371,62150372,0,"LINESTRING (-3.521614 50.725981, -3.52154 50.726024)"
62150371,9797141055,0,"LINESTRING (-3.521614 50.725981, -3.521682 50.725932, -3.521908 50.725777, -3.522068 50.725709, -3.522149 50.725611, -3.522172 50.72552)"
62150372,62150371,0,"LINESTRING (-3.52154 50.726024, -3.521614 50.725981)"
75258004,62141049,0,"LINESTRING (-3.531329 50.726142, -3.531174 50.726204, -3.531077 50.726213, -3.530815 50.726049, -3.530775 50.726025)"
75258004,62141055,0,"LINESTRING (-3.531329 50.726142, -3.531336 50.726126, -3.531378 50.726048, -3.531383 50.726028)"
75258004,1630309399,0,"LINESTRING (-3.531329 50.726142, -3.531341 50.72615, -3.531349 50.726155, -3.531363 50.726162, -3.53138 50.72617)"
75266375,40930365,0,"LINESTRING (-3.532155 50.722946, -3.532071 50.722988, -3.532037 50.723013)"
84914575,2268591156,0,"LINESTRING (-3.523794 50.728176, -3.524003 50.728295)"
84914575,7644003306,0,"LINESTRING (-3.523794 50.728176, -3.523746 50.728211)"
84914575,36670551,0,"LINESTRING (-3.523794 50.728176, -3.523618 50.728061, -3.523462 50.727951)"
99376015,106201159,0,"LINESTRING (-3.530165 50.722709, -3.530164 50.722852)"
106201139,2420683599,0,"LINESTRING (-3.53013 50.72411, -3.5301 50.724084, -3.530055 50.724045, -3.529894 50.723929, -3.529862 50.723907)"
106201139,292271934,0,"LINESTRING (-3.53013 50.72411, -3.529914 50.724214, -3.529882 50.724229)"
106201139,54212504,0,"LINESTRING (-3.53013 50.72411, -3.53016 50.724072, -3.530203 50.724048, -3.530325 50.723974)"
106201148,106201159,0,"LINESTRING (-3.530478 50.722889, -3.530164 50.722852)"
106201148,10081847575,0,"LINESTRING (-3.530478 50.722889, -3.53063 50.722724)"
106201148,59741714,0,"LINESTRING (-3.530478 50.722889, -3.530728 50.722896, -3.53085 50.722885, -3.530952 50.722873)"
106201148,1996169476,0,"LINESTRING (-3.530478 50.722889, -3.530334 50.723058, -3.530237 50.723152, -3.530186 50.723183)"
106201152,2402766423,0,"LINESTRING (-3.529726 50.723741, -3.529613 50.723811)"
106201152,10159677997,0,"LINESTRING (-3.529726 50.723741, -3.529788 50.723682, -3.529858 50.723634, -3.529914 50.723597)"
106201152,10061817910,0,"LINESTRING (-3.529726 50.723741, -3.52977 50.72377, -3.529885 50.723847)"
106201157,445773003,0,"LINESTRING (-3.526296 50.723125, -3.526237 50.723461)"
106201157,40929986,0,"LINESTRING (-3.526296 50.723125, -3.526076 50.723087, -3.525783 50.72303, -3.525552 50.72298, -3.525275 50.72288)"
106201157,1786461615,0,"LINESTRING (-3.526296 50.723125, -3.526304 50.723083, -3.526327 50.722929, -3.52637 50.722776, -3.526422 50.722654)"
106201157,40926521,0,"LINESTRING (-3.526296 50.723125, -3.526722 50.723196, -3.526786 50.723207)"
106201159,106201148,0,"LINESTRING (-3.530164 50.722852, -3.530478 50.722889)"
106201159,99376015,0,"LINESTRING (-3.530164 50.722852, -3.530165 50.722709)"
106201159,1996169484,0,"LINESTRING (-3.530164 50.722852, -3.52954 50.722775, -3.529379 50.722766, -3.52921 50.722771, -3.529083 50.722785)"
106201159,1996169476,0,"LINESTRING (-3.530164 50.722852, -3.530164 50.723146, -3.530186 50.723183)"
174022412,21761609,0,"LINESTRING (-3.521768 50.724932, -3.522103 50.725065, -3.52216 50.725119, -3.52219 50.725175, -3.522206 50.725268)"
174022412,5784256589,0,"LINESTRING (-3.521768 50.724932, -3.522263 50.725045, -3.522424 50.725063)"
174022412,34917448,0,"LINESTRING (-3.521768 50.724932, -3.521383 50.724819, -3.520904 50.724705, -3.520834 50.724685)"
174022414,6210838921,0,"LINESTRING (-3.522215 50.725648, -3.522359 50.725588)"
174022414,6210838922,0,"LINESTRING (-3.522215 50.725648, -3.522249 50.725541)"
174022414,760697797,0,"LINESTRING (-3.522215 50.725648, -3.521986 50.725862)"
248779144,5679453050,0,"LINESTRING (-3.527534 50.722349, -3.52722 50.722279)"
248779144,59741717,0,"LINESTRING (-3.527534 50.722349, -3.527743 50.722401, -3.528291 50.722555, -3.528346 50.722602, -3.528417 50.722622, -3.528665 50.722692, -3.528866 50.722755, -3.528928 50.722778, -3.529009 50.722818)"
248779246,59817616,0,"LINESTRING (-3.526651 50.723633, -3.526591 50.723865, -3.526574 50.723912, -3.526569 50.723922, -3.52656 50.723929, -3.526542 50.723934, -3.526522 50.723936, -3.526426 50.723925)"
248779246,40926521,0,"LINESTRING (-3.526651 50.723633, -3.526757 50.723276, -3.526786 50.723207)"
248779246,1786461652,0,"LINESTRING (-3.526651 50.723633, -3.526763 50.723644, -3.52702 50.723665, -3.527084 50.723671)"
248779248,1786461750,0,"LINESTRING (-3.52662 50.724116, -3.526678 50.724114, -3.526841 50.724107, -3.526932 50.724109, -3.526942 50.724132)"
273442897,1786461708,0,"LINESTRING (-3.523615 50.725093, -3.52363 50.725167)"
273442897,6531967634,0,"LINESTRING (-3.523615 50.725093, -3.52391 50.725075)"
273442897,1786461679,0,"LINESTRING (-3.523615 50.725093, -3.523598 50.725008, -3.523567 50.724966, -3.523556 50.724902)"
273442897,5614580371,0,"LINESTRING (-3.523615 50.725093, -3.523309 50.725095, -3.523212 50.725096, -3.52315 50.725089, -3.523111 50.725066, -3.523077 50.725033, -3.523057 50.72498, -3.523055 50.724929, -3.523202 50.724779)"
273442898,13347074295,0,"LINESTRING (-3.524185 50.725022, -3.524542 50.724987)"
273442898,6531967634,0,"LINESTRING (-3.524185 50.725022, -3.52391 50.725075)"
273442898,359236562,0,"LINESTRING (-3.524185 50.725022, -3.524201 50.725106)"
273442898,2395302286,0,"LINESTRING (-3.524185 50.725022, -3.524198 50.724889)"
276915061,385140592,0,"LINESTRING (-3.528913 50.723434, -3.528694 50.72331)"
288334082,10226133766,0,"LINESTRING (-3.521801 50.728414, -3.521706 50.728346)"
288334082,1479577755,0,"LINESTRING (-3.521801 50.728414, -3.522396 50.728081, -3.522612 50.72796)"
288334082,292265711,0,"LINESTRING (-3.521801 50.728414, -3.521708 50.728458, -3.521681 50.728471)"
292262198,376947108,0,"LINESTRING (-3.523072 50.724728, -3.523142 50.724753)"
292262198,1513241812,0,"LINESTRING (-3.523072 50.724728, -3.523047 50.724695, -3.52303 50.724689, -3.523138 50.724524, -3.523159 50.724471, -3.523114 50.72443)"
292262198,5666896496,0,"LINESTRING (-3.523072 50.724728, -3.522964 50.724808, -3.522876 50.724881, -3.522804 50.724928, -3.522722 50.72496, -3.522643 50.72498, -3.522505 50.724999, -3.522382 50.725006, -3.522297 50.725, -3.52221 50.724984, -3.521912 50.724916, -3.521446 50.724776, -3.520936 50.72466, -3.520914 50.724647, -3.5209 50.724619, -3.520873 50.724614)"
292262646,380467929,0,"LINESTRING (-3.527128 50.726672, -3.526851 50.726627, -3.526782 50.7266, -3.526731 50.726559, -3.526703 50.726524)"
292262646,3297556862,0,"LINESTRING (-3.527128 50.726672, -3.527185 50.726489, -3.52725 50.726262, -3.527274 50.726202, -3.527306 50.726161, -3.527322 50.726141, -3.527381 50.726079)"
292262646,1479619192,0,"LINESTRING (-3.527128 50.726672, -3.5271 50.726767, -3.527021 50.727022)"
292265711,288334082,0,"LINESTRING (-3.521681 50.728471, -3.521708 50.728458, -3.521801 50.728414)"
292271934,2420683607,0,"LINESTRING (-3.529882 50.724229, -3.52986 50.724211, -3.529809 50.72417, -3.529789 50.724152, -3.529737 50.724113, -3.52966 50.72405, -3.529658 50.724034)"
292271934,40926542,0,"LINESTRING (-3.529882 50.724229, -3.529856 50.724242, -3.529621 50.724355, -3.52946 50.724433)"
292271934,106201139,0,"LINESTRING (-3.529882 50.724229, -3.529914 50.724214, -3.53013 50.72411)"
292915464,3329242110,0,"LINESTRING (-3.525252 50.724994, -3.525275 50.725111)"
292915464,6212410506,0,"LINESTRING (-3.525252 50.724994, -3.525061 50.725018)"
292915464,3297556876,0,"LINESTRING (-3.525252 50.724994, -3.52537 50.724979, -3.525488 50.72497)"
293149132,10693280283,0,"LINESTRING (-3.532404 50.723456, -3.532178 50.723593)"
293210688,760697815,0,"LINESTRING (-3.52175 50.726045, -3.521821 50.725988)"
293210688,62150371,0,"LINESTRING (-3.52175 50.726045, -3.521614 50.725981)"
293210688,6210838923,0,"LINESTRING (-3.52175 50.726045, -3.521804 50.72607, -3.522295 50.725689, -3.522387 50.725613)"
293999787,653302368,0,"LINESTRING (-3.530383 50.728166, -3.530458 50.728101, -3.530509 50.728055)"
294000690,1677444731,0,"LINESTRING (-3.531999 50.726547, -3.531815 50.726597)"
294000690,343132404,0,"LINESTRING (-3.531999 50.726547, -3.531724 50.726376)"
294000690,959491872,0,"LINESTRING (-3.531999 50.726547, -3.532016 50.726464, -3.53203 50.726414, -3.532039 50.726369, -3.532011 50.726316, -3.531887 50.726169)"
299022718,59817540,0,"LINESTRING (-3.527407 50.723271, -3.527518 50.723282)"
299022718,1786461633,0,"LINESTRING (-3.527407 50.723271, -3.527192 50.723246)"
299022718,2912652704,0,"LINESTRING (-3.527407 50.723271, -3.527416 50.72324, -3.527426 50.723209, -3.527452 50.723124, -3.527471 50.723062, -3.527836 50.723116, -3.528007 50.723108, -3.528187 50.7231, -3.528332 50.723122, -3.528414 50.723161)"
299022771,3297556863,0,"LINESTRING (-3.526226 50.725765, -3.526328 50.72573, -3.526569 50.725656, -3.526695 50.725621)"
299022771,1479619169,0,"LINESTRING (-3.526226 50.725765, -3.526036 50.725858, -3.525881 50.725947, -3.525747 50.72604)"
299022771,299022772,0,"LINESTRING (-3.526226 50.725765, -3.52619 50.725735, -3.526117 50.725686, -3.525859 50.725516, -3.525815 50.725482, -3.525759 50.725442)"
299022772,4164003877,0,"LINESTRING (-3.525759 50.725442, -3.525734 50.725469, -3.525513 50.725615, -3.525478 50.725653, -3.525324 50.725848, -3.525304 50.725869, -3.524816 50.726187, -3.524735 50.726238, -3.524699 50.726248, -3.524676 50.726245, -3.524657 50.726238, -3.524558 50.726177)"
299022772,34702928,0,"LINESTRING (-3.525759 50.725442, -3.525763 50.725429, -3.525763 50.725416, -3.525762 50.725403, -3.525755 50.725383, -3.525741 50.725368, -3.525696 50.725335, -3.525622 50.7253, -3.525606 50.725296, -3.52556 50.725288, -3.525514 50.725284, -3.52542 50.725287, -3.525369 50.72529, -3.525319 50.725273)"
299022772,299022771,0,"LINESTRING (-3.525759 50.725442, -3.525815 50.725482, -3.525859 50.725516, -3.526117 50.725686, -3.52619 50.725735, -3.526226 50.725765)"
306495559,959306935,0,"LINESTRING (-3.530617 50.724766, -3.530453 50.724848, -3.53011 50.724997, -3.53006 50.724974)"
306495559,62142185,0,"LINESTRING (-3.530617 50.724766, -3.530523 50.724677, -3.530489 50.724649)"
306495559,10315489210,0,"LINESTRING (-3.530617 50.724766, -3.530708 50.724807, -3.530824 50.724904)"
306496327,306496592,0,"LINESTRING (-3.530042 50.725124, -3.530105 50.725084)"
306496327,9773096890,0,"LINESTRING (-3.530042 50.725124, -3.529978 50.725086, -3.529887 50.725057, -3.529792 50.725065, -3.529751 50.725097, -3.529753 50.725123, -3.529752 50.725139)"
306496327,6873148239,0,"LINESTRING (-3.530042 50.725124, -3.529994 50.725165, -3.529939 50.725217)"
306496592,306496327,0,"LINESTRING (-3.530105 50.725084, -3.530042 50.725124)"
306496592,62143009,0,"LINESTRING (-3.530105 50.725084, -3.530117 50.725079, -3.530173 50.725054, -3.530473 50.724899, -3.530631 50.724824, -3.53082 50.724965, -3.530841 50.724981, -3.530937 50.724966)"
306496592,959306935,0,"LINESTRING (-3.530105 50.725084, -3.530099 50.725078, -3.53007 50.72505, -3.530031 50.725013, -3.530024 50.725002, -3.530045 50.724991, -3.53006 50.724974)"
315875791,59996190,0,"LINESTRING (-3.528207 50.729008, -3.528124 50.728887, -3.527944 50.728559, -3.527914 50.728498)"
315875791,5332097150,0,"LINESTRING (-3.528207 50.729008, -3.528255 50.729067, -3.528348 50.72913, -3.528378 50.729149, -3.528426 50.729171, -3.528486 50.729189, -3.52854 50.729198)"
315875802,7644003297,0,"LINESTRING (-3.524893 50.72659, -3.524967 50.726648)"
315875802,34700215,0,"LINESTRING (-3.524893 50.72659, -3.524762 50.726675, -3.52463 50.726756, -3.524592 50.726782, -3.52454 50.726804, -3.524474 50.726802)"
315875802,1479619169,0,"LINESTRING (-3.524893 50.72659, -3.52523 50.726388, -3.525747 50.72604)"
318323627,2268591156,0,"LINESTRING (-3.52404 50.728315, -3.524003 50.728295)"
318323627,59996788,0,"LINESTRING (-3.52404 50.728315, -3.524433 50.728496)"
318323627,2713946643,0,"LINESTRING (-3.52404 50.728315, -3.523926 50.728439, -3.523802 50.728558, -3.52366 50.728724)"
324160573,34699806,0,"LINESTRING (-3.522911 50.726952, -3.522498 50.727237)"
324160573,324160576,0,"LINESTRING (-3.522911 50.726952, -3.523266 50.726745)"
324160573,10251460968,0,"LINESTRING (-3.522911 50.726952, -3.522971 50.726992, -3.523153 50.727107, -3.523335 50.727003)"
324160575,10251460968,0,"LINESTRING (-3.52351 50.726903, -3.523335 50.727003)"
324160575,324160576,0,"LINESTRING (-3.52351 50.726903, -3.5233 50.726766, -3.523266 50.726745)"
324160575,10251460971,0,"LINESTRING (-3.52351 50.726903, -3.523595 50.726934, -3.523683 50.726897)"
324160576,324160573,0,"LINESTRING (-3.523266 50.726745, -3.522911 50.726952)"
324160576,324160575,0,"LINESTRING (-3.523266 50.726745, -3.5233 50.726766, -3.52351 50.726903)"
324160576,8984079217,0,"LINESTRING (-3.523266 50.726745, -3.52345 50.726637, -3.523696 50.726478)"
332087879,34918243,0,"LINESTRING (-3.521872 50.724158, -3.52178 50.724137)"
332087879,34918242,0,"LINESTRING (-3.521872 50.724158, -3.522205 50.724228, -3.522251 50.724223)"
342384459,2020242352,0,"LINESTRING (-3.529655 50.725759, -3.529727 50.725745)"
342384459,2402763382,0,"LINESTRING (-3.529655 50.725759, -3.529689 50.725852, -3.529765 50.72594)"
342384459,41437044,0,"LINESTRING (-3.529655 50.725759, -3.529601 50.725689, -3.529518 50.725636)"
343132380,1630309399,0,"LINESTRING (-3.531555 50.726279, -3.53138 50.72617)"
343132380,34920974,0,"LINESTRING (-3.531555 50.726279, -3.531636 50.726225, -3.531722 50.726277)"
343132380,343132383,0,"LINESTRING (-3.531555 50.726279, -3.531481 50.726329, -3.531565 50.726379)"
343132383,959491870,0,"LINESTRING (-3.531565 50.726379, -3.531378 50.72652)"
343132383,343132380,0,"LINESTRING (-3.531565 50.726379, -3.531481 50.726329, -3.531555 50.726279)"
343132383,343132404,0,"LINESTRING (-3.531565 50.726379, -3.531647 50.726428, -3.531724 50.726376)"
343132404,294000690,0,"LINESTRING (-3.531724 50.726376, -3.531999 50.726547)"
343132404,343132383,0,"LINESTRING (-3.531724 50.726376, -3.531647 50.726428, -3.531565 50.726379)"
343132404,34920974,0,"LINESTRING (-3.531724 50.726376, -3.531801 50.726324, -3.531722 50.726277)"
343133257,34920978,0,"LINESTRING (-3.52879 50.726483, -3.528912 50.726581)"
343133257,10671289907,0,"LINESTRING (-3.52879 50.726483, -3.528807 50.726446, -3.528734 50.726428)"
343133257,10671289907,1,"LINESTRING (-3.52879 50.726483, -3.528729 50.726477, -3.528734 50.726428)"
343133257,10247208246,0,"LINESTRING (-3.52879 50.726483, -3.528864 50.726479, -3.528945 50.726459)"
343133257,59997016,0,"LINESTRING (-3.52879 50.726483, -3.528761 50.726508, -3.528737 50.726631, -3.528807 50.726761, -3.528902 50.726897, -3.528979 50.726977, -3.529108 50.727044, -3.529475 50.727213, -3.529729 50.727301, -3.529729 50.727336, -3.529942 50.72747, -3.530069 50.727514, -3.530186 50.72752, -3.53031 50.727488, -3.530704 50.727352, -3.530916 50.727271, -3.531187 50.727169, -3.531613 50.72701, -3.531617 50.727008)"
343133279,2402758005,0,"LINESTRING (-3.530128 50.726829, -3.529785 50.726854, -3.529698 50.726857, -3.529639 50.72686)"
343133279,2402750301,0,"LINESTRING (-3.530128 50.726829, -3.530302 50.72678, -3.53066 50.726648, -3.530712 50.726626)"
343133279,10671289905,0,"LINESTRING (-3.530128 50.726829, -3.530074 50.726816, -3.529918 50.726782, -3.529789 50.726757, -3.529717 50.726734, -3.529573 50.726633, -3.529532 50.726629, -3.529506 50.726623, -3.529494 50.726611, -3.529487 50.726598, -3.529491 50.72658, -3.529498 50.726567, -3.529384 50.726483, -3.529268 50.726394, -3.529119 50.726284, -3.529092 50.726278, -3.529084 50.72638, -3.529028 50.726395, -3.528985 50.726428)"
343133283,2402750321,0,"LINESTRING (-3.531018 50.726649, -3.531283 50.726563)"
343133283,10671289970,0,"LINESTRING (-3.531018 50.726649, -3.530674 50.726779, -3.530598 50.726809)"
343133283,2402750301,0,"LINESTRING (-3.531018 50.726649, -3.530769 50.726638, -3.530712 50.726626)"
355181645,2395302295,0,"LINESTRING (-3.524218 50.724572, -3.524171 50.724572, -3.524144 50.724574)"
355181645,2395302286,0,"LINESTRING (-3.524218 50.724572, -3.52418 50.724585, -3.524172 50.724612, -3.524198 50.724889)"
355181645,1513241731,0,"LINESTRING (-3.524218 50.724572, -3.524782 50.724576, -3.524785 50.724682, -3.524784 50.724692, -3.524784 50.724703, -3.524792 50.724963)"
359236561,1513241731,0,"LINESTRING (-3.524801 50.725044, -3.524792 50.724963)"
359236561,3329242116,0,"LINESTRING (-3.524801 50.725044, -3.524561 50.725069)"
359236561,6212410506,0,"LINESTRING (-3.524801 50.725044, -3.525002 50.725024, -3.525061 50.725018)"
359236562,6531967635,0,"LINESTRING (-3.524201 50.725106, -3.523912 50.725136)"
359236562,273442898,0,"LINESTRING (-3.524201 50.725106, -3.524185 50.725022)"
359236562,3329242116,0,"LINESTRING (-3.524201 50.725106, -3.524358 50.72509, -3.524561 50.725069)"
359237293,6210838921,0,"LINESTRING (-3.522463 50.725521, -3.522359 50.725588)"
359237293,5784302000,0,"LINESTRING (-3.522463 50.725521, -3.522368 50.725488, -3.522291 50.72544, -3.52226 50.725406)"
359237293,563661381,0,"LINESTRING (-3.522463 50.725521, -3.52257 50.725537, -3.522645 50.725535)"
359237348,376947108,0,"LINESTRING (-3.52302 50.724888, -3.523142 50.724753)"
359237348,5784256588,0,"LINESTRING (-3.52302 50.724888, -3.522828 50.724972, -3.522568 50.725038)"
359237348,5784256584,0,"LINESTRING (-3.52302 50.724888, -3.522953 50.724973, -3.522927 50.725026, -3.522921 50.725063, -3.522904 50.725126)"
365245885,5218608193,0,"LINESTRING (-3.5303 50.727593, -3.530449 50.727543, -3.530454 50.72755, -3.530592 50.727498, -3.530586 50.72749, -3.53073 50.727435, -3.530738 50.727443, -3.53089 50.727387)"
365245885,5218608190,0,"LINESTRING (-3.5303 50.727593, -3.530526 50.727806, -3.530676 50.727749, -3.53067 50.727739, -3.530797 50.727683, -3.53081 50.727691, -3.53095 50.727639, -3.530938 50.727627, -3.531071 50.727572, -3.531086 50.727581, -3.531229 50.727524, -3.531212 50.727511, -3.531307 50.727473)"
365245885,12241767039,0,"LINESTRING (-3.5303 50.727593, -3.530012 50.72756, -3.529972 50.727556, -3.529928 50.727552, -3.529784 50.72755)"
376042422,21761594,0,"LINESTRING (-3.527069 50.725513, -3.526957 50.725543)"
376042422,41437657,0,"LINESTRING (-3.527069 50.725513, -3.527454 50.725384)"
376042422,6212425622,0,"LINESTRING (-3.527069 50.725513, -3.527031 50.725484, -3.526951 50.725425, -3.52694 50.725416)"
376947108,292262198,0,"LINESTRING (-3.523142 50.724753, -3.523072 50.724728)"
376947108,5614580371,0,"LINESTRING (-3.523142 50.724753, -3.523202 50.724779)"
376947108,359237348,0,"LINESTRING (-3.523142 50.724753, -3.52302 50.724888)"
380467923,380467939,0,"LINESTRING (-3.526119 50.727177, -3.526192 50.727106)"
380467923,1479619165,0,"LINESTRING (-3.526119 50.727177, -3.525925 50.727436, -3.525792 50.727576)"
380467923,2268591192,0,"LINESTRING (-3.526119 50.727177, -3.52594 50.727115, -3.525872 50.727172, -3.525772 50.727308, -3.52571 50.727424, -3.525672 50.727543, -3.525566 50.7276, -3.52546 50.72765, -3.525315 50.727669, -3.525192 50.72766, -3.525066 50.72765, -3.524977 50.727638)"
380467929,380467940,0,"LINESTRING (-3.526703 50.726524, -3.526343 50.726954)"
380467929,292262646,0,"LINESTRING (-3.526703 50.726524, -3.526731 50.726559, -3.526782 50.7266, -3.526851 50.726627, -3.527128 50.726672)"
380467929,2906051681,0,"LINESTRING (-3.526703 50.726524, -3.526643 50.726478, -3.526585 50.726442)"
380467939,380467940,0,"LINESTRING (-3.526192 50.727106, -3.526343 50.726954)"
380467939,380467923,0,"LINESTRING (-3.526192 50.727106, -3.526119 50.727177)"
380467939,1787913803,0,"LINESTRING (-3.526192 50.727106, -3.526411 50.727174, -3.526605 50.72722)"
380467940,380467929,0,"LINESTRING (-3.526343 50.726954, -3.526703 50.726524)"
380467940,380467939,0,"LINESTRING (-3.526343 50.726954, -3.526192 50.727106)"
380467940,1479619192,0,"LINESTRING (-3.526343 50.726954, -3.526545 50.726978, -3.527021 50.727022)"
380467941,1787913803,0,"LINESTRING (-3.526383 50.727555, -3.526541 50.727324, -3.526605 50.72722)"
380467953,1786461615,0,"LINESTRING (-3.525674 50.72237, -3.525801 50.7224, -3.525921 50.722436, -3.525985 50.722476, -3.526 50.722499, -3.52601 50.722527, -3.526051 50.722564, -3.526155 50.722603, -3.526347 50.722639, -3.526358 50.722642, -3.526422 50.722654)"
380467953,10884336972,0,"LINESTRING (-3.525674 50.72237, -3.525647 50.722384, -3.525607 50.722462)"
385140592,276915061,0,"LINESTRING (-3.528694 50.72331, -3.528913 50.723434)"
385140592,2912651587,0,"LINESTRING (-3.528694 50.72331, -3.528563 50.723241)"
385140592,10159677944,0,"LINESTRING (-3.528694 50.72331, -3.528654 50.723337, -3.528588 50.723384, -3.528488 50.723454, -3.528265 50.723621)"
445773003,106201157,0,"LINESTRING (-3.526237 50.723461, -3.526296 50.723125)"
445773003,59817617,0,"LINESTRING (-3.526237 50.723461, -3.526216 50.723599)"
445773003,36671794,0,"LINESTRING (-3.526237 50.723461, -3.525814 50.723441, -3.525713 50.723475, -3.525536 50.723695, -3.525495 50.723732)"
494926562,59817392,0,"LINESTRING (-3.52656 50.728102, -3.526855 50.727577)"
494926562,59996735,0,"LINESTRING (-3.52656 50.728102, -3.526426 50.728419)"
494926562,10592409018,0,"LINESTRING (-3.52656 50.728102, -3.526061 50.727962, -3.525904 50.727839, -3.526 50.727789, -3.525894 50.727697)"
494934617,2906051681,0,"LINESTRING (-3.526358 50.726401, -3.52645 50.72641, -3.526532 50.726419, -3.526585 50.726442)"
494934617,2906051679,0,"LINESTRING (-3.526358 50.726401, -3.526269 50.726403, -3.526144 50.726421, -3.526076 50.726441)"
494934617,5218704444,0,"LINESTRING (-3.526358 50.726401, -3.526405 50.726418, -3.526497 50.726443, -3.526519 50.726475, -3.526411 50.726557, -3.526376 50.726588)"
496075756,10075493350,0,"LINESTRING (-3.532227 50.723752, -3.532174 50.723754)"
496075756,10693280287,0,"LINESTRING (-3.532227 50.723752, -3.532294 50.723713)"
496075756,10693280269,0,"LINESTRING (-3.532227 50.723752, -3.532248 50.723767, -3.532428 50.723897, -3.532443 50.723906)"
497693629,21761594,0,"LINESTRING (-3.526846 50.725451, -3.526957 50.725543)"
497693629,21761641,0,"LINESTRING (-3.526846 50.725451, -3.526808 50.725415, -3.526606 50.72523, -3.52634 50.725099)"
497693629,6212425622,0,"LINESTRING (-3.526846 50.725451, -3.526901 50.72543, -3.52694 50.725416)"
497693629,6212403298,0,"LINESTRING (-3.526846 50.725451, -3.526796 50.725474, -3.526752 50.725494)"
497693979,9721565956,0,"LINESTRING (-3.522983 50.725976, -3.522918 50.726031)"
497693979,9604174477,0,"LINESTRING (-3.522983 50.725976, -3.522957 50.72596, -3.522926 50.725932, -3.522915 50.725915, -3.522901 50.725894)"
497693979,8984062210,0,"LINESTRING (-3.522983 50.725976, -3.523071 50.726023, -3.523096 50.726034)"
497694168,34699806,0,"LINESTRING (-3.522778 50.727437, -3.522498 50.727237)"
497694168,1479577715,0,"LINESTRING (-3.522778 50.727437, -3.522429 50.727627, -3.522203 50.727761)"
497694168,1875951317,0,"LINESTRING (-3.522778 50.727437, -3.522842 50.727478, -3.523019 50.727596)"
563661380,6210838910,0,"LINESTRING (-3.522892 50.725461, -3.522837 50.72558)"
563661380,563661381,0,"LINESTRING (-3.522892 50.725461, -3.522794 50.725508, -3.522645 50.725535)"
563661380,21761614,0,"LINESTRING (-3.522892 50.725461, -3.522952 50.72541, -3.52299 50.725351, -3.523002 50.72532)"
563661381,6210838909,0,"LINESTRING (-3.522645 50.725535, -3.522733 50.725591)"
563661381,359237293,0,"LINESTRING (-3.522645 50.725535, -3.52257 50.725537, -3.522463 50.725521)"
563661381,563661380,0,"LINESTRING (-3.522645 50.725535, -3.522794 50.725508, -3.522892 50.725461)"
628029353,34699810,0,"LINESTRING (-3.523708 50.72635, -3.523808 50.72641)"
628029353,8984079223,0,"LINESTRING (-3.523708 50.72635, -3.523732 50.726293)"
628029353,8984062207,0,"LINESTRING (-3.523708 50.72635, -3.5236 50.726289, -3.523462 50.726218, -3.523157 50.726061)"
653302368,293999787,0,"LINESTRING (-3.530509 50.728055, -3.530458 50.728101, -3.530383 50.728166)"
653302368,5782098934,0,"LINESTRING (-3.530509 50.728055, -3.530543 50.728019, -3.53056 50.72798)"
659867225,62147663,0,"LINESTRING (-3.527256 50.724179, -3.527265 50.724151)"
659867225,1786461577,0,"LINESTRING (-3.527256 50.724179, -3.527022 50.724143)"
659867225,2790168750,0,"LINESTRING (-3.527256 50.724179, -3.527212 50.724208, -3.527198 50.724257)"
743366623,36671794,0,"LINESTRING (-3.524979 50.723848, -3.525245 50.723823, -3.525495 50.723732)"
748214214,986600684,0,"LINESTRING (-3.523904 50.724012, -3.523954 50.724026, -3.524005 50.72404)"
760487643,59817390,0,"LINESTRING (-3.527266 50.727738, -3.527367 50.727724, -3.527454 50.727726)"
760487643,59996364,0,"LINESTRING (-3.527266 50.727738, -3.52722 50.727924, -3.527163 50.728111, -3.52716 50.728138, -3.527158 50.728162, -3.52717 50.728178, -3.527187 50.728192, -3.5276 50.728304, -3.527788 50.728277)"
760487643,59817392,0,"LINESTRING (-3.527266 50.727738, -3.527162 50.727702, -3.526855 50.727577)"
760697797,174022414,0,"LINESTRING (-3.521986 50.725862, -3.522215 50.725648)"
760697797,760697815,0,"LINESTRING (-3.521986 50.725862, -3.521821 50.725988)"
760697797,760697815,1,"LINESTRING (-3.521986 50.725862, -3.521902 50.725849, -3.521836 50.72587, -3.521767 50.725918, -3.521769 50.725958, -3.521821 50.725988)"
760697815,293210688,0,"LINESTRING (-3.521821 50.725988, -3.52175 50.726045)"
760697815,760697797,0,"LINESTRING (-3.521821 50.725988, -3.521986 50.725862)"
760697815,760697797,1,"LINESTRING (-3.521821 50.725988, -3.521769 50.725958, -3.521767 50.725918, -3.521836 50.72587, -3.521902 50.725849, -3.521986 50.725862)"
762653553,762653565,0,"LINESTRING (-3.527914 50.726707, -3.528088 50.726612)"
762653565,762653553,0,"LINESTRING (-3.528088 50.726612, -3.527914 50.726707)"
762653565,36670781,0,"LINESTRING (-3.528088 50.726612, -3.527945 50.726498, -3.527846 50.726396, -3.527595 50.726166, -3.527508 50.726028)"
762653565,34919266,0,"LINESTRING (-3.528088 50.726612, -3.528237 50.72672, -3.528313 50.726774, -3.528365 50.726805, -3.528422 50.726835, -3.528678 50.726958, -3.528938 50.72708, -3.529125 50.727158, -3.529219 50.727197)"
795238613,59996025,0,"LINESTRING (-3.527642 50.727285, -3.527361 50.727218)"
795238613,795238614,0,"LINESTRING (-3.527642 50.727285, -3.527714 50.727095)"
795238613,2273119522,0,"LINESTRING (-3.527642 50.727285, -3.527809 50.727308, -3.52809 50.727336)"
795238614,795238613,0,"LINESTRING (-3.527714 50.727095, -3.527642 50.727285)"
838035987,34918242,0,"LINESTRING (-3.522715 50.724304, -3.522251 50.724223)"
838035987,34917754,0,"LINESTRING (-3.522715 50.724304, -3.52292 50.724326, -3.523139 50.724373)"
959306928,41436223,0,"LINESTRING (-3.528926 50.725151, -3.528929 50.725169, -3.528933 50.725224)"
959306928,2020242415,0,"LINESTRING (-3.528926 50.725151, -3.528928 50.725096, -3.528988 50.725065, -3.529417 50.724879, -3.529784 50.724706, -3.529926 50.724815, -3.529977 50.724874)"
959306928,41438063,0,"LINESTRING (-3.528926 50.725151, -3.528865 50.725145, -3.52881 50.725101, -3.528572 50.724892, -3.528549 50.724872)"
959306935,2020242415,0,"LINESTRING (-3.53006 50.724974, -3.529977 50.724874)"
959306935,306495559,0,"LINESTRING (-3.53006 50.724974, -3.53011 50.724997, -3.530453 50.724848, -3.530617 50.724766)"
959306935,306496592,0,"LINESTRING (-3.53006 50.724974, -3.530045 50.724991, -3.530024 50.725002, -3.530031 50.725013, -3.53007 50.72505, -3.530099 50.725078, -3.530105 50.725084)"
959491870,2402750321,0,"LINESTRING (-3.531378 50.72652, -3.531283 50.726563)"
959491870,343132383,0,"LINESTRING (-3.531378 50.72652, -3.531565 50.726379)"
959491870,959491874,0,"LINESTRING (-3.531378 50.72652, -3.531471 50.726561, -3.531605 50.726597, -3.531715 50.726631)"
959491872,34920974,0,"LINESTRING (-3.531887 50.726169, -3.531722 50.726277)"
959491872,294000690,0,"LINESTRING (-3.531887 50.726169, -3.532011 50.726316, -3.532039 50.726369, -3.53203 50.726414, -3.532016 50.726464, -3.531999 50.726547)"
959491874,1677444731,0,"LINESTRING (-3.531715 50.726631, -3.531815 50.726597)"
959491874,959491870,0,"LINESTRING (-3.531715 50.726631, -3.531605 50.726597, -3.531471 50.726561, -3.531378 50.72652)"
959491874,10671289968,0,"LINESTRING (-3.531715 50.726631, -3.531589 50.726698, -3.531522 50.726712, -3.531365 50.726766, -3.531222 50.726803, -3.531046 50.726848, -3.530849 50.726891, -3.530772 50.726911, -3.530688 50.726928)"
986600678,2395302250,0,"LINESTRING (-3.52393 50.724197, -3.523956 50.724213)"
986600678,9773108254,0,"LINESTRING (-3.52393 50.724197, -3.523894 50.724192, -3.523852 50.724197, -3.523824 50.724206, -3.523789 50.72423, -3.523772 50.724253, -3.52377 50.724295, -3.523766 50.724352, -3.523762 50.724501, -3.52379 50.72475, -3.523801 50.724884, -3.524002 50.724883, -3.523982 50.724527, -3.52398 50.724357, -3.52398 50.724339)"
986600678,986600684,0,"LINESTRING (-3.52393 50.724197, -3.523942 50.724179, -3.524005 50.72404)"
986600684,36671018,0,"LINESTRING (-3.524005 50.72404, -3.524091 50.724048, -3.524716 50.724147, -3.524812 50.724161)"
986600684,748214214,0,"LINESTRING (-3.524005 50.72404, -3.523954 50.724026, -3.523904 50.724012)"
986600684,986600678,0,"LINESTRING (-3.524005 50.72404, -3.523942 50.724179, -3.52393 50.724197)"
1070821560,6210838910,0,"LINESTRING (-3.522821 50.72574, -3.522832 50.725623, -3.522837 50.72558)"
1070821560,6210838909,0,"LINESTRING (-3.522821 50.72574, -3.522752 50.725609, -3.522733 50.725591)"
1070821560,9604174477,0,"LINESTRING (-3.522821 50.72574, -3.522884 50.725871, -3.522901 50.725894)"
1479577715,497694168,0,"LINESTRING (-3.522203 50.727761, -3.522429 50.727627, -3.522778 50.727437)"
1479577715,10226133767,0,"LINESTRING (-3.522203 50.727761, -3.522351 50.727861, -3.52239 50.727884, -3.522455 50.727927, -3.522474 50.72794)"
1479577755,1875951315,0,"LINESTRING (-3.522612 50.72796, -3.522995 50.727746)"
1479577755,7644003308,0,"LINESTRING (-3.522612 50.72796, -3.522534 50.727908)"
1479577755,288334082,0,"LINESTRING (-3.522612 50.72796, -3.522396 50.728081, -3.521801 50.728414)"
1479619163,1479619169,0,"LINESTRING (-3.526238 50.726502, -3.526182 50.726329, -3.526122 50.726278, -3.525836 50.726096, -3.525747 50.72604)"
1479619165,380467923,0,"LINESTRING (-3.525792 50.727576, -3.525925 50.727436, -3.526119 50.727177)"
1479619169,315875802,0,"LINESTRING (-3.525747 50.72604, -3.52523 50.726388, -3.524893 50.72659)"
1479619169,299022771,0,"LINESTRING (-3.525747 50.72604, -3.525881 50.725947, -3.526036 50.725858, -3.526226 50.725765)"
1479619169,1479619163,0,"LINESTRING (-3.525747 50.72604, -3.525836 50.726096, -3.526122 50.726278, -3.526182 50.726329, -3.526238 50.726502)"
1479619192,41438275,0,"LINESTRING (-3.527021 50.727022, -3.527005 50.727087)"
1479619192,380467940,0,"LINESTRING (-3.527021 50.727022, -3.526545 50.726978, -3.526343 50.726954)"
1479619192,292262646,0,"LINESTRING (-3.527021 50.727022, -3.5271 50.726767, -3.527128 50.726672)"
1479619195,59817555,0,"LINESTRING (-3.525611 50.724457, -3.526086 50.724511)"
1479619195,9773108232,0,"LINESTRING (-3.525611 50.724457, -3.52555 50.724452, -3.525459 50.724456)"
1479619195,36670915,0,"LINESTRING (-3.525611 50.724457, -3.525556 50.724571, -3.525524 50.724613, -3.525506 50.724653, -3.525502 50.724689)"
1479619195,36670916,0,"LINESTRING (-3.525611 50.724457, -3.525623 50.72441, -3.525645 50.724366, -3.525682 50.724295)"
1513241731,359236561,0,"LINESTRING (-3.524792 50.724963, -3.524801 50.725044)"
1513241731,6212410507,0,"LINESTRING (-3.524792 50.724963, -3.525041 50.724927)"
1513241731,13347074295,0,"LINESTRING (-3.524792 50.724963, -3.524542 50.724987)"
1513241731,355181645,0,"LINESTRING (-3.524792 50.724963, -3.524784 50.724703, -3.524784 50.724692, -3.524785 50.724682, -3.524782 50.724576, -3.524218 50.724572)"
1513241812,34917754,0,"LINESTRING (-3.523114 50.72443, -3.523139 50.724373)"
1513241812,1513242045,0,"LINESTRING (-3.523114 50.72443, -3.523108 50.724452)"
1513241812,292262198,0,"LINESTRING (-3.523114 50.72443, -3.523159 50.724471, -3.523138 50.724524, -3.52303 50.724689, -3.523047 50.724695, -3.523072 50.724728)"
1513242045,1513241812,0,"LINESTRING (-3.523108 50.724452, -3.523114 50.72443)"
1630309392,2020242557,0,"LINESTRING (-3.530959 50.726286, -3.530996 50.726298, -3.53103 50.726305, -3.531039 50.726331)"
1630309392,62141049,0,"LINESTRING (-3.530959 50.726286, -3.530958 50.72627, -3.530786 50.726059, -3.530775 50.726025)"
1630309392,2020242565,0,"LINESTRING (-3.530959 50.726286, -3.530935 50.726277, -3.530859 50.726217, -3.530683 50.726075, -3.530554 50.725987, -3.530439 50.72592, -3.530304 50.725865, -3.530177 50.725833, -3.530116 50.725826, -3.530047 50.725835, -3.529942 50.725859, -3.529901 50.72587)"
1630309399,343132380,0,"LINESTRING (-3.53138 50.72617, -3.531555 50.726279)"
1630309399,75258004,0,"LINESTRING (-3.53138 50.72617, -3.531363 50.726162, -3.531349 50.726155, -3.531341 50.72615, -3.531329 50.726142)"
1677444665,2081303099,0,"LINESTRING (-3.528699 50.727685, -3.528951 50.727677)"
1677444665,2081303111,0,"LINESTRING (-3.528699 50.727685, -3.528467 50.727693)"
1677444665,2081303109,0,"LINESTRING (-3.528699 50.727685, -3.529049 50.728041)"
1677444718,1677444743,0,"LINESTRING (-3.529817 50.726909, -3.529807 50.726951)"
1677444718,2402758005,0,"LINESTRING (-3.529817 50.726909, -3.529692 50.726886, -3.529639 50.72686)"
1677444718,10671289970,0,"LINESTRING (-3.529817 50.726909, -3.529879 50.726923, -3.529954 50.726928, -3.53006 50.72693, -3.530221 50.726901, -3.530357 50.726867, -3.530516 50.726834, -3.530598 50.726809)"
1677444722,1677444796,0,"LINESTRING (-3.529788 50.72708, -3.529788 50.727039)"
1677444722,34920978,0,"LINESTRING (-3.529788 50.72708, -3.529686 50.727086, -3.529583 50.727073, -3.529395 50.727021, -3.529179 50.726927, -3.529069 50.726856, -3.52894 50.72666, -3.528912 50.726581)"
1677444722,10671289968,0,"LINESTRING (-3.529788 50.72708, -3.529921 50.727073, -3.530182 50.727042, -3.530403 50.727004, -3.53062 50.726953, -3.530688 50.726928)"
1677444731,959491874,0,"LINESTRING (-3.531815 50.726597, -3.531715 50.726631)"
1677444731,294000690,0,"LINESTRING (-3.531815 50.726597, -3.531999 50.726547)"
1677444743,1677444718,0,"LINESTRING (-3.529807 50.726951, -3.529817 50.726909)"
1677444743,1677444796,0,"LINESTRING (-3.529807 50.726951, -3.529842 50.726981, -3.529837 50.727018, -3.529788 50.727039)"
1677444743,1677444796,1,"LINESTRING (-3.529807 50.726951, -3.529767 50.726962, -3.529741 50.726984, -3.529743 50.727021, -3.529788 50.727039)"
1677444796,1677444722,0,"LINESTRING (-3.529788 50.727039, -3.529788 50.72708)"
1677444796,1677444743,0,"LINESTRING (-3.529788 50.727039, -3.529837 50.727018, -3.529842 50.726981, -3.529807 50.726951)"
1677444796,1677444743,1,"LINESTRING (-3.529788 50.727039, -3.529743 50.727021, -3.529741 50.726984, -3.529767 50.726962, -3.529807 50.726951)"
1786461577,1786461750,0,"LINESTRING (-3.527022 50.724143, -3.526942 50.724132)"
1786461577,659867225,0,"LINESTRING (-3.527022 50.724143, -3.527256 50.724179)"
1786461577,1786461652,0,"LINESTRING (-3.527022 50.724143, -3.527023 50.724058, -3.526979 50.724038, -3.527073 50.723698, -3.527084 50.723671)"
1786461615,106201157,0,"LINESTRING (-3.526422 50.722654, -3.52637 50.722776, -3.526327 50.722929, -3.526304 50.723083, -3.526296 50.723125)"
1786461615,40929978,0,"LINESTRING (-3.526422 50.722654, -3.526504 50.722508, -3.526718 50.722209)"
1786461615,380467953,0,"LINESTRING (-3.526422 50.722654, -3.526358 50.722642, -3.526347 50.722639, -3.526155 50.722603, -3.526051 50.722564, -3.52601 50.722527, -3.526 50.722499, -3.525985 50.722476, -3.525921 50.722436, -3.525801 50.7224, -3.525674 50.72237)"
1786461633,299022718,0,"LINESTRING (-3.527192 50.723246, -3.527407 50.723271)"
1786461633,5679453049,0,"LINESTRING (-3.527192 50.723246, -3.526957 50.723217, -3.526839 50.723204)"
1786461633,1786461652,0,"LINESTRING (-3.527192 50.723246, -3.527175 50.723316, -3.52711 50.723529, -3.527084 50.723671)"
1786461652,59817539,0,"LINESTRING (-3.527084 50.723671, -3.527337 50.723679)"
1786461652,248779246,0,"LINESTRING (-3.527084 50.723671, -3.52702 50.723665, -3.526763 50.723644, -3.526651 50.723633)"
1786461652,1786461577,0,"LINESTRING (-3.527084 50.723671, -3.527073 50.723698, -3.526979 50.724038, -3.527023 50.724058, -3.527022 50.724143)"
1786461652,1786461633,0,"LINESTRING (-3.527084 50.723671, -3.52711 50.723529, -3.527175 50.723316, -3.527192 50.723246)"
1786461667,59817555,0,"LINESTRING (-3.526706 50.724668, -3.526659 50.724635, -3.52664 50.724613, -3.526526 50.724598, -3.526437 50.724581, -3.526201 50.724523, -3.526086 50.724511)"
1786461667,5094813864,0,"LINESTRING (-3.526706 50.724668, -3.526726 50.72467, -3.526756 50.724674, -3.526762 50.724676, -3.5268 50.724686, -3.526814 50.724708, -3.526848 50.724721, -3.526888 50.724732, -3.526933 50.724736)"
1786461667,1786504462,0,"LINESTRING (-3.526706 50.724668, -3.526667 50.724681, -3.526454 50.72469, -3.526458 50.724717)"
1786461679,273442897,0,"LINESTRING (-3.523556 50.724902, -3.523567 50.724966, -3.523598 50.725008, -3.523615 50.725093)"
1786461708,6531967635,0,"LINESTRING (-3.52363 50.725167, -3.523912 50.725136)"
1786461708,273442897,0,"LINESTRING (-3.52363 50.725167, -3.523615 50.725093)"
1786461708,21761636,0,"LINESTRING (-3.52363 50.725167, -3.523562 50.725175, -3.523353 50.725198)"
1786461750,1786461577,0,"LINESTRING (-3.526942 50.724132, -3.527022 50.724143)"
1786461750,2790168752,0,"LINESTRING (-3.526942 50.724132, -3.526938 50.724271)"
1786461750,248779248,0,"LINESTRING (-3.526942 50.724132, -3.526932 50.724109, -3.526841 50.724107, -3.526678 50.724114, -3.52662 50.724116)"
1786461764,36671794,0,"LINESTRING (-3.52567 50.72386, -3.525616 50.72385, -3.525536 50.72382, -3.525495 50.723732)"
1786504462,1786461667,0,"LINESTRING (-3.526458 50.724717, -3.526454 50.72469, -3.526667 50.724681, -3.526706 50.724668)"
1787913803,59996816,0,"LINESTRING (-3.526605 50.72722, -3.526946 50.727273)"
1787913803,380467939,0,"LINESTRING (-3.526605 50.72722, -3.526411 50.727174, -3.526192 50.727106)"
1787913803,380467941,0,"LINESTRING (-3.526605 50.72722, -3.526541 50.727324, -3.526383 50.727555)"
1875951314,21761693,0,"LINESTRING (-3.523255 50.727747, -3.523108 50.727661)"
1875951314,36670551,0,"LINESTRING (-3.523255 50.727747, -3.523462 50.727951)"
1875951314,7644003309,0,"LINESTRING (-3.523255 50.727747, -3.523133 50.727798)"
1875951314,8196788438,0,"LINESTRING (-3.523255 50.727747, -3.523318 50.727718, -3.52334 50.727679, -3.523371 50.727644)"
1875951315,21761693,0,"LINESTRING (-3.522995 50.727746, -3.523108 50.727661)"
1875951315,1479577755,0,"LINESTRING (-3.522995 50.727746, -3.522612 50.72796)"
1875951315,10176063876,0,"LINESTRING (-3.522995 50.727746, -3.523066 50.727796)"
1875951315,7644003310,0,"LINESTRING (-3.522995 50.727746, -3.52292 50.727693)"
1875951316,21761693,0,"LINESTRING (-3.523282 50.727584, -3.523108 50.727661)"
1875951316,7644003313,0,"LINESTRING (-3.523282 50.727584, -3.523196 50.727526)"
1875951316,8196788438,0,"LINESTRING (-3.523282 50.727584, -3.523371 50.727644)"
1875951316,34700215,0,"LINESTRING (-3.523282 50.727584, -3.523376 50.727532, -3.523775 50.727276, -3.524166 50.727021, -3.524322 50.726923, -3.524434 50.726855, -3.524474 50.726802)"
1875951317,21761693,0,"LINESTRING (-3.523019 50.727596, -3.523108 50.727661)"
1875951317,497694168,0,"LINESTRING (-3.523019 50.727596, -3.522842 50.727478, -3.522778 50.727437)"
1875951317,7644003310,0,"LINESTRING (-3.523019 50.727596, -3.522956 50.727636, -3.522961 50.727643, -3.522964 50.727651, -3.522965 50.727659, -3.522962 50.727666, -3.52292 50.727693)"
1875951317,7644003313,0,"LINESTRING (-3.523019 50.727596, -3.523115 50.72754, -3.523156 50.727536, -3.523196 50.727526)"
1996169401,10159677946,0,"LINESTRING (-3.528804 50.723601, -3.528871 50.72355)"
1996169401,2402766418,0,"LINESTRING (-3.528804 50.723601, -3.528881 50.723638, -3.529012 50.723698, -3.529078 50.723735, -3.529103 50.723749, -3.529145 50.723774)"
1996169401,5218741405,0,"LINESTRING (-3.528804 50.723601, -3.52878 50.723619, -3.528561 50.723785)"
1996169476,9410998071,0,"LINESTRING (-3.530186 50.723183, -3.530181 50.723216)"
1996169476,106201159,0,"LINESTRING (-3.530186 50.723183, -3.530164 50.723146, -3.530164 50.722852)"
1996169476,106201148,0,"LINESTRING (-3.530186 50.723183, -3.530237 50.723152, -3.530334 50.723058, -3.530478 50.722889)"
1996169484,59741717,0,"LINESTRING (-3.529083 50.722785, -3.529045 50.722789, -3.529009 50.722818)"
1996169484,106201159,0,"LINESTRING (-3.529083 50.722785, -3.52921 50.722771, -3.529379 50.722766, -3.52954 50.722775, -3.530164 50.722852)"
1996169484,9410998075,0,"LINESTRING (-3.529083 50.722785, -3.529389 50.722941, -3.529808 50.723135)"
1996169484,10081847575,0,"LINESTRING (-3.529083 50.722785, -3.529056 50.722774, -3.529024 50.72274, -3.529013 50.7227, -3.529021 50.722664, -3.52903 50.722628, -3.529059 50.722601, -3.529082 50.722594, -3.529433 50.722622, -3.529423 50.72267, -3.52958 50.722682, -3.529593 50.722636, -3.529719 50.722646, -3.529708 50.722695, -3.529754 50.722699, -3.52975 50.722722, -3.529969 50.722739, -3.529983 50.722682, -3.530166 50.722696, -3.53063 50.722724)"
2020242304,2420694447,0,"LINESTRING (-3.53133 50.725926, -3.531531 50.72578)"
2020242304,62141055,0,"LINESTRING (-3.53133 50.725926, -3.531383 50.726028)"
2020242304,2420694434,0,"LINESTRING (-3.53133 50.725926, -3.531378 50.725938, -3.531462 50.72591, -3.531512 50.725878, -3.531593 50.725864)"
2020242304,2020242688,0,"LINESTRING (-3.53133 50.725926, -3.531221 50.725838, -3.531184 50.725798, -3.531173 50.725764, -3.531178 50.725718, -3.53118 50.725676, -3.531183 50.725624)"
2020242326,2420694447,0,"LINESTRING (-3.531897 50.72552, -3.531789 50.725585, -3.53174 50.725624, -3.531531 50.72578)"
2020242326,2020242586,0,"LINESTRING (-3.531897 50.72552, -3.53194 50.72549, -3.531909 50.725471, -3.531803 50.72541, -3.531748 50.725371)"
2020242326,9410976548,0,"LINESTRING (-3.531897 50.72552, -3.531853 50.725493, -3.531749 50.725565, -3.531714 50.725546, -3.531818 50.725472, -3.531694 50.725406)"
2020242352,342384459,0,"LINESTRING (-3.529727 50.725745, -3.529655 50.725759)"
2020242352,62141049,0,"LINESTRING (-3.529727 50.725745, -3.529766 50.725805, -3.529819 50.725795, -3.529924 50.725762, -3.529986 50.725735, -3.530026 50.725724, -3.530104 50.725712, -3.530179 50.725708, -3.530242 50.725718, -3.530299 50.725735, -3.530415 50.725786, -3.530484 50.725819, -3.530552 50.725863, -3.530714 50.725981, -3.530775 50.726025)"
2020242352,62141060,0,"LINESTRING (-3.529727 50.725745, -3.529966 50.72569, -3.530042 50.725653, -3.530068 50.725625, -3.53011 50.725532, -3.530142 50.725483, -3.530189 50.725435, -3.530266 50.725377, -3.530329 50.725351, -3.530421 50.725336, -3.530555 50.725317, -3.530726 50.725333, -3.530776 50.725345, -3.530848 50.725373)"
2020242412,2402750297,0,"LINESTRING (-3.531008 50.72637, -3.530943 50.726412, -3.530876 50.72645, -3.530824 50.726487, -3.530774 50.726518, -3.530753 50.726534)"
2020242415,959306935,0,"LINESTRING (-3.529977 50.724874, -3.53006 50.724974)"
2020242415,62142185,0,"LINESTRING (-3.529977 50.724874, -3.530013 50.724856, -3.530079 50.724821, -3.530489 50.724649)"
2020242415,959306928,0,"LINESTRING (-3.529977 50.724874, -3.529926 50.724815, -3.529784 50.724706, -3.529417 50.724879, -3.528988 50.725065, -3.528928 50.725096, -3.528926 50.725151)"
2020242481,40929610,0,"LINESTRING (-3.530727 50.723774, -3.530701 50.723753, -3.530644 50.723713, -3.530595 50.72368, -3.530314 50.723514, -3.530165 50.723424, -3.530106 50.723405)"
2020242481,30792310,0,"LINESTRING (-3.530727 50.723774, -3.530759 50.72376, -3.530798 50.72374)"
2020242481,54212504,0,"LINESTRING (-3.530727 50.723774, -3.530636 50.723811, -3.530325 50.723974)"
2020242485,13541593265,0,"LINESTRING (-3.531556 50.725495, -3.531575 50.725483)"
2020242557,1630309392,0,"LINESTRING (-3.531039 50.726331, -3.53103 50.726305, -3.530996 50.726298, -3.530959 50.726286)"
2020242565,1630309392,0,"LINESTRING (-3.529901 50.72587, -3.529942 50.725859, -3.530047 50.725835, -3.530116 50.725826, -3.530177 50.725833, -3.530304 50.725865, -3.530439 50.72592, -3.530554 50.725987, -3.530683 50.726075, -3.530859 50.726217, -3.530935 50.726277, -3.530959 50.726286)"
2020242586,13541593257,0,"LINESTRING (-3.531748 50.725371, -3.531655 50.725306)"
2020242586,9410976548,0,"LINESTRING (-3.531748 50.725371, -3.531694 50.725406)"
2020242586,2020242326,0,"LINESTRING (-3.531748 50.725371, -3.531803 50.72541, -3.531909 50.725471, -3.53194 50.72549, -3.531897 50.72552)"
2020242688,62141060,0,"LINESTRING (-3.531183 50.725624, -3.530848 50.725373)"
2020242688,2420694447,0,"LINESTRING (-3.531183 50.725624, -3.531245 50.72562, -3.531323 50.725649, -3.531424 50.725702, -3.531504 50.725756, -3.531531 50.72578)"
2020242688,2020242304,0,"LINESTRING (-3.531183 50.725624, -3.53118 50.725676, -3.531178 50.725718, -3.531173 50.725764, -3.531184 50.725798, -3.531221 50.725838, -3.53133 50.725926)"
2081303098,2081303113,0,"LINESTRING (-3.52838 50.728315, -3.528524 50.728256)"
2081303098,2081303100,0,"LINESTRING (-3.52838 50.728315, -3.528214 50.728069, -3.528202 50.727948)"
2081303098,2081303107,0,"LINESTRING (-3.52838 50.728315, -3.528182 50.728398, -3.528018 50.728103)"
2081303099,1677444665,0,"LINESTRING (-3.528951 50.727677, -3.528699 50.727685)"
2081303099,2081303103,0,"LINESTRING (-3.528951 50.727677, -3.529228 50.727967)"
2081303099,2081303103,1,"LINESTRING (-3.528951 50.727677, -3.52922 50.727668, -3.529416 50.72789, -3.529228 50.727967)"
2081303100,2081303102,0,"LINESTRING (-3.528202 50.727948, -3.528004 50.727709)"
2081303100,2081303098,0,"LINESTRING (-3.528202 50.727948, -3.528214 50.728069, -3.52838 50.728315)"
2081303100,2081303113,0,"LINESTRING (-3.528202 50.727948, -3.528288 50.727998, -3.528524 50.728256)"
2081303102,2081303108,0,"LINESTRING (-3.528004 50.727709, -3.528211 50.727702)"
2081303102,2081303100,0,"LINESTRING (-3.528004 50.727709, -3.528202 50.727948)"
2081303102,59996411,0,"LINESTRING (-3.528004 50.727709, -3.527892 50.727712, -3.527502 50.72774)"
2081303103,2081303109,0,"LINESTRING (-3.529228 50.727967, -3.529049 50.728041)"
2081303103,2081303099,0,"LINESTRING (-3.529228 50.727967, -3.528951 50.727677)"
2081303103,2081303099,1,"LINESTRING (-3.529228 50.727967, -3.529416 50.72789, -3.52922 50.727668, -3.528951 50.727677)"
2081303105,2081303112,0,"LINESTRING (-3.528877 50.728111, -3.528701 50.728183)"
2081303105,2081303109,0,"LINESTRING (-3.528877 50.728111, -3.529049 50.728041)"
2081303105,2081303111,0,"LINESTRING (-3.528877 50.728111, -3.528467 50.727693)"
2081303107,2081303098,0,"LINESTRING (-3.528018 50.728103, -3.528182 50.728398, -3.52838 50.728315)"
2081303108,2081303111,0,"LINESTRING (-3.528211 50.727702, -3.528467 50.727693)"
2081303108,2081303102,0,"LINESTRING (-3.528211 50.727702, -3.528004 50.727709)"
2081303108,2081303112,0,"LINESTRING (-3.528211 50.727702, -3.528701 50.728183)"
2081303109,2081303105,0,"LINESTRING (-3.529049 50.728041, -3.528877 50.728111)"
2081303109,2081303103,0,"LINESTRING (-3.529049 50.728041, -3.529228 50.727967)"
2081303109,1677444665,0,"LINESTRING (-3.529049 50.728041, -3.528699 50.727685)"
2081303111,1677444665,0,"LINESTRING (-3.528467 50.727693, -3.528699 50.727685)"
2081303111,2081303108,0,"LINESTRING (-3.528467 50.727693, -3.528211 50.727702)"
2081303111,2081303105,0,"LINESTRING (-3.528467 50.727693, -3.528877 50.728111)"
2081303112,2081303113,0,"LINESTRING (-3.528701 50.728183, -3.528524 50.728256)"
2081303112,2081303105,0,"LINESTRING (-3.528701 50.728183, -3.528877 50.728111)"
2081303112,2081303108,0,"LINESTRING (-3.528701 50.728183, -3.528211 50.727702)"
2081303113,2081303098,0,"LINESTRING (-3.528524 50.728256, -3.52838 50.728315)"
2081303113,2081303112,0,"LINESTRING (-3.528524 50.728256, -3.528701 50.728183)"
2081303113,2081303100,0,"LINESTRING (-3.528524 50.728256, -3.528288 50.727998, -3.528202 50.727948)"
2081310736,2081310743,0,"LINESTRING (-3.525549 50.725424, -3.525401 50.725541, -3.525278 50.725672, -3.525204 50.725776)"
2081310742,2081310743,0,"LINESTRING (-3.52465 50.726129, -3.524723 50.726125, -3.52476 50.726105, -3.524779 50.726066, -3.525192 50.725806, -3.525204 50.725776)"
2081310742,2081310743,1,"LINESTRING (-3.52465 50.726129, -3.524661 50.7261, -3.524656 50.726076, -3.524653 50.726052, -3.524664 50.726034, -3.52509 50.725752, -3.525149 50.725755, -3.525204 50.725776)"
2081310742,4164003877,0,"LINESTRING (-3.52465 50.726129, -3.52459 50.726158, -3.524558 50.726177)"
2081310743,2081310742,0,"LINESTRING (-3.525204 50.725776, -3.525192 50.725806, -3.524779 50.726066, -3.52476 50.726105, -3.524723 50.726125, -3.52465 50.726129)"
2081310743,2081310742,1,"LINESTRING (-3.525204 50.725776, -3.525149 50.725755, -3.52509 50.725752, -3.524664 50.726034, -3.524653 50.726052, -3.524656 50.726076, -3.524661 50.7261, -3.52465 50.726129)"
2081310743,2081310736,0,"LINESTRING (-3.525204 50.725776, -3.525278 50.725672, -3.525401 50.725541, -3.525549 50.725424)"
2268591156,84914575,0,"LINESTRING (-3.524003 50.728295, -3.523794 50.728176)"
2268591156,318323627,0,"LINESTRING (-3.524003 50.728295, -3.52404 50.728315)"
2268591156,2268591192,0,"LINESTRING (-3.524003 50.728295, -3.52425 50.728165, -3.524646 50.727974, -3.524736 50.727923, -3.524774 50.727884, -3.524884 50.727764, -3.524977 50.727638)"
2268591192,2268591156,0,"LINESTRING (-3.524977 50.727638, -3.524884 50.727764, -3.524774 50.727884, -3.524736 50.727923, -3.524646 50.727974, -3.52425 50.728165, -3.524003 50.728295)"
2268591192,3597229443,0,"LINESTRING (-3.524977 50.727638, -3.525004 50.727602, -3.525036 50.727574, -3.525117 50.727518, -3.525208 50.72747, -3.525471 50.727341, -3.525523 50.727301)"
2268591192,380467923,0,"LINESTRING (-3.524977 50.727638, -3.525066 50.72765, -3.525192 50.72766, -3.525315 50.727669, -3.52546 50.72765, -3.525566 50.7276, -3.525672 50.727543, -3.52571 50.727424, -3.525772 50.727308, -3.525872 50.727172, -3.52594 50.727115, -3.526119 50.727177)"
2273119445,2273119522,0,"LINESTRING (-3.528048 50.727562, -3.52809 50.727336)"
2273119522,2273119445,0,"LINESTRING (-3.52809 50.727336, -3.528048 50.727562)"
2273119522,795238613,0,"LINESTRING (-3.52809 50.727336, -3.527809 50.727308, -3.527642 50.727285)"
2273119522,12858024637,0,"LINESTRING (-3.52809 50.727336, -3.528583 50.727386, -3.528688 50.727391)"
2395302250,986600678,0,"LINESTRING (-3.523956 50.724213, -3.52393 50.724197)"
2395302250,2395302282,0,"LINESTRING (-3.523956 50.724213, -3.52399 50.724205, -3.524492 50.724248)"
2395302250,9773108254,0,"LINESTRING (-3.523956 50.724213, -3.523968 50.724236, -3.523982 50.724263, -3.523981 50.7243, -3.52398 50.724339)"
2395302282,2395302250,0,"LINESTRING (-3.524492 50.724248, -3.52399 50.724205, -3.523956 50.724213)"
2395302282,9773108243,0,"LINESTRING (-3.524492 50.724248, -3.524537 50.724238, -3.524618 50.724224, -3.52469 50.724208, -3.524743 50.724184, -3.524802 50.724191)"
2395302282,9773108254,0,"LINESTRING (-3.524492 50.724248, -3.524443 50.724283, -3.52441 50.724305, -3.524378 50.724328, -3.524353 50.724338, -3.524305 50.724346, -3.524257 50.724344, -3.524194 50.724343, -3.52398 50.724339)"
2395302286,6360601407,0,"LINESTRING (-3.524198 50.724889, -3.524136 50.724891)"
2395302286,273442898,0,"LINESTRING (-3.524198 50.724889, -3.524185 50.725022)"
2395302286,355181645,0,"LINESTRING (-3.524198 50.724889, -3.524172 50.724612, -3.52418 50.724585, -3.524218 50.724572)"
2395302295,355181645,0,"LINESTRING (-3.524144 50.724574, -3.524171 50.724572, -3.524218 50.724572)"
2402750297,2402750301,0,"LINESTRING (-3.530753 50.726534, -3.530734 50.726537, -3.530705 50.726553, -3.53069 50.726577, -3.530691 50.726591, -3.530712 50.726626)"
2402750297,2020242412,0,"LINESTRING (-3.530753 50.726534, -3.530774 50.726518, -3.530824 50.726487, -3.530876 50.72645, -3.530943 50.726412, -3.531008 50.72637)"
2402750297,2402750321,0,"LINESTRING (-3.530753 50.726534, -3.530784 50.726556, -3.530849 50.726548, -3.530946 50.726514, -3.530993 50.726492, -3.531043 50.726483, -3.531131 50.726477, -3.531203 50.726487, -3.531245 50.726519, -3.531283 50.726563)"
2402750301,2402750297,0,"LINESTRING (-3.530712 50.726626, -3.530691 50.726591, -3.53069 50.726577, -3.530705 50.726553, -3.530734 50.726537, -3.530753 50.726534)"
2402750301,343133283,0,"LINESTRING (-3.530712 50.726626, -3.530769 50.726638, -3.531018 50.726649)"
2402750301,343133279,0,"LINESTRING (-3.530712 50.726626, -3.53066 50.726648, -3.530302 50.72678, -3.530128 50.726829)"
2402750321,343133283,0,"LINESTRING (-3.531283 50.726563, -3.531018 50.726649)"
2402750321,959491870,0,"LINESTRING (-3.531283 50.726563, -3.531378 50.72652)"
2402750321,2402750297,0,"LINESTRING (-3.531283 50.726563, -3.531245 50.726519, -3.531203 50.726487, -3.531131 50.726477, -3.531043 50.726483, -3.530993 50.726492, -3.530946 50.726514, -3.530849 50.726548, -3.530784 50.726556, -3.530753 50.726534)"
2402758005,34920978,0,"LINESTRING (-3.529639 50.72686, -3.529555 50.726859, -3.529479 50.726847, -3.5294 50.726829, -3.529252 50.726762, -3.529016 50.726619, -3.528912 50.726581)"
2402758005,1677444718,0,"LINESTRING (-3.529639 50.72686, -3.529692 50.726886, -3.529817 50.726909)"
2402758005,10247208246,0,"LINESTRING (-3.529639 50.72686, -3.529609 50.726833, -3.529567 50.726805, -3.529522 50.726766, -3.52944 50.726704, -3.529366 50.726639, -3.5293 50.72658, -3.529243 50.726539, -3.529188 50.72651, -3.529127 50.726488, -3.529068 50.726479, -3.529016 50.726473, -3.528984 50.726468, -3.528945 50.726459)"
2402758005,343133279,0,"LINESTRING (-3.529639 50.72686, -3.529698 50.726857, -3.529785 50.726854, -3.530128 50.726829)"
2402763382,342384459,0,"LINESTRING (-3.529765 50.72594, -3.529689 50.725852, -3.529655 50.725759)"
2402766417,2402766423,0,"LINESTRING (-3.529528 50.72386, -3.529613 50.723811)"
2402766417,8000006736,0,"LINESTRING (-3.529528 50.72386, -3.529456 50.72391)"
2402766417,2420685076,0,"LINESTRING (-3.529528 50.72386, -3.529488 50.723835, -3.529485 50.723833, -3.529479 50.723829, -3.529454 50.723815, -3.529451 50.723814, -3.529425 50.723798)"
2402766418,2402766420,0,"LINESTRING (-3.529145 50.723774, -3.529201 50.723739)"
2402766418,1996169401,0,"LINESTRING (-3.529145 50.723774, -3.529103 50.723749, -3.529078 50.723735, -3.529012 50.723698, -3.528881 50.723638, -3.528804 50.723601)"
2402766418,59741696,0,"LINESTRING (-3.529145 50.723774, -3.529318 50.72387, -3.52939 50.72391)"
2402766420,2402766418,0,"LINESTRING (-3.529201 50.723739, -3.529145 50.723774)"
2402766420,2420685271,0,"LINESTRING (-3.529201 50.723739, -3.529168 50.723718)"
2402766420,2420685076,0,"LINESTRING (-3.529201 50.723739, -3.529287 50.72379, -3.529343 50.723751, -3.529425 50.723798)"
2402766423,106201152,0,"LINESTRING (-3.529613 50.723811, -3.529726 50.723741)"
2402766423,2402766417,0,"LINESTRING (-3.529613 50.723811, -3.529528 50.72386)"
2402766423,2420685076,0,"LINESTRING (-3.529613 50.723811, -3.529568 50.723784, -3.529505 50.723746, -3.529425 50.723798)"
2420683599,106201139,0,"LINESTRING (-3.529862 50.723907, -3.529894 50.723929, -3.530055 50.724045, -3.5301 50.724084, -3.53013 50.72411)"
2420683599,2420683607,0,"LINESTRING (-3.529862 50.723907, -3.529824 50.723931, -3.529763 50.723969, -3.529658 50.724034)"
2420683599,10061817910,0,"LINESTRING (-3.529862 50.723907, -3.529924 50.723872, -3.529885 50.723847)"
2420683607,292271934,0,"LINESTRING (-3.529658 50.724034, -3.52966 50.72405, -3.529737 50.724113, -3.529789 50.724152, -3.529809 50.72417, -3.52986 50.724211, -3.529882 50.724229)"
2420683607,2420683599,0,"LINESTRING (-3.529658 50.724034, -3.529763 50.723969, -3.529824 50.723931, -3.529862 50.723907)"
2420683607,8000006736,0,"LINESTRING (-3.529658 50.724034, -3.529495 50.723935, -3.529456 50.72391)"
2420685076,2402766420,0,"LINESTRING (-3.529425 50.723798, -3.529343 50.723751, -3.529287 50.72379, -3.529201 50.723739)"
2420685076,2402766417,0,"LINESTRING (-3.529425 50.723798, -3.529451 50.723814, -3.529454 50.723815, -3.529479 50.723829, -3.529485 50.723833, -3.529488 50.723835, -3.529528 50.72386)"
2420685076,2402766423,0,"LINESTRING (-3.529425 50.723798, -3.529505 50.723746, -3.529568 50.723784, -3.529613 50.723811)"
2420685271,2402766420,0,"LINESTRING (-3.529168 50.723718, -3.529201 50.723739)"
2420694432,2420694443,0,"LINESTRING (-3.531662 50.725811, -3.531598 50.725814)"
2420694432,2420694442,0,"LINESTRING (-3.531662 50.725811, -3.531714 50.725806, -3.531732 50.725812, -3.531801 50.72586, -3.531777 50.725886)"
2420694432,2420694433,0,"LINESTRING (-3.531662 50.725811, -3.531663 50.725827, -3.531657 50.725872)"
2420694433,2420694434,0,"LINESTRING (-3.531657 50.725872, -3.531625 50.725873, -3.531593 50.725864)"
2420694433,2420694442,0,"LINESTRING (-3.531657 50.725872, -3.531673 50.725879, -3.531777 50.725886)"
2420694433,2420694446,0,"LINESTRING (-3.531657 50.725872, -3.531628 50.725924, -3.531534 50.725932, -3.53148 50.725993, -3.53145 50.726013)"
2420694433,2420694432,0,"LINESTRING (-3.531657 50.725872, -3.531663 50.725827, -3.531662 50.725811)"
2420694434,2420694443,0,"LINESTRING (-3.531593 50.725864, -3.5316 50.725833, -3.531598 50.725814)"
2420694434,2020242304,0,"LINESTRING (-3.531593 50.725864, -3.531512 50.725878, -3.531462 50.72591, -3.531378 50.725938, -3.53133 50.725926)"
2420694434,2420694433,0,"LINESTRING (-3.531593 50.725864, -3.531625 50.725873, -3.531657 50.725872)"
2420694442,2420694433,0,"LINESTRING (-3.531777 50.725886, -3.531673 50.725879, -3.531657 50.725872)"
2420694442,2420694446,0,"LINESTRING (-3.531777 50.725886, -3.53155 50.726026, -3.531528 50.726036, -3.531496 50.72603, -3.531472 50.726023, -3.53145 50.726013)"
2420694442,2420694432,0,"LINESTRING (-3.531777 50.725886, -3.531801 50.72586, -3.531732 50.725812, -3.531714 50.725806, -3.531662 50.725811)"
2420694443,2420694432,0,"LINESTRING (-3.531598 50.725814, -3.531662 50.725811)"
2420694443,2420694447,0,"LINESTRING (-3.531598 50.725814, -3.531531 50.72578)"
2420694443,2420694434,0,"LINESTRING (-3.531598 50.725814, -3.5316 50.725833, -3.531593 50.725864)"
2420694446,62141055,0,"LINESTRING (-3.53145 50.726013, -3.531383 50.726028)"
2420694446,2420694433,0,"LINESTRING (-3.53145 50.726013, -3.53148 50.725993, -3.531534 50.725932, -3.531628 50.725924, -3.531657 50.725872)"
2420694446,2420694442,0,"LINESTRING (-3.53145 50.726013, -3.531472 50.726023, -3.531496 50.72603, -3.531528 50.726036, -3.53155 50.726026, -3.531777 50.725886)"
2420694447,2020242304,0,"LINESTRING (-3.531531 50.72578, -3.53133 50.725926)"
2420694447,2420694443,0,"LINESTRING (-3.531531 50.72578, -3.531598 50.725814)"
2420694447,2020242326,0,"LINESTRING (-3.531531 50.72578, -3.53174 50.725624, -3.531789 50.725585, -3.531897 50.72552)"
2420694447,2020242688,0,"LINESTRING (-3.531531 50.72578, -3.531504 50.725756, -3.531424 50.725702, -3.531323 50.725649, -3.531245 50.72562, -3.531183 50.725624)"
2562840003,2562840010,0,"LINESTRING (-3.528046 50.726269, -3.527927 50.726161, -3.527972 50.72614, -3.528135 50.72605, -3.528186 50.726012)"
2562840010,41437537,0,"LINESTRING (-3.528186 50.726012, -3.527911 50.725812)"
2562840010,10671264590,0,"LINESTRING (-3.528186 50.726012, -3.528564 50.726281, -3.528616 50.726326, -3.528696 50.726382, -3.528716 50.726406)"
2562840010,2562840003,0,"LINESTRING (-3.528186 50.726012, -3.528135 50.72605, -3.527972 50.72614, -3.527927 50.726161, -3.528046 50.726269)"
2713946643,318323627,0,"LINESTRING (-3.52366 50.728724, -3.523802 50.728558, -3.523926 50.728439, -3.52404 50.728315)"
2790168750,659867225,0,"LINESTRING (-3.527198 50.724257, -3.527212 50.724208, -3.527256 50.724179)"
2790168750,5094813861,0,"LINESTRING (-3.527198 50.724257, -3.527159 50.724594, -3.527165 50.72463, -3.527211 50.724728)"
2790168750,2790168752,0,"LINESTRING (-3.527198 50.724257, -3.527018 50.724265, -3.526938 50.724271)"
2790168752,1786461750,0,"LINESTRING (-3.526938 50.724271, -3.526942 50.724132)"
2790168752,5781536448,0,"LINESTRING (-3.526938 50.724271, -3.526966 50.724297, -3.526972 50.724357, -3.526995 50.72448, -3.526998 50.724515, -3.52701 50.724661, -3.527011 50.724667, -3.527006 50.72473)"
2790168752,2790168750,0,"LINESTRING (-3.526938 50.724271, -3.527018 50.724265, -3.527198 50.724257)"
2906051676,2906051679,0,"LINESTRING (-3.525509 50.72689, -3.525514 50.726827, -3.525568 50.726768, -3.525637 50.726716, -3.525817 50.726585, -3.526034 50.726465, -3.526076 50.726441)"
2906051676,2906051679,1,"LINESTRING (-3.525509 50.72689, -3.525402 50.726833, -3.525404 50.72677, -3.525495 50.726695, -3.525972 50.726378, -3.526076 50.726441)"
2906051676,41438280,0,"LINESTRING (-3.525509 50.72689, -3.525535 50.726985, -3.525537 50.727025, -3.525551 50.727082, -3.525573 50.727191)"
2906051679,494934617,0,"LINESTRING (-3.526076 50.726441, -3.526144 50.726421, -3.526269 50.726403, -3.526358 50.726401)"
2906051679,2906051676,0,"LINESTRING (-3.526076 50.726441, -3.526034 50.726465, -3.525817 50.726585, -3.525637 50.726716, -3.525568 50.726768, -3.525514 50.726827, -3.525509 50.72689)"
2906051679,2906051676,1,"LINESTRING (-3.526076 50.726441, -3.525972 50.726378, -3.525495 50.726695, -3.525404 50.72677, -3.525402 50.726833, -3.525509 50.72689)"
2906051680,2906051681,0,"LINESTRING (-3.52678 50.726312, -3.526585 50.726442)"
2906051681,2906051680,0,"LINESTRING (-3.526585 50.726442, -3.52678 50.726312)"
2906051681,380467929,0,"LINESTRING (-3.526585 50.726442, -3.526643 50.726478, -3.526703 50.726524)"
2906051681,494934617,0,"LINESTRING (-3.526585 50.726442, -3.526532 50.726419, -3.52645 50.72641, -3.526358 50.726401)"
2906068053,6873148239,0,"LINESTRING (-3.529914 50.725207, -3.529939 50.725217)"
2906068053,9773096889,0,"LINESTRING (-3.529914 50.725207, -3.529955 50.725163, -3.52996 50.725147, -3.529951 50.725126, -3.529932 50.725109, -3.529895 50.725096, -3.529844 50.725098, -3.529808 50.72512, -3.52978 50.725141)"
2906068053,6873148234,0,"LINESTRING (-3.529914 50.725207, -3.529879 50.725195, -3.529852 50.72518)"
2906068054,6873148239,0,"LINESTRING (-3.529954 50.725225, -3.529951 50.725223, -3.529939 50.725217)"
2912651585,2912651587,0,"LINESTRING (-3.528858 50.723141, -3.52877 50.723213, -3.528563 50.723241)"
2912651587,385140592,0,"LINESTRING (-3.528563 50.723241, -3.528694 50.72331)"
2912651587,2912652704,0,"LINESTRING (-3.528563 50.723241, -3.528459 50.723182, -3.528414 50.723161)"
2912651587,2912651585,0,"LINESTRING (-3.528563 50.723241, -3.52877 50.723213, -3.528858 50.723141)"
2912651600,2912652704,0,"LINESTRING (-3.528278 50.722947, -3.528461 50.723023, -3.528487 50.723047, -3.528487 50.723079, -3.528414 50.723161)"
2912652704,2912651587,0,"LINESTRING (-3.528414 50.723161, -3.528459 50.723182, -3.528563 50.723241)"
2912652704,299022718,0,"LINESTRING (-3.528414 50.723161, -3.528332 50.723122, -3.528187 50.7231, -3.528007 50.723108, -3.527836 50.723116, -3.527471 50.723062, -3.527452 50.723124, -3.527426 50.723209, -3.527416 50.72324, -3.527407 50.723271)"
2912652704,2912651600,0,"LINESTRING (-3.528414 50.723161, -3.528487 50.723079, -3.528487 50.723047, -3.528461 50.723023, -3.528278 50.722947)"
3297556862,36670781,0,"LINESTRING (-3.527381 50.726079, -3.527508 50.726028)"
3297556862,292262646,0,"LINESTRING (-3.527381 50.726079, -3.527322 50.726141, -3.527306 50.726161, -3.527274 50.726202, -3.52725 50.726262, -3.527185 50.726489, -3.527128 50.726672)"
3297556862,3297556863,0,"LINESTRING (-3.527381 50.726079, -3.527377 50.726021, -3.527271 50.725922, -3.52704 50.725722, -3.526925 50.725669, -3.526742 50.72568, -3.526695 50.725621)"
3297556863,21761594,0,"LINESTRING (-3.526695 50.725621, -3.526957 50.725543)"
3297556863,299022771,0,"LINESTRING (-3.526695 50.725621, -3.526569 50.725656, -3.526328 50.72573, -3.526226 50.725765)"
3297556863,3297556862,0,"LINESTRING (-3.526695 50.725621, -3.526742 50.72568, -3.526925 50.725669, -3.52704 50.725722, -3.527271 50.725922, -3.527377 50.726021, -3.527381 50.726079)"
3297556863,6212403298,0,"LINESTRING (-3.526695 50.725621, -3.526654 50.725568, -3.526746 50.72553, -3.526752 50.725494)"
3297556876,6212412132,0,"LINESTRING (-3.525488 50.72497, -3.525673 50.724969)"
3297556876,5783907569,0,"LINESTRING (-3.525488 50.72497, -3.525492 50.724936, -3.525495 50.724877)"
3297556876,292915464,0,"LINESTRING (-3.525488 50.72497, -3.52537 50.724979, -3.525252 50.724994)"
3329242110,292915464,0,"LINESTRING (-3.525275 50.725111, -3.525252 50.724994)"
3329242110,34702928,0,"LINESTRING (-3.525275 50.725111, -3.525291 50.725175, -3.52531 50.725249, -3.525319 50.725273)"
3329242110,6212412133,0,"LINESTRING (-3.525275 50.725111, -3.52536 50.7251, -3.525446 50.725056, -3.525546 50.725045, -3.525666 50.725042)"
3329242110,6212410505,0,"LINESTRING (-3.525275 50.725111, -3.525139 50.725108, -3.525073 50.725093)"
3329242116,359236561,0,"LINESTRING (-3.524561 50.725069, -3.524801 50.725044)"
3329242116,6210838920,0,"LINESTRING (-3.524561 50.725069, -3.524576 50.725139)"
3329242116,13347074295,0,"LINESTRING (-3.524561 50.725069, -3.524542 50.724987)"
3329242116,359236562,0,"LINESTRING (-3.524561 50.725069, -3.524358 50.72509, -3.524201 50.725106)"
3518325224,36670922,0,"LINESTRING (-3.52618 50.72403, -3.526198 50.724011, -3.526228 50.724007, -3.526255 50.724008, -3.526332 50.724012, -3.526594 50.724037)"
3518325224,3518325226,0,"LINESTRING (-3.52618 50.72403, -3.526161 50.723985, -3.526148 50.723975, -3.526109 50.723963, -3.525842 50.723957)"
3518325224,59817557,0,"LINESTRING (-3.52618 50.72403, -3.526181 50.724055, -3.52617 50.724157, -3.526158 50.724264, -3.526181 50.72438, -3.526156 50.724403, -3.526113 50.724411)"
3518325226,3518325224,0,"LINESTRING (-3.525842 50.723957, -3.526109 50.723963, -3.526148 50.723975, -3.526161 50.723985, -3.52618 50.72403)"
3597229443,2268591192,0,"LINESTRING (-3.525523 50.727301, -3.525471 50.727341, -3.525208 50.72747, -3.525117 50.727518, -3.525036 50.727574, -3.525004 50.727602, -3.524977 50.727638)"
3597229443,41438280,0,"LINESTRING (-3.525523 50.727301, -3.525568 50.72725, -3.525574 50.727233, -3.52558 50.727213, -3.525573 50.727191)"
3597229443,7644003297,0,"LINESTRING (-3.525523 50.727301, -3.525457 50.727259, -3.525482 50.727235, -3.525494 50.72717, -3.525477 50.72712, -3.525419 50.727055, -3.525335 50.726971, -3.525204 50.726851, -3.525181 50.726813, -3.524967 50.726648)"
3805308258,59743605,0,"LINESTRING (-3.532242 50.724122, -3.532235 50.724136, -3.531777 50.724385, -3.53172 50.724412)"
4164003877,9397628680,0,"LINESTRING (-3.524558 50.726177, -3.524412 50.726078, -3.524399 50.726055, -3.524408 50.726032, -3.524435 50.726015)"
4164003877,299022772,0,"LINESTRING (-3.524558 50.726177, -3.524657 50.726238, -3.524676 50.726245, -3.524699 50.726248, -3.524735 50.726238, -3.524816 50.726187, -3.525304 50.725869, -3.525324 50.725848, -3.525478 50.725653, -3.525513 50.725615, -3.525734 50.725469, -3.525759 50.725442)"
4164003877,2081310742,0,"LINESTRING (-3.524558 50.726177, -3.52459 50.726158, -3.52465 50.726129)"
4164010935,4164010936,0,"LINESTRING (-3.522701 50.726198, -3.522563 50.726121)"
4164010935,34918675,0,"LINESTRING (-3.522701 50.726198, -3.521822 50.726817)"
4164010935,9721565956,0,"LINESTRING (-3.522701 50.726198, -3.522843 50.726094, -3.522903 50.726054, -3.522918 50.726031)"
4164010936,4164010935,0,"LINESTRING (-3.522563 50.726121, -3.522701 50.726198)"
5094813861,59817531,0,"LINESTRING (-3.527211 50.724728, -3.527612 50.725079, -3.527763 50.72522, -3.527777 50.725233)"
5094813861,2790168750,0,"LINESTRING (-3.527211 50.724728, -3.527165 50.72463, -3.527159 50.724594, -3.527198 50.724257)"
5094813861,5781536448,0,"LINESTRING (-3.527211 50.724728, -3.527142 50.724729, -3.527076 50.724728, -3.527006 50.72473)"
5094813861,6873148262,0,"LINESTRING (-3.527211 50.724728, -3.527314 50.724676, -3.52734 50.724662, -3.527943 50.724376, -3.527962 50.724351)"
5094813864,5781536448,0,"LINESTRING (-3.526933 50.724736, -3.527006 50.72473)"
5094813864,6212403293,0,"LINESTRING (-3.526933 50.724736, -3.526872 50.724787, -3.526834 50.724817, -3.526587 50.724935, -3.526413 50.725035)"
5094813864,1786461667,0,"LINESTRING (-3.526933 50.724736, -3.526888 50.724732, -3.526848 50.724721, -3.526814 50.724708, -3.5268 50.724686, -3.526762 50.724676, -3.526756 50.724674, -3.526726 50.72467, -3.526706 50.724668)"
5218476452,40930365,0,"LINESTRING (-3.531654 50.722822, -3.531731 50.722851, -3.531964 50.722972, -3.531988 50.722985, -3.532037 50.723013)"
5218476452,59741712,0,"LINESTRING (-3.531654 50.722822, -3.531502 50.722875, -3.531366 50.722902, -3.531305 50.722913)"
5218483197,9410998076,0,"LINESTRING (-3.530093 50.723324, -3.529873 50.723242, -3.529746 50.72318)"
5218483197,9410998071,0,"LINESTRING (-3.530093 50.723324, -3.530176 50.723244, -3.53018 50.723235, -3.530181 50.723216)"
5218483197,40929610,0,"LINESTRING (-3.530093 50.723324, -3.53008 50.723342, -3.530079 50.723358, -3.530106 50.723405)"
5218608190,365245885,0,"LINESTRING (-3.531307 50.727473, -3.531212 50.727511, -3.531229 50.727524, -3.531086 50.727581, -3.531071 50.727572, -3.530938 50.727627, -3.53095 50.727639, -3.53081 50.727691, -3.530797 50.727683, -3.53067 50.727739, -3.530676 50.727749, -3.530526 50.727806, -3.5303 50.727593)"
5218608193,365245885,0,"LINESTRING (-3.53089 50.727387, -3.530738 50.727443, -3.53073 50.727435, -3.530586 50.72749, -3.530592 50.727498, -3.530454 50.72755, -3.530449 50.727543, -3.5303 50.727593)"
5218704433,5218704444,0,"LINESTRING (-3.525851 50.726947, -3.526047 50.72701, -3.526376 50.726588)"
5218704433,5218704444,1,"LINESTRING (-3.525851 50.726947, -3.526175 50.726528, -3.526376 50.726588)"
5218704433,41438280,0,"LINESTRING (-3.525851 50.726947, -3.525758 50.726915, -3.525721 50.726919, -3.525693 50.726917, -3.525671 50.726912, -3.525646 50.726901, -3.52563 50.726889, -3.525621 50.726874, -3.525619 50.726855, -3.525621 50.726844, -3.525628 50.726828, -3.525639 50.726814, -3.525662 50.726803, -3.525698 50.726794, -3.52573 50.726792, -3.525761 50.726795, -3.525778 50.7268, -3.525806 50.726814, -3.525822 50.726825, -3.525828 50.726832, -3.525835 50.726859, -3.525833 50.726872, -3.525826 50.726889, -3.525813 50.726909, -3.525794 50.72693, -3.525863 50.726979, -3.525794 50.727057, -3.525713 50.727136, -3.525651 50.72717, -3.525573 50.727191)"
5218704444,494934617,0,"LINESTRING (-3.526376 50.726588, -3.526411 50.726557, -3.526519 50.726475, -3.526497 50.726443, -3.526405 50.726418, -3.526358 50.726401)"
5218704444,5218704433,0,"LINESTRING (-3.526376 50.726588, -3.526175 50.726528, -3.525851 50.726947)"
5218704444,5218704433,1,"LINESTRING (-3.526376 50.726588, -3.526047 50.72701, -3.525851 50.726947)"
5218741405,10159677944,0,"LINESTRING (-3.528561 50.723785, -3.528265 50.723621)"
5218741405,6873148262,0,"LINESTRING (-3.528561 50.723785, -3.528491 50.723844, -3.527998 50.724291, -3.527962 50.724351)"
5218741405,40927969,0,"LINESTRING (-3.528561 50.723785, -3.528632 50.723825, -3.52897 50.724039, -3.529051 50.724104)"
5218741405,1996169401,0,"LINESTRING (-3.528561 50.723785, -3.52878 50.723619, -3.528804 50.723601)"
5332097150,315875791,0,"LINESTRING (-3.52854 50.729198, -3.528486 50.729189, -3.528426 50.729171, -3.528378 50.729149, -3.528348 50.72913, -3.528255 50.729067, -3.528207 50.729008)"
5614580371,376947108,0,"LINESTRING (-3.523202 50.724779, -3.523142 50.724753)"
5614580371,273442897,0,"LINESTRING (-3.523202 50.724779, -3.523055 50.724929, -3.523057 50.72498, -3.523077 50.725033, -3.523111 50.725066, -3.52315 50.725089, -3.523212 50.725096, -3.523309 50.725095, -3.523615 50.725093)"
5666896496,34917448,0,"LINESTRING (-3.520873 50.724614, -3.520834 50.724685)"
5666896496,292262198,0,"LINESTRING (-3.520873 50.724614, -3.5209 50.724619, -3.520914 50.724647, -3.520936 50.72466, -3.521446 50.724776, -3.521912 50.724916, -3.52221 50.724984, -3.522297 50.725, -3.522382 50.725006, -3.522505 50.724999, -3.522643 50.72498, -3.522722 50.72496, -3.522804 50.724928, -3.522876 50.724881, -3.522964 50.724808, -3.523072 50.724728)"
5679453049,5679453050,0,"LINESTRING (-3.526839 50.723204, -3.52722 50.722279)"
5679453049,40926521,0,"LINESTRING (-3.526839 50.723204, -3.526786 50.723207)"
5679453049,1786461633,0,"LINESTRING (-3.526839 50.723204, -3.526957 50.723217, -3.527192 50.723246)"
5679453050,40927408,0,"LINESTRING (-3.52722 50.722279, -3.527175 50.722273)"
5679453050,5679453049,0,"LINESTRING (-3.52722 50.722279, -3.526839 50.723204)"
5679453050,248779144,0,"LINESTRING (-3.52722 50.722279, -3.527534 50.722349)"
5781536448,5094813864,0,"LINESTRING (-3.527006 50.72473, -3.526933 50.724736)"
5781536448,5094813861,0,"LINESTRING (-3.527006 50.72473, -3.527076 50.724728, -3.527142 50.724729, -3.527211 50.724728)"
5781536448,2790168752,0,"LINESTRING (-3.527006 50.72473, -3.527011 50.724667, -3.52701 50.724661, -3.526998 50.724515, -3.526995 50.72448, -3.526972 50.724357, -3.526966 50.724297, -3.526938 50.724271)"
5781609899,36670915,0,"LINESTRING (-3.525658 50.724694, -3.525502 50.724689)"
5782098934,653302368,0,"LINESTRING (-3.53056 50.72798, -3.530543 50.728019, -3.530509 50.728055)"
5782098934,12241767039,0,"LINESTRING (-3.53056 50.72798, -3.530446 50.727946, -3.530304 50.72789, -3.530128 50.727802, -3.52995 50.727681, -3.529824 50.727583, -3.529784 50.72755)"
5783907569,36670915,0,"LINESTRING (-3.525495 50.724877, -3.525502 50.724689)"
5783907569,9629502423,0,"LINESTRING (-3.525495 50.724877, -3.525368 50.724877)"
5783907569,3297556876,0,"LINESTRING (-3.525495 50.724877, -3.525492 50.724936, -3.525488 50.72497)"
5783907569,6212403294,0,"LINESTRING (-3.525495 50.724877, -3.525628 50.724886, -3.525653 50.724908, -3.525682 50.724922)"
5784256584,5784256586,0,"LINESTRING (-3.522904 50.725126, -3.522924 50.725142)"
5784256584,5784256588,0,"LINESTRING (-3.522904 50.725126, -3.522872 50.725101, -3.522797 50.725066, -3.52271 50.725044, -3.522683 50.725042, -3.522618 50.725036, -3.522568 50.725038)"
5784256584,359237348,0,"LINESTRING (-3.522904 50.725126, -3.522921 50.725063, -3.522927 50.725026, -3.522953 50.724973, -3.52302 50.724888)"
5784256586,5784256584,0,"LINESTRING (-3.522924 50.725142, -3.522904 50.725126)"
5784256586,21761636,0,"LINESTRING (-3.522924 50.725142, -3.523062 50.725168, -3.523179 50.725185, -3.523353 50.725198)"
5784256586,21761614,0,"LINESTRING (-3.522924 50.725142, -3.522955 50.725167, -3.522991 50.725226, -3.523002 50.72532)"
5784256588,5784256584,0,"LINESTRING (-3.522568 50.725038, -3.522618 50.725036, -3.522683 50.725042, -3.52271 50.725044, -3.522797 50.725066, -3.522872 50.725101, -3.522904 50.725126)"
5784256588,359237348,0,"LINESTRING (-3.522568 50.725038, -3.522828 50.724972, -3.52302 50.724888)"
5784256588,5784256589,0,"LINESTRING (-3.522568 50.725038, -3.522525 50.725041, -3.522424 50.725063)"
5784256589,174022412,0,"LINESTRING (-3.522424 50.725063, -3.522263 50.725045, -3.521768 50.724932)"
5784256589,5784256588,0,"LINESTRING (-3.522424 50.725063, -3.522525 50.725041, -3.522568 50.725038)"
5784256589,21761609,0,"LINESTRING (-3.522424 50.725063, -3.522332 50.725105, -3.522255 50.725169, -3.522214 50.725245, -3.522206 50.725268)"
5784302000,6210838922,0,"LINESTRING (-3.52226 50.725406, -3.522244 50.725503, -3.522249 50.725541)"
5784302000,21761609,0,"LINESTRING (-3.52226 50.725406, -3.522241 50.725386, -3.522216 50.725326, -3.522206 50.725268)"
5784302000,359237293,0,"LINESTRING (-3.52226 50.725406, -3.522291 50.72544, -3.522368 50.725488, -3.522463 50.725521)"
6210838909,563661381,0,"LINESTRING (-3.522733 50.725591, -3.522645 50.725535)"
6210838909,6210838912,0,"LINESTRING (-3.522733 50.725591, -3.522672 50.725624)"
6210838909,1070821560,0,"LINESTRING (-3.522733 50.725591, -3.522752 50.725609, -3.522821 50.72574)"
6210838909,6210838910,0,"LINESTRING (-3.522733 50.725591, -3.52278 50.725582, -3.522837 50.72558)"
6210838910,563661380,0,"LINESTRING (-3.522837 50.72558, -3.522892 50.725461)"
6210838910,6210838911,0,"LINESTRING (-3.522837 50.72558, -3.522893 50.725582)"
6210838910,1070821560,0,"LINESTRING (-3.522837 50.72558, -3.522832 50.725623, -3.522821 50.72574)"
6210838910,6210838909,0,"LINESTRING (-3.522837 50.72558, -3.52278 50.725582, -3.522733 50.725591)"
6210838911,6210838910,0,"LINESTRING (-3.522893 50.725582, -3.522837 50.72558)"
6210838911,6531967636,0,"LINESTRING (-3.522893 50.725582, -3.523027 50.725429, -3.523108 50.725343, -3.523156 50.725309, -3.5232 50.725293, -3.523248 50.725283, -3.523614 50.725244, -3.523924 50.725209)"
6210838911,9721565948,0,"LINESTRING (-3.522893 50.725582, -3.522875 50.725615, -3.522876 50.725656, -3.522888 50.725701, -3.522943 50.725802, -3.522977 50.725873)"
6210838912,6210838909,0,"LINESTRING (-3.522672 50.725624, -3.522733 50.725591)"
6210838912,9721565944,0,"LINESTRING (-3.522672 50.725624, -3.522699 50.725666, -3.522824 50.725919)"
6210838912,6210838923,0,"LINESTRING (-3.522672 50.725624, -3.522588 50.725594, -3.522507 50.72559, -3.522387 50.725613)"
6210838920,3329242116,0,"LINESTRING (-3.524576 50.725139, -3.524561 50.725069)"
6210838920,6531967636,0,"LINESTRING (-3.524576 50.725139, -3.524355 50.725161, -3.524218 50.725174, -3.523924 50.725209)"
6210838920,6212410505,0,"LINESTRING (-3.524576 50.725139, -3.525007 50.725098, -3.525073 50.725093)"
6210838921,174022414,0,"LINESTRING (-3.522359 50.725588, -3.522215 50.725648)"
6210838921,359237293,0,"LINESTRING (-3.522359 50.725588, -3.522463 50.725521)"
6210838921,6210838923,0,"LINESTRING (-3.522359 50.725588, -3.522387 50.725613)"
6210838921,6210838922,0,"LINESTRING (-3.522359 50.725588, -3.522249 50.725541)"
6210838922,174022414,0,"LINESTRING (-3.522249 50.725541, -3.522215 50.725648)"
6210838922,6210838921,0,"LINESTRING (-3.522249 50.725541, -3.522359 50.725588)"
6210838922,9797141055,0,"LINESTRING (-3.522249 50.725541, -3.522172 50.72552)"
6210838922,5784302000,0,"LINESTRING (-3.522249 50.725541, -3.522244 50.725503, -3.52226 50.725406)"
6210838923,6210838921,0,"LINESTRING (-3.522387 50.725613, -3.522359 50.725588)"
6210838923,6210838912,0,"LINESTRING (-3.522387 50.725613, -3.522507 50.72559, -3.522588 50.725594, -3.522672 50.725624)"
6210838923,293210688,0,"LINESTRING (-3.522387 50.725613, -3.522295 50.725689, -3.521804 50.72607, -3.52175 50.726045)"
6212403293,21761641,0,"LINESTRING (-3.526413 50.725035, -3.52634 50.725099)"
6212403293,5094813864,0,"LINESTRING (-3.526413 50.725035, -3.526587 50.724935, -3.526834 50.724817, -3.526872 50.724787, -3.526933 50.724736)"
6212403293,6212425622,0,"LINESTRING (-3.526413 50.725035, -3.526524 50.725107, -3.526642 50.725187, -3.52676 50.725258, -3.52694 50.725416)"
6212403293,6212403294,0,"LINESTRING (-3.526413 50.725035, -3.526146 50.724982, -3.525951 50.724942, -3.525734 50.724912, -3.525682 50.724922)"
6212403294,6212412132,0,"LINESTRING (-3.525682 50.724922, -3.525673 50.724969)"
6212403294,6212403293,0,"LINESTRING (-3.525682 50.724922, -3.525734 50.724912, -3.525951 50.724942, -3.526146 50.724982, -3.526413 50.725035)"
6212403294,5783907569,0,"LINESTRING (-3.525682 50.724922, -3.525653 50.724908, -3.525628 50.724886, -3.525495 50.724877)"
6212403298,497693629,0,"LINESTRING (-3.526752 50.725494, -3.526796 50.725474, -3.526846 50.725451)"
6212403298,3297556863,0,"LINESTRING (-3.526752 50.725494, -3.526746 50.72553, -3.526654 50.725568, -3.526695 50.725621)"
6212403298,6531967633,0,"LINESTRING (-3.526752 50.725494, -3.526698 50.725408, -3.52653 50.725277, -3.526401 50.725203, -3.526282 50.725146)"
6212410505,6212410506,0,"LINESTRING (-3.525073 50.725093, -3.525061 50.725018)"
6212410505,6210838920,0,"LINESTRING (-3.525073 50.725093, -3.525007 50.725098, -3.524576 50.725139)"
6212410505,3329242110,0,"LINESTRING (-3.525073 50.725093, -3.525139 50.725108, -3.525275 50.725111)"
6212410506,6212410507,0,"LINESTRING (-3.525061 50.725018, -3.525041 50.724927)"
6212410506,6212410505,0,"LINESTRING (-3.525061 50.725018, -3.525073 50.725093)"
6212410506,292915464,0,"LINESTRING (-3.525061 50.725018, -3.525252 50.724994)"
6212410506,359236561,0,"LINESTRING (-3.525061 50.725018, -3.525002 50.725024, -3.524801 50.725044)"
6212410507,1513241731,0,"LINESTRING (-3.525041 50.724927, -3.524792 50.724963)"
6212410507,6212410506,0,"LINESTRING (-3.525041 50.724927, -3.525061 50.725018)"
6212410507,9629502423,0,"LINESTRING (-3.525041 50.724927, -3.525334 50.724896, -3.525368 50.724877)"
6212412132,3297556876,0,"LINESTRING (-3.525673 50.724969, -3.525488 50.72497)"
6212412132,6212412133,0,"LINESTRING (-3.525673 50.724969, -3.525666 50.725042)"
6212412132,6212403294,0,"LINESTRING (-3.525673 50.724969, -3.525682 50.724922)"
6212412132,21761641,0,"LINESTRING (-3.525673 50.724969, -3.525765 50.724971, -3.525939 50.724989, -3.526072 50.725003, -3.52634 50.725099)"
6212412133,6212412132,0,"LINESTRING (-3.525666 50.725042, -3.525673 50.724969)"
6212412133,6531967633,0,"LINESTRING (-3.525666 50.725042, -3.525756 50.725044, -3.525902 50.72506, -3.52611 50.725094, -3.526282 50.725146)"
6212412133,3329242110,0,"LINESTRING (-3.525666 50.725042, -3.525546 50.725045, -3.525446 50.725056, -3.52536 50.7251, -3.525275 50.725111)"
6212425622,376042422,0,"LINESTRING (-3.52694 50.725416, -3.526951 50.725425, -3.527031 50.725484, -3.527069 50.725513)"
6212425622,6212403293,0,"LINESTRING (-3.52694 50.725416, -3.52676 50.725258, -3.526642 50.725187, -3.526524 50.725107, -3.526413 50.725035)"
6212425622,497693629,0,"LINESTRING (-3.52694 50.725416, -3.526901 50.72543, -3.526846 50.725451)"
6360601407,2395302286,0,"LINESTRING (-3.524136 50.724891, -3.524198 50.724889)"
6531967633,21761641,0,"LINESTRING (-3.526282 50.725146, -3.52634 50.725099)"
6531967633,6212403298,0,"LINESTRING (-3.526282 50.725146, -3.526401 50.725203, -3.52653 50.725277, -3.526698 50.725408, -3.526752 50.725494)"
6531967633,6212412133,0,"LINESTRING (-3.526282 50.725146, -3.52611 50.725094, -3.525902 50.72506, -3.525756 50.725044, -3.525666 50.725042)"
6531967634,273442898,0,"LINESTRING (-3.52391 50.725075, -3.524185 50.725022)"
6531967634,273442897,0,"LINESTRING (-3.52391 50.725075, -3.523615 50.725093)"
6531967634,6531967635,0,"LINESTRING (-3.52391 50.725075, -3.523912 50.725136)"
6531967635,359236562,0,"LINESTRING (-3.523912 50.725136, -3.524201 50.725106)"
6531967635,1786461708,0,"LINESTRING (-3.523912 50.725136, -3.52363 50.725167)"
6531967635,6531967636,0,"LINESTRING (-3.523912 50.725136, -3.523924 50.725209)"
6531967635,6531967634,0,"LINESTRING (-3.523912 50.725136, -3.52391 50.725075)"
6531967636,6531967635,0,"LINESTRING (-3.523924 50.725209, -3.523912 50.725136)"
6531967636,6210838920,0,"LINESTRING (-3.523924 50.725209, -3.524218 50.725174, -3.524355 50.725161, -3.524576 50.725139)"
6531967636,6210838911,0,"LINESTRING (-3.523924 50.725209, -3.523614 50.725244, -3.523248 50.725283, -3.5232 50.725293, -3.523156 50.725309, -3.523108 50.725343, -3.523027 50.725429, -3.522893 50.725582)"
6873148234,9773096886,0,"LINESTRING (-3.529852 50.72518, -3.529867 50.725168)"
6873148234,6873148237,0,"LINESTRING (-3.529852 50.72518, -3.529815 50.725207, -3.529804 50.725233, -3.529796 50.72525, -3.529761 50.725319)"
6873148234,2906068053,0,"LINESTRING (-3.529852 50.72518, -3.529879 50.725195, -3.529914 50.725207)"
6873148237,6873148234,0,"LINESTRING (-3.529761 50.725319, -3.529796 50.72525, -3.529804 50.725233, -3.529815 50.725207, -3.529852 50.72518)"
6873148239,2906068053,0,"LINESTRING (-3.529939 50.725217, -3.529914 50.725207)"
6873148239,2906068054,0,"LINESTRING (-3.529939 50.725217, -3.529951 50.725223, -3.529954 50.725225)"
6873148239,306496327,0,"LINESTRING (-3.529939 50.725217, -3.529994 50.725165, -3.530042 50.725124)"
6873148262,5094813861,0,"LINESTRING (-3.527962 50.724351, -3.527943 50.724376, -3.52734 50.724662, -3.527314 50.724676, -3.527211 50.724728)"
6873148262,5218741405,0,"LINESTRING (-3.527962 50.724351, -3.527998 50.724291, -3.528491 50.723844, -3.528561 50.723785)"
6873148262,62147663,0,"LINESTRING (-3.527962 50.724351, -3.527896 50.724306, -3.527541 50.724177, -3.527515 50.724167, -3.527305 50.724153, -3.527265 50.724151)"
6873148262,62147659,0,"LINESTRING (-3.527962 50.724351, -3.52805 50.724372, -3.528583 50.724816, -3.528613 50.724842)"
6873422367,8984079223,0,"LINESTRING (-3.523895 50.726362, -3.523732 50.726293)"
6873422367,8984062206,0,"LINESTRING (-3.523895 50.726362, -3.523937 50.726382, -3.523952 50.726408, -3.523984 50.726434)"
6873422367,34699810,0,"LINESTRING (-3.523895 50.726362, -3.523846 50.72639, -3.523808 50.72641)"
6873422367,9721565994,0,"LINESTRING (-3.523895 50.726362, -3.523916 50.726348, -3.523968 50.726315)"
7644003297,315875802,0,"LINESTRING (-3.524967 50.726648, -3.524893 50.72659)"
7644003297,7644003298,0,"LINESTRING (-3.524967 50.726648, -3.524823 50.726727)"
7644003297,3597229443,0,"LINESTRING (-3.524967 50.726648, -3.525181 50.726813, -3.525204 50.726851, -3.525335 50.726971, -3.525419 50.727055, -3.525477 50.72712, -3.525494 50.72717, -3.525482 50.727235, -3.525457 50.727259, -3.525523 50.727301)"
7644003298,7644003297,0,"LINESTRING (-3.524823 50.726727, -3.524967 50.726648)"
7644003298,13546738012,0,"LINESTRING (-3.524823 50.726727, -3.524956 50.726892, -3.52506 50.727022, -3.52513 50.727109, -3.525105 50.72713, -3.524958 50.727201, -3.524987 50.727229, -3.524973 50.727236)"
7644003298,8196788438,0,"LINESTRING (-3.524823 50.726727, -3.524589 50.726862, -3.523371 50.727644)"
7644003302,7644003303,0,"LINESTRING (-3.524272 50.726755, -3.524334 50.726722)"
7644003302,7644003313,0,"LINESTRING (-3.524272 50.726755, -3.524334 50.726808, -3.524332 50.72683, -3.524067 50.726995, -3.523679 50.727226, -3.523387 50.727396, -3.523196 50.727526)"
7644003302,8984062213,0,"LINESTRING (-3.524272 50.726755, -3.524121 50.726659, -3.523876 50.726502)"
7644003303,7644003302,0,"LINESTRING (-3.524334 50.726722, -3.524272 50.726755)"
7644003303,8984062212,0,"LINESTRING (-3.524334 50.726722, -3.524175 50.726626, -3.523951 50.72649, -3.523922 50.726473)"
7644003303,34700215,0,"LINESTRING (-3.524334 50.726722, -3.524437 50.726789, -3.524474 50.726802)"
7644003303,8984062206,0,"LINESTRING (-3.524334 50.726722, -3.524389 50.726689, -3.523984 50.726434)"
7644003306,84914575,0,"LINESTRING (-3.523746 50.728211, -3.523794 50.728176)"
7644003306,7644003309,0,"LINESTRING (-3.523746 50.728211, -3.523382 50.727958, -3.523164 50.727821, -3.523133 50.727798)"
7644003308,1479577755,0,"LINESTRING (-3.522534 50.727908, -3.522612 50.72796)"
7644003308,10226133767,0,"LINESTRING (-3.522534 50.727908, -3.522474 50.72794)"
7644003308,7644003310,0,"LINESTRING (-3.522534 50.727908, -3.52292 50.727693)"
7644003309,1875951314,0,"LINESTRING (-3.523133 50.727798, -3.523255 50.727747)"
7644003309,7644003306,0,"LINESTRING (-3.523133 50.727798, -3.523164 50.727821, -3.523382 50.727958, -3.523746 50.728211)"
7644003309,10176063876,0,"LINESTRING (-3.523133 50.727798, -3.523123 50.727791, -3.523113 50.727789, -3.523103 50.727789, -3.52308 50.727791, -3.523066 50.727796)"
7644003310,7644003308,0,"LINESTRING (-3.52292 50.727693, -3.522534 50.727908)"
7644003310,1875951315,0,"LINESTRING (-3.52292 50.727693, -3.522995 50.727746)"
7644003310,1875951317,0,"LINESTRING (-3.52292 50.727693, -3.522962 50.727666, -3.522965 50.727659, -3.522964 50.727651, -3.522961 50.727643, -3.522956 50.727636, -3.523019 50.727596)"
7644003313,1875951316,0,"LINESTRING (-3.523196 50.727526, -3.523282 50.727584)"
7644003313,7644003302,0,"LINESTRING (-3.523196 50.727526, -3.523387 50.727396, -3.523679 50.727226, -3.524067 50.726995, -3.524332 50.72683, -3.524334 50.726808, -3.524272 50.726755)"
7644003313,1875951317,0,"LINESTRING (-3.523196 50.727526, -3.523156 50.727536, -3.523115 50.72754, -3.523019 50.727596)"
8000006736,2402766417,0,"LINESTRING (-3.529456 50.72391, -3.529528 50.72386)"
8000006736,59741696,0,"LINESTRING (-3.529456 50.72391, -3.52939 50.72391)"
8000006736,2420683607,0,"LINESTRING (-3.529456 50.72391, -3.529495 50.723935, -3.529658 50.724034)"
8196788438,1875951316,0,"LINESTRING (-3.523371 50.727644, -3.523282 50.727584)"
8196788438,7644003298,0,"LINESTRING (-3.523371 50.727644, -3.524589 50.726862, -3.524823 50.726727)"
8196788438,1875951314,0,"LINESTRING (-3.523371 50.727644, -3.52334 50.727679, -3.523318 50.727718, -3.523255 50.727747)"
8443783643,10581174663,0,"LINESTRING (-3.523883 50.726174, -3.523853 50.72615)"
8443783643,10581174641,0,"LINESTRING (-3.523883 50.726174, -3.524081 50.726177, -3.524108 50.726149)"
8443783643,8984079223,0,"LINESTRING (-3.523883 50.726174, -3.523772 50.726259, -3.523732 50.726293)"
8963647388,62143010,0,"LINESTRING (-3.531431 50.724776, -3.53134 50.724697)"
8963647388,54212836,0,"LINESTRING (-3.531431 50.724776, -3.531496 50.724837, -3.531571 50.724912, -3.531704 50.725016, -3.531712 50.725022)"
8963647388,62142577,0,"LINESTRING (-3.531431 50.724776, -3.531453 50.724764, -3.531455 50.724764, -3.53151 50.724734, -3.53157 50.724699, -3.531588 50.72468, -3.53179 50.724574, -3.53188 50.724533)"
8984062206,8984062212,0,"LINESTRING (-3.523984 50.726434, -3.523922 50.726473)"
8984062206,7644003303,0,"LINESTRING (-3.523984 50.726434, -3.524389 50.726689, -3.524334 50.726722)"
8984062206,6873422367,0,"LINESTRING (-3.523984 50.726434, -3.523952 50.726408, -3.523937 50.726382, -3.523895 50.726362)"
8984062207,8984062208,0,"LINESTRING (-3.523157 50.726061, -3.5232 50.726018)"
8984062207,8984062210,0,"LINESTRING (-3.523157 50.726061, -3.523096 50.726034)"
8984062207,628029353,0,"LINESTRING (-3.523157 50.726061, -3.523462 50.726218, -3.5236 50.726289, -3.523708 50.72635)"
8984062208,8984062207,0,"LINESTRING (-3.5232 50.726018, -3.523157 50.726061)"
8984062208,8984062209,0,"LINESTRING (-3.5232 50.726018, -3.523137 50.725981)"
8984062208,10581174659,0,"LINESTRING (-3.5232 50.726018, -3.523275 50.725972, -3.523309 50.725954, -3.523433 50.725904, -3.523516 50.725884, -3.523526 50.725892)"
8984062208,8984079223,0,"LINESTRING (-3.5232 50.726018, -3.523664 50.726257, -3.523732 50.726293)"
8984062209,8984062210,0,"LINESTRING (-3.523137 50.725981, -3.523096 50.726034)"
8984062209,8984062208,0,"LINESTRING (-3.523137 50.725981, -3.5232 50.726018)"
8984062209,10172547562,0,"LINESTRING (-3.523137 50.725981, -3.523113 50.72597)"
8984062210,8984062211,0,"LINESTRING (-3.523096 50.726034, -3.523035 50.726082)"
8984062210,8984062209,0,"LINESTRING (-3.523096 50.726034, -3.523137 50.725981)"
8984062210,8984062207,0,"LINESTRING (-3.523096 50.726034, -3.523157 50.726061)"
8984062210,497693979,0,"LINESTRING (-3.523096 50.726034, -3.523071 50.726023, -3.522983 50.725976)"
8984062211,8984062210,0,"LINESTRING (-3.523035 50.726082, -3.523096 50.726034)"
8984062211,9721565956,0,"LINESTRING (-3.523035 50.726082, -3.522987 50.726068, -3.522965 50.726058, -3.522948 50.726045, -3.522918 50.726031)"
8984062211,8984079217,0,"LINESTRING (-3.523035 50.726082, -3.523611 50.726366, -3.523637 50.726399, -3.523641 50.726443, -3.523696 50.726478)"
8984062212,34699810,0,"LINESTRING (-3.523922 50.726473, -3.523808 50.72641)"
8984062212,8984062206,0,"LINESTRING (-3.523922 50.726473, -3.523984 50.726434)"
8984062212,8984062213,0,"LINESTRING (-3.523922 50.726473, -3.523876 50.726502)"
8984062212,7644003303,0,"LINESTRING (-3.523922 50.726473, -3.523951 50.72649, -3.524175 50.726626, -3.524334 50.726722)"
8984062213,8984062212,0,"LINESTRING (-3.523876 50.726502, -3.523922 50.726473)"
8984062213,8984079217,0,"LINESTRING (-3.523876 50.726502, -3.523849 50.726495, -3.523795 50.72649, -3.523746 50.726503, -3.523696 50.726478)"
8984062213,7644003302,0,"LINESTRING (-3.523876 50.726502, -3.524121 50.726659, -3.524272 50.726755)"
8984079217,34699810,0,"LINESTRING (-3.523696 50.726478, -3.523808 50.72641)"
8984079217,8984062213,0,"LINESTRING (-3.523696 50.726478, -3.523746 50.726503, -3.523795 50.72649, -3.523849 50.726495, -3.523876 50.726502)"
8984079217,8984062211,0,"LINESTRING (-3.523696 50.726478, -3.523641 50.726443, -3.523637 50.726399, -3.523611 50.726366, -3.523035 50.726082)"
8984079217,324160576,0,"LINESTRING (-3.523696 50.726478, -3.52345 50.726637, -3.523266 50.726745)"
8984079223,6873422367,0,"LINESTRING (-3.523732 50.726293, -3.523895 50.726362)"
8984079223,628029353,0,"LINESTRING (-3.523732 50.726293, -3.523708 50.72635)"
8984079223,8984062208,0,"LINESTRING (-3.523732 50.726293, -3.523664 50.726257, -3.5232 50.726018)"
8984079223,8443783643,0,"LINESTRING (-3.523732 50.726293, -3.523772 50.726259, -3.523883 50.726174)"
8993433312,10884336989,0,"LINESTRING (-3.525304 50.722832, -3.525215 50.722811)"
8993433312,40929986,0,"LINESTRING (-3.525304 50.722832, -3.525275 50.72288)"
8993433312,10884336983,0,"LINESTRING (-3.525304 50.722832, -3.52533 50.722794, -3.52538 50.722715, -3.525407 50.722686)"
8993433314,10884336989,0,"LINESTRING (-3.52487 50.72274, -3.525124 50.72279, -3.525215 50.722811)"
8993433314,10884336961,0,"LINESTRING (-3.52487 50.72274, -3.524878 50.722725, -3.524878 50.7227, -3.524878 50.722668, -3.524874 50.72265, -3.524864 50.722626)"
9397628680,9721565966,0,"LINESTRING (-3.524435 50.726015, -3.524421 50.726007)"
9397628680,9721565962,0,"LINESTRING (-3.524435 50.726015, -3.524481 50.725979, -3.524768 50.725803, -3.52525 50.725513, -3.525284 50.725469)"
9397628680,4164003877,0,"LINESTRING (-3.524435 50.726015, -3.524408 50.726032, -3.524399 50.726055, -3.524412 50.726078, -3.524558 50.726177)"
9410976548,2020242586,0,"LINESTRING (-3.531694 50.725406, -3.531748 50.725371)"
9410976548,13541593265,0,"LINESTRING (-3.531694 50.725406, -3.531575 50.725483)"
9410976548,2020242326,0,"LINESTRING (-3.531694 50.725406, -3.531818 50.725472, -3.531714 50.725546, -3.531749 50.725565, -3.531853 50.725493, -3.531897 50.72552)"
9410998071,1996169476,0,"LINESTRING (-3.530181 50.723216, -3.530186 50.723183)"
9410998071,9410998075,0,"LINESTRING (-3.530181 50.723216, -3.530101 50.72322, -3.530038 50.723224, -3.529951 50.723208, -3.529808 50.723135)"
9410998071,10151804958,0,"LINESTRING (-3.530181 50.723216, -3.530245 50.723211, -3.530285 50.723205, -3.530351 50.723185, -3.530454 50.723146, -3.530553 50.7231, -3.53067 50.723047, -3.530709 50.723033)"
9410998071,5218483197,0,"LINESTRING (-3.530181 50.723216, -3.53018 50.723235, -3.530176 50.723244, -3.530093 50.723324)"
9410998075,9410998076,0,"LINESTRING (-3.529808 50.723135, -3.529787 50.72315, -3.529746 50.72318)"
9410998075,9410998071,0,"LINESTRING (-3.529808 50.723135, -3.529951 50.723208, -3.530038 50.723224, -3.530101 50.72322, -3.530181 50.723216)"
9410998075,1996169484,0,"LINESTRING (-3.529808 50.723135, -3.529389 50.722941, -3.529083 50.722785)"
9410998076,59741717,0,"LINESTRING (-3.529746 50.72318, -3.529009 50.722818)"
9410998076,9410998075,0,"LINESTRING (-3.529746 50.72318, -3.529787 50.72315, -3.529808 50.723135)"
9410998076,5218483197,0,"LINESTRING (-3.529746 50.72318, -3.529873 50.723242, -3.530093 50.723324)"
9410998081,59741714,0,"LINESTRING (-3.530999 50.722938, -3.530952 50.722873)"
9410998081,40927418,0,"LINESTRING (-3.530999 50.722938, -3.531009 50.722954, -3.531023 50.722975)"
9410998081,10151804958,0,"LINESTRING (-3.530999 50.722938, -3.5309 50.722965, -3.530796 50.723002, -3.530709 50.723033)"
9410998081,9410998084,0,"LINESTRING (-3.530999 50.722938, -3.531233 50.722882, -3.531248 50.722874, -3.531278 50.722841)"
9410998084,59741713,0,"LINESTRING (-3.531278 50.722841, -3.531203 50.722782)"
9410998084,9410998081,0,"LINESTRING (-3.531278 50.722841, -3.531248 50.722874, -3.531233 50.722882, -3.530999 50.722938)"
9410998084,59741712,0,"LINESTRING (-3.531278 50.722841, -3.531302 50.72286, -3.5313 50.722886, -3.531305 50.722913)"
9604174477,9721565944,0,"LINESTRING (-3.522901 50.725894, -3.522824 50.725919)"
9604174477,9721565948,0,"LINESTRING (-3.522901 50.725894, -3.522977 50.725873)"
9604174477,1070821560,0,"LINESTRING (-3.522901 50.725894, -3.522884 50.725871, -3.522821 50.72574)"
9604174477,497693979,0,"LINESTRING (-3.522901 50.725894, -3.522915 50.725915, -3.522926 50.725932, -3.522957 50.72596, -3.522983 50.725976)"
9629502423,5783907569,0,"LINESTRING (-3.525368 50.724877, -3.525495 50.724877)"
9629502423,6212410507,0,"LINESTRING (-3.525368 50.724877, -3.525334 50.724896, -3.525041 50.724927)"
9629502423,9773108232,0,"LINESTRING (-3.525368 50.724877, -3.525388 50.724849, -3.525394 50.724818, -3.525388 50.724786, -3.525384 50.724738, -3.525395 50.724666, -3.525424 50.724566, -3.525446 50.724498, -3.525459 50.724456)"
9629666235,59817555,0,"LINESTRING (-3.526039 50.724617, -3.526051 50.72458, -3.526086 50.724511)"
9721565937,9721565940,0,"LINESTRING (-3.52416 50.725685, -3.524083 50.725678, -3.524005 50.725691, -3.523961 50.725714, -3.523953 50.725754)"
9721565940,9721565942,0,"LINESTRING (-3.523953 50.725754, -3.523893 50.725742, -3.523862 50.72574, -3.523731 50.725736)"
9721565940,9721565966,0,"LINESTRING (-3.523953 50.725754, -3.524106 50.725799, -3.524202 50.72586, -3.524382 50.725992, -3.524421 50.726007)"
9721565940,9721565937,0,"LINESTRING (-3.523953 50.725754, -3.523961 50.725714, -3.524005 50.725691, -3.524083 50.725678, -3.52416 50.725685)"
9721565942,10172547560,0,"LINESTRING (-3.523731 50.725736, -3.523651 50.725738, -3.5234 50.725744, -3.523283 50.725768, -3.523229 50.725781, -3.523198 50.725794)"
9721565942,9721565940,0,"LINESTRING (-3.523731 50.725736, -3.523862 50.72574, -3.523893 50.725742, -3.523953 50.725754)"
9721565942,9721565987,0,"LINESTRING (-3.523731 50.725736, -3.523763 50.72576, -3.524202 50.726113, -3.524227 50.726128)"
9721565944,9604174477,0,"LINESTRING (-3.522824 50.725919, -3.522901 50.725894)"
9721565944,9721565956,0,"LINESTRING (-3.522824 50.725919, -3.522848 50.725968, -3.522885 50.726011, -3.522918 50.726031)"
9721565944,6210838912,0,"LINESTRING (-3.522824 50.725919, -3.522699 50.725666, -3.522672 50.725624)"
9721565948,9604174477,0,"LINESTRING (-3.522977 50.725873, -3.522901 50.725894)"
9721565948,10172547559,0,"LINESTRING (-3.522977 50.725873, -3.523012 50.72586, -3.52307 50.72584, -3.523086 50.725833)"
9721565948,10172547562,0,"LINESTRING (-3.522977 50.725873, -3.522993 50.72589, -3.52301 50.725908, -3.523036 50.725931, -3.523076 50.725956, -3.523113 50.72597)"
9721565948,6210838911,0,"LINESTRING (-3.522977 50.725873, -3.522943 50.725802, -3.522888 50.725701, -3.522876 50.725656, -3.522875 50.725615, -3.522893 50.725582)"
9721565956,497693979,0,"LINESTRING (-3.522918 50.726031, -3.522983 50.725976)"
9721565956,4164010935,0,"LINESTRING (-3.522918 50.726031, -3.522903 50.726054, -3.522843 50.726094, -3.522701 50.726198)"
9721565956,8984062211,0,"LINESTRING (-3.522918 50.726031, -3.522948 50.726045, -3.522965 50.726058, -3.522987 50.726068, -3.523035 50.726082)"
9721565956,9721565944,0,"LINESTRING (-3.522918 50.726031, -3.522885 50.726011, -3.522848 50.725968, -3.522824 50.725919)"
9721565962,34702928,0,"LINESTRING (-3.525284 50.725469, -3.525309 50.725435, -3.525332 50.725376, -3.525319 50.725273)"
9721565962,9397628680,0,"LINESTRING (-3.525284 50.725469, -3.52525 50.725513, -3.524768 50.725803, -3.524481 50.725979, -3.524435 50.726015)"
9721565962,9721565966,0,"LINESTRING (-3.525284 50.725469, -3.525194 50.725467, -3.525089 50.72554, -3.524459 50.725945, -3.524421 50.726007)"
9721565966,9397628680,0,"LINESTRING (-3.524421 50.726007, -3.524435 50.726015)"
9721565966,9721565987,0,"LINESTRING (-3.524421 50.726007, -3.524374 50.726035, -3.524227 50.726128)"
9721565966,9721565962,0,"LINESTRING (-3.524421 50.726007, -3.524459 50.725945, -3.525089 50.72554, -3.525194 50.725467, -3.525284 50.725469)"
9721565966,9721565940,0,"LINESTRING (-3.524421 50.726007, -3.524382 50.725992, -3.524202 50.72586, -3.524106 50.725799, -3.523953 50.725754)"
9721565987,9721565994,0,"LINESTRING (-3.524227 50.726128, -3.524209 50.726164, -3.52404 50.72627, -3.523968 50.726315)"
9721565987,9721565966,0,"LINESTRING (-3.524227 50.726128, -3.524374 50.726035, -3.524421 50.726007)"
9721565987,9721565942,0,"LINESTRING (-3.524227 50.726128, -3.524202 50.726113, -3.523763 50.72576, -3.523731 50.725736)"
9721565993,9721565994,0,"LINESTRING (-3.523943 50.726298, -3.523968 50.726315)"
9721565994,9721565993,0,"LINESTRING (-3.523968 50.726315, -3.523943 50.726298)"
9721565994,6873422367,0,"LINESTRING (-3.523968 50.726315, -3.523916 50.726348, -3.523895 50.726362)"
9721565994,9721565987,0,"LINESTRING (-3.523968 50.726315, -3.52404 50.72627, -3.524209 50.726164, -3.524227 50.726128)"
9773096886,9773096891,0,"LINESTRING (-3.529867 50.725168, -3.529894 50.725141)"
9773096886,6873148234,0,"LINESTRING (-3.529867 50.725168, -3.529852 50.72518)"
9773096886,9773096889,0,"LINESTRING (-3.529867 50.725168, -3.529847 50.72516, -3.5298 50.725144, -3.52978 50.725141)"
9773096889,9773096890,0,"LINESTRING (-3.52978 50.725141, -3.529752 50.725139)"
9773096889,2906068053,0,"LINESTRING (-3.52978 50.725141, -3.529808 50.72512, -3.529844 50.725098, -3.529895 50.725096, -3.529932 50.725109, -3.529951 50.725126, -3.52996 50.725147, -3.529955 50.725163, -3.529914 50.725207)"
9773096889,9773096886,0,"LINESTRING (-3.52978 50.725141, -3.5298 50.725144, -3.529847 50.72516, -3.529867 50.725168)"
9773096890,9773096889,0,"LINESTRING (-3.529752 50.725139, -3.52978 50.725141)"
9773096890,306496327,0,"LINESTRING (-3.529752 50.725139, -3.529753 50.725123, -3.529751 50.725097, -3.529792 50.725065, -3.529887 50.725057, -3.529978 50.725086, -3.530042 50.725124)"
9773096890,41436787,0,"LINESTRING (-3.529752 50.725139, -3.529736 50.72514, -3.529717 50.725142, -3.529564 50.725142, -3.52916 50.725297)"
9773096891,9773096886,0,"LINESTRING (-3.529894 50.725141, -3.529867 50.725168)"
9773108232,1479619195,0,"LINESTRING (-3.525459 50.724456, -3.52555 50.724452, -3.525611 50.724457)"
9773108232,9773108243,0,"LINESTRING (-3.525459 50.724456, -3.525382 50.724452, -3.525294 50.724445, -3.525185 50.724434, -3.525154 50.724428, -3.525074 50.724412, -3.525003 50.724387, -3.52494 50.72435, -3.524924 50.724323, -3.524925 50.724283, -3.524927 50.724202, -3.524802 50.724191)"
9773108232,9629502423,0,"LINESTRING (-3.525459 50.724456, -3.525446 50.724498, -3.525424 50.724566, -3.525395 50.724666, -3.525384 50.724738, -3.525388 50.724786, -3.525394 50.724818, -3.525388 50.724849, -3.525368 50.724877)"
9773108243,9773108244,0,"LINESTRING (-3.524802 50.724191, -3.524776 50.724271)"
9773108243,36671018,0,"LINESTRING (-3.524802 50.724191, -3.524812 50.724161)"
9773108243,9773108232,0,"LINESTRING (-3.524802 50.724191, -3.524927 50.724202, -3.524925 50.724283, -3.524924 50.724323, -3.52494 50.72435, -3.525003 50.724387, -3.525074 50.724412, -3.525154 50.724428, -3.525185 50.724434, -3.525294 50.724445, -3.525382 50.724452, -3.525459 50.724456)"
9773108243,2395302282,0,"LINESTRING (-3.524802 50.724191, -3.524743 50.724184, -3.52469 50.724208, -3.524618 50.724224, -3.524537 50.724238, -3.524492 50.724248)"
9773108244,9773108243,0,"LINESTRING (-3.524776 50.724271, -3.524802 50.724191)"
9773108254,2395302282,0,"LINESTRING (-3.52398 50.724339, -3.524194 50.724343, -3.524257 50.724344, -3.524305 50.724346, -3.524353 50.724338, -3.524378 50.724328, -3.52441 50.724305, -3.524443 50.724283, -3.524492 50.724248)"
9773108254,2395302250,0,"LINESTRING (-3.52398 50.724339, -3.523981 50.7243, -3.523982 50.724263, -3.523968 50.724236, -3.523956 50.724213)"
9773108254,986600678,0,"LINESTRING (-3.52398 50.724339, -3.52398 50.724357, -3.523982 50.724527, -3.524002 50.724883, -3.523801 50.724884, -3.52379 50.72475, -3.523762 50.724501, -3.523766 50.724352, -3.52377 50.724295, -3.523772 50.724253, -3.523789 50.72423, -3.523824 50.724206, -3.523852 50.724197, -3.523894 50.724192, -3.52393 50.724197)"
9773201158,41437537,0,"LINESTRING (-3.527952 50.72578, -3.527911 50.725812)"
9773201158,41436222,0,"LINESTRING (-3.527952 50.72578, -3.528092 50.725713, -3.528173 50.725672)"
9773201158,41437657,0,"LINESTRING (-3.527952 50.72578, -3.527921 50.725761, -3.527556 50.725472, -3.527481 50.725407, -3.527454 50.725384)"
9797141046,34917448,0,"LINESTRING (-3.520804 50.724735, -3.520834 50.724685)"
9797141046,9797141055,0,"LINESTRING (-3.520804 50.724735, -3.520874 50.724755, -3.5209 50.72476, -3.521531 50.724926, -3.52163 50.724985, -3.521829 50.72505, -3.522022 50.725108, -3.522084 50.725156, -3.522138 50.725328, -3.522172 50.72552)"
9797141055,6210838922,0,"LINESTRING (-3.522172 50.72552, -3.522249 50.725541)"
9797141055,62150371,0,"LINESTRING (-3.522172 50.72552, -3.522149 50.725611, -3.522068 50.725709, -3.521908 50.725777, -3.521682 50.725932, -3.521614 50.725981)"
9797141055,9797141046,0,"LINESTRING (-3.522172 50.72552, -3.522138 50.725328, -3.522084 50.725156, -3.522022 50.725108, -3.521829 50.72505, -3.52163 50.724985, -3.521531 50.724926, -3.5209 50.72476, -3.520874 50.724755, -3.520804 50.724735)"
10061817908,10061817910,0,"LINESTRING (-3.529785 50.723902, -3.529854 50.723863, -3.529885 50.723847)"
10061817910,2420683599,0,"LINESTRING (-3.529885 50.723847, -3.529924 50.723872, -3.529862 50.723907)"
10061817910,106201152,0,"LINESTRING (-3.529885 50.723847, -3.52977 50.72377, -3.529726 50.723741)"
10061817910,10061817908,0,"LINESTRING (-3.529885 50.723847, -3.529854 50.723863, -3.529785 50.723902)"
10068852034,36670551,0,"LINESTRING (-3.524533 50.727346, -3.52444 50.727358, -3.52398 50.727638, -3.523916 50.727681, -3.523709 50.727819, -3.523529 50.727922, -3.523462 50.727951)"
10075493350,40932208,0,"LINESTRING (-3.532174 50.723754, -3.532032 50.723653)"
10075493350,496075756,0,"LINESTRING (-3.532174 50.723754, -3.532227 50.723752)"
10075493350,10693280265,0,"LINESTRING (-3.532174 50.723754, -3.531987 50.723857, -3.531825 50.723747)"
10081847575,106201148,0,"LINESTRING (-3.53063 50.722724, -3.530478 50.722889)"
10081847575,1996169484,0,"LINESTRING (-3.53063 50.722724, -3.530166 50.722696, -3.529983 50.722682, -3.529969 50.722739, -3.52975 50.722722, -3.529754 50.722699, -3.529708 50.722695, -3.529719 50.722646, -3.529593 50.722636, -3.52958 50.722682, -3.529423 50.72267, -3.529433 50.722622, -3.529082 50.722594, -3.529059 50.722601, -3.52903 50.722628, -3.529021 50.722664, -3.529013 50.7227, -3.529024 50.72274, -3.529056 50.722774, -3.529083 50.722785)"
10081847575,40933558,0,"LINESTRING (-3.53063 50.722724, -3.530637 50.722712, -3.530658 50.722574)"
10151804958,10151804984,0,"LINESTRING (-3.530709 50.723033, -3.530746 50.723071)"
10151804958,9410998081,0,"LINESTRING (-3.530709 50.723033, -3.530796 50.723002, -3.5309 50.722965, -3.530999 50.722938)"
10151804958,9410998071,0,"LINESTRING (-3.530709 50.723033, -3.53067 50.723047, -3.530553 50.7231, -3.530454 50.723146, -3.530351 50.723185, -3.530285 50.723205, -3.530245 50.723211, -3.530181 50.723216)"
10151804984,40927418,0,"LINESTRING (-3.530746 50.723071, -3.531023 50.722975)"
10151804984,10151804958,0,"LINESTRING (-3.530746 50.723071, -3.530709 50.723033)"
10151804984,40927417,0,"LINESTRING (-3.530746 50.723071, -3.530642 50.723112)"
10159677944,5218741405,0,"LINESTRING (-3.528265 50.723621, -3.528561 50.723785)"
10159677944,59817540,0,"LINESTRING (-3.528265 50.723621, -3.528231 50.723602, -3.527813 50.72334, -3.527757 50.723312, -3.527518 50.723282)"
10159677944,385140592,0,"LINESTRING (-3.528265 50.723621, -3.528488 50.723454, -3.528588 50.723384, -3.528654 50.723337, -3.528694 50.72331)"
10159677946,1996169401,0,"LINESTRING (-3.528871 50.72355, -3.528804 50.723601)"
10159677994,10159677997,0,"LINESTRING (-3.529682 50.723461, -3.529794 50.723526, -3.529887 50.723581, -3.529914 50.723597)"
10159677997,40929610,0,"LINESTRING (-3.529914 50.723597, -3.529982 50.72355, -3.530099 50.723475, -3.530106 50.723468, -3.530116 50.723442, -3.530106 50.723405)"
10159677997,106201152,0,"LINESTRING (-3.529914 50.723597, -3.529858 50.723634, -3.529788 50.723682, -3.529726 50.723741)"
10159677997,10159677994,0,"LINESTRING (-3.529914 50.723597, -3.529887 50.723581, -3.529794 50.723526, -3.529682 50.723461)"
10172547559,10172547562,0,"LINESTRING (-3.523086 50.725833, -3.523098 50.72585, -3.52313 50.72595, -3.523113 50.72597)"
10172547559,10172547561,0,"LINESTRING (-3.523086 50.725833, -3.523047 50.72578, -3.523049 50.725771, -3.523085 50.725762, -3.523096 50.725762, -3.523137 50.725816)"
10172547559,10172547561,1,"LINESTRING (-3.523086 50.725833, -3.523099 50.725828, -3.523124 50.72582, -3.523137 50.725816)"
10172547559,9721565948,0,"LINESTRING (-3.523086 50.725833, -3.52307 50.72584, -3.523012 50.72586, -3.522977 50.725873)"
10172547560,10172547561,0,"LINESTRING (-3.523198 50.725794, -3.523201 50.725869, -3.523195 50.725882, -3.523173 50.725884, -3.523137 50.725816)"
10172547560,10172547561,1,"LINESTRING (-3.523198 50.725794, -3.523176 50.725803, -3.523149 50.725812, -3.523137 50.725816)"
10172547560,9721565942,0,"LINESTRING (-3.523198 50.725794, -3.523229 50.725781, -3.523283 50.725768, -3.5234 50.725744, -3.523651 50.725738, -3.523731 50.725736)"
10172547561,10172547559,0,"LINESTRING (-3.523137 50.725816, -3.523096 50.725762, -3.523085 50.725762, -3.523049 50.725771, -3.523047 50.72578, -3.523086 50.725833)"
10172547561,10172547559,1,"LINESTRING (-3.523137 50.725816, -3.523124 50.72582, -3.523099 50.725828, -3.523086 50.725833)"
10172547561,10172547560,0,"LINESTRING (-3.523137 50.725816, -3.523173 50.725884, -3.523195 50.725882, -3.523201 50.725869, -3.523198 50.725794)"
10172547561,10172547560,1,"LINESTRING (-3.523137 50.725816, -3.523149 50.725812, -3.523176 50.725803, -3.523198 50.725794)"
10172547562,8984062209,0,"LINESTRING (-3.523113 50.72597, -3.523137 50.725981)"
10172547562,10172547559,0,"LINESTRING (-3.523113 50.72597, -3.52313 50.72595, -3.523098 50.72585, -3.523086 50.725833)"
10172547562,9721565948,0,"LINESTRING (-3.523113 50.72597, -3.523076 50.725956, -3.523036 50.725931, -3.52301 50.725908, -3.522993 50.72589, -3.522977 50.725873)"
10176063876,1875951315,0,"LINESTRING (-3.523066 50.727796, -3.522995 50.727746)"
10176063876,7644003309,0,"LINESTRING (-3.523066 50.727796, -3.52308 50.727791, -3.523103 50.727789, -3.523113 50.727789, -3.523123 50.727791, -3.523133 50.727798)"
10226133766,288334082,0,"LINESTRING (-3.521706 50.728346, -3.521801 50.728414)"
10226133766,10226133767,0,"LINESTRING (-3.521706 50.728346, -3.522309 50.728026, -3.522391 50.727985, -3.522474 50.72794)"
10226133767,7644003308,0,"LINESTRING (-3.522474 50.72794, -3.522534 50.727908)"
10226133767,10226133766,0,"LINESTRING (-3.522474 50.72794, -3.522391 50.727985, -3.522309 50.728026, -3.521706 50.728346)"
10226133767,1479577715,0,"LINESTRING (-3.522474 50.72794, -3.522455 50.727927, -3.52239 50.727884, -3.522351 50.727861, -3.522203 50.727761)"
10247208246,10671289905,0,"LINESTRING (-3.528945 50.726459, -3.528985 50.726428)"
10247208246,2402758005,0,"LINESTRING (-3.528945 50.726459, -3.528984 50.726468, -3.529016 50.726473, -3.529068 50.726479, -3.529127 50.726488, -3.529188 50.72651, -3.529243 50.726539, -3.5293 50.72658, -3.529366 50.726639, -3.52944 50.726704, -3.529522 50.726766, -3.529567 50.726805, -3.529609 50.726833, -3.529639 50.72686)"
10247208246,343133257,0,"LINESTRING (-3.528945 50.726459, -3.528864 50.726479, -3.52879 50.726483)"
10251460968,324160575,0,"LINESTRING (-3.523335 50.727003, -3.52351 50.726903)"
10251460968,10251460969,0,"LINESTRING (-3.523335 50.727003, -3.523189 50.726902)"
10251460968,324160573,0,"LINESTRING (-3.523335 50.727003, -3.523153 50.727107, -3.522971 50.726992, -3.522911 50.726952)"
10251460969,10251460968,0,"LINESTRING (-3.523189 50.726902, -3.523335 50.727003)"
10251460971,324160575,0,"LINESTRING (-3.523683 50.726897, -3.523595 50.726934, -3.52351 50.726903)"
10315489210,306495559,0,"LINESTRING (-3.530824 50.724904, -3.530708 50.724807, -3.530617 50.724766)"
10581174641,8443783643,0,"LINESTRING (-3.524108 50.726149, -3.524081 50.726177, -3.523883 50.726174)"
10581174642,10581174643,0,"LINESTRING (-3.523996 50.726045, -3.523983 50.726085, -3.523777 50.72609)"
10581174643,10581174645,0,"LINESTRING (-3.523777 50.72609, -3.523752 50.72607)"
10581174643,10581174661,0,"LINESTRING (-3.523777 50.72609, -3.523815 50.72612)"
10581174643,10581174642,0,"LINESTRING (-3.523777 50.72609, -3.523983 50.726085, -3.523996 50.726045)"
10581174644,10581174645,0,"LINESTRING (-3.523958 50.726018, -3.523944 50.726054, -3.523752 50.72607)"
10581174645,10581174643,0,"LINESTRING (-3.523752 50.72607, -3.523777 50.72609)"
10581174645,10581174647,0,"LINESTRING (-3.523752 50.72607, -3.523727 50.72605)"
10581174645,10581174644,0,"LINESTRING (-3.523752 50.72607, -3.523944 50.726054, -3.523958 50.726018)"
10581174646,10581174647,0,"LINESTRING (-3.52392 50.725981, -3.523908 50.72602, -3.523727 50.72605)"
10581174647,10581174649,0,"LINESTRING (-3.523727 50.72605, -3.523697 50.726027)"
10581174647,10581174645,0,"LINESTRING (-3.523727 50.72605, -3.523752 50.72607)"
10581174647,10581174646,0,"LINESTRING (-3.523727 50.72605, -3.523908 50.72602, -3.52392 50.725981)"
10581174648,10581174649,0,"LINESTRING (-3.523881 50.725957, -3.52387 50.725991, -3.523697 50.726027)"
10581174649,10581174647,0,"LINESTRING (-3.523697 50.726027, -3.523727 50.72605)"
10581174649,10581174648,0,"LINESTRING (-3.523697 50.726027, -3.52387 50.725991, -3.523881 50.725957)"
10581174649,10581174651,0,"LINESTRING (-3.523697 50.726027, -3.523673 50.726008, -3.523667 50.726002)"
10581174650,10581174651,0,"LINESTRING (-3.523843 50.725924, -3.523833 50.725961, -3.523667 50.726002)"
10581174651,10581174653,0,"LINESTRING (-3.523667 50.726002, -3.523632 50.725975)"
10581174651,10581174650,0,"LINESTRING (-3.523667 50.726002, -3.523833 50.725961, -3.523843 50.725924)"
10581174651,10581174649,0,"LINESTRING (-3.523667 50.726002, -3.523673 50.726008, -3.523697 50.726027)"
10581174652,10581174653,0,"LINESTRING (-3.523808 50.725888, -3.523796 50.725928, -3.523632 50.725975)"
10581174653,10581174651,0,"LINESTRING (-3.523632 50.725975, -3.523667 50.726002)"
10581174653,10581174655,0,"LINESTRING (-3.523632 50.725975, -3.523598 50.725949)"
10581174653,10581174652,0,"LINESTRING (-3.523632 50.725975, -3.523796 50.725928, -3.523808 50.725888)"
10581174654,10581174655,0,"LINESTRING (-3.523769 50.725853, -3.523758 50.725893, -3.523598 50.725949)"
10581174655,10581174657,0,"LINESTRING (-3.523598 50.725949, -3.523564 50.725921)"
10581174655,10581174653,0,"LINESTRING (-3.523598 50.725949, -3.523632 50.725975)"
10581174655,10581174654,0,"LINESTRING (-3.523598 50.725949, -3.523758 50.725893, -3.523769 50.725853)"
10581174656,10581174657,0,"LINESTRING (-3.523731 50.725827, -3.523721 50.725867, -3.523564 50.725921)"
10581174657,10581174655,0,"LINESTRING (-3.523564 50.725921, -3.523598 50.725949)"
10581174657,10581174659,0,"LINESTRING (-3.523564 50.725921, -3.523526 50.725892)"
10581174657,10581174656,0,"LINESTRING (-3.523564 50.725921, -3.523721 50.725867, -3.523731 50.725827)"
10581174658,10581174659,0,"LINESTRING (-3.523694 50.725795, -3.523694 50.725833, -3.523526 50.725892)"
10581174659,10581174657,0,"LINESTRING (-3.523526 50.725892, -3.523564 50.725921)"
10581174659,8984062208,0,"LINESTRING (-3.523526 50.725892, -3.523516 50.725884, -3.523433 50.725904, -3.523309 50.725954, -3.523275 50.725972, -3.5232 50.726018)"
10581174659,10581174658,0,"LINESTRING (-3.523526 50.725892, -3.523694 50.725833, -3.523694 50.725795)"
10581174660,10581174661,0,"LINESTRING (-3.524036 50.726083, -3.52402 50.726115, -3.523815 50.72612)"
10581174661,10581174663,0,"LINESTRING (-3.523815 50.72612, -3.523853 50.72615)"
10581174661,10581174643,0,"LINESTRING (-3.523815 50.72612, -3.523777 50.72609)"
10581174661,10581174660,0,"LINESTRING (-3.523815 50.72612, -3.52402 50.726115, -3.524036 50.726083)"
10581174662,10581174663,0,"LINESTRING (-3.524073 50.726116, -3.524054 50.726145, -3.523853 50.72615)"
10581174663,10581174661,0,"LINESTRING (-3.523853 50.72615, -3.523815 50.72612)"
10581174663,8443783643,0,"LINESTRING (-3.523853 50.72615, -3.523883 50.726174)"
10581174663,10581174662,0,"LINESTRING (-3.523853 50.72615, -3.524054 50.726145, -3.524073 50.726116)"
10592409018,494926562,0,"LINESTRING (-3.525894 50.727697, -3.526 50.727789, -3.525904 50.727839, -3.526061 50.727962, -3.52656 50.728102)"
10671264590,10671289907,0,"LINESTRING (-3.528716 50.726406, -3.528734 50.726428)"
10671264590,10671264600,0,"LINESTRING (-3.528716 50.726406, -3.528787 50.72637)"
10671264590,2562840010,0,"LINESTRING (-3.528716 50.726406, -3.528696 50.726382, -3.528616 50.726326, -3.528564 50.726281, -3.528186 50.726012)"
10671264600,10671264590,0,"LINESTRING (-3.528787 50.72637, -3.528716 50.726406)"
10671264600,10671264604,0,"LINESTRING (-3.528787 50.72637, -3.528751 50.726328, -3.528738 50.726302, -3.528752 50.72628, -3.528815 50.72625, -3.528873 50.726258, -3.528915 50.726287, -3.52894 50.726322, -3.52895 50.726358, -3.528951 50.726385, -3.528937 50.726399)"
10671264600,10671264604,1,"LINESTRING (-3.528787 50.72637, -3.528831 50.726397, -3.528868 50.726418, -3.5289 50.726414, -3.528937 50.726399)"
10671264604,10671289905,0,"LINESTRING (-3.528937 50.726399, -3.528985 50.726428)"
10671264604,10671264600,0,"LINESTRING (-3.528937 50.726399, -3.5289 50.726414, -3.528868 50.726418, -3.528831 50.726397, -3.528787 50.72637)"
10671264604,10671264600,1,"LINESTRING (-3.528937 50.726399, -3.528951 50.726385, -3.52895 50.726358, -3.52894 50.726322, -3.528915 50.726287, -3.528873 50.726258, -3.528815 50.72625, -3.528752 50.72628, -3.528738 50.726302, -3.528751 50.726328, -3.528787 50.72637)"
10671289905,10671264604,0,"LINESTRING (-3.528985 50.726428, -3.528937 50.726399)"
10671289905,10247208246,0,"LINESTRING (-3.528985 50.726428, -3.528945 50.726459)"
10671289905,343133279,0,"LINESTRING (-3.528985 50.726428, -3.529028 50.726395, -3.529084 50.72638, -3.529092 50.726278, -3.529119 50.726284, -3.529268 50.726394, -3.529384 50.726483, -3.529498 50.726567, -3.529491 50.72658, -3.529487 50.726598, -3.529494 50.726611, -3.529506 50.726623, -3.529532 50.726629, -3.529573 50.726633, -3.529717 50.726734, -3.529789 50.726757, -3.529918 50.726782, -3.530074 50.726816, -3.530128 50.726829)"
10671289907,10671264590,0,"LINESTRING (-3.528734 50.726428, -3.528716 50.726406)"
10671289907,343133257,0,"LINESTRING (-3.528734 50.726428, -3.528807 50.726446, -3.52879 50.726483)"
10671289907,343133257,1,"LINESTRING (-3.528734 50.726428, -3.528729 50.726477, -3.52879 50.726483)"
10671289968,10671289970,0,"LINESTRING (-3.530688 50.726928, -3.530598 50.726809)"
10671289968,1677444722,0,"LINESTRING (-3.530688 50.726928, -3.53062 50.726953, -3.530403 50.727004, -3.530182 50.727042, -3.529921 50.727073, -3.529788 50.72708)"
10671289968,959491874,0,"LINESTRING (-3.530688 50.726928, -3.530772 50.726911, -3.530849 50.726891, -3.531046 50.726848, -3.531222 50.726803, -3.531365 50.726766, -3.531522 50.726712, -3.531589 50.726698, -3.531715 50.726631)"
10671289970,10671289968,0,"LINESTRING (-3.530598 50.726809, -3.530688 50.726928)"
10671289970,1677444718,0,"LINESTRING (-3.530598 50.726809, -3.530516 50.726834, -3.530357 50.726867, -3.530221 50.726901, -3.53006 50.72693, -3.529954 50.726928, -3.529879 50.726923, -3.529817 50.726909)"
10671289970,343133283,0,"LINESTRING (-3.530598 50.726809, -3.530674 50.726779, -3.531018 50.726649)"
10693280265,40932208,0,"LINESTRING (-3.531825 50.723747, -3.532032 50.723653)"
10693280265,40931643,0,"LINESTRING (-3.531825 50.723747, -3.531824 50.72375, -3.531781 50.723772, -3.531373 50.723485, -3.53135 50.723469, -3.531311 50.723443)"
10693280265,10075493350,0,"LINESTRING (-3.531825 50.723747, -3.531987 50.723857, -3.532174 50.723754)"
10693280269,496075756,0,"LINESTRING (-3.532443 50.723906, -3.532428 50.723897, -3.532248 50.723767, -3.532227 50.723752)"
10693280275,10693280287,0,"LINESTRING (-3.532338 50.723751, -3.532318 50.723737, -3.532294 50.723713)"
10693280283,293149132,0,"LINESTRING (-3.532178 50.723593, -3.532404 50.723456)"
10693280283,40932208,0,"LINESTRING (-3.532178 50.723593, -3.532032 50.723653)"
10693280283,10693280287,0,"LINESTRING (-3.532178 50.723593, -3.532214 50.723622, -3.532273 50.723665, -3.532292 50.72369, -3.532294 50.723713)"
10693280287,496075756,0,"LINESTRING (-3.532294 50.723713, -3.532227 50.723752)"
10693280287,10693280275,0,"LINESTRING (-3.532294 50.723713, -3.532318 50.723737, -3.532338 50.723751)"
10693280287,10693280283,0,"LINESTRING (-3.532294 50.723713, -3.532292 50.72369, -3.532273 50.723665, -3.532214 50.723622, -3.532178 50.723593)"
10884336961,8993433314,0,"LINESTRING (-3.524864 50.722626, -3.524874 50.72265, -3.524878 50.722668, -3.524878 50.7227, -3.524878 50.722725, -3.52487 50.72274)"
10884336972,10884336983,0,"LINESTRING (-3.525607 50.722462, -3.525555 50.722568, -3.525509 50.722601, -3.525434 50.722659, -3.525407 50.722686)"
10884336972,380467953,0,"LINESTRING (-3.525607 50.722462, -3.525647 50.722384, -3.525674 50.72237)"
10884336972,10884336982,0,"LINESTRING (-3.525607 50.722462, -3.525545 50.722451, -3.525495 50.72256, -3.525476 50.722574, -3.525437 50.722583, -3.525379 50.722592, -3.525338 50.722599, -3.525331 50.722612, -3.525321 50.72264, -3.525314 50.722659, -3.525309 50.722669)"
10884336982,10884336983,0,"LINESTRING (-3.525309 50.722669, -3.525407 50.722686)"
10884336982,10884336972,0,"LINESTRING (-3.525309 50.722669, -3.525314 50.722659, -3.525321 50.72264, -3.525331 50.722612, -3.525338 50.722599, -3.525379 50.722592, -3.525437 50.722583, -3.525476 50.722574, -3.525495 50.72256, -3.525545 50.722451, -3.525607 50.722462)"
10884336982,10884336989,0,"LINESTRING (-3.525309 50.722669, -3.525299 50.722692, -3.525251 50.722772, -3.525244 50.72278, -3.525227 50.722796, -3.525215 50.722811)"
10884336983,10884336982,0,"LINESTRING (-3.525407 50.722686, -3.525309 50.722669)"
10884336983,8993433312,0,"LINESTRING (-3.525407 50.722686, -3.52538 50.722715, -3.52533 50.722794, -3.525304 50.722832)"
10884336983,10884336972,0,"LINESTRING (-3.525407 50.722686, -3.525434 50.722659, -3.525509 50.722601, -3.525555 50.722568, -3.525607 50.722462)"
10884336989,8993433312,0,"LINESTRING (-3.525215 50.722811, -3.525304 50.722832)"
10884336989,8993433314,0,"LINESTRING (-3.525215 50.722811, -3.525124 50.72279, -3.52487 50.72274)"
10884336989,10884336982,0,"LINESTRING (-3.525215 50.722811, -3.525227 50.722796, -3.525244 50.72278, -3.525251 50.722772, -3.525299 50.722692, -3.525309 50.722669)"
11991995390,59996729,0,"LINESTRING (-3.525044 50.728792, -3.524932 50.728741)"
11991995390,36670547,0,"LINESTRING (-3.525044 50.728792, -3.525272 50.728895, -3.525454 50.728966, -3.525605 50.72903, -3.525809 50.729075, -3.525966 50.729101, -3.526203 50.729128)"
12241767039,34919266,0,"LINESTRING (-3.529784 50.72755, -3.529671 50.727455, -3.529599 50.727402, -3.52951 50.72734, -3.529404 50.727282, -3.529219 50.727197)"
12241767039,5782098934,0,"LINESTRING (-3.529784 50.72755, -3.529824 50.727583, -3.52995 50.727681, -3.530128 50.727802, -3.530304 50.72789, -3.530446 50.727946, -3.53056 50.72798)"
12241767039,365245885,0,"LINESTRING (-3.529784 50.72755, -3.529928 50.727552, -3.529972 50.727556, -3.530012 50.72756, -3.5303 50.727593)"
12680199227,41436222,0,"LINESTRING (-3.528265 50.725741, -3.528173 50.725672)"
12858024634,12858024637,0,"LINESTRING (-3.528694 50.727479, -3.528688 50.727391)"
12858024637,12858024634,0,"LINESTRING (-3.528688 50.727391, -3.528694 50.727479)"
12858024637,2273119522,0,"LINESTRING (-3.528688 50.727391, -3.528583 50.727386, -3.52809 50.727336)"
12858024637,34919266,0,"LINESTRING (-3.528688 50.727391, -3.528793 50.727382, -3.528893 50.727366, -3.528944 50.727357, -3.529009 50.727338, -3.529105 50.727277, -3.529219 50.727197)"
13347074295,1513241731,0,"LINESTRING (-3.524542 50.724987, -3.524792 50.724963)"
13347074295,273442898,0,"LINESTRING (-3.524542 50.724987, -3.524185 50.725022)"
13347074295,3329242116,0,"LINESTRING (-3.524542 50.724987, -3.524561 50.725069)"
13495660307,13541593264,0,"LINESTRING (-3.5314 50.725457, -3.531458 50.725418)"
13495660308,13541593253,0,"LINESTRING (-3.531426 50.72524, -3.531499 50.725195)"
13541593253,13495660308,0,"LINESTRING (-3.531499 50.725195, -3.531426 50.72524)"
13541593253,62141562,0,"LINESTRING (-3.531499 50.725195, -3.531493 50.725191, -3.531504 50.725169)"
13541593253,13541593257,0,"LINESTRING (-3.531499 50.725195, -3.531587 50.725257, -3.531655 50.725306)"
13541593257,2020242586,0,"LINESTRING (-3.531655 50.725306, -3.531748 50.725371)"
13541593257,13541593253,0,"LINESTRING (-3.531655 50.725306, -3.531587 50.725257, -3.531499 50.725195)"
13541593257,13541593264,0,"LINESTRING (-3.531655 50.725306, -3.531594 50.725346, -3.531505 50.725404, -3.531526 50.725417, -3.531578 50.725382, -3.531599 50.725395, -3.531529 50.72544, -3.531471 50.725408, -3.531458 50.725418)"
13541593264,13495660307,0,"LINESTRING (-3.531458 50.725418, -3.5314 50.725457)"
13541593264,13541593266,0,"LINESTRING (-3.531458 50.725418, -3.531446 50.725411)"
13541593264,13541593257,0,"LINESTRING (-3.531458 50.725418, -3.531471 50.725408, -3.531529 50.72544, -3.531599 50.725395, -3.531578 50.725382, -3.531526 50.725417, -3.531505 50.725404, -3.531594 50.725346, -3.531655 50.725306)"
13541593264,13541593265,0,"LINESTRING (-3.531458 50.725418, -3.531465 50.725422, -3.53148 50.72543, -3.531575 50.725483)"
13541593265,9410976548,0,"LINESTRING (-3.531575 50.725483, -3.531694 50.725406)"
13541593265,2020242485,0,"LINESTRING (-3.531575 50.725483, -3.531556 50.725495)"
13541593265,13541593264,0,"LINESTRING (-3.531575 50.725483, -3.53148 50.72543, -3.531465 50.725422, -3.531458 50.725418)"
13541593266,13541593264,0,"LINESTRING (-3.531446 50.725411, -3.531458 50.725418)"
13546738012,7644003298,0,"LINESTRING (-3.524973 50.727236, -3.524987 50.727229, -3.524958 50.727201, -3.525105 50.72713, -3.52513 50.727109, -3.52506 50.727022, -3.524956 50.726892, -3.524823 50.726727)"
