edge_id,from_node,to_node,key,length,travel_time,access_score
0,21761594,3297556863,0,20.386327912588143,2.280151505751343,0.010539365446812783
1,21761594,497693629,0,12.841194547715132,1.4362502756339395,0.010539365446812783
2,21761594,376042422,0,8.551931363436312,0.9565086590891522,0.01158626170940674
3,21761609,174022412,0,52.058838883359776,3.881753182051756,0.004763780491726436
4,21761609,5784302000,0,15.966584098278167,1.190544006731567,0.005072444195786129
5,21761609,5784256589,0,28.4298770178994,2.1198660582275517,0.004763780491726436
6,21761614,21761636,0,28.234159572759076,2.1052724400879175,0.006276669121265752
7,21761614,563661380,0,17.71700088900665,1.3210633593154946,0.006250331890300119
8,21761614,5784256586,0,20.975655348891493,1.564044044059664,0.006039884532932274
9,21761636,5784256586,0,30.897466037487753,2.3038611632709873,0.006276669121265752
10,21761636,21761614,0,28.234159572759076,2.1052724400879175,0.006276669121265752
11,21761636,1786461708,0,19.7748858568349,2.211763489523831,0.007163630613637182
12,21761641,6531967633,0,6.566605627444189,0.7344557476605031,0.019827037701227374
13,21761641,6212403293,0,8.81154637876016,0.9855458437476411,0.018507626123265244
14,21761641,497693629,0,53.5351880505618,5.9877551350871325,0.018507626123265244
15,21761641,6212412132,0,50.06600183154393,5.599736742812524,0.06558186636172529
16,21761693,1875951316,0,14.946379967254236,1.6717091441869107,0.06299616569514728
17,21761693,1875951317,0,9.528642689670683,1.0657509812349926,0.06299616569514728
18,21761693,1875951315,0,12.425623889299434,1.3897699057215371,0.09416205899160204
19,21761693,1875951314,0,14.076482287120257,1.5744136178070804,0.08549200858361249
20,30792310,40931643,0,48.96289030635261,5.476356925909672,0.04016541372234796
21,30792310,2020242481,0,6.214666620461515,0.695092392958028,0.05035363166459432
22,30792310,54212216,0,65.58222481152325,7.335181171209431,0.044204747827952216
23,34699806,34918740,0,26.630414695317825,2.9785344583227964,0.013045402498342072
24,34699806,324160573,0,42.99618426013552,4.8089982022595565,0.013045402498342072
25,34699806,497694168,0,29.72311967654598,3.324444518733318,0.02117449797759801
26,34699810,8984062212,0,10.698042877284582,1.1965449923019529,0.026918162362399016
27,34699810,628029353,0,9.634576677564514,1.0775993897881198,0.02160176553227687
28,34699810,8984079217,0,10.943871352330603,1.2240401925133961,0.02160176553227687
29,34699810,6873422367,0,8.125919304388411,0.9088604488733979,0.023743908007349025
30,34700215,7644003303,0,13.449887734319466,1.504330838839216,0.04365114964668791
31,34700215,1875951316,0,121.18637523776441,13.55434373270881,0.04172445161345549
32,34700215,315875802,0,39.14170279752115,4.377885657197241,0.07178681120066127
33,34702928,299022772,0,41.992334047283066,4.696720474549164,0.04247447951748728
34,34702928,3329242110,0,18.32678094305355,2.049797165142008,0.04285599986368061
35,34702928,9721565962,0,22.401790892576628,2.5055751802998705,0.03417059744290694
36,34917448,9797141046,0,5.888300640961886,0.6585893070284338,0.00308578867655711
37,34917448,5666896496,0,8.386493483959871,0.9380049132643051,0.0030689966348253677
38,34917448,174022412,0,71.31598893936223,5.317657345696663,0.003877379153672096
39,34917754,1513241812,0,6.673030161271889,0.7463590223501188,0.0052544210954693785
40,34917754,838035987,0,30.918422004793324,3.458135608922166,0.0052289026837882505
41,34918242,838035987,0,33.874379345077884,3.7887508432736525,0.004509833758600582
42,34918242,332087879,0,27.98968920709278,3.130565360505985,0.003914978731065874
43,34918243,332087879,0,6.918280357031246,0.7737895437046394,0.0035341600524525715
44,34918675,34918740,0,40.026765543720764,4.476877352125554,0.009698683449586848
45,34918675,4164010935,0,92.53924155592969,10.350245119159,0.00782051193918843
46,34918740,34918675,0,40.026765543720764,4.476877352125554,0.009698683449586848
47,34918740,34699806,0,26.630414695317825,2.9785344583227964,0.013045402498342072
48,34919266,12858024637,0,45.079433159555414,5.042003534815499,0.013763966984514013
49,34919266,762653565,0,103.26473094125478,11.549859923587224,0.21308863540173745
50,34919266,12241767039,0,56.2842339092455,6.295227921796632,0.013577022534728493
51,34920974,959491872,0,16.66542183908737,1.8639789796038915,0.007277455629688113
52,34920974,343132404,0,15.661518815812144,1.751695345201254,0.006668872550038718
53,34920974,343132380,0,16.54543333402635,1.8505586141677604,0.006898046750323614
54,34920978,343133257,0,13.808708017119917,1.5444638442352676,0.05896954940095116
55,34920978,2402758005,0,61.59943841091995,6.889718091867221,0.051764897231734615
56,34920978,1677444722,0,91.20429073997572,10.200934751634602,0.05176580946721685
57,36670547,59996735,0,80.31930241090572,8.983480454076226,0.005350754157253709
58,36670547,11991995390,0,91.13372695186804,10.19304239709213,0.006347705114093695
59,36670551,1875951314,0,26.991895791473137,3.018965067956532,0.10415611617244158
60,36670551,10068852034,0,102.18391921048875,11.42897427385635,0.07601605057559294
61,36670551,84914575,0,34.27424090550821,3.8334741962490697,0.07601605057559294
62,36670781,41437537,0,37.194526305530594,4.160099627794939,0.027893083344671124
63,36670781,3297556862,0,10.538932479426583,1.1787489568995893,0.021744719737491647
64,36670781,762653565,0,77.07999068323086,8.62117285532054,0.059988529616093765
65,36670915,5783907569,0,20.898878463541447,2.3374787946844426,0.039750888576662397
66,36670915,5781609899,0,10.997517382910194,1.2300403450630912,0.022355746316105568
67,36670915,1479619195,0,27.085195288462188,2.423520276348413,0.0219507730993458
68,36670916,59817557,0,33.14883739390615,3.707601085477965,0.011804468077186473
69,36670916,36671018,0,63.069066114168706,7.05409167767555,0.011205478881001396
70,36670916,1479619195,0,18.773513998500913,2.0997629585607545,0.014091893863325912
71,36670922,3518325224,0,30.63103139589123,3.4259918048767957,0.008278692774621258
72,36671018,9773108243,0,3.394123689694295,0.37962286660679107,0.008697288312647003
73,36671018,36670916,0,63.069066114168706,7.05409167767555,0.011205478881001396
74,36671018,986600684,0,58.37393321947317,6.52895471404748,0.008505568499446276
75,36671159,40929978,0,1.8828877130344117,0.21059551638944793,0.009525593815008565
76,36671159,40927408,0,32.771247861982744,3.665368794137283,0.009364375417311908
77,36671794,743366623,0,39.26196182172208,4.391336279412664,0.011070265077978706
78,36671794,445773003,0,70.38196698610057,7.87201837865094,0.01828112202949581
79,36671794,1786461764,0,20.73090395734901,2.3186913345364077,0.011070265077978706
80,40926521,5679453049,0,3.713856356538241,0.4153840358015605,0.013621811763060734
81,40926521,248779246,0,48.355556285842965,5.408428381480443,0.013621811763060734
82,40926521,40927408,0,107.40360654160654,12.012781126107086,0.013748000573542363
83,40926521,106201157,0,35.63647334152956,3.9858359336593394,0.02610008077807693
84,40926542,40927969,0,46.50971896966882,5.201976844259378,0.013849723331931074
85,40926542,62147659,0,74.96703344525945,8.384844731471722,0.019046390682945013
86,40926542,292271934,0,37.39176183025108,4.1821598477917625,0.01974840192530654
87,40927408,5679453050,0,3.1893608154382846,0.35672073444945834,0.00817280494960624
88,40927408,36671159,0,32.771247861982744,3.665368794137283,0.009364375417311908
89,40927408,40926521,0,107.40360654160654,12.012781126107086,0.013748000573542364
90,40927417,10151804984,0,8.59558474511151,0.9613911629115489,0.019123119663478873
91,40927418,59741712,0,21.017913388628585,2.350792504972937,0.017190757145374602
92,40927418,10151804984,0,22.169836266139182,2.479631729718427,0.016631907011524755
93,40927418,9410998081,0,4.484371296625135,0.5015638916528045,0.014405709980640813
94,40927969,40926542,0,46.50971896966882,5.201976844259378,0.013849723331931074
95,40927969,5218741405,0,49.59743773430009,5.547329210840479,0.013628379725363324
96,40927969,59741696,0,32.26697400741388,3.6089672296310904,0.023531260467276938
97,40929610,10159677997,0,26.90199878179222,3.00891034879056,0.09698728299199659
98,40929610,2020242481,0,60.184017925323396,6.731407425751061,0.40173023115780476
99,40929610,5218483197,0,9.492657124615658,1.061726100408129,0.06193167377323932
100,40929978,36671159,0,1.8828877130344117,0.21059551638944793,0.009525593815008565
101,40929978,1786461615,0,53.80170877033008,6.0175647027100645,0.018411272644198246
102,40929986,8993433312,0,5.719317473296478,0.6396890310272324,0.024253437272324922
103,40929986,106201157,0,77.34685704281019,8.651021081751423,0.10271049545076205
104,40930365,40931643,0,70.05080976335333,7.834979406094176,0.07135480034946534
105,40930365,75266375,0,11.26352060357787,1.2597920319161997,0.02907259933430714
106,40930365,5218476452,0,34.35059535378853,3.8420142192960696,0.02907259933430714
107,40931643,10693280265,0,53.56512427803137,5.991103415092924,0.025995188214646435
108,40931643,30792310,0,48.96289030635261,5.476356925909672,0.04016541372234796
109,40931643,40930365,0,70.05080976335331,7.834979406094174,0.07135480034946536
110,40932208,10693280283,0,12.307593076384878,1.3765685024601877,0.09110726619124386
111,40932208,10693280265,0,17.91464943179543,2.003701453840194,0.04684296639245373
112,40932208,10075493350,0,15.026505492042926,1.6806709511773317,0.05377231798304127
113,40933558,10081847575,0,16.90910547503799,1.8912342857984257,0.010935535300347172
114,41436222,12680199227,0,10.061104520234075,1.1253052889023658,0.07914988560196778
115,41436222,41437050,0,66.10891437236292,7.394089867290521,0.18072559269498187
116,41436222,9773201158,0,19.748399939310502,2.208801116653964,0.060466979262096286
117,41436223,959306928,0,8.185808700616683,0.9155589037189177,0.038782857251434225
118,41436223,41436787,0,18.68874926906352,2.090282270018414,0.04072677439659601
119,41436223,41437050,0,8.2924791257765,0.9274896806391255,0.05604525931890333
120,41436787,9773096890,0,46.498002180522036,5.20066635545874,0.04072677439659601
121,41436787,41436223,0,18.688749269063525,2.0902822700184145,0.04072677439659601
122,41436787,41437044,0,45.554718735008755,5.095162844583231,0.05147194841452803
123,41437044,41437050,0,59.8209375980923,6.570603971679412,0.19723598936036726
124,41437044,41436787,0,45.554718735008755,5.095162844583231,0.05147194841452803
125,41437044,342384459,0,16.922727736296387,1.8927578961147737,0.027870251998304504
126,41437050,41437044,0,59.8209375980923,6.570603971679412,0.19723598936036726
127,41437050,41436223,0,8.2924791257765,0.9274896806391255,0.05604525931890333
128,41437050,41436222,0,66.10891437236292,7.394089867290521,0.18072559269498187
129,41437537,9773201158,0,4.546488554942751,0.5085115263957245,0.03030547546153848
130,41437537,36670781,0,37.194526305530594,4.160099627794939,0.027893083344671124
131,41437537,2562840010,0,29.443352230017958,3.2931533432358813,0.0353548596321272
132,41437657,376042422,0,30.660349082328466,3.42927090286647,0.017935703268040126
133,41437657,9773201158,0,56.25911037251996,6.292417927258127,0.03030547546153848
134,41437657,59817531,0,28.277256813120946,3.162728961165304,0.0336696730331393
135,41438063,59817531,0,67.53005806156922,7.553040657090771,0.06095634532439067
136,41438063,959306928,0,41.97086874952177,4.694319643402836,0.031319084909655945
137,41438063,62147659,0,5.660196191489379,0.6330764875465025,0.02123289327882626
138,41438275,1479619192,0,7.3709153993041445,0.8244154571903677,0.03838428472705336
139,41438275,59996816,0,21.06518051119091,2.356079195206957,0.03007089213460751
140,41438275,59996025,0,29.001297719490577,3.243710831464019,0.03007089213460751
141,41438280,2906051676,0,33.85660972956779,3.7867633634422826,0.014621412358799518
142,41438280,3597229443,0,13.118796684509382,1.4672992675330814,0.010518012201113628
143,41438280,5218704433,0,92.94075363749705,10.395153078124865,0.014091314127194972
144,54212215,62142185,0,41.227991637065834,4.611230998217811,0.10011869940362228
145,54212215,54212216,0,41.69774807025307,4.663771889498523,0.12197489783550272
146,54212215,62143010,0,40.71361599972016,4.553699578677986,0.23682764644816226
147,54212215,54212504,0,66.9204689784142,7.484859890461033,0.10011869940362228
148,54212216,59743605,0,33.37768283825211,3.7331967830821213,0.04801434347271077
149,54212216,54212215,0,41.69774807025307,4.663771889498523,0.12197489783550274
150,54212216,30792310,0,65.58222481152325,7.335181171209431,0.044204747827952216
151,54212504,106201139,0,20.60488853363285,2.3045968757713804,0.03908809432457294
152,54212504,2020242481,0,36.05013457816551,4.032102740297137,0.07426481779915164
153,54212504,54212215,0,66.9204689784142,7.484859890461033,0.10011869940362228
154,54212836,8963647388,0,33.87150359557748,3.7884291990529952,0.2091508762022874
155,54212836,54212837,0,50.54016505071969,5.6527705202937515,0.17910262479192637
156,54212836,62141562,0,21.935728793720383,2.45344748957316,0.05637921488216631
157,54212837,54212836,0,50.54016505071969,5.6527705202937515,0.1791026247919264
158,54212837,62142577,0,41.452774293721056,4.6363722848309195,0.08020168696278178
159,59741696,8000006736,0,4.604180681339632,0.5149642229989524,0.02617414351481953
160,59741696,2402766418,0,22.95132791079564,2.5670392980620726,0.023531260467276938
161,59741696,40927969,0,32.26697400741388,3.6089672296310904,0.023531260467276938
162,59741712,40927418,0,21.017913388628585,2.350792504972937,0.017190757145374602
163,59741712,5218476452,0,26.776163711207687,2.9948360619989467,0.018689504372734447
164,59741712,9410998084,0,8.660815814473633,0.9686870683666933,0.017190757145374602
165,59741713,59741714,0,20.323393716730948,2.2731124989197875,0.01353372229365145
166,59741713,9410998084,0,8.382033991285308,0.9375061319741979,0.015267915277802933
167,59741714,59741713,0,20.323393716730948,2.2731124989197875,0.01353372229365145
168,59741714,9410998081,0,7.998181223256268,0.8945733158848524,0.013690994102398938
169,59741714,106201148,0,33.554624698147734,3.752987215670146,0.014099325095348931
170,59741717,9410998076,0,65.70322095043807,7.348714237562512,0.019327146498738068
171,59741717,1996169484,0,6.763020832768835,0.7564242173179009,0.00863194806147756
172,59741717,248779144,0,117.13291719297753,13.100976235435619,0.008571311669102652
173,59743605,54212216,0,33.37768283825211,3.7331967830821213,0.04801434347271077
174,59743605,62142577,0,17.519788891386124,1.9595374504141465,0.04930732619682093
175,59743605,3805308258,0,49.13070762134576,5.495126804679085,0.22120298327180155
176,59817390,59996411,0,3.711887396709214,0.41516381336924363,0.010299430213492665
177,59817390,760487643,0,13.374271469542286,1.4958733794708463,0.010299430213492665
178,59817390,59996025,0,57.04187346795149,6.379967703674344,0.022841729358314005
179,59817392,59996816,0,34.41573610242292,3.8493000226404157,0.01845247491809854
180,59817392,494926562,0,61.96261946949889,6.9303388373555626,0.011297401404339923
181,59817392,760487643,0,34.09435812571233,3.8133548303206415,0.011297401404339923
182,59817531,41438063,0,67.53005806156922,7.553040657090771,0.06095634532439067
183,59817531,5094813861,0,68.95199142875963,7.712079770077631,0.0336696730331393
184,59817531,41437657,0,28.277256813120946,3.162728961165304,0.0336696730331393
185,59817539,62147663,0,52.77047759355316,5.902224493792219,0.007478768321422305
186,59817539,1786461652,0,17.838181265897195,1.995148711808254,0.008377579554292818
187,59817539,59817540,0,46.49265657026679,5.200068464493533,0.008100355350591039
188,59817540,299022718,0,7.929962555625204,0.8869432562494792,0.008541407465308598
189,59817540,59817539,0,46.49265657026679,5.200068464493533,0.008100355350591039
190,59817540,10159677944,0,66.7782836501655,7.468956874886469,0.008269916099257224
191,59817555,1479619195,0,33.9997740612086,3.8027758776998946,0.014261968180999387
192,59817555,59817557,0,11.347840687778088,1.2692229881815253,0.013527898629455005
193,59817555,9629666235,0,12.24927223132498,1.37004548550244,0.016115381770829988
194,59817555,1786461667,0,48.508774926290485,5.425565440946158,0.013527898629455005
195,59817557,59817555,0,11.347840687778088,1.2692229881815253,0.013527898629455005
196,59817557,36670916,0,33.14883739390615,3.707601085477965,0.011804468077186473
197,59817557,3518325224,0,45.27037287000215,5.063359586290273,0.011804468077186473
198,59817616,59817617,0,42.882387929536684,4.796270413533874,0.01297715349238168
199,59817616,59817617,1,50.156447286428545,5.6098528039799795,0.01297715349238168
200,59817616,248779246,0,43.35482773339501,4.849111432022508,0.010475619846533411
201,59817617,445773003,0,15.338485809868635,1.7155650426736144,0.01571169710187244
202,59817617,59817616,0,50.156447286428545,5.6098528039799795,0.01297715349238168
203,59817617,59817616,1,42.88238792953668,4.796270413533873,0.01297715349238168
204,59996025,795238613,0,21.146023300854456,2.365121226188253,0.022841729358314005
205,59996025,59817390,0,57.0418734679515,6.379967703674345,0.022841729358314005
206,59996025,41438275,0,29.001297719490577,3.243710831464019,0.03007089213460751
207,59996188,59996190,0,73.09242219339882,8.175174913201554,0.005577758482030241
208,59996190,59996364,0,26.107848006156583,2.9200868934520896,0.006454556191288571
209,59996190,59996188,0,73.09242219339882,8.175174913201554,0.005577758482030241
210,59996190,315875791,0,60.38274879291505,6.75363489550046,0.005577758482030241
211,59996364,59996190,0,26.107848006156583,2.9200868934520896,0.006454556191288571
212,59996364,760487643,0,96.94584827901333,10.843111269354146,0.009832715172473768
213,59996364,59996411,0,63.08237011083964,7.055579691023113,0.010233451385102909
214,59996411,59817390,0,3.711887396709214,0.41516381336924363,0.010299430213492665
215,59996411,2081303102,0,35.440366214580806,3.9639019216725773,0.010900920708540679
216,59996411,59996364,0,63.08237011083964,7.055579691023113,0.010233451385102909
217,59996729,11991995390,0,9.692352450971002,1.0840614420661767,0.006764350367384832
218,59996729,59996788,0,44.43410430198579,4.969825378327416,0.00967878287967398
219,59996729,59996735,0,117.03110129282227,13.089588423023109,0.006764350367384832
220,59996735,494926562,0,36.53885684266292,4.086764904668576,0.006651254686682862
221,59996735,36670547,0,80.31930241090572,8.983480454076226,0.005350754157253709
222,59996735,59996729,0,117.03110129282224,13.089588423023105,0.006764350367384832
223,59996788,318323627,0,34.193442534394244,3.824437133353402,0.014473069894770742
224,59996788,59996729,0,44.43410430198579,4.969825378327416,0.00967878287967398
225,59996816,1787913803,0,24.673072375956384,2.710037553008239,0.01845247491809854
226,59996816,41438275,0,21.06518051119091,2.356079195206957,0.03007089213460751
227,59996816,59817392,0,34.41573610242292,3.8493000226404157,0.01845247491809854
228,59997016,343133257,0,282.78799476598357,31.629015035901087,0.15076676714769394
229,62141049,1630309392,0,32.112740176961324,3.5917166241148784,0.007431100221687863
230,62141049,75258004,0,49.67177726209894,5.555643870889813,0.007431100221687863
231,62141049,2020242352,0,94.46981411551558,10.566174046996162,0.01830589063794558
232,62141055,2420694446,0,5.031892287817591,0.5628025226534894,0.008035129944994312
233,62141055,2020242304,0,11.941903505929298,1.335667187211698,0.008484063559232253
234,62141055,75258004,0,13.188923445444424,1.4751427418569083,0.00785034519067853
235,62141060,2020242688,0,36.51863943093382,4.08450364594684,0.013441659794963142
236,62141060,62143009,0,46.767989768401435,5.230863682200318,0.02611385886929462
237,62141060,2020242352,0,103.09810617268002,11.531223427667495,0.01830589063794558
238,62141562,62143009,0,48.31473535315955,5.403862678842706,0.026906776258388953
239,62141562,54212836,0,21.935728793720383,2.45344748957316,0.05637921488216631
240,62141562,13541593253,0,3.2288061336331886,0.3611325786061205,0.02542539235425807
241,62142185,54212215,0,41.227991637065834,4.611230998217811,0.10011869940362228
242,62142185,306495559,0,15.86187440180413,1.7741045349800189,0.02073647481476066
243,62142185,2020242415,0,43.94145543030346,4.9147240343585725,0.02056467010890056
244,62142577,59743605,0,17.519788891386124,1.9595374504141465,0.04930732619682093
245,62142577,54212837,0,41.452774293721056,4.6363722848309195,0.08020168696278177
246,62142577,8963647388,0,41.7633642308889,4.671110866293016,0.1715638328590131
247,62143009,62141562,0,48.31473535315955,5.403862678842706,0.026906776258388953
248,62143009,306496592,0,76.84236648641897,8.59459527977644,0.02611385886929462
249,62143009,62141060,0,46.76798976840144,5.230863682200319,0.02611385886929462
250,62143009,62143010,0,41.60297271735241,4.653171541826733,0.23682764644816226
251,62143010,8963647388,0,10.879003605935743,1.2167849236758137,0.23790749437978764
252,62143010,54212215,0,40.71361599972017,4.553699578677987,0.23682764644816226
253,62143010,62143009,0,41.6029727173524,4.653171541826732,0.23682764644816226
254,62147659,6873148262,0,72.16730059257326,8.071702751850564,0.019046390682945013
255,62147659,41438063,0,5.660196191489379,0.6330764875465025,0.02123289327882626
256,62147659,40926542,0,74.96703344525945,8.384844731471722,0.019046390682945013
257,62147663,59817539,0,52.77047759355316,5.902224493792219,0.007478768321422305
258,62147663,659867225,0,3.130133515415197,0.35009633313950783,0.007483171811969738
259,62147663,6873148262,0,55.47823606778038,6.205079406589328,0.010163308065782556
260,62150371,293210688,0,11.886899797022872,1.3295151822884643,0.005072786352478753
261,62150371,62150372,0,6.98242212525806,0.7809636139948369,0.004800931243414616
262,62150371,9797141055,0,66.87400754456006,7.479663314166561,0.005265391568970283
263,62150372,62150371,0,6.98242212525806,0.7809636139948369,0.004800931243414616
264,75258004,62141049,0,49.67177726209894,5.555643870889813,0.007431100221687863
265,75258004,62141055,0,13.188923445444424,1.4751427418569083,0.00785034519067853
266,75258004,1630309399,0,4.780129348611656,0.5346435698796389,0.00711491367281945
267,75266375,40930365,0,11.26352060357787,1.2597920319161997,0.02907259933430714
268,84914575,2268591156,0,19.795960712044284,2.214120650805903,0.021810428298174568
269,84914575,7644003306,0,5.103536369536893,0.5708157048955727,0.021850442111943168
270,84914575,36670551,0,34.27424090550821,3.8334741962490697,0.07601605057559294
271,99376015,106201159,0,15.978809511950207,1.7871833870723637,0.013594248924068911
272,106201139,2420683599,0,29.41412436099447,3.2898842910627994,0.06347975987731017
273,106201139,292271934,0,21.9043847602684,2.4499417505612935,0.025329077545093996
274,106201139,54212504,0,20.604888533632845,2.30459687577138,0.03908809432457294
275,106201148,106201159,0,22.499378017713294,2.5164900165213027,0.014111802216492034
276,106201148,10081847575,0,21.241842932267943,2.375838373375564,0.014099325095348931
277,106201148,59741714,0,33.554624698147734,3.752987215670146,0.014099325095348931
278,106201148,1996169476,0,38.79202964970396,4.33877573225466,0.027176853774419647
279,106201152,2402766423,0,11.165328765282103,1.248809560286067,0.058517199871621996
280,106201152,10159677997,0,20.81814549950659,2.3284490473804085,0.07347817017907916
281,106201152,10061817910,0,16.223497948266115,1.8145510772663955,0.11407230324832761
282,106201157,445773003,0,37.603512973223644,4.205843597487329,0.02610008077807693
283,106201157,40929986,0,77.3468570428102,8.651021081751425,0.10271049545076205
284,106201157,1786461615,0,53.220289661579685,5.952534665816014,0.028514061368279116
285,106201157,40926521,0,35.63647334152956,3.9858359336593394,0.02610008077807693
286,106201159,106201148,0,22.499378017713294,2.5164900165213027,0.014111802216492032
287,106201159,99376015,0,15.978809511950207,1.7871833870723637,0.013594248924068911
288,106201159,1996169484,0,77.1463983861209,8.628600363814833,0.013594248924068911
289,106201159,1996169476,0,37.093101108597686,4.14875551440192,0.027176853774419647
290,174022412,21761609,0,52.058838883359776,3.881753182051756,0.004763780491726436
291,174022412,5784256589,0,48.54440140138155,3.61970010573638,0.004659581690069095
292,174022412,34917448,0,71.31598893936223,5.317657345696663,0.003877379153672096
293,174022414,6210838921,0,12.11064754753945,0.903027145105903,0.005574422378188645
294,174022414,6210838922,0,12.03115038234043,0.8970994605744289,0.005426907422770792
295,174022414,760697797,0,28.759864228132557,2.144471464933393,0.005426907422770792
296,248779144,5679453050,0,23.472294921667114,2.6253079435669786,0.00804051716424718
297,248779144,59741717,0,117.13291719297753,13.100976235435619,0.008571311669102652
298,248779246,59817616,0,43.354827733395005,4.849111432022507,0.010475619846533411
299,248779246,40926521,0,48.355556285842965,5.408428381480443,0.013621811763060734
300,248779246,1786461652,0,30.749068403384573,3.439193900983772,0.010475619846533411
301,248779248,1786461750,0,24.71302399869294,2.764079883532833,0.0076262324639867615
302,273442897,1786461708,0,8.304275030317939,0.9288090182666368,0.007163630613637182
303,273442897,6531967634,0,20.834220751684047,2.33024701759922,0.008364658054708667
304,273442897,1786461679,0,21.923282357973815,2.4520553919217116,0.007125708240471272
305,273442897,5614580371,0,72.35280315904109,8.092450674579268,0.007125708240471272
306,273442898,13347074295,0,25.467614267143706,2.8484786111610148,0.013212537842654366
307,273442898,6531967634,0,20.245044171287194,2.2643493300556097,0.009962910062334516
308,273442898,359236562,0,9.446294696508977,1.056540597618661,0.010104070314583522
309,273442898,2395302286,0,14.763962851430932,1.6513063201421503,0.009962910062334516
310,276915061,385140592,0,20.660480984788002,2.269303087950667,0.011966891664018955
311,288334082,10226133766,0,10.037156271917242,1.1226267469553382,0.009501161550071373
312,288334082,1479577755,0,76.1754247496046,8.519999785582183,0.03093435855700648
313,288334082,292265711,0,10.580263216835284,1.183371679713641,0.009501161550071373
314,292262198,376947108,0,5.7283989203482335,0.6407047644765445,0.005630204067454645
315,292262198,1513241812,0,36.864328254859885,4.123167935846235,0.005461472920791285
316,292262198,5666896496,0,177.16019721997205,19.814852982958836,0.005461472920791285
317,292262646,380467929,0,36.034784969556746,4.030385931201744,0.1369038680593386
318,292262646,3297556862,0,68.92883253492323,7.709489515134267,0.1369038680593386
319,292262646,1479619192,0,39.55844225623364,4.424496754024666,0.16337011714593022
320,292265711,288334082,0,10.580263216835284,1.183371679713641,0.009501161550071373
321,292271934,2420683607,0,27.13078081222323,3.034498953732699,0.028330938118717456
322,292271934,40926542,0,37.39176183025108,4.1821598477917625,0.01974840192530654
323,292271934,106201139,0,21.9043847602684,2.4499417505612935,0.025329077545093996
324,292915464,3329242110,0,13.088106746856191,1.4638666872345896,0.04282570939298998
325,292915464,6212410506,0,13.652736431188064,1.527018875821052,0.03719312985387924
326,292915464,3297556876,0,16.895445149335245,1.8897064180846461,0.06386446932569183
327,293149132,10693280283,0,21.94706693244185,2.4547156274246174,0.10472832783829741
328,293210688,760697815,0,8.019592019001447,0.5979787007594254,0.005154018921395323
329,293210688,62150371,0,11.886899797022872,1.3295151822884643,0.005072786352478753
330,293210688,6210838923,0,70.00319109486301,7.829653396470195,0.005675376784830616
331,293999787,653302368,0,15.2156083643949,1.7018215576516351,0.004875787161593051
332,294000690,1677444731,0,14.099146230530547,1.5769485139843034,0.005571519901587619
333,294000690,343132404,0,27.11766602997037,3.0330321034676744,0.006212317682347581
334,294000690,959491872,0,44.695436374648565,4.999054610857086,0.007277455629688113
335,299022718,59817540,0,7.929962555625204,0.8869432562494792,0.008541407465308598
336,299022718,1786461633,0,15.381370552547756,1.7203615764590432,0.009825526212026595
337,299022718,2912652704,0,92.63527803583852,10.174861013868792,0.008593506729939675
338,299022771,3297556863,0,36.68326141578737,4.1029161363302515,0.011246867993563543
339,299022771,1479619169,0,45.70324746154646,5.111775350813604,0.01169272544839768
340,299022771,299022772,0,48.72197859610482,5.449411651545893,0.02357774071520805
341,299022772,4164003877,0,130.8176960344156,14.631578961682932,0.057539044958243066
342,299022772,34702928,0,41.992334047283066,4.696720474549164,0.04247447951748728
343,299022772,299022771,0,48.721978596104826,5.449411651545894,0.02357774071520805
344,306495559,959306935,0,48.40412001082174,5.413860092924997,0.020125609864059035
345,306495559,62142185,0,15.86187440180413,1.7741045349800189,0.020736474814760656
346,306495559,10315489210,0,21.342629866923286,2.3871110989885245,0.02300307869737466
347,306496327,306496592,0,6.3550069641721665,0.7107890523761232,0.012309000110406748
348,306496327,9773096890,0,29.429369718352536,3.291589439958901,0.015708378514789494
349,306496327,6873148239,0,12.557006778317565,1.4044646998752046,0.014311871839442637
350,306496592,306496327,0,6.3550069641721665,0.7107890523761232,0.012309000110406748
351,306496592,62143009,0,76.84236648641895,8.594595279776438,0.02611385886929462
352,306496592,959306935,0,14.867928303515173,1.6629345536883018,0.011438530261097707
353,315875791,59996190,0,60.38274879291505,6.75363489550046,0.005577758482030241
354,315875791,5332097150,0,32.7117286885934,3.6587117476399107,0.00421997109564329
355,315875802,7644003297,0,8.211854638124688,0.9184720661031504,0.07178681120066127
356,315875802,34700215,0,39.141702797521155,4.3778856571972415,0.07178681120066127
357,315875802,1479619169,0,85.74839090591524,9.590708217694672,0.07178681120066127
358,318323627,2268591156,0,3.4409130911353016,0.3848561251223199,0.015233051594338243
359,318323627,59996788,0,34.193442534394244,3.824437133353402,0.014473069894770742
360,318323627,2713946643,0,52.83888034118365,5.909875142240334,0.014473069894770742
361,324160573,34699806,0,42.99618426013552,4.8089982022595565,0.013045402498342072
362,324160573,324160576,0,33.98099599429698,3.8006756055112394,0.01142933410103932
363,324160573,10251460968,0,41.46760409580192,4.638030955077452,0.012904428707748139
364,324160575,10251460968,0,16.62280012231895,1.8592118645018525,0.012560198922610526
365,324160575,324160576,0,24.59641980847138,2.751038043871928,0.012560198922610526
366,324160575,10251460971,0,14.211418814238622,1.5895058760504008,0.014392910528857123
367,324160576,324160573,0,33.98099599429698,3.8006756055112394,0.01142933410103932
368,324160576,324160575,0,24.59641980847138,2.751038043871928,0.012560198922610526
369,324160576,8984079217,0,42.46737940548313,4.7498529167155255,0.018854434732635997
370,332087879,34918243,0,6.918280357031246,0.7737895437046394,0.0035341600524525715
371,332087879,34918242,0,27.98968920709278,3.130565360505985,0.003914978731065874
372,342384459,2020242352,0,5.321978397545921,0.5952478106293673,0.019544347067281354
373,342384459,2402763382,0,21.73831043154977,2.4313668197391225,0.019544347067281354
374,342384459,41437044,0,16.922727736296387,1.8927578961147737,0.027870251998304504
375,343132380,1630309399,0,17.350828500001047,1.9406397218736804,0.0070163143482677715
376,343132380,34920974,0,16.54543333402635,1.8505586141677604,0.006898046750323614
377,343132380,343132383,0,15.747731259021126,1.7613379563198597,0.006589466718016307
378,343132383,959491870,0,20.41628293062288,2.283501887427218,0.006149057522191103
379,343132383,343132380,0,15.747731259021126,1.7613379563198597,0.006589466718016307
380,343132383,343132404,0,15.82001393625361,1.769422563613438,0.006212317682347581
381,343132404,294000690,0,27.11766602997037,3.0330321034676744,0.006212317682347581
382,343132404,343132383,0,15.82001393625361,1.769422563613438,0.006212317682347581
383,343132404,34920974,0,15.661518815812144,1.751695345201254,0.006668872550038718
384,343133257,34920978,0,13.808708017119917,1.5444638442352676,0.05896954940095116
385,343133257,10671289907,0,9.815158536586036,1.0977969456954322,0.05859027548734
386,343133257,10671289907,1,9.874681696877177,1.1044544381161794,0.0666707405464561
387,343133257,10247208246,0,11.296364769126942,1.2634655563416368,0.05859027548734
388,343133257,59997016,0,282.7879947659836,31.62901503590109,0.15076676714769394
389,343133279,2402758005,0,34.61830429922922,3.87195668650581,0.01328617415973248
390,343133279,2402750301,0,46.90763662941304,5.246482777594758,0.009316352031501078
391,343133279,10671289905,0,121.1525245333522,13.550557629837947,0.031664084506569504
392,343133283,2402750321,0,20.97399418370057,2.3458802695925676,0.005968771280205866
393,343133283,10671289970,0,34.52817279336804,3.861875739623851,0.007168858582077397
394,343133283,2402750301,0,21.8023456076163,2.438528968006098,0.006854183190466457
395,355181645,2395302295,0,5.249788667286351,0.5871735991844752,0.008822786829909817
396,355181645,2395302286,0,36.990003903937,4.137224391805748,0.009845519082943278
397,355181645,1513241731,0,82.70551864394626,9.250371802049491,0.01697606014009376
398,359236561,1513241731,0,9.097103721294786,1.017484602279855,0.01760583052743219
399,359236561,3329242116,0,17.12958563999234,1.915894351223869,0.01760583052743219
400,359236561,6212410506,0,18.554865296397587,2.0753077369303976,0.025638518946507132
401,359236562,6531967635,0,20.616298433047028,2.30587303984768,0.010104070314583522
402,359236562,273442898,0,9.446294696508977,1.056540597618661,0.010104070314583522
403,359236562,3329242116,0,25.637886601306086,2.867523076686776,0.01358894338623995
404,359237293,6210838921,0,10.39736504625717,0.7752767007287834,0.005621305845942952
405,359237293,5784302000,0,19.66343150397694,1.4661984294662613,0.005621305845942952
406,359237293,563661381,0,12.997660603999552,0.9691670327463099,0.005986244155919577
407,359237348,376947108,0,17.285426817582497,1.2888831558961436,0.005630204067454645
408,359237348,5784256588,0,36.18736340118901,2.698300923448545,0.005444922810725541
409,359237348,5784256584,0,27.99537991812957,2.0874678999935057,0.005444922810725541
410,365245885,5218608193,0,50.44361505831691,5.6419716843532415,0.006320005893220584
411,365245885,5218608190,0,101.61760053171683,11.365633176152356,0.006320005893220584
412,365245885,12241767039,0,36.72912811258794,4.108046193014422,0.007741652304215488
413,376042422,21761594,0,8.551931363436312,0.9565086590891522,0.01158626170940674
414,376042422,41437657,0,30.660349082328466,3.42927090286647,0.017935703268040126
415,376042422,6212425622,0,14.047118232639317,1.5711293336865282,0.01158626170940674
416,376947108,292262198,0,5.7283989203482335,0.6407047644765445,0.005630204067454645
417,376947108,5614580371,0,5.093234385365663,0.5696634579180405,0.005784175102904741
418,376947108,359237348,0,17.285426817582497,1.2888831558961436,0.005630204067454645
419,380467923,380467939,0,9.46851746563553,1.0590261497349198,0.013061201579737815
420,380467923,1479619165,0,50.0482220447779,5.59774812535575,0.011793725650981583
421,380467923,2268591192,0,119.63005960151125,13.380274353630698,0.011793725650981583
422,380467929,380467940,0,54.09063256268754,6.049879988867336,0.024214097266104986
423,380467929,292262646,0,36.034784969556746,4.030385931201744,0.1369038680593386
424,380467929,2906051681,0,12.371818110919534,1.3837518858448286,0.02417823895092131
425,380467939,380467940,0,19.920665923962716,2.2280685661906676,0.016482321378440433
426,380467939,380467923,0,9.46851746563553,1.0590261497349198,0.013061201579737815
427,380467939,1787913803,0,31.760569304961816,3.3707715512137377,0.01646597444759141
428,380467940,380467929,0,54.09063256268754,6.049879988867336,0.024214097266104986
429,380467940,380467939,0,19.920665923962716,2.2280685661906676,0.016482321378440433
430,380467940,1479619192,0,48.310727850956994,5.127251514128072,0.03838428472705336
431,380467941,1787913803,0,40.46070896367966,4.52541266199954,0.01646597444759141
432,380467953,1786461615,0,64.33824066470828,7.196045161151461,0.021530242309820084
433,380467953,10884336972,0,11.588002237706098,1.2960843592945541,0.017083087936301512
434,385140592,276915061,0,20.660480984788002,2.269303087950667,0.011966891664018955
435,385140592,2912651587,0,12.030197831941722,1.321371226003086,0.009633495199917994
436,385140592,10159677944,0,45.94621842093811,5.138950946207054,0.009633495199917994
437,445773003,106201157,0,37.603512973223644,4.205843597487329,0.02610008077807693
438,445773003,59817617,0,15.338485809868635,1.7155650426736144,0.01571169710187244
439,445773003,36671794,0,70.38196698610057,7.87201837865094,0.01828112202949581
440,494926562,59817392,0,61.96261946949889,6.9303388373555626,0.011297401404339923
441,494926562,59996735,0,36.53885684266292,4.086764904668576,0.006651254686682862
442,494926562,10592409018,0,77.32114631459035,8.648145411551484,0.007475943239210125
443,494934617,2906051681,0,16.93792722380741,1.8944579146018454,0.019464098568792797
444,494934617,2906051679,0,20.568529586778713,2.3005302332758575,0.014744437614034774
445,494934617,5218704444,0,30.790646716857573,3.4438443144608124,0.01806432382386934
446,496075756,10075493350,0,3.7325702054468337,0.4174771253932855,0.05785613616236247
447,496075756,10693280287,0,6.366606604575761,0.7120864384304356,0.08421278583499577
448,496075756,10693280269,0,22.932195909253995,2.564899439314079,0.05785613616236247
449,497693629,21761594,0,12.841194547715132,1.4362502756339395,0.010539365446812783
450,497693629,21761641,0,53.5351880505618,5.9877551350871325,0.018507626123265244
451,497693629,6212425622,0,7.710813954550807,0.8624321223726157,0.010927417613285037
452,497693629,6212403298,0,8.109324809496202,0.9070044028665891,0.010546827394803776
453,497693979,9721565956,0,7.5857926311037165,0.8484488508324338,0.0084020329482269
454,497693979,9604174477,0,10.952845332859033,1.2250439061445226,0.0084020329482269
455,497693979,8984062210,0,10.184735591516208,1.1391330647799207,0.009178656492645171
456,497694168,34699806,0,29.72311967654598,3.324444518733318,0.02117449797759801
457,497694168,1479577715,0,54.22794625652863,6.065238126297212,0.021487278133104526
458,497694168,1875951317,0,24.48196628923792,2.738236750508175,0.04157853650641102
459,563661380,6210838910,0,13.737568613716723,1.0243380725303584,0.0065106396534794385
460,563661380,563661381,0,19.560602927487892,1.4585310445888047,0.006250331890300119
461,563661380,21761614,0,17.717000889006652,1.3210633593154948,0.006250331890300119
462,563661381,6210838909,0,8.76832395559779,0.6538076942546229,0.006317216890780251
463,563661381,359237293,0,12.997660603999552,0.9691670327463099,0.005986244155919577
464,563661381,563661380,0,19.560602927487892,1.4585310445888047,0.006250331890300119
465,628029353,34699810,0,9.634576677564514,1.0775993897881198,0.02160176553227687
466,628029353,8984079223,0,6.507390711767851,0.7278327315037303,0.01821705858273431
467,628029353,8984062207,0,50.41084237583246,5.638306155100752,0.01821705858273431
468,653302368,293999787,0,15.2156083643949,1.7018215576516351,0.004875787161593051
469,653302368,5782098934,0,9.13443187220502,1.0216596474311854,0.004967485928209858
470,659867225,62147663,0,3.130133515415197,0.35009633313950783,0.007483171811969738
471,659867225,1786461577,0,16.946052353185603,1.8953666866997705,0.007483171811969738
472,659867225,2790168750,0,10.036814940659996,1.1225885700466027,0.007793327570611173
473,743366623,36671794,0,39.26196182172208,4.391336279412664,0.011070265077978706
474,748214214,986600684,0,7.796228144770163,0.8719854512151749,0.006160311078630696
475,760487643,59817390,0,13.374271469542286,1.4958733794708463,0.010299430213492665
476,760487643,59996364,0,96.94584827901333,10.843111269354146,0.009832715172473768
477,760487643,59817392,0,34.09435812571233,3.8133548303206415,0.011297401404339923
478,760697797,174022414,0,28.759864228132557,2.144471464933393,0.005426907422770792
479,760697797,760697815,0,18.262699933081198,1.3617532603239486,0.00532244197093236
480,760697797,760697815,1,27.932626117055793,3.1241830197907485,0.00532244197093236
481,760697815,293210688,0,8.019592019001447,0.5979787007594254,0.005154018921395323
482,760697815,760697797,0,18.262699933081198,1.3617532603239486,0.00532244197093236
483,760697815,760697797,1,27.932626117055797,3.124183019790749,0.00532244197093236
484,762653553,762653565,0,16.17045350349366,1.8086182103401764,0.18419209497523364
485,762653565,762653553,0,16.17045350349366,1.8086182103401764,0.18419209497523364
486,762653565,36670781,0,77.07999068323087,8.621172855320541,0.059988529616093765
487,762653565,34919266,0,103.26473094125478,11.549859923587224,0.2130886354017375
488,795238613,59996025,0,21.146023300854456,2.365121226188253,0.022841729358314005
489,795238613,795238614,0,21.76377756930953,2.4342152450543177,0.040724793727287996
490,795238613,2273119522,0,32.07943392382916,3.5879914165367475,0.021618296277312297
491,795238614,795238613,0,21.76377756930953,2.4342152450543177,0.040724793727287996
492,838035987,34918242,0,33.874379345077884,3.7887508432736525,0.004509833758600582
493,838035987,34917754,0,30.918422004793324,3.458135608922166,0.0052289026837882505
494,959306928,41436223,0,8.185808700616683,0.9155589037189177,0.038782857251434225
495,959306928,2020242415,0,103.52082859061085,11.578503701088618,0.03049004715053894
496,959306928,41438063,0,41.97086874952176,4.694319643402835,0.031319084909655945
497,959306935,2020242415,0,12.538024861789753,1.4023416276996505,0.010855467155629735
498,959306935,306495559,0,48.40412001082174,5.413860092924997,0.020125609864059035
499,959306935,306496592,0,14.867928303515171,1.6629345536883016,0.011438530261097708
500,959491870,2402750321,0,8.247283081733844,0.9224346345160701,0.005543923235334652
501,959491870,343132383,0,20.41628293062288,2.283501887427218,0.006149057522191103
502,959491870,959491874,0,26.86638533434335,3.004927088236049,0.005543923235334652
503,959491872,34920974,0,16.66542183908737,1.8639789796038915,0.007277455629688113
504,959491872,294000690,0,44.695436374648565,4.999054610857086,0.007277455629688113
505,959491874,1677444731,0,8.005290886078788,0.8953685110008961,0.005401949805448696
506,959491874,959491870,0,26.86638533434335,3.004927088236049,0.005543923235334652
507,959491874,10671289968,0,80.10631103873611,8.959657988350816,0.006743331274675593
508,986600678,2395302250,0,2.4961254327592584,0.27918437241146465,0.0065919071027521455
509,986600678,9773108254,0,159.13118269483482,17.79836012593378,0.008675356201482576
510,986600678,986600684,0,18.31018176673184,2.0479405955309207,0.006485180767748762
511,986600684,36671018,0,58.37393321947317,6.52895471404748,0.008505568499446276
512,986600684,748214214,0,7.796228144770163,0.8719854512151749,0.006160311078630696
513,986600684,986600678,0,18.31018176673184,2.0479405955309207,0.006485180767748762
514,1070821560,6210838910,0,17.905476671982125,1.335117004882657,0.006990114230730822
515,1070821560,6210838909,0,17.817920938609266,1.3285884354040238,0.006990114230730822
516,1070821560,9604174477,0,18.011722998457344,2.014558850039347,0.0077702292257662365
517,1479577715,497694168,0,54.22794625652863,6.065238126297212,0.021487278133104526
518,1479577715,10226133767,0,27.579427700684583,3.0846788038097763,0.024474965757449906
519,1479577755,1875951315,0,35.91378775157925,4.016852744158641,0.09416205899160204
520,1479577755,7644003308,0,8.058965342859159,0.901371842938502,0.03093435855700648
521,1479577755,288334082,0,76.1754247496046,8.519999785582183,0.03093435855700648
522,1479619163,1479619169,0,64.1221000482513,7.171870461608631,0.013837808239717676
523,1479619165,380467923,0,50.0482220447779,5.59774812535575,0.011793725650981583
524,1479619169,315875802,0,85.74839090591524,9.590708217694672,0.07178681120066127
525,1479619169,299022771,0,45.70324746154646,5.111775350813604,0.01169272544839768
526,1479619169,1479619163,0,64.12210004825128,7.17187046160863,0.013837808239717676
527,1479619192,41438275,0,7.3709153993041445,0.8244154571903677,0.03838428472705336
528,1479619192,380467940,0,48.310727850956994,5.306347125899012,0.03838428472705336
529,1479619192,292262646,0,39.55844225623364,4.424496754024666,0.16337011714593022
530,1479619195,59817555,0,33.9997740612086,3.8027758776998946,0.014261968180999387
531,1479619195,9773108232,0,10.78459468882352,1.2062255607815835,0.014091893863325912
532,1479619195,36670915,0,27.08519528846219,2.4235202763484134,0.0219507730993458
533,1479619195,36670916,0,18.773513998500917,2.099762958560755,0.014091893863325912
534,1513241731,359236561,0,9.097103721294786,1.017484602279855,0.01760583052743219
535,1513241731,6212410507,0,17.975773355691743,2.010537987016115,0.022979963808933683
536,1513241731,13347074295,0,17.760631295465476,1.9864749730844857,0.01697606014009376
537,1513241731,355181645,0,82.70551864394626,9.250371802049491,0.01697606014009376
538,1513241812,34917754,0,6.673030161271889,0.7463590223501188,0.0052544210954693785
539,1513241812,1513242045,0,2.4185540784170723,0.2705082419594822,0.0052701264114963465
540,1513241812,292262198,0,36.864328254859885,4.123167935846235,0.005461472920791285
541,1513242045,1513241812,0,2.4185540784170723,0.2705082419594822,0.0052701264114963465
542,1630309392,2020242557,0,8.390558010839015,0.9384595187785196,0.00623912899326189
543,1630309392,62141049,0,32.112740176961324,3.5917166241148784,0.007431100221687863
544,1630309392,2020242565,0,96.16070037740627,10.755294759300789,0.013798302760321162
545,1630309399,343132380,0,17.350828500001047,1.9406397218736804,0.0070163143482677715
546,1630309399,75258004,0,4.7801293486116565,0.534643569879639,0.00711491367281945
547,1677444665,2081303099,0,17.755724417242735,1.9859261530215446,0.009918587781543226
548,1677444665,2081303111,0,16.33177157910657,1.8266611680808176,0.010483285408665407
549,1677444665,2081303109,0,46.56662393512397,5.208341499199868,0.009918587781543226
550,1677444718,1677444743,0,4.69208989010043,0.5247966124113472,0.011243738342652925
551,1677444718,2402758005,0,13.863686833462346,1.5506130649975907,0.01328617415973248
552,1677444718,10671289970,0,57.62947447051475,6.445689167418108,0.011243738342652925
553,1677444722,1677444796,0,4.5812428566781405,0.5123986940000655,0.010717067065949616
554,1677444722,34920978,0,91.20429073997575,10.200934751634605,0.05176580946721685
555,1677444722,10671289968,0,66.00369436791219,7.3823213157096665,0.010475059894510436
556,1677444731,959491874,0,8.005290886078788,0.8953685110008961,0.005401949805448696
557,1677444731,294000690,0,14.099146230530547,1.5769485139843034,0.005571519901587619
558,1677444743,1677444718,0,4.69208989010043,0.5247966124113472,0.011243738342652925
559,1677444743,1677444796,0,12.46735134650277,1.3944370004911946,0.011099141826064123
560,1677444743,1677444796,1,13.97003436529927,1.5625077272384138,0.01141937335895994
561,1677444796,1677444722,0,4.5812428566781405,0.5123986940000655,0.010717067065949616
562,1677444796,1677444743,0,12.46735134650277,1.3944370004911946,0.011099141826064123
563,1677444796,1677444743,1,13.97003436529927,1.5625077272384138,0.01141937335895994
564,1786461577,1786461750,0,5.698325651168974,0.6373411567539584,0.006956166136094843
565,1786461577,659867225,0,16.946052353185603,1.8953666866997705,0.007483171811969738
566,1786461577,1786461652,0,54.73180948514845,6.121593763484859,0.008377579554292818
567,1786461615,106201157,0,53.220289661579685,5.952534665816014,0.028514061368279112
568,1786461615,40929978,0,53.80170877033008,6.0175647027100645,0.018411272644198246
569,1786461615,380467953,0,64.33824066470827,7.196045161151459,0.021530242309820084
570,1786461633,299022718,0,15.381370552547756,1.7203615764590432,0.009825526212026595
571,1786461633,5679453049,0,25.30515284084827,2.830307772970714,0.013034745591631309
572,1786461633,1786461652,0,47.92586784325986,5.360368978455004,0.009825526212026595
573,1786461652,59817539,0,17.838181265897195,1.995148711808254,0.008377579554292818
574,1786461652,248779246,0,30.749068403384573,3.439193900983772,0.010475619846533411
575,1786461652,1786461577,0,54.73180948514845,6.121593763484859,0.008377579554292818
576,1786461652,1786461633,0,47.92586784325986,5.360368978455004,0.009825526212026595
577,1786461667,59817555,0,48.50877492629048,5.425565440946157,0.013527898629455005
578,1786461667,5094813864,0,18.63512725052688,2.08428480314591,0.010802524766192166
579,1786461667,1786504462,0,21.186939713985158,2.369697608036418,0.013369687879288533
580,1786461679,273442897,0,21.92328235797381,2.452055391921711,0.007125708240471272
581,1786461708,6531967635,0,20.195467259065275,2.2588042965636532,0.008369361303017176
582,1786461708,273442897,0,8.304275030317939,0.9288090182666368,0.007163630613637182
583,1786461708,21761636,0,19.7748858568349,2.211763489523831,0.007163630613637182
584,1786461750,1786461577,0,5.698325651168974,0.6373411567539584,0.006956166136094843
585,1786461750,2790168752,0,15.392376018319808,1.7215925058083226,0.007546862902998938
586,1786461750,248779248,0,24.713023998692943,2.7640798835328333,0.0076262324639867615
587,1786461764,36671794,0,20.73090395734901,2.3186913345364077,0.011070265077978706
588,1786504462,1786461667,0,21.18693971398516,2.3696976080364185,0.013369687879288533
589,1787913803,59996816,0,24.673072375956384,2.710037553008239,0.01845247491809854
590,1787913803,380467939,0,31.760569304961816,3.488513072463718,0.01646597444759141
591,1787913803,380467941,0,40.46070896367966,4.52541266199954,0.01646597444759141
592,1875951314,21761693,0,14.076482287120257,1.5744136178070804,0.08549200858361249
593,1875951314,36670551,0,26.991895791473137,3.018965067956532,0.1041561161724416
594,1875951314,7644003309,0,10.321844717717855,1.1544683219140854,0.5570947274970083
595,1875951314,8196788438,0,14.512009773086241,1.6231261008584412,0.08290911636956491
596,1875951315,21761693,0,12.425623889299434,1.3897699057215371,0.09416205899160204
597,1875951315,1479577755,0,35.91378775157925,4.016852744158641,0.09416205899160204
598,1875951315,10176063876,0,7.45125324782653,0.8334010119730919,0.3164922072540801
599,1875951315,7644003310,0,7.96181748483021,0.8905061374659413,0.09416205899160204
600,1875951316,21761693,0,14.946379967254236,1.6717091441869107,0.06299616569514728
601,1875951316,7644003313,0,8.858056627090734,0.990747879799379,0.03667668017760169
602,1875951316,8196788438,0,9.17133500524562,1.0257871555694953,0.03888756631962335
603,1875951316,34700215,0,121.1863752377644,13.554343732708809,0.04172445161345549
604,1875951317,21761693,0,9.528642689670683,1.0657509812349926,0.06299616569514728
605,1875951317,497694168,0,24.48196628923792,2.738236750508175,0.04157853650641102
606,1875951317,7644003310,0,13.989946736827761,1.5647348681005862,0.05380270248235887
607,1875951317,7644003313,0,15.125517351299097,1.6917451397677543,0.04157853650641102
608,1996169401,10159677946,0,7.357914537916465,0.8229613486428995,0.012327024402764003
609,1996169401,2402766418,0,30.79220772973172,3.4440189092122924,0.017415669768664144
610,1996169401,5218741405,0,26.672504541922883,2.9832420852934245,0.011903803980514391
611,1996169476,9410998071,0,3.622719074314519,0.40519059575764815,0.030038164690575773
612,1996169476,106201159,0,37.093101108597686,4.14875551440192,0.027176853774419647
613,1996169476,106201148,0,38.79202964970396,4.33877573225466,0.027176853774419647
614,1996169484,59741717,0,6.763020832768835,0.7564242173179009,0.00863194806147756
615,1996169484,106201159,0,77.1463983861209,8.628600363814833,0.013594248924068911
616,1996169484,9410998075,0,64.21814069089001,7.182612328258915,0.018986960973823644
617,1996169484,10081847575,0,159.36021684349345,17.82397692956667,0.011327016961979379
618,2020242304,2420694447,0,21.55855199652405,2.411261361411715,0.010208396635764573
619,2020242304,62141055,0,11.941903505929298,1.335667187211698,0.008484063559232253
620,2020242304,2420694434,0,21.27587661650728,2.3796449420080967,0.009445022080567998
621,2020242304,2020242688,0,37.01906303863518,4.1404745715351225,0.010855833482259152
622,2020242326,2420694447,0,38.78899873620567,4.338436733391963,0.01534645761676798
623,2020242326,2020242586,0,23.39505157311621,2.616668499609106,0.019981703875825495
624,2020242326,9410976548,0,40.75900786292146,4.55877652660461,0.018267902189501625
625,2020242352,342384459,0,5.321978397545921,0.5952478106293673,0.019544347067281354
626,2020242352,62141049,0,94.46981411551559,10.566174046996165,0.01830589063794558
627,2020242352,62141060,0,103.09810617268,11.531223427667493,0.01830589063794558
628,2020242412,2402750297,0,25.5838720675066,2.861481708123323,0.006707324881932744
629,2020242415,959306935,0,12.538024861789753,1.4023416276996505,0.010855467155629735
630,2020242415,62142185,0,43.94145543030346,4.9147240343585725,0.02056467010890056
631,2020242415,959306928,0,103.52082859061085,11.578503701088618,0.03049004715053894
632,2020242481,40929610,0,60.1840179253234,6.731407425751062,0.40173023115780476
633,2020242481,30792310,0,6.214666620461515,0.695092392958028,0.05035363166459432
634,2020242481,54212504,0,36.05013457816551,4.032102740297137,0.07426481779915164
635,2020242485,13541593265,0,1.8822641853236908,0.21052577662785016,0.015231642948688135
636,2020242557,1630309392,0,8.390558010839017,0.9384595187785199,0.00623912899326189
637,2020242565,1630309392,0,96.16070037740627,10.755294759300789,0.013798302760321162
638,2020242586,13541593257,0,9.72331140452556,1.0875241110110985,0.022062786454414476
639,2020242586,9410976548,0,5.36589701620455,0.6001599804372098,0.019981703875825495
640,2020242586,2020242326,0,23.395051573116206,2.6166684996091054,0.019981703875825495
641,2020242688,62141060,0,36.51863943093382,4.08450364594684,0.013441659794963142
642,2020242688,2420694447,0,31.52250397435389,3.525700420907764,0.011131274134143708
643,2020242688,2020242304,0,37.019063038635174,4.140474571535122,0.010855833482259152
644,2081303098,2081303113,0,12.062255978490864,1.349128261354565,0.006372480579920448
645,2081303098,2081303100,0,43.23256509632472,4.8354367115329575,0.008358204378977524
646,2081303098,2081303107,0,51.560447891991785,5.766886189716606,0.0073779372348901345
647,2081303099,1677444665,0,17.755724417242735,1.9859261530215446,0.009918587781543226
648,2081303099,2081303103,0,37.73613198231902,4.220676648077737,0.00915285806792352
649,2081303099,2081303103,1,63.080042665546834,7.055319373033933,0.00915285806792352
650,2081303100,2081303102,0,30.034429177728164,3.359263581338356,0.010897797743006742
651,2081303100,2081303098,0,43.23256509632472,4.8354367115329575,0.008358204378977524
652,2081303100,2081303113,0,41.33404783364457,4.623093075457034,0.008358204378977524
653,2081303102,2081303108,0,14.640132384309705,1.637456242419717,0.010897797743006742
654,2081303102,2081303100,0,30.034429177728164,3.359263581338356,0.010897797743006742
655,2081303102,59996411,0,35.440366214580806,3.9639019216725773,0.010900920708540679
656,2081303103,2081303109,0,14.9760854481017,1.6750316158538943,0.0068078272609468195
657,2081303103,2081303099,0,37.73613198231902,4.220676648077737,0.00915285806792352
658,2081303103,2081303099,1,63.080042665546834,7.055319373033933,0.00915285806792352
659,2081303105,2081303112,0,14.726282626247917,1.6470918965070311,0.00670651445143708
660,2081303105,2081303109,0,14.452760704258216,1.616499264770949,0.006788638309832555
661,2081303105,2081303111,0,54.713917798932755,6.119592630399976,0.010483285408665407
662,2081303107,2081303098,0,51.560447891991785,5.766886189716606,0.0073779372348901345
663,2081303108,2081303111,0,18.044489152647266,2.0182236491210737,0.010813739524632743
664,2081303108,2081303102,0,14.640132384309705,1.637456242419717,0.010897797743006742
665,2081303108,2081303112,0,63.69692945817376,7.1243163672507235,0.010813739524632743
666,2081303109,2081303105,0,14.452760704258216,1.616499264770949,0.006788638309832555
667,2081303109,2081303103,0,14.9760854481017,1.6750316158538943,0.0068078272609468195
668,2081303109,1677444665,0,46.56662393512397,5.208341499199868,0.009918587781543226
669,2081303111,1677444665,0,16.33177157910657,1.8266611680808176,0.010483285408665407
670,2081303111,2081303108,0,18.044489152647266,2.0182236491210737,0.010813739524632743
671,2081303111,2081303105,0,54.713917798932755,6.119592630399976,0.010483285408665407
672,2081303112,2081303113,0,14.844778528017986,1.6603453186046688,0.0065637555096785165
673,2081303112,2081303105,0,14.726282626247917,1.6470918965070311,0.00670651445143708
674,2081303112,2081303108,0,63.69692945817376,7.1243163672507235,0.010813739524632743
675,2081303113,2081303098,0,12.062255978490864,1.349128261354565,0.006372480579920448
676,2081303113,2081303112,0,14.844778528017986,1.6603453186046688,0.0065637555096785165
677,2081303113,2081303100,0,41.33404783364457,4.623093075457034,0.008358204378977524
678,2081310736,2081310743,0,46.27758012451127,5.17601278934969,0.025818935908614185
679,2081310742,2081310743,0,57.55306669017585,6.437143179335413,0.033467083215942675
680,2081310742,2081310743,1,62.87743915811505,7.032658759777742,0.033467083215942675
681,2081310742,4164003877,0,8.407715430888242,0.9403785263274905,0.04035107871483286
682,2081310743,2081310742,0,57.55306669017585,6.437143179335413,0.033467083215942675
683,2081310743,2081310742,1,62.87743915811504,7.032658759777741,0.033467083215942675
684,2081310743,2081310736,0,46.27758012451126,5.176012789349689,0.025818935908614185
685,2268591156,84914575,0,19.795960712044284,2.214120650805903,0.021810428298174568
686,2268591156,318323627,0,3.4409130911353016,0.3848561251223199,0.015233051594338243
687,2268591156,2268591192,0,102.1520719028461,11.425412245089477,0.015233051594338243
688,2268591192,2268591156,0,102.1520719028461,11.425412245089477,0.015233051594338243
689,2268591192,3597229443,0,54.331795956335995,6.076853413287733,0.00985024892601275
690,2268591192,380467923,0,119.63005960151125,13.380274353630698,0.011793725650981583
691,2273119445,2273119522,0,25.20647642904015,2.8192711032020754,0.01950334501092931
692,2273119522,2273119445,0,25.20647642904015,2.8192711032020754,0.01950334501092931
693,2273119522,795238613,0,32.07943392382916,3.5879914165367475,0.021618296277312297
694,2273119522,12858024637,0,42.52163513312426,4.755921262108919,0.01950334501092931
695,2395302250,986600678,0,2.4961254327592584,0.27918437241146465,0.0065919071027521455
696,2395302250,2395302282,0,38.23452085249936,4.2764199941900936,0.008185509680737743
697,2395302250,9773108254,0,14.34788279384199,1.6047689754132493,0.007057627919359959
698,2395302282,2395302250,0,38.23452085249936,4.2764199941900936,0.008185509680737743
699,2395302282,9773108243,0,23.3899816016466,2.6161014380406806,0.008697288312647003
700,2395302282,9773108254,0,40.54073699104145,4.5343635641862265,0.008262466206932627
701,2395302286,6360601407,0,4.378148847773305,0.48968321958019756,0.009845519082943278
702,2395302286,273442898,0,14.763962851430932,1.6513063201421503,0.009962910062334516
703,2395302286,355181645,0,36.990003903937,4.137224391805748,0.009845519082943278
704,2395302295,355181645,0,5.249788667286351,0.5871735991844752,0.008822786829909817
705,2402750297,2402750301,0,12.727693087081795,1.4235554672565918,0.006923796433457113
706,2402750297,2020242412,0,25.5838720675066,2.861481708123323,0.006707324881932744
707,2402750297,2402750321,0,45.08226025154529,5.042319736835071,0.006707324881932744
708,2402750301,2402750297,0,12.727693087081795,1.4235554672565918,0.006923796433457113
709,2402750301,343133283,0,21.8023456076163,2.438528968006098,0.006854183190466457
710,2402750301,343133279,0,46.90763662941304,5.246482777594758,0.009316352031501078
711,2402750321,343133283,0,20.97399418370057,2.3458802695925676,0.005968771280205866
712,2402750321,959491870,0,8.247283081733844,0.9224346345160701,0.005543923235334652
713,2402750321,2402750297,0,45.0822602515453,5.042319736835072,0.006707324881932744
714,2402758005,34920978,0,61.59943841091995,6.889718091867221,0.051764897231734615
715,2402758005,1677444718,0,13.863686833462346,1.5506130649975907,0.01328617415973248
716,2402758005,10247208246,0,68.62200145802217,7.675171351264488,0.03661944809565565
717,2402758005,343133279,0,34.61830429922922,3.87195668650581,0.01328617415973248
718,2402763382,342384459,0,21.73831043154977,2.4313668197391225,0.019544347067281354
719,2402766417,2402766423,0,8.0603656765423,0.901528466189627,0.040791183727390504
720,2402766417,8000006736,0,7.613930345943373,0.851595972429572,0.03174064490397744
721,2402766417,2420685076,0,10.015046883470383,1.12015387613846,0.03174064490397744
722,2402766418,2402766420,0,5.531204423718695,0.6186491333524085,0.018631245220786418
723,2402766418,1996169401,0,30.79220772973172,3.4440189092122924,0.017415669768664144
724,2402766418,59741696,0,22.95132791079564,2.5670392980620726,0.023531260467276938
725,2402766420,2402766418,0,5.531204423718695,0.6186491333524085,0.018631245220786418
726,2402766420,2420685271,0,3.3451758712037876,0.3741481954196639,0.018631245220786418
727,2402766420,2420685076,0,21.92331714967002,2.4520592832717787,0.026540407048847896
728,2402766423,106201152,0,11.165328765282103,1.248809560286067,0.058517199871621996
729,2402766423,2402766417,0,8.0603656765423,0.901528466189627,0.040791183727390504
730,2402766423,2420685076,0,18.69046902651614,2.0904746198894615,0.040791183727390504
731,2420683599,106201139,0,29.414124360994474,3.2898842910627994,0.06347975987731017
732,2420683599,2420683607,0,20.17190354186695,2.2561687633042435,0.06347975987731017
733,2420683599,10061817910,0,9.681412058164186,1.0828377909388653,0.11037043031575897
734,2420683607,292271934,0,27.13078081222323,3.034498953732699,0.028330938118717456
735,2420683607,2420683599,0,20.17190354186695,2.2561687633042435,0.06347975987731017
736,2420683607,8000006736,0,19.82133485705892,2.2169586751529238,0.028591488631050925
737,2420685076,2402766420,0,21.92331714967002,2.4520592832717787,0.026540407048847896
738,2420685076,2402766417,0,10.015046883470385,1.1201538761384602,0.03174064490397744
739,2420685076,2402766423,0,18.690469026516144,2.090474619889462,0.040791183727390504
740,2420685271,2402766420,0,3.3451758712037876,0.3741481954196639,0.018631245220786418
741,2420694432,2420694443,0,4.515702986100725,0.5050682500268001,0.01008622018401722
742,2420694432,2420694442,0,15.706984600269212,1.7567805610054175,0.01020128300280755
743,2420694432,2420694433,0,6.876908058230168,0.7691621723696859,0.01008622018401722
744,2420694433,2420694434,0,4.688099447648021,0.5243502930248698,0.009445022080567998
745,2420694433,2420694442,0,8.714238196143477,0.9746622064360707,0.009437042413020447
746,2420694433,2420694446,0,23.615351742494504,2.641308433052687,0.009437042413020447
747,2420694433,2420694432,0,6.876908058230168,0.7691621723696859,0.01008622018401722
748,2420694434,2420694443,0,5.519463940497744,0.6173359944384617,0.00995512183969467
749,2420694434,2020242304,0,21.275876616507276,2.3796449420080963,0.009445022080567998
750,2420694434,2420694433,0,4.688099447648021,0.5243502930248698,0.009445022080567998
751,2420694442,2420694433,0,8.714238196143477,0.9746622064360707,0.009437042413020447
752,2420694442,2420694446,0,30.292582506325797,3.38813728058623,0.009405388515803586
753,2420694442,2420694432,0,15.706984600269212,1.7567805610054175,0.01020128300280755
754,2420694443,2420694432,0,4.515702986100725,0.5050682500268001,0.01008622018401722
755,2420694443,2420694447,0,6.063845026471844,0.6782234361694434,0.010208396635764573
756,2420694443,2420694434,0,5.519463940497744,0.6173359944384617,0.00995512183969467
757,2420694446,62141055,0,5.031892287817591,0.5628025226534894,0.008035129944994312
758,2420694446,2420694433,0,23.615351742494504,2.641308433052687,0.009437042413020447
759,2420694446,2420694442,0,30.292582506325793,3.3881372805862298,0.009405388515803586
760,2420694447,2020242304,0,21.55855199652405,2.411261361411715,0.010208396635764573
761,2420694447,2420694443,0,6.063845026471844,0.6782234361694434,0.010208396635764573
762,2420694447,2020242326,0,38.78899873620567,4.338436733391963,0.01534645761676798
763,2420694447,2020242688,0,31.52250397435389,3.525700420907764,0.011131274134143708
764,2562840003,2562840010,0,39.35379362656181,4.401607399791919,0.03403918803838156
765,2562840010,41437537,0,29.443352230017958,3.2931533432358813,0.0353548596321272
766,2562840010,10671264590,0,57.63135681196099,6.445899701836144,0.04555936729480121
767,2562840010,2562840003,0,39.35379362656181,4.401607399791919,0.03403918803838156
768,2713946643,318323627,0,52.83888034118365,5.909875142240334,0.014473069894770742
769,2790168750,659867225,0,10.036814940659996,1.1225885700466027,0.007793327570611173
770,2790168750,5094813861,0,52.91250588222119,5.918109944946261,0.011298411857588505
771,2790168750,2790168752,0,18.331540081863377,2.050329460981153,0.007793327570611173
772,2790168752,1786461750,0,15.392376018319808,1.7215925058083226,0.007546862902998938
773,2790168752,5781536448,0,51.88171056390459,5.802818485529985,0.009993548115325858
774,2790168752,2790168750,0,18.331540081863377,2.050329460981153,0.007793327570611173
775,2906051676,2906051679,0,65.70125288080153,7.3484941146956375,0.015602837014877682
776,2906051676,2906051679,1,86.15858519391722,9.636587256207577,0.018389102119774507
777,2906051676,41438280,0,33.85660972956779,3.7867633634422826,0.014621412358799518
778,2906051679,494934617,0,20.568529586778713,2.3005302332758575,0.014744437614034774
779,2906051679,2906051676,0,65.70125288080153,7.3484941146956375,0.015602837014877682
780,2906051679,2906051676,1,86.15858519391723,9.636587256207578,0.018389102119774507
781,2906051680,2906051681,0,19.941932698327424,2.230447193072276,0.02381131623120864
782,2906051681,2906051680,0,19.941932698327424,2.230447193072276,0.02381131623120864
783,2906051681,380467929,0,12.371818110919534,1.3837518858448286,0.02417823895092131
784,2906051681,494934617,0,16.937927223807414,1.8944579146018459,0.019464098568792797
785,2906068053,6873148239,0,2.0344065982072306,0.22754246316956117,0.014528472454513688
786,2906068053,9773096889,0,25.388992653957374,2.83968501231084,0.015373336069717013
787,2906068053,6873148234,0,5.348800384199508,0.5982477718542456,0.015005342792205919
788,2906068054,6873148239,0,1.4362593264731665,0.16064142988129917,0.014311871839442637
789,2912651585,2912651587,0,25.05036320841406,2.8018102933590985,0.00981555395725803
790,2912651587,385140592,0,12.030197831941722,1.321371226003086,0.009633495199917994
791,2912651587,2912652704,0,13.67975217646198,1.502554750748634,0.008640690936777015
792,2912651587,2912651585,0,25.05036320841406,2.8018102933590985,0.00981555395725803
793,2912651600,2912652704,0,32.64630931860826,3.6513947813075474,0.0078010460964106215
794,2912652704,2912651587,0,13.67975217646198,1.502554750748634,0.008640690936777015
795,2912652704,299022718,0,92.63527803583851,10.174861013868792,0.008593506729939675
796,2912652704,2912651600,0,32.64630931860826,3.6513947813075474,0.0078010460964106215
797,3297556862,36670781,0,10.538932479426583,1.1787489568995893,0.021744719737491647
798,3297556862,292262646,0,68.92883253492323,7.709489515134267,0.1369038680593386
799,3297556862,3297556863,0,77.73724305974048,8.694684622735586,0.021744719737491647
800,3297556863,21761594,0,20.386327912588143,2.280151505751343,0.010539365446812783
801,3297556863,299022771,0,36.68326141578737,4.1029161363302515,0.011246867993563543
802,3297556863,3297556862,0,77.73724305974046,8.694684622735585,0.021744719737491647
803,3297556863,6212403298,0,18.3648064163063,2.054050203769952,0.010715885259721504
804,3297556876,6212412132,0,12.99471573206901,1.4534211737559635,0.07197109661190718
805,3297556876,5783907569,0,10.408992658496745,1.1642155657160167,0.06386446932569183
806,3297556876,292915464,0,16.895445149335245,1.8897064180846461,0.06386446932569183
807,3329242110,292915464,0,13.088106746856191,1.4638666872345896,0.04282570939298998
808,3329242110,34702928,0,18.32678094305355,2.049797165142008,0.04285599986368061
809,3329242110,6212412133,0,29.558997964463074,3.3060879824048084,0.17624682848972223
810,3329242110,6212410505,0,14.50565292807115,1.6224151062254137,0.042825670552094824
811,3329242116,359236561,0,17.12958563999234,1.915894351223869,0.01760583052743219
812,3329242116,6210838920,0,7.8617195737578225,0.8793104771374651,0.013754907198332474
813,3329242116,13347074295,0,9.22152859713512,1.0314011628893345,0.01358894338623995
814,3329242116,359236562,0,25.637886601306086,2.867523076686776,0.01358894338623995
815,3518325224,36670922,0,30.63103139589123,3.4259918048767957,0.008278692774621258
816,3518325224,3518325226,0,28.507379160952603,3.1884674767118626,0.008926271917193274
817,3518325224,59817557,0,45.27037287000215,5.063359586290273,0.011804468077186473
818,3518325226,3518325224,0,28.507379160952603,3.1884674767118626,0.008926271917193274
819,3597229443,2268591192,0,54.33179595633599,6.076853413287732,0.00985024892601275
820,3597229443,41438280,0,13.11879668450938,1.4672992675330812,0.010518012201113628
821,3597229443,7644003297,0,86.58362003027165,9.684126166906246,0.045233374058669625
822,3805308258,59743605,0,49.13070762134576,5.495126804679085,0.22120298327180163
823,4164003877,9397628680,0,23.02534742296836,2.575318165294037,0.04035107871483286
824,4164003877,299022772,0,130.81769603441563,14.631578961682935,0.057539044958243066
825,4164003877,2081310742,0,8.407715430888242,0.9403785263274905,0.04035107871483286
826,4164010935,4164010936,0,12.94746326382315,1.4481361225646334,0.00782051193918843
827,4164010935,34918675,0,92.53924155592969,10.350245119159,0.00782051193918843
828,4164010935,9721565956,0,24.221476483236806,2.7091017230558028,0.008332673879452466
829,4164010936,4164010935,0,12.94746326382315,1.4481361225646334,0.00782051193918843
830,5094813861,59817531,0,68.95199142875963,7.712079770077631,0.0336696730331393
831,5094813861,2790168750,0,52.91250588222119,5.918109944946261,0.011298411857588505
832,5094813861,5781536448,0,14.416699025621806,1.6124658708613007,0.011298411857588505
833,5094813861,6873148262,0,67.76634672838411,7.579468857487629,0.011635700554320047
834,5094813864,5781536448,0,5.162208702896382,0.5773780347977113,0.009993548115325858
835,5094813864,6212403293,0,49.73869184801071,5.563128072776374,0.01681338359693234
836,5094813864,1786461667,0,18.635127250526878,2.08428480314591,0.010802524766192166
837,5218476452,40930365,0,34.35059535378853,3.8420142192960696,0.02907259933430714
838,5218476452,59741712,0,26.776163711207687,2.9948360619989467,0.018689504372734447
839,5218483197,9410998076,0,29.25342463200583,3.2719104935942998,0.04185454551590209
840,5218483197,9410998071,0,13.854636741805352,1.54960083855802,0.04185454551590209
841,5218483197,40929610,0,9.492657124615658,1.061726100408129,0.06193167377323932
842,5218608190,365245885,0,101.61760053171683,11.365633176152356,0.006320005893220584
843,5218608193,365245885,0,50.44361505831691,5.6419716843532415,0.006320005893220584
844,5218704433,5218704444,0,67.94436800141747,7.599380019296821,0.01659585012561091
845,5218704433,5218704444,1,67.4532392761476,7.5444486992845325,0.01659585012561091
846,5218704433,41438280,0,92.94075363749705,10.395153078124865,0.014091314127194972
847,5218704444,494934617,0,30.790646716857566,3.4438443144608115,0.01806432382386934
848,5218704444,5218704433,0,67.4532392761476,7.5444486992845325,0.01659585012561091
849,5218704444,5218704433,1,67.94436800141747,7.599380019296821,0.01659585012561091
850,5218741405,10159677944,0,27.708653820219016,3.099132369567291,0.010141869539711131
851,5218741405,6873148262,0,76.0220905370184,8.502849799708772,0.010163308065782556
852,5218741405,40927969,0,49.59743773430009,5.547329210840479,0.013628379725363324
853,5218741405,1996169401,0,26.672504541922883,2.9832420852934245,0.011903803980514391
854,5332097150,315875791,0,32.7117286885934,3.6587117476399107,0.00421997109564329
855,5614580371,376947108,0,5.093234385365663,0.5696634579180405,0.005784175102904741
856,5614580371,273442897,0,72.35280315904109,8.092450674579268,0.007125708240471272
857,5666896496,34917448,0,8.386493483959871,0.9380049132643051,0.0030689966348253677
858,5666896496,292262198,0,177.16019721997205,19.814852982958836,0.005461472920791285
859,5679453049,5679453050,0,106.21944619053174,11.88033623367077,0.013116360573050065
860,5679453049,40926521,0,3.713856356538241,0.4153840358015605,0.013621811763060734
861,5679453049,1786461633,0,25.30515284084827,2.830307772970714,0.013034745591631309
862,5679453050,40927408,0,3.1893608154382846,0.35672073444945834,0.00817280494960624
863,5679453050,5679453049,0,106.21944619053174,11.88033623367077,0.013116360573050066
864,5679453050,248779144,0,23.472294921667114,2.6253079435669786,0.00804051716424718
865,5781536448,5094813864,0,5.162208702896382,0.5773780347977113,0.009993548115325858
866,5781536448,5094813861,0,14.416699025621806,1.6124658708613007,0.011298411857588505
867,5781536448,2790168752,0,51.88171056390458,5.8028184855299845,0.009993548115325858
868,5781609899,36670915,0,10.997517382910194,1.2300403450630912,0.02235574631610557
869,5782098934,653302368,0,9.13443187220502,1.0216596474311854,0.004967485928209858
870,5782098934,12241767039,0,73.49308568871948,8.219987960262907,0.007741652304215488
871,5783907569,36670915,0,20.898878463541447,2.3374787946844426,0.039750888576662397
872,5783907569,9629502423,0,8.932677823531986,0.9990940436674398,0.039750888576662397
873,5783907569,3297556876,0,10.408992658496745,1.1642155657160167,0.06386446932569183
874,5783907569,6212403294,0,15.007217865894937,1.678513686269582,0.04917531535964418
875,5784256584,5784256586,0,2.329855490690129,0.17372504186984447,0.005438321466107417
876,5784256584,5784256588,0,26.790356275601297,1.9976156393752442,0.005370266471674616
877,5784256584,359237348,0,27.99537991812957,2.0874678999935057,0.005444922810725541
878,5784256586,5784256584,0,2.329855490690129,0.17372504186984447,0.005438321466107417
879,5784256586,21761636,0,30.897466037487757,2.3038611632709873,0.006276669121265752
880,5784256586,21761614,0,20.975655348891493,1.564044044059664,0.006039884532932274
881,5784256588,5784256584,0,26.790356275601294,1.997615639375244,0.005370266471674616
882,5784256588,359237348,0,36.18736340118901,2.698300923448545,0.005444922810725541
883,5784256588,5784256589,0,10.60005676314186,0.7903903535468099,0.0047755032457262045
884,5784256589,174022412,0,48.54440140138155,3.61970010573638,0.004659581690069095
885,5784256589,5784256588,0,10.60005676314186,0.7903903535468099,0.0047755032457262045
886,5784256589,21761609,0,28.4298770178994,2.1198660582275517,0.004763780491726436
887,5784302000,6210838922,0,15.129127738572008,1.128099300724919,0.005298422653594292
888,5784302000,21761609,0,15.966584098278167,1.190544006731567,0.005072444195786129
889,5784302000,359237293,0,19.66343150397694,1.4661984294662613,0.005621305845942952
890,6210838909,563661381,0,8.76832395559779,0.6538076942546229,0.006317216890780251
891,6210838909,6210838912,0,5.664550315012499,0.6335634836033714,0.006317216890780251
892,6210838909,1070821560,0,17.817920938609266,1.3285884354040238,0.006990114230730822
893,6210838909,6210838910,0,7.490053405269576,0.837740696775401,0.0065106396534794385
894,6210838910,563661380,0,13.737568613716723,1.0243380725303584,0.0065106396534794385
895,6210838910,6210838911,0,3.9611570923313,0.4430439040971044,0.006645271675116521
896,6210838910,1070821560,0,17.905476671982125,1.335117004882657,0.006990114230730822
897,6210838910,6210838909,0,7.490053405269576,0.837740696775401,0.0065106396534794385
898,6210838911,6210838910,0,3.9611570923313,0.4430439040971044,0.006645271675116521
899,6210838911,6531967636,0,91.08605465810481,10.187710389637285,0.008379472640007709
900,6210838911,9721565948,0,33.58467941393212,3.7563487482494584,0.007969504571513115
901,6210838912,6210838909,0,5.664550315012499,0.6335634836033714,0.006317216890780251
902,6210838912,9721565944,0,34.5706757283755,3.866629569331273,0.007581280531591795
903,6210838912,6210838923,0,21.346422468429353,2.387535290440357,0.006278330470276591
904,6210838920,3329242116,0,7.8617195737578225,0.8793104771374651,0.013754907198332474
905,6210838920,6531967636,0,46.61231151823407,5.213451522538515,0.013754907198332474
906,6210838920,6212410505,0,35.31376353652981,3.9497417802175843,0.02671772836329885
907,6210838921,174022414,0,12.11064754753945,0.903027145105903,0.005574422378188645
908,6210838921,359237293,0,10.39736504625717,0.7752767007287834,0.005621305845942952
909,6210838921,6210838923,0,3.3955102747009103,0.3797779521084196,0.005675376784830616
910,6210838921,6210838922,0,9.327915546753532,1.043300233894414,0.005574422378188645
911,6210838922,174022414,0,12.03115038234043,0.8970994605744289,0.005426907422770792
912,6210838922,6210838921,0,9.327915546753532,1.043300233894414,0.005574422378188645
913,6210838922,9797141055,0,5.88720883338438,0.6584671915252144,0.005298422653594292
914,6210838922,5784302000,0,15.129127738572008,1.128099300724919,0.005298422653594292
915,6210838923,6210838921,0,3.3955102747009103,0.3797779521084196,0.005675376784830616
916,6210838923,6210838912,0,21.346422468429353,2.387535290440357,0.006278330470276591
917,6210838923,293210688,0,70.00319109486301,7.829653396470195,0.005675376784830616
918,6212403293,21761641,0,8.81154637876016,0.9855458437476411,0.018507626123265244
919,6212403293,5094813864,0,49.7386918480107,5.563128072776373,0.01681338359693234
920,6212403293,6212425622,0,56.507512071803504,6.320200935119137,0.01681338359693234
921,6212403293,6212403294,0,53.623657073676476,5.997650138107402,0.04917531535964418
922,6212403294,6212412132,0,5.273793811108325,0.589858504728335,0.06558186636172529
923,6212403294,6212403293,0,53.62365707367648,5.997650138107404,0.04917531535964418
924,6212403294,5783907569,0,15.007217865894937,1.678513686269582,0.04917531535964418
925,6212403298,497693629,0,8.109324809496202,0.9070044028665891,0.010546827394803776
926,6212403298,3297556863,0,18.3648064163063,2.054050203769952,0.010715885259721504
927,6212403298,6531967633,0,51.74927111779405,5.7880055185373696,0.019827037701227374
928,6212410505,6212410506,0,8.390576438362793,0.938461579843478,0.02671772836329885
929,6212410505,6210838920,0,35.31376353652981,3.9497417802175843,0.02671772836329885
930,6212410505,3329242110,0,14.50565292807115,1.6224151062254137,0.042825670552094824
931,6212410506,6212410507,0,10.165094076982113,1.136936218485081,0.025638518946507132
932,6212410506,6212410505,0,8.390576438362793,0.938461579843478,0.02671772836329885
933,6212410506,292915464,0,13.652736431188064,1.527018875821052,0.03719312985387924
934,6212410506,359236561,0,18.554865296397587,2.0753077369303976,0.025638518946507132
935,6212410507,1513241731,0,17.975773355691743,2.010537987016115,0.022979963808933683
936,6212410507,6212410506,0,10.165094076982113,1.136936218485081,0.025638518946507132
937,6212410507,9629502423,0,24.152146343125196,2.701347348454979,0.03484345992927817
938,6212412132,3297556876,0,12.99471573206901,1.4534211737559635,0.07197109661190718
939,6212412132,6212412133,0,8.10872898862497,0.9069377620344331,0.12024945576144977
940,6212412132,6212403294,0,5.273793811108325,0.589858504728335,0.06558186636172529
941,6212412132,21761641,0,50.06600183154393,5.599736742812524,0.06558186636172529
942,6212412133,6212412132,0,8.10872898862497,0.9069377620344331,0.12024945576144977
943,6212412133,6531967633,0,45.34248314943132,5.07142491139078,0.12024945576144977
944,6212412133,3329242110,0,29.558997964463078,3.306087982404809,0.17624682848972223
945,6212425622,376042422,0,14.047118232639319,1.5711293336865284,0.01158626170940674
946,6212425622,6212403293,0,56.50751207180351,6.3202009351191375,0.01681338359693234
947,6212425622,497693629,0,7.710813954550807,0.8624321223726157,0.010927417613285037
948,6360601407,2395302286,0,4.378148847773305,0.48968321958019756,0.009845519082943278
949,6531967633,21761641,0,6.566605627444189,0.7344557476605031,0.019827037701227374
950,6531967633,6212403298,0,51.74927111779405,5.7880055185373696,0.019827037701227374
951,6531967633,6212412133,0,45.34248314943132,5.07142491139078,0.12024945576144977
952,6531967634,273442898,0,20.245044171287194,2.2643493300556097,0.009962910062334516
953,6531967634,273442897,0,20.834220751684047,2.33024701759922,0.008364658054708667
954,6531967634,6531967635,0,6.796677412075953,0.7601886078601611,0.008370828721861866
955,6531967635,359236562,0,20.616298433047028,2.30587303984768,0.010104070314583522
956,6531967635,1786461708,0,20.195467259065275,2.2588042965636532,0.008369361303017176
957,6531967635,6531967636,0,8.145744032942245,0.9110777871236682,0.008380634096746114
958,6531967635,6531967634,0,6.796677412075953,0.7601886078601611,0.008370828721861866
959,6531967636,6531967635,0,8.145744032942245,0.9110777871236682,0.008380634096746114
960,6531967636,6210838920,0,46.61231151823407,5.213451522538515,0.013754907198332474
961,6531967636,6210838911,0,91.0860546581048,10.187710389637285,0.008379472640007709
962,6873148234,9773096886,0,1.6535786667770032,0.1849479662593738,0.015005342792205919
963,6873148234,6873148237,0,16.977610090182374,1.898896327831799,0.018614901945391036
964,6873148234,2906068053,0,5.348800384199508,0.5982477718542456,0.015005342792205919
965,6873148237,6873148234,0,16.977610090182374,1.898896327831799,0.018614901945391036
966,6873148239,2906068053,0,2.0344065982072306,0.22754246316956117,0.014528472454513688
967,6873148239,2906068054,0,1.4362593264731665,0.16064142988129917,0.014311871839442637
968,6873148239,306496327,0,12.557006778317565,1.4044646998752046,0.014311871839442637
969,6873148262,5094813861,0,67.76634672838411,7.579468857487629,0.011635700554320047
970,6873148262,5218741405,0,76.0220905370184,8.502849799708772,0.010163308065782556
971,6873148262,62147663,0,55.47823606778039,6.205079406589329,0.010163308065782556
972,6873148262,62147659,0,72.16730059257324,8.071702751850564,0.019046390682945013
973,6873422367,8984079223,0,13.759043520747321,1.5389090147107,0.023743908007349025
974,6873422367,8984062206,0,10.468490902925552,1.1708702713700023,0.029774645010822855
975,6873422367,34699810,0,8.125919304388411,0.9088604488733979,0.023743908007349025
976,6873422367,9721565994,0,7.249014755287012,0.8107812245713537,0.02500096854346309
977,7644003297,315875802,0,8.211854638124688,0.9184720661031504,0.07178681120066127
978,7644003297,7644003298,0,13.413470609565254,1.5002576893147166,0.047318581283353874
979,7644003297,3597229443,0,86.58362003027165,9.684126166906246,0.045233374058669625
980,7644003298,7644003297,0,13.413470609565254,1.5002576893147166,0.047318581283353874
981,7644003298,13546738012,0,68.65425579618177,7.67877890521128,0.047318581283353874
982,7644003298,8196788438,0,144.45770574913064,16.15717439126817,0.04761382603693888
983,7644003302,7644003303,0,5.736161722006751,0.6415730112724566,0.04365114964668791
984,7644003302,7644003313,0,121.1065604405603,13.545416679695315,0.03492049073556543
985,7644003302,8984062213,0,39.62975627033582,4.432473019163414,0.035000835732254536
986,7644003303,7644003302,0,5.736161722006751,0.6415730112724566,0.04365114964668791
987,7644003303,8984062212,0,40.03272381631014,4.477543767591575,0.04365114964668791
988,7644003303,34700215,0,13.449887734319466,1.504330838839216,0.04365114964668791
989,7644003303,8984062206,0,45.533359278601424,5.092773851484619,0.056937237727354276
990,7644003306,84914575,0,5.103536369536893,0.5708157048955727,0.021850442111943168
991,7644003306,7644003309,0,62.991321637243466,7.045396183965989,0.5570947274970083
992,7644003308,1479577755,0,8.058965342859159,0.901371842938502,0.03093435855700648
993,7644003308,10226133767,0,5.524410367304057,0.6178892378954915,0.027796681646430187
994,7644003308,7644003310,0,36.1700657829618,4.045516696865252,0.05380270248235887
995,7644003309,1875951314,0,10.321844717717855,1.1544683219140854,0.5570947274970083
996,7644003309,7644003306,0,62.99132163724346,7.045396183965988,0.5570947274970083
997,7644003309,10176063876,0,5.204740563118479,0.5821350997062935,0.6411434163342822
998,7644003310,7644003308,0,36.1700657829618,4.045516696865252,0.05380270248235887
999,7644003310,1875951315,0,7.96181748483021,0.8905061374659413,0.09416205899160204
1000,7644003310,1875951317,0,13.989946736827765,1.5647348681005866,0.05380270248235887
1001,7644003313,1875951316,0,8.858056627090734,0.990747879799379,0.03667668017760169
1002,7644003313,7644003302,0,121.1065604405603,13.545416679695315,0.03492049073556543
1003,7644003313,1875951317,0,15.125517351299097,1.6917451397677543,0.04157853650641102
1004,8000006736,2402766417,0,7.613930345943373,0.851595972429572,0.03174064490397744
1005,8000006736,59741696,0,4.604180681339632,0.5149642229989524,0.02617414351481953
1006,8000006736,2420683607,0,19.82133485705892,2.2169586751529238,0.028591488631050925
1007,8196788438,1875951316,0,9.17133500524562,1.0257871555694953,0.03888756631962335
1008,8196788438,7644003298,0,144.45770574913064,16.15717439126817,0.04761382603693888
1009,8196788438,1875951314,0,14.512009773086241,1.6231261008584412,0.08290911636956491
1010,8443783643,10581174663,0,3.3726058377676935,0.37721615742986875,0.018336930067586
1011,8443783643,10581174641,0,17.625172892961846,1.971324344596625,0.022557818448419545
1012,8443783643,8984079223,0,17.028232012580375,1.904558242673685,0.018387578736576166
1013,8963647388,62143010,0,10.879003605935743,1.2167849236758137,0.2379074943797876
1014,8963647388,54212836,0,33.87150359557748,3.7884291990529952,0.2091508762022874
1015,8963647388,62142577,0,41.7633642308889,4.671110866293016,0.1715638328590131
1016,8984062206,8984062212,0,6.147386863390633,0.6875673477390197,0.029774645010822855
1017,8984062206,7644003303,0,45.533359278601424,5.092773851484619,0.056937237727354276
1018,8984062206,6873422367,0,10.468490902925552,1.1708702713700023,0.029774645010822855
1019,8984062207,8984062208,0,5.7021303143118125,0.6377666972647957,0.009664748783204887
1020,8984062207,8984062210,0,5.293011930977776,0.592007995560913,0.009645682680287817
1021,8984062207,628029353,0,50.41084237583246,5.638306155100752,0.01821705858273431
1022,8984062208,8984062207,0,5.7021303143118125,0.6377666972647957,0.009664748783204887
1023,8984062208,8984062209,0,6.019575619619468,0.6732720317220131,0.009664748783204887
1024,8984062208,10581174659,0,28.095296174929462,3.1423771928164985,0.010581435312948983
1025,8984062208,8984079223,0,48.38252212212419,5.411444431867943,0.017942590804874328
1026,8984062209,8984062210,0,6.5242043187231324,0.7297132845577466,0.009178656492645171
1027,8984062209,8984062208,0,6.019575619619468,0.6732720317220131,0.009664748783204887
1028,8984062209,10172547562,0,2.124368106247556,0.23760439628951008,0.009140015033294617
1029,8984062210,8984062211,0,6.897837972547269,0.7715031224343574,0.009178656492645171
1030,8984062210,8984062209,0,6.5242043187231324,0.7297132845577466,0.009178656492645171
1031,8984062210,8984062207,0,5.293011930977776,0.592007995560913,0.009645682680287817
1032,8984062210,497693979,0,10.184735591516208,1.1391330647799207,0.009178656492645171
1033,8984062211,8984062210,0,6.897837972547269,0.7715031224343574,0.009178656492645171
1034,8984062211,9721565956,0,10.10443418321962,1.1301515857305056,0.00906727933323362
1035,8984062211,8984079217,0,65.8508036014749,7.365220927998735,0.018854434732635997
1036,8984062212,34699810,0,10.698042877284582,1.1965449923019529,0.026918162362399016
1037,8984062212,8984062206,0,6.147386863390633,0.6875673477390197,0.029774645010822855
1038,8984062212,8984062213,0,4.528415548672952,0.5064901131899608,0.026918162362399016
1039,8984062212,7644003303,0,40.03272381631014,4.477543767591575,0.04365114964668791
1040,8984062213,8984062212,0,4.528415548672952,0.5064901131899608,0.026918162362399016
1041,8984062213,8984079217,0,14.202852298399101,1.5885477361600646,0.024873736151259495
1042,8984062213,7644003302,0,39.62975627033582,4.432473019163414,0.035000835732254536
1043,8984079217,34699810,0,10.943871352330603,1.2240401925133961,0.02160176553227687
1044,8984079217,8984062213,0,14.202852298399101,1.5885477361600646,0.024873736151259495
1045,8984079217,8984062211,0,65.8508036014749,7.365220927998735,0.018854434732635997
1046,8984079217,324160576,0,42.46737940548313,4.7498529167155255,0.018854434732635997
1047,8984079223,6873422367,0,13.759043520747321,1.5389090147107,0.023743908007349025
1048,8984079223,628029353,0,6.507390711767851,0.7278327315037303,0.01821705858273431
1049,8984079223,8984062208,0,48.38252212212419,5.411444431867943,0.017942590804874328
1050,8984079223,8443783643,0,17.028232012580375,1.904558242673685,0.018387578736576166
1051,8993433312,10884336989,0,6.724645586436325,0.7521320575879172,0.024253437272324922
1052,8993433312,40929986,0,5.719317473296478,0.6396890310272324,0.024253437272324922
1053,8993433312,10884336983,0,17.72649163814785,1.9826565516712522,0.024279034482916993
1054,8993433314,10884336989,0,25.49011416346692,2.8509951591485,0.020845009135793974
1055,8993433314,10884336961,0,12.815350026639765,1.4333596410920986,0.01360378967742662
1056,9397628680,9721565966,0,1.3246892279126026,0.1405901991482725,0.02256101838745005
1057,9397628680,9721565962,0,85.54951076121971,9.568464051735214,0.02256101838745005
1058,9397628680,4164003877,0,23.02534742296836,2.575318165294037,0.04035107871483286
1059,9410976548,2020242586,0,5.36589701620455,0.6001599804372098,0.019981703875825495
1060,9410976548,13541593265,0,12.036359133663016,1.3462317745531356,0.018267902189501625
1061,9410976548,2020242326,0,40.75900786292146,4.55877652660461,0.018267902189501625
1062,9410998071,1996169476,0,3.622719074314519,0.40519059575764815,0.030038164690575773
1063,9410998071,9410998075,0,29.419297448917664,3.290462885906757,0.030038164690575773
1064,9410998071,10151804958,0,42.95650501696979,4.804560194275022,0.030074013650206826
1065,9410998071,5218483197,0,13.854636741805352,1.54960083855802,0.04185454551590209
1066,9410998075,9410998076,0,6.686561260423929,0.7478724364499156,0.019327146498738068
1067,9410998075,9410998071,0,29.419297448917664,3.290462885906757,0.030038164690575773
1068,9410998075,1996169484,0,64.21814069089001,7.182612328258915,0.018986960973823644
1069,9410998076,59741717,0,65.70322095043807,7.348714237562512,0.019327146498738068
1070,9410998076,9410998075,0,6.686561260423929,0.7478724364499156,0.019327146498738068
1071,9410998076,5218483197,0,29.25342463200583,3.2719104935942998,0.04185454551590209
1072,9410998081,59741714,0,7.998181223256268,0.8945733158848524,0.013690994102398938
1073,9410998081,40927418,0,4.484371296625135,0.5015638916528045,0.014405709980640813
1074,9410998081,10151804958,0,23.017999726697013,2.574496346828801,0.016080582448343896
1075,9410998081,9410998084,0,23.211558806744534,2.59614536717786,0.015598525949527533
1076,9410998084,59741713,0,8.382033991285308,0.9375061319741979,0.015267915277802933
1077,9410998084,9410998081,0,23.211558806744534,2.59614536717786,0.015598525949527533
1078,9410998084,59741712,0,8.660815814473633,0.9686870683666933,0.017190757145374602
1079,9604174477,9721565944,0,6.140774870081565,0.68682781551113,0.0077702292257662365
1080,9604174477,9721565948,0,5.856421692787761,0.6550237393601085,0.007969504571513115
1081,9604174477,1070821560,0,18.011722998457344,2.014558850039347,0.0077702292257662365
1082,9604174477,497693979,0,10.952845332859031,1.2250439061445224,0.0084020329482269
1083,9629502423,5783907569,0,8.932677823531986,0.9990940436674398,0.039750888576662397
1084,9629502423,6212410507,0,24.152146343125196,2.701347348454979,0.03484345992927817
1085,9629502423,9773108232,0,47.60123146427474,5.324059343314311,0.03451848304595344
1086,9629666235,59817555,0,12.24927223132498,1.37004548550244,0.016115381770829988
1087,9721565937,9721565940,0,19.706996528351713,2.0915173975567916,0.01169133260699711
1088,9721565940,9721565942,0,15.865565709141666,1.683823643801376,0.011681955562465275
1089,9721565940,9721565966,0,44.09387908462983,4.6797143896885,0.02198866067450072
1090,9721565940,9721565937,0,19.70699652835171,2.091517397556791,0.01169133260699711
1091,9721565942,10172547560,0,38.67207822723538,4.104294852621312,0.010336463969067244
1092,9721565942,9721565940,0,15.865565709141668,1.683823643801376,0.011681955562465275
1093,9721565942,9721565987,0,55.898710357382974,6.252108233393153,0.024458886349409396
1094,9721565944,9604174477,0,6.140774870081565,0.68682781551113,0.0077702292257662365
1095,9721565944,9721565956,0,14.350243853429161,1.6050330530635224,0.00832211428623294
1096,9721565944,6210838912,0,34.5706757283755,3.866629569331273,0.007581280531591795
1097,9721565948,9604174477,0,5.856421692787761,0.6550237393601085,0.007969504571513115
1098,9721565948,10172547559,0,8.873295813446777,0.9924523384868456,0.008204956839189035
1099,9721565948,10172547562,0,14.670625982554931,1.6408668627262655,0.008966084133035263
1100,9721565948,6210838911,0,33.58467941393212,3.7563487482494584,0.007969504571513115
1101,9721565956,497693979,0,7.5857926311037165,0.8484488508324338,0.0084020329482269
1102,9721565956,4164010935,0,24.221476483236806,2.7091017230558028,0.008332673879452466
1103,9721565956,8984062211,0,10.104434183219622,1.1301515857305058,0.00906727933323362
1104,9721565956,9721565944,0,14.350243853429163,1.6050330530635226,0.00832211428623294
1105,9721565962,34702928,0,22.401790892576628,2.5055751802998705,0.03417059744290694
1106,9721565962,9397628680,0,85.5495107612197,9.568464051735212,0.02256101838745005
1107,9721565962,9721565966,0,87.87264957635193,9.828300373906913,0.02198866067450072
1108,9721565966,9397628680,0,1.3246892279126026,0.1405901991482725,0.02256101838745005
1109,9721565966,9721565987,0,19.16103676247771,2.143106253026699,0.024458886349409396
1110,9721565966,9721565962,0,87.87264957635193,9.828300373906913,0.02198866067450072
1111,9721565966,9721565940,0,44.09387908462983,4.6797143896885,0.02198866067450072
1112,9721565987,9721565994,0,28.11166921925749,3.1442084702215496,0.02567017937035536
1113,9721565987,9721565966,0,19.16103676247771,2.143106253026699,0.024458886349409396
1114,9721565987,9721565942,0,55.898710357382974,6.252108233393153,0.024458886349409396
1115,9721565993,9721565994,0,2.623593295057172,0.29344128220903665,0.02500096854346309
1116,9721565994,9721565993,0,2.623593295057172,0.29344128220903665,0.02500096854346309
1117,9721565994,6873422367,0,7.249014755287012,0.8107812245713537,0.02500096854346309
1118,9721565994,9721565987,0,28.11166921925749,3.1442084702215496,0.02567017937035536
1119,9773096886,9773096891,0,3.5720807372266346,0.3995268449804232,0.014660180683881802
1120,9773096886,6873148234,0,1.6535786667770032,0.1849479662593738,0.015005342792205919
1121,9773096886,9773096889,0,6.857535138734332,0.7669953676489616,0.015373336069717013
1122,9773096889,9773096890,0,1.9519683415061215,0.21832198383877982,0.015708378514789494
1123,9773096889,2906068053,0,25.388992653957374,2.83968501231084,0.015373336069717013
1124,9773096889,9773096886,0,6.857535138734332,0.7669953676489616,0.015373336069717013
1125,9773096890,9773096889,0,1.9519683415061215,0.21832198383877982,0.015708378514789494
1126,9773096890,306496327,0,29.42936971835254,3.2915894399589014,0.015708378514789494
1127,9773096890,41436787,0,46.49800218052203,5.200666355458739,0.04072677439659601
1128,9773096891,9773096886,0,3.5720807372266346,0.3995268449804232,0.014660180683881802
1129,9773108232,1479619195,0,10.78459468882352,1.2062255607815835,0.014091893863325912
1130,9773108232,9773108243,0,64.88140541210485,7.256796558948933,0.013962116535896064
1131,9773108232,9629502423,0,47.60123146427473,5.32405934331431,0.03451848304595344
1132,9773108243,9773108244,0,9.073890495486282,1.0148882704633768,0.009235009553462625
1133,9773108243,36671018,0,3.394123689694295,0.37962286660679107,0.008697288312647003
1134,9773108243,9773108232,0,64.88140541210487,7.256796558948934,0.013962116535896064
1135,9773108243,2395302282,0,23.389981601646603,2.616101438040681,0.008697288312647003
1136,9773108244,9773108243,0,9.073890495486282,1.0148882704633768,0.009235009553462625
1137,9773108254,2395302282,0,40.540736991041456,4.534363564186227,0.008262466206932627
1138,9773108254,2395302250,0,14.347882793841992,1.6047689754132495,0.007057627919359959
1139,9773108254,986600678,0,159.13118269483482,17.79836012593378,0.008675356201482576
1140,9773201158,41437537,0,4.546488554942751,0.5085115263957245,0.03030547546153848
1141,9773201158,41436222,0,19.748399939310502,2.208801116653964,0.060466979262096286
1142,9773201158,41437657,0,56.25911037251997,6.2924179272581275,0.03030547546153848
1143,9797141046,34917448,0,5.888300640961886,0.6585893070284338,0.00308578867655711
1144,9797141046,9797141055,0,143.67042175172438,16.069118965110164,0.005140573686972114
1145,9797141055,6210838922,0,5.88720883338438,0.6584671915252144,0.005298422653594292
1146,9797141055,62150371,0,66.87400754456006,7.479663314166561,0.005265391568970283
1147,9797141055,9797141046,0,143.67042175172438,16.069118965110164,0.005140573686972114
1148,10061817908,10061817910,0,9.391143630870268,1.050372111273347,0.11037043031575897
1149,10061817910,2420683599,0,9.681412058164186,1.0828377909388653,0.11037043031575897
1150,10061817910,106201152,0,16.223497948266115,1.8145510772663955,0.11407230324832761
1151,10061817910,10061817908,0,9.391143630870268,1.050372111273347,0.11037043031575897
1152,10068852034,36670551,0,102.18391921048875,11.42897427385635,0.07601605057559294
1153,10075493350,40932208,0,15.026505492042926,1.6806709511773317,0.05377231798304127
1154,10075493350,496075756,0,3.7325702054468337,0.4174771253932855,0.05785613616236247
1155,10075493350,10693280265,0,34.148917473856955,3.819457134784603,0.05195366778699627
1156,10081847575,106201148,0,21.241842932267943,2.375838373375564,0.014099325095348931
1157,10081847575,1996169484,0,159.36021684349345,17.82397692956667,0.011327016961979379
1158,10081847575,40933558,0,16.90910547503799,1.8912342857984257,0.010935535300347172
1159,10151804958,10151804984,0,5.008545890756543,0.5601912960195967,0.016631907011524755
1160,10151804958,9410998081,0,23.017999726697013,2.574496346828801,0.016080582448343896
1161,10151804958,9410998071,0,42.9565050169698,4.804560194275022,0.030074013650206826
1162,10151804984,40927418,0,22.169836266139182,2.479631729718427,0.016631907011524755
1163,10151804984,10151804958,0,5.008545890756543,0.5601912960195967,0.016631907011524755
1164,10151804984,40927417,0,8.59558474511151,0.9613911629115489,0.019123119663478873
1165,10159677944,5218741405,0,27.708653820219016,3.099132369567291,0.010141869539711131
1166,10159677944,59817540,0,66.7782836501655,7.468956874886469,0.008269916099257224
1167,10159677944,385140592,0,45.94621842093811,5.138950946207054,0.009633495199917994
1168,10159677946,1996169401,0,7.357914537916465,0.8229613486428995,0.012327024402764003
1169,10159677994,10159677997,0,22.28876164896929,2.492933188023956,0.07347817017907916
1170,10159677997,40929610,0,26.901998781792216,3.0089103487905597,0.09698728299199659
1171,10159677997,106201152,0,20.81814549950659,2.3284490473804085,0.07347817017907916
1172,10159677997,10159677994,0,22.28876164896929,2.492933188023956,0.07347817017907916
1173,10172547559,10172547562,0,15.854523811574547,1.6826517594490118,0.008966084133035263
1174,10172547559,10172547561,0,17.5828699677914,1.8660823522096786,0.008309242286236881
1175,10172547559,10172547561,1,4.020238075751966,0.4496519403204754,0.008309242286236881
1176,10172547559,9721565948,0,8.873295813446775,0.9924523384868453,0.008204956839189035
1177,10172547560,10172547561,0,19.385972543791702,2.0574468963632526,0.008889070307908748
1178,10172547560,10172547561,1,4.935684575101757,0.5520419697008191,0.00842912310938553
1179,10172547560,9721565942,0,38.67207822723538,4.104294852621312,0.010336463969067244
1180,10172547561,10172547559,0,17.582869967791403,1.866082352209679,0.008309242286236881
1181,10172547561,10172547559,1,4.020238075751966,0.4496519403204754,0.008309242286236881
1182,10172547561,10172547560,0,19.385972543791702,2.0574468963632526,0.008889070307908748
1183,10172547561,10172547560,1,4.935684575101757,0.5520419697008191,0.00842912310938553
1184,10172547562,8984062209,0,2.124368106247556,0.23760439628951008,0.009140015033294617
1185,10172547562,10172547559,0,15.854523811574547,1.6826517594490118,0.008966084133035263
1186,10172547562,9721565948,0,14.670625982554931,1.6408668627262655,0.008966084133035263
1187,10176063876,1875951315,0,7.45125324782653,0.8334010119730919,0.3164922072540801
1188,10176063876,7644003309,0,5.20474056311848,0.5821350997062936,0.6411434163342822
1189,10226133766,288334082,0,10.037156271917242,1.1226267469553382,0.009501161550071373
1190,10226133766,10226133767,0,70.42398886134977,7.876718403223037,0.024474965757449906
1191,10226133767,7644003308,0,5.524410367304057,0.6178892378954915,0.027796681646430187
1192,10226133767,10226133766,0,70.42398886134976,7.876718403223035,0.024474965757449906
1193,10226133767,1479577715,0,27.579427700684583,3.0846788038097763,0.024474965757449906
1194,10247208246,10671289905,0,4.459710086410375,0.49880560699036103,0.03661944809565565
1195,10247208246,2402758005,0,68.62200145802218,7.675171351264489,0.03661944809565565
1196,10247208246,343133257,0,11.296364769126942,1.2634655563416368,0.05859027548734
1197,10251460968,324160575,0,16.62280012231895,1.8592118645018525,0.012560198922610526
1198,10251460968,10251460969,0,15.210029455894992,1.7011975729560558,0.011065284629737748
1199,10251460968,324160573,0,41.46760409580191,4.6380309550774514,0.012904428707748139
1200,10251460969,10251460968,0,15.210029455894992,1.7011975729560558,0.011065284629737748
1201,10251460971,324160575,0,14.211418814238622,1.5895058760504008,0.014392910528857123
1202,10315489210,306495559,0,21.342629866923286,2.3871110989885245,0.02300307869737466
1203,10581174641,8443783643,0,17.625172892961846,1.971324344596625,0.022557818448419545
1204,10581174642,10581174643,0,19.025011420510996,2.1278922140082144,0.017714283667639864
1205,10581174643,10581174645,0,2.8054314914459875,0.3137793557982016,0.015065889584998233
1206,10581174643,10581174661,0,4.31504139934285,0.4826248349520382,0.01610761745326598
1207,10581174643,10581174642,0,19.025011420510996,2.1278922140082144,0.017714283667639864
1208,10581174644,10581174645,0,17.802761981537248,1.9911871678307287,0.01644744942906188
1209,10581174645,10581174643,0,2.8054314914459875,0.3137793557982016,0.015065889584998233
1210,10581174645,10581174647,0,2.8315933977133763,0.3167054889510034,0.014457901449895871
1211,10581174645,10581174644,0,17.802761981537248,1.9911871678307287,0.01644744942906188
1212,10581174646,10581174647,0,17.66444305426203,1.9757165979638647,0.01532129015376571
1213,10581174647,10581174649,0,3.394489295653076,0.37966375857031687,0.013892120353695631
1214,10581174647,10581174645,0,2.8315933977133763,0.3167054889510034,0.014457901449895871
1215,10581174647,10581174646,0,17.66444305426203,1.9757165979638647,0.01532129015376571
1216,10581174648,10581174649,0,16.735411440748784,1.8718071130617404,0.014399176278688017
1217,10581174649,10581174647,0,3.394489295653076,0.37966375857031687,0.013892120353695631
1218,10581174649,10581174648,0,16.735411440748784,1.8718071130617404,0.014399176278688017
1219,10581174649,10581174651,0,3.4084874385086055,0.3812294101504648,0.013269411527910899
1220,10581174650,10581174651,0,16.757671266089908,1.8742968098078616,0.013575210552136011
1221,10581174651,10581174653,0,3.909826041837162,0.4373026753393871,0.012699113606385013
1222,10581174651,10581174650,0,16.757671266089908,1.8742968098078616,0.013575210552136011
1223,10581174651,10581174649,0,3.4084874385086055,0.3812294101504648,0.013269411527910899
1224,10581174652,10581174653,0,17.25416822339488,1.9298285509656625,0.012810315949900817
1225,10581174653,10581174651,0,3.909826041837162,0.4373026753393871,0.012699113606385013
1226,10581174653,10581174655,0,3.791510818748323,0.42406946162693915,0.012100588288814587
1227,10581174653,10581174652,0,17.25416822339488,1.9298285509656625,0.012810315949900817
1228,10581174654,10581174655,0,17.368630006231264,1.942630768589377,0.012076029859677448
1229,10581174655,10581174657,0,3.8743869326787364,0.4333389140157907,0.011572276734614839
1230,10581174655,10581174653,0,3.791510818748323,0.42406946162693915,0.012100588288814587
1231,10581174655,10581174654,0,17.368630006231264,1.942630768589377,0.012076029859677448
1232,10581174656,10581174657,0,17.13259471855637,1.9162309079126516,0.01154395215618552
1233,10581174657,10581174655,0,3.8743869326787364,0.4333389140157907,0.011572276734614839
1234,10581174657,10581174659,0,4.258330957215252,0.47628193688017784,0.011078083874617478
1235,10581174657,10581174656,0,17.13259471855637,1.9162309079126516,0.01154395215618552
1236,10581174658,10581174659,0,17.706124963378667,1.980378598312451,0.011030823788762618
1237,10581174659,10581174657,0,4.258330957215252,0.47628193688017784,0.011078083874617478
1238,10581174659,8984062208,0,28.09529617492946,3.142377192816498,0.010581435312948983
1239,10581174659,10581174658,0,17.706124963378667,1.980378598312451,0.011030823788762618
1240,10581174660,10581174661,0,18.183041687987043,2.0337203473707657,0.019139046554825546
1241,10581174661,10581174663,0,4.223492995211757,0.4723854121180833,0.017276182229198456
1242,10581174661,10581174643,0,4.31504139934285,0.4826248349520382,0.01610761745326598
1243,10581174661,10581174660,0,18.183041687987043,2.0337203473707657,0.019139046554825546
1244,10581174662,10581174663,0,17.68916376905941,1.97848153804087,0.020775292906203065
1245,10581174663,10581174661,0,4.223492995211757,0.4723854121180833,0.017276182229198456
1246,10581174663,8443783643,0,3.3726058377676935,0.37721615742986875,0.018336930067586
1247,10581174663,10581174662,0,17.68916376905941,1.97848153804087,0.020775292906203065
1248,10592409018,494926562,0,77.32114631459035,8.648145411551484,0.007475943239210125
1249,10671264590,10671289907,0,2.767992876319473,0.3095919555454442,0.049792433453063736
1250,10671264590,10671264600,0,6.3727826602701425,0.712777212303569,0.04555936729480121
1251,10671264590,2562840010,0,57.63135681196099,6.445899701836144,0.04555936729480121
1252,10671264600,10671264590,0,6.3727826602701425,0.712777212303569,0.04555936729480121
1253,10671264600,10671264604,0,38.247754890865274,4.277900182904638,0.0364236176967084
1254,10671264600,10671264604,1,13.235925697197455,1.4803998070609954,0.038283137043177706
1255,10671264604,10671289905,0,4.739734536151741,0.5301255275499978,0.03221405165230151
1256,10671264604,10671264600,0,13.235925697197455,1.4803998070609954,0.03828313704317771
1257,10671264604,10671264600,1,38.24775489086527,4.277900182904637,0.0364236176967084
1258,10671289905,10671264604,0,4.739734536151741,0.5301255275499978,0.03221405165230151
1259,10671289905,10247208246,0,4.459710086410375,0.49880560699036103,0.03661944809565565
1260,10671289905,343133279,0,121.15252453335219,13.550557629837945,0.031664084506569504
1261,10671289907,10671264590,0,2.767992876319473,0.3095919555454442,0.049792433453063736
1262,10671289907,343133257,0,9.815158536586036,1.0977969456954322,0.05859027548734
1263,10671289907,343133257,1,9.874681696877177,1.1044544381161794,0.0666707405464561
1264,10671289968,10671289970,0,14.647391954590198,1.6382682042490935,0.007168858582077397
1265,10671289968,1677444722,0,66.00369436791217,7.382321315709666,0.010475059894510436
1266,10671289968,959491874,0,80.10631103873611,8.959657988350816,0.006743331274675593
1267,10671289970,10671289968,0,14.647391954590198,1.6382682042490935,0.007168858582077397
1268,10671289970,1677444718,0,57.62947447051474,6.445689167418106,0.011243738342652925
1269,10671289970,343133283,0,34.52817279336804,3.861875739623851,0.007168858582077397
1270,10693280265,40932208,0,17.91464943179543,2.003701453840194,0.04684296639245373
1271,10693280265,40931643,0,53.56512427803137,5.991103415092924,0.025995188214646435
1272,10693280265,10075493350,0,34.148917473856955,3.819457134784603,0.05195366778699627
1273,10693280269,496075756,0,22.932195909253995,2.564899439314079,0.05785613616236247
1274,10693280275,10693280287,0,5.240600158673332,0.5861458912108068,0.08421278583499577
1275,10693280283,293149132,0,21.94706693244185,2.4547156274246174,0.10472832783829741
1276,10693280283,40932208,0,12.307593076384878,1.3765685024601877,0.09110726619124386
1277,10693280283,10693280287,0,16.12435043084347,1.803461715704466,0.14801272203359014
1278,10693280287,496075756,0,6.366606604575761,0.7120864384304356,0.08421278583499577
1279,10693280287,10693280275,0,5.240600158673332,0.5861458912108068,0.08421278583499577
1280,10693280287,10693280283,0,16.124350430843467,1.8034617157044655,0.14801272203359014
1281,10884336961,8993433314,0,12.815350026639766,1.4333596410920988,0.01360378967742662
1282,10884336972,10884336983,0,29.14946656766587,3.2602830863458667,0.02278730199642323
1283,10884336972,380467953,0,11.588002237706098,1.2960843592945541,0.017083087936301512
1284,10884336972,10884336982,0,37.29468128685875,4.171301671265597,0.01987891718170626
1285,10884336982,10884336983,0,7.1844504174873505,0.8035598911030132,0.02278730199642323
1286,10884336982,10884336972,0,37.29468128685875,4.171301671265597,0.01987891718170626
1287,10884336982,10884336989,0,17.203913615928542,1.9242077192309506,0.021131674322509286
1288,10884336983,10884336982,0,7.1844504174873505,0.8035598911030132,0.02278730199642323
1289,10884336983,8993433312,0,17.72649163814785,1.9826565516712522,0.024279034482916993
1290,10884336983,10884336972,0,29.14946656766587,3.2602830863458667,0.02278730199642323
1291,10884336989,8993433312,0,6.724645586436325,0.7521320575879172,0.024253437272324922
1292,10884336989,8993433314,0,25.49011416346692,2.8509951591485,0.020845009135793974
1293,10884336989,10884336982,0,17.203913615928542,1.9242077192309506,0.021131674322509286
1294,11991995390,59996729,0,9.692352450971002,1.0840614420661767,0.006764350367384832
1295,11991995390,36670547,0,91.13372695186804,10.19304239709213,0.006347705114093695
1296,12241767039,34919266,0,56.2842339092455,6.295227921796632,0.013577022534728493
1297,12241767039,5782098934,0,73.49308568871949,8.219987960262909,0.007741652304215488
1298,12241767039,365245885,0,36.729128112587944,4.108046193014423,0.007741652304215488
1299,12680199227,41436222,0,10.061104520234075,1.1253052889023658,0.07914988560196778
1300,12858024634,12858024637,0,9.852397997165149,1.1019620710910851,0.013763966984514013
1301,12858024637,12858024634,0,9.852397997165149,1.1019620710910851,0.013763966984514013
1302,12858024637,2273119522,0,42.52163513312426,4.755921262108919,0.01950334501092931
1303,12858024637,34919266,0,45.07943315955542,5.0420035348155,0.013763966984514013
1304,13347074295,1513241731,0,17.760631295465476,1.9864749730844857,0.01697606014009376
1305,13347074295,273442898,0,25.467614267143706,2.8484786111610148,0.013212537842654366
1306,13347074295,3329242116,0,9.22152859713512,1.0314011628893345,0.01358894338623995
1307,13495660307,13541593264,0,5.965962773711177,0.6672755907813215,0.01591925491998639
1308,13495660308,13541593253,0,7.113171552993849,0.7549258981950524,0.02407805742161031
1309,13541593253,13495660308,0,7.113171552993849,0.7549258981950524,0.02407805742161031
1310,13541593253,62141562,0,3.2288061336331886,0.3611325786061205,0.02542539235425807
1311,13541593253,13541593257,0,16.50294732922881,1.8458066780550948,0.02407805742161031
1312,13541593257,2020242586,0,9.72331140452556,1.0875241110110985,0.022062786454414476
1313,13541593257,13541593253,0,16.50294732922881,1.8458066780550948,0.02407805742161031
1314,13541593257,13541593264,0,38.51973945495471,4.308320865629295,0.022062786454414476
1315,13541593264,13495660307,0,5.965962773711177,0.6672755907813215,0.01591925491998639
1316,13541593264,13541593266,0,1.1210224003242328,0.1253830962123367,0.015967422697821494
1317,13541593264,13541593257,0,38.51973945495472,4.3083208656292955,0.022062786454414476
1318,13541593264,13541593265,0,10.94786233887907,1.2244865727554357,0.01591925491998639
1319,13541593265,9410976548,0,12.036359133663016,1.3462317745531356,0.018267902189501625
1320,13541593265,2020242485,0,1.8822641853236908,0.21052577662785016,0.015231642948688135
1321,13541593265,13541593264,0,10.94786233887907,1.2244865727554357,0.01591925491998639
1322,13541593266,13541593264,0,1.1210224003242328,0.1253830962123367,0.015967422697821494
1323,13546738012,7644003298,0,68.65425579618177,7.67877890521128,0.047318581283353874
